time	result	zone	destination	kind	confidence	player_x	player_z	player_y	dest_x	dest_z	dest_y	waypoint_index	waypoint_count	target_x	target_z	wall_clearance	off_route	reason	nearby
2026-06-01 17:18:25	start	105	The Eldieme Necropolis entrance I-7, arrives N-7	area	untested	-66.913	448.703	-1.925	52.695	132.701	0.348	2	12	-51.600	403.600	2.90		menu	Patriarche 3; Hyetsa 13; ??? 23; Resume Point 24; Cavernous Maw 25
2026-06-01 17:20:11	arrived	105	The Eldieme Necropolis entrance I-7, arrives N-7	area	untested	50.459	133.016	-13.219	52.695	132.701	0.348	12	12	52.695	132.701	4.38		arrival	Raptor's Food 19; Ba 24
2026-06-01 17:20:53	start	105	Survival Guide	object	untested	34.592	108.081	-3.882	-67.000	449.000	-2.000	2	9	-24.400	181.600	10.35		menu	
2026-06-01 17:21:03	blocked	105	Survival Guide	object	untested	34.592	108.081	-3.882	-67.000	449.000	-2.000	2	9	28.960	115.101	10.35	9.00	Possible obstacle. Wall clearance 10 yalms. Turn until the beacon moves off-center, then try forward. Route refreshed.	
2026-06-01 17:22:42	arrived	105	Survival Guide	object	untested	-67.186	441.035	0.477	-67.000	449.000	-2.000	8	9	-72.299	449.124	10.29		arrival	Survival Guide 8; Hyetsa 8; Patriarche 9; Resume Point 21; ??? 22
2026-06-01 17:27:11	start	195	Batallia Downs exit to I-10	area	untested	422.420	-106.107	-54.000	420.008	-122.008	-60.092	2	3	420.008	-122.008	0.58		menu	Survival Guide 8; Cannau 9; Grounds Tome 12; Ramblix 13; Goblin Footprint 13
2026-06-01 17:27:21	arrived	195	Batallia Downs exit to I-10	area	untested	422.224	-121.660	-56.000	420.008	-122.008	-60.092	3	3	420.008	-122.008	0.53		arrival	Cannau 7; Survival Guide 23
2026-06-01 17:31:34	start	105	Field Manual near Upper Jeuno	object	untested	134.666	-374.139	11.500	438.355	-141.327	8.932	2	20	174.800	-413.200	1.89		menu	
2026-06-01 17:33:46	arrived	105	Field Manual near Upper Jeuno	object	untested	434.291	-146.971	8.324	438.355	-141.327	8.932	19	20	442.656	-144.424	2.46		arrival	Field Manual 7; Macro Test 9; Atmacite Refiner 11; Voidwatch Officer 12; Moogle 13
2026-06-01 17:34:19	start	105	Survival Guide	object	untested	437.449	-149.008	8.349	-67.000	449.000	-2.000	2	16	429.600	-145.200	6.22		menu	Field Manual 8; Macro Test 10; Moogle 11; Macro Test 13; Atmacite Refiner 15
2026-06-01 17:37:22	arrived	105	Survival Guide	object	untested	-71.945	446.160	-0.568	-67.000	449.000	-2.000	16	16	-64.361	444.404	5.30		arrival	Survival Guide 6
2026-06-01 20:53:09	start	105	Jugner Forest zone line	area	untested	-71.160	447.865	-1.257	-444.042	-240.077	-16.166	2	27	-55.600	413.200	3.91		menu	Survival Guide 4; Blissless 23; Mnkz 23; Azrealvintage 24; Fadeless 24
2026-06-01 20:56:09	arrived	105	Jugner Forest zone line	area	untested	-442.633	-237.706	-8.000	-444.042	-240.077	-16.166	27	27	-444.042	-240.077	9.33		arrival	
2026-06-01 21:26:51	start	245	Upper Jeuno zone line	area	untested	-99.358	-183.033	-0.000	0.177	59.589	-6.280	2	10	-93.710	-154.928	1.30		menu	Lunagoddess 1; Home Point #1 1; Stompmndnutz 2; Iwipebaktofront 2; Coolness 2
2026-06-01 21:28:05	arrived	245	Upper Jeuno zone line	area	untested	0.015	57.768	-3.398	0.177	59.589	-6.280	10	10	0.177	59.589	0.92		arrival	Auchefort 14; Manetoya 17; Home Point #2 18; Wynzorro 19; Drachenfrucht 20
2026-06-01 21:28:18	start	244	Batallia Downs zone line	area	proven	6.894	-52.898	0.994	-99.867	184.157	0.000	2	17	18.441	-43.003	2.07		menu	
2026-06-01 21:29:41	arrived	244	Batallia Downs zone line	area	proven	-105.255	188.811	0.000	-99.867	184.157	0.000	17	17	-99.867	184.157	2.26		arrival	Home Point #1 22; Neosho 23; Bheem 24
2026-06-01 21:30:06	start	105	Survival Guide	object	untested	486.298	-157.702	8.280	-67.000	449.000	-2.000	2	18	461.200	-146.000	5.68		menu	Eyegouger 18
2026-06-01 21:33:06	arrived	105	Survival Guide	object	untested	-64.484	442.298	0.747	-67.000	449.000	-2.000	17	18	-71.962	447.137	9.26		arrival	Survival Guide 7; Treant 16; Resume Point 19; ??? 19; Cavernous Maw 20
2026-06-01 23:17:30	start	105	Survival Guide	object	untested	-63.000	441.034	0.849	-67.000	449.000	-2.000	2	3	-67.000	449.000	9.84		menu	Tenzen 5; Zeid 6; Kupofried 7; Valaineral 8; Cheysala 8
2026-06-01 23:17:35	arrived	105	Survival Guide	object	untested	-65.165	441.678	0.679	-67.000	449.000	-2.000	2	3	-71.142	443.726	10.06		arrival	Tenzen 3; Zeid 4; Kupofried 6; Valaineral 6; Aoora 7
2026-06-04 12:58:01	start	245	Mog House entrance	area	untested	-99.358	-183.033	-0.000	43.944	88.580	-9.359	2	12	-86.910	-163.328	1.30		menu	Lunafreya 1; Aprilu 1; Home Point #1 1; Ldsan 1; Tinyhazel 2
2026-06-04 12:59:31	blocked	245	Mog House entrance	area	untested	5.116	-9.536	-6.000	43.944	88.580	-9.359	2	11	3.289	-2.262	0.00	7.50	Possible obstacle or wall. Clearance 0 yalm. Turn until the beacon moves off-center, then try forward. Route refreshed.	Saprut 7; Therunner 8; Ghebi Damomohe 11; ??? 11; Taliesin 11
2026-06-04 13:00:18	arrived	245	Mog House entrance	area	untested	44.163	86.811	-4.998	43.944	88.580	-9.359	11	11	43.944	88.580	0.10		arrival	Daive 9; Miladi-Nildi 11; Bubbataru 22
2026-06-08 00:07:12	start	232	Bonanza Moogle	npc	generated	-38.000	-64.000	-4.000	14.817	-86.947	-4.000	2	4	-27.645	-69.000	1.55		menu	Home Point #1 1; Todorokijp 3; Bricorsant 7; Nimia 8; Pomilla 10
2026-06-08 00:07:33	arrived	232	Bonanza Moogle	npc	generated	11.182	-86.313	-4.000	14.817	-86.947	-4.000	4	4	14.066	-81.436	4.70		arrival	Maminon 1; Dealer Moogle 2; Eternalkaiser 3; Dealer Moogle 3; Bonanza Moogle 4
2026-06-08 00:08:51	start	232	Bonanza Moogle	npc	generated	10.206	-88.187	-4.000	14.817	-86.947	-4.000	3	3	14.817	-86.947	3.12		menu	Eternalkaiser 1; Dealer Moogle 3; Dealer Moogle 3; Bonanza Moogle 5; Bonanza Moogle 5
2026-06-08 00:08:51	arrived	232	Bonanza Moogle	npc	generated	10.206	-88.187	-4.000	14.817	-86.947	-4.000	3	3	11.210	-82.429	3.12		arrival	Eternalkaiser 1; Dealer Moogle 3; Dealer Moogle 3; Bonanza Moogle 5; Bonanza Moogle 5
2026-06-08 00:14:17	start	232	Festive Moogle	npc	generated	11.002	-67.914	-4.000	70.641	-118.589	-16.000	3	11	46.355	-74.200	0.55		menu	Ivan 4; Ribbitribbit 4; Gilburt 5; Altiret 10; Callort 12
2026-06-08 00:15:05	blocked	232	Festive Moogle	npc	generated	54.649	-87.247	-10.500	70.641	-118.589	-16.000	2	6	54.858	-92.254	0.85	5.01	Possible obstacle or wall. Clearance 1 yalm. Turn until the beacon moves off-center, then try forward. Route refreshed.	Cevat 10; Meuxtajean 14; Door:Regine's Magicmart 15; Razuu 17
2026-06-08 00:15:17	blocked	232	Festive Moogle	npc	generated	53.594	-96.979	-12.000	70.641	-118.589	-16.000	3	7	50.831	-103.952	0.00	7.50	Possible obstacle or wall. Clearance 0 yalm. Turn until the beacon moves off-center, then try forward. Route refreshed.	Meuxtajean 4; Cevat 8; Razuu 9; Amien 9; Darkspectrem 9
2026-06-08 00:15:31	blocked	232	Festive Moogle	npc	generated	55.714	-112.630	-12.050	70.641	-118.589	-16.000	2	4	63.018	-116.233	1.51	8.14	Possible obstacle or wall. Clearance 2 yalm. Turn until the beacon moves off-center, then try forward. Route refreshed.	Stompclomp 1; Taiyon 3; Curio Vendor Moogle 4; Satonaka 4; Coribalgeant 4
2026-06-08 00:15:49	blocked	232	Festive Moogle	npc	generated	55.714	-112.630	-12.050	70.641	-118.589	-16.000	2	4	61.585	-116.442	1.51	7.00	Possible obstacle or wall. Clearance 2 yalm. Turn until the beacon moves off-center, then try forward. Route refreshed.	Stompclomp 1; Taiyon 3; Curio Vendor Moogle 4; Satonaka 4; Coribalgeant 4
2026-06-08 00:16:15	blocked	232	Festive Moogle	npc	generated	58.079	-114.566	-13.000	70.641	-118.589	-16.000	2	4	64.133	-118.097	1.81	7.01	Possible obstacle or wall. Clearance 2 yalm. Turn until the beacon moves off-center, then try forward. Route refreshed.	Taiyon 1; Stompclomp 4; Coribalgeant 6; Curio Vendor Moogle 6; Satonaka 7
2026-06-08 00:16:22	arrived	232	Festive Moogle	npc	generated	67.942	-123.539	-16.000	70.641	-118.589	-16.000	4	4	65.988	-116.052	3.92		arrival	Thabiz 5; Moogle 6; Festive Moogle 6; Greeter Moogle 6; Ashleih 7
2026-06-08 00:28:45	start	232	Bonanza Moogle	npc	generated	58.474	-83.667	-8.750	14.817	-86.947	-4.000	2	7	49.955	-75.000	0.00		menu	Door:Regine's Magicmart 11; Cevat 12; Nightbear 13; Regine 14; Rugiette 16
2026-06-08 00:29:13	arrived	232	Bonanza Moogle	npc	generated	17.580	-81.909	-4.000	14.817	-86.947	-4.000	7	7	10.170	-84.398	5.34		arrival	Bonanza Moogle 6; Bonanza Moogle 6; Dealer Moogle 7; Dealer Moogle 9; Eternalkaiser 10
2026-06-08 00:38:09	start	232	Door:Cargo Room A	area	generated	2.503	-126.893	-8.000	4.000	-126.099	-10.250	3	3	4.000	-126.099	0.00		menu	Door:Cargo Room A 2; Tamamitaru 3; Habitox 5; Germanshepherd 5; Arminibit 5
2026-06-08 00:38:09	arrived	232	Door:Cargo Room A	area	generated	2.503	-126.893	-8.000	4.000	-126.099	-10.250	3	3	4.000	-126.099	0.00		arrival	Door:Cargo Room A 2; Tamamitaru 3; Habitox 5; Germanshepherd 5; Arminibit 5
2026-06-08 00:38:59	start	232	Door:Cargo Room B	area	generated	10.191	-137.503	-8.000	-16.000	-126.103	-10.250	2	5	-8.445	-132.600	4.84		menu	Xyliana 8; Mitukitaru 10; Xfiniti 10; Akaibara 11; Kebanig 11
2026-06-08 00:39:13	arrived	232	Door:Cargo Room B	area	generated	-12.447	-132.069	-8.000	-16.000	-126.103	-10.250	4	5	-20.554	-128.815	3.47		arrival	Door:Cargo Room B 7; Sheridan 7; Fontoumant 10; Treasure Coffer 11; Germanshepherd 11
2026-06-08 00:41:28	start	232	Door:Cargo Room B	area	generated	-11.234	-117.929	-8.000	-16.000	-126.103	-10.250	4	5	-16.000	-126.103	0.27		menu	Fontoumant 4; Door:Cargo Room B 9; Ceraulian 11; Bonmaurieut 11; Arminibit 11
2026-06-08 00:41:32	arrived	232	Door:Cargo Room B	area	generated	-11.912	-122.112	-8.000	-16.000	-126.103	-10.250	5	5	-17.412	-122.120	0.37		arrival	Fontoumant 1; Door:Cargo Room B 6; Bonmaurieut 10; Sheridan 11; Arminibit 11
2026-06-08 00:42:06	start	232	Door:"Rusty Anchor"	area	generated	-33.768	-146.858	-8.000	-56.700	-36.000	-5.949	3	19	-30.845	-140.200	1.48		menu	Maunadolace 11; Chocobo 12; Bigbete 18; Auction Counter 19; Parcarin 22
2026-06-08 00:43:37	arrived	232	Door:"Rusty Anchor"	area	generated	-49.960	-39.424	-4.000	-56.700	-36.000	-5.949	18	19	-54.299	-31.275	2.54		arrival	Door:"Rusty Anchor" 8; Raqtibahl 9; Deguerendars 14; Perdiouvilet 14; Croumangue 17
2026-06-08 00:44:19	start	232	Door:Arrivals Entrance	area	generated	-57.829	-36.717	-4.520	-14.500	16.000	-9.703	4	10	-47.245	-27.800	0.24		menu	Door:"Rusty Anchor" 1; Raqtibahl 4; Perdiouvilet 7; Deguerendars 8; Croumangue 8
2026-06-08 00:44:27	blocked	232	Door:Arrivals Entrance	area	generated	-57.494	-35.660	-4.507	-14.500	16.000	-9.703	4	10	-50.088	-36.847	0.54	7.50	Possible obstacle or wall. Clearance 1 yalm. Turn until the beacon moves off-center, then try forward. Route refreshed.	Door:"Rusty Anchor" 1; Raqtibahl 6; Perdiouvilet 6; Croumangue 8; Deguerendars 9
2026-06-08 00:44:45	blocked	232	Door:Arrivals Entrance	area	generated	-57.288	-35.316	-4.497	-14.500	16.000	-9.703	4	10	-49.898	-34.033	0.16	7.50	Possible obstacle or wall. Clearance 0 yalm. Turn until the beacon moves off-center, then try forward. Route refreshed.	Door:"Rusty Anchor" 1; Raqtibahl 6; Perdiouvilet 6; Croumangue 8; Deguerendars 10
2026-06-08 00:45:21	blocked	232	Door:Arrivals Entrance	area	generated	-29.497	8.678	-8.000	-14.500	16.000	-9.703	3	6	-29.237	16.174	0.00	7.50	Possible obstacle or wall. Clearance 0 yalm. Turn until the beacon moves off-center, then try forward. Route refreshed.	Door:Arrivals Exit 4; Leonora 8; Milva 11; Meta 14; Door:Arrivals Entrance 17
2026-06-08 00:45:34	blocked	232	Door:Arrivals Entrance	area	generated	-30.607	9.301	-8.000	-14.500	16.000	-9.703	4	7	-30.303	16.795	0.00	7.50	Possible obstacle or wall. Clearance 0 yalm. Turn until the beacon moves off-center, then try forward. Route refreshed.	Door:Arrivals Exit 4; Leonora 9; Milva 12; Meta 14; Door:Arrivals Entrance 17
2026-06-08 00:45:56	blocked	232	Door:Arrivals Entrance	area	generated	-30.608	9.288	-8.000	-14.500	16.000	-9.703	4	7	-29.843	16.748	0.00	7.50	Possible obstacle or wall. Clearance 0 yalm. Turn until the beacon moves off-center, then try forward. Route refreshed.	Door:Arrivals Exit 4; Leonora 9; Milva 12; Meta 14; Door:Arrivals Entrance 17
2026-06-08 00:46:12	blocked	232	Door:Arrivals Entrance	area	generated	-34.212	9.403	-8.000	-14.500	16.000	-9.703	4	7	-30.746	16.054	0.00	7.50	Possible obstacle or wall. Clearance 0 yalm. Turn until the beacon moves off-center, then try forward. Route refreshed.	Door:Arrivals Exit 8; Leonora 12; Milva 13; Meta 17; Door:Departures Entrance 19
2026-06-08 00:46:24	blocked	232	Door:Arrivals Entrance	area	generated	-37.202	4.400	-8.000	-14.500	16.000	-9.703	2	6	-31.790	5.379	0.20	5.50	Possible obstacle or wall. Clearance 0 yalm. Turn until the beacon moves off-center, then try forward. Route refreshed.	Milva 12; Door:Arrivals Exit 12; Liloune 17; Leonora 17; Fiva 21
2026-06-08 00:47:12	start	232	Door:Regine's Magicmart	area	generated	-27.013	7.577	-8.000	69.000	-81.650	-9.350	2	18	-36.445	-3.800	2.04		menu	Door:Arrivals Exit 4; Leonora 7; Milva 10; Meta 13; Door:Arrivals Entrance 15
2026-06-08 00:48:22	blocked	232	Door:Regine's Magicmart	area	generated	-19.568	-78.401	-4.000	69.000	-81.650	-9.350	2	11	-14.212	-80.804	10.25	5.87	Possible obstacle. Wall clearance 10 yalms. Turn until the beacon moves off-center, then try forward. Route refreshed.	Brifalien 5; Artinien 5; Etheriol 10; Cherlodeau 11; Twistedmind 12
2026-06-08 00:48:35	blocked	232	Door:Regine's Magicmart	area	generated	-8.160	-78.551	-4.000	69.000	-81.650	-9.350	2	11	0.692	-76.534	9.55	9.08	Possible obstacle. Wall clearance 10 yalms. Turn until the beacon moves off-center, then try forward. Route refreshed.	Twistedmind 7; Miene 9; World Shifter 12; Artinien 12; Brifalien 14
2026-06-08 00:49:22	blocked	232	Door:Regine's Magicmart	area	generated	54.646	-74.509	-8.000	69.000	-81.650	-9.350	2	8	54.859	-82.006	0.86	7.50	Possible obstacle or wall. Clearance 1 yalm. Turn until the beacon moves off-center, then try forward. Route refreshed.	Nightbear 5; Regine 14; Door:Regine's Magicmart 16; Rugiette 17; Cevat 22
2026-06-08 00:49:39	blocked	232	Door:Regine's Magicmart	area	generated	58.258	-85.513	-9.500	69.000	-81.650	-9.350	2	8	57.745	-90.702	0.07	5.21	Possible obstacle or wall. Clearance 0 yalm. Turn until the beacon moves off-center, then try forward. Route refreshed.	Cevat 10; Door:Regine's Magicmart 11; Nightbear 14; Regine 15; Meuxtajean 17
2026-06-08 00:50:02	arrived	232	Door:Regine's Magicmart	area	generated	68.861	-86.438	-8.000	69.000	-81.650	-9.350	8	8	63.702	-81.496	1.08		arrival	Door:Regine's Magicmart 5; Cevat 12; Regine 13; Rugiette 13; Meuxtajean 22
2026-06-08 00:51:40	start	232	Bonanza Moogle	npc	generated	70.134	-88.763	-8.500	14.817	-86.947	-4.000	3	11	64.355	-92.600	0.00		menu	Door:Regine's Magicmart 7; Cevat 11; Rugiette 15; Regine 15; Meuxtajean 21
2026-06-08 00:52:21	arrived	232	Bonanza Moogle	npc	generated	16.880	-82.780	-4.000	14.817	-86.947	-4.000	11	11	10.067	-84.596	4.53		arrival	Bonanza Moogle 5; Bonanza Moogle 5; Dealer Moogle 6; Dealer Moogle 7; Eternalkaiser 9
2026-06-08 16:05:14	start	232	Mog House entrance	area	generated	20.908	-89.941	-4.000	79.400	-135.500	-16.000	2	11	29.155	-74.200	0.33		menu	Bonanza Moogle 7; Bonanza Moogle 7; Dealer Moogle 8; Dealer Moogle 8; Sacher 9
2026-06-08 16:05:57	arrived	232	Mog House entrance	area	generated	81.403	-133.035	-16.000	79.400	-135.500	-16.000	11	11	79.400	-135.500	0.94		arrival	Phersula 2; Drunksmurf 2; Neoakuma 3; Evenstar 4; Nauthima 4
2026-06-08 16:06:28	start	232	Mog House entrance	area	generated	69.676	-118.215	-16.000	79.400	-135.500	-16.000	2	3	79.400	-135.500	0.01		menu	Festive Moogle 1; Loxington 6; Smolshar 6; Ancestry Moogle 7; Sfenm 7
2026-06-08 16:06:43	arrived	232	Mog House entrance	area	generated	79.247	-133.691	-16.000	79.400	-135.500	-16.000	3	3	79.400	-135.500	2.11		arrival	Phersula 1; Julto 1; Drunksmurf 1; Neoakuma 2; Evenstar 2
2026-06-12 16:03:32	start	232	Mog House entrance	area	generated	71.095	-118.357	-16.000	79.400	-135.500	-16.000	2	3	79.400	-135.500	0.16		menu	Festive Moogle 1; Ancestry Moogle 5; Coffeesama 10; Moogle 11; Answald 12
2026-06-12 16:03:43	arrived	232	Mog House entrance	area	generated	79.629	-134.567	-16.000	79.400	-135.500	-16.000	3	3	79.400	-135.500	1.53		arrival	Phersula 1; Darryk 5; Ollii 5; Crystaldealer 5; Nauthima 6
2026-06-12 16:14:01	start	232	Mog House entrance	area	generated	78.102	-140.064	-16.000	79.400	-135.500	-16.000	4	4	79.400	-135.500	0.00		menu	Cheyne 6; Phersula 6; Ambleon 7; Answald 12; Nauthima 12
2026-06-12 16:14:01	arrived	232	Mog House entrance	area	generated	78.102	-140.064	-16.000	79.400	-135.500	-16.000	4	4	79.400	-135.500	0.00		arrival	Cheyne 6; Phersula 6; Ambleon 7; Answald 12; Nauthima 12
2026-06-12 16:14:35	start	232	Mog House entrance	area	generated	59.049	-111.785	-12.250	79.400	-135.500	-16.000	2	3	79.400	-135.500	0.34		menu	Coribalgeant 4; Saraqael 5; Arakiel 6; Vitellius 7; Curio Vendor Moogle 7
2026-06-12 16:14:54	arrived	232	Mog House entrance	area	generated	77.021	-138.454	-16.000	79.400	-135.500	-16.000	3	3	79.400	-135.500	0.59		arrival	Cheyne 5; Phersula 5; Ambleon 6; Answald 10; Nauthima 11
2026-06-12 16:15:31	start	232	Mog House entrance	area	generated	62.223	-128.048	-16.000	79.400	-135.500	-16.000	2	3	79.400	-135.500	0.00		menu	Greeter Moogle 1; Moogle 2; A.M.A.N. Liaison 6; Saraqael 12; Festive Moogle 13
2026-06-12 16:15:53	arrived	232	Mog House entrance	area	generated	78.740	-136.142	-16.000	79.400	-135.500	-16.000	3	3	79.400	-135.500	1.47		arrival	Cheyne 2; Phersula 3; Percan 4; Ambleon 7; Answald 8
2026-06-12 16:16:19	start	232	Mog House entrance	area	generated	83.475	-134.490	-16.000	79.400	-135.500	-16.000	4	4	79.400	-135.500	0.00		menu	Cheyne 3; Phersula 3; Percan 4; Nauthima 6; Answald 9
2026-06-12 16:16:19	arrived	232	Mog House entrance	area	generated	83.475	-134.490	-16.000	79.400	-135.500	-16.000	4	4	77.499	-129.958	0.00		arrival	Cheyne 3; Phersula 3; Percan 4; Nauthima 6; Answald 9
2026-06-12 16:16:51	start	232	Mog House entrance	area	generated	81.446	-130.924	-16.000	79.400	-135.500	-16.000	3	3	79.400	-135.500	2.74		menu	Nauthima 2; Phersula 3; Cheyne 4; Answald 6; Coffeesama 7
2026-06-12 16:16:56	arrived	232	Mog House entrance	area	generated	78.182	-132.521	-16.000	79.400	-135.500	-16.000	3	3	74.140	-136.639	3.63		arrival	Phersula 3; Cheyne 3; Answald 4; Nauthima 5; Nhimil 7
2026-06-12 16:17:30	start	232	Mog House entrance	area	generated	75.275	-122.056	-16.000	79.400	-135.500	-16.000	2	3	79.400	-135.500	0.49		menu	Coffeesama 5; Festive Moogle 6; Answald 7; Nauthima 9; Moogle 13
2026-06-12 16:17:49	arrived	232	Mog House entrance	area	generated	75.610	-133.993	-16.000	79.400	-135.500	-16.000	3	3	81.673	-130.700	4.63		arrival	Phersula 5; Cheyne 5; Ambleon 5; Answald 5; Nauthima 8
2026-06-12 16:18:20	start	232	Mog House entrance	area	generated	75.832	-142.384	-16.000	79.400	-135.500	-16.000	3	4	79.400	-135.500	0.00		menu	Ambleon 7; Nhimil 8; Percan 8; Cheyne 9; Phersula 9
2026-06-12 16:18:26	arrived	232	Mog House entrance	area	generated	79.999	-134.789	-16.000	79.400	-135.500	-16.000	4	4	79.400	-135.500	1.17		arrival	Cheyne 1; Phersula 1; Nhimil 4; Percan 5; Nauthima 6
2026-06-12 23:38:57	start	232	Mog House entrance	area	generated	78.626	-139.581	-16.000	79.400	-135.500	-16.000	4	4	79.400	-135.500	0.00		menu	Califa 3; Ebikenezer 4; Airwick 4; Nazuny 4; Kunglawo 4
2026-06-12 23:38:57	arrived	232	Mog House entrance	area	generated	78.626	-139.581	-16.000	79.400	-135.500	-16.000	4	4	79.400	-135.500	0.00		arrival	Califa 3; Ebikenezer 4; Airwick 4; Nazuny 4; Kunglawo 4
2026-06-12 23:39:19	start	232	Mog House entrance	area	generated	67.968	-118.730	-16.000	79.400	-135.500	-16.000	2	3	79.400	-135.500	0.33		menu	Festive Moogle 3; Ancestry Moogle 8; Moogle 9; Greeter Moogle 10; Strikerx 11
2026-06-12 23:39:36	arrived	232	Mog House entrance	area	generated	80.560	-134.431	-16.000	79.400	-135.500	-16.000	3	3	79.400	-135.500	0.62		arrival	Ashleih 1; Trentjames 2; Airwick 2; Turdmegedon 4; Sichimi 4
2026-06-12 23:40:03	start	232	Mog House entrance	area	generated	63.962	-121.086	-16.050	79.400	-135.500	-16.000	2	3	79.400	-135.500	1.36		menu	Moogle 6; Greeter Moogle 6; Trentjames 6; Festive Moogle 7; Strikerx 9
2026-06-12 23:40:19	arrived	232	Mog House entrance	area	generated	77.822	-135.278	-16.000	79.400	-135.500	-16.000	3	3	79.400	-135.500	2.61		arrival	Airwick 1; Phersula 3; Turdmegedon 4; Ashleih 4; Califa 6
2026-06-13 02:07:26	start	232	Mog House entrance	area	generated	69.859	-135.447	-16.000	79.400	-135.500	-16.000	2	3	79.400	-135.500	0.75		menu	Ambleon 2; Miror 4; Izzzzy 4; A.M.A.N. Liaison 5; Rurchu 7
2026-06-13 02:07:34	arrived	232	Mog House entrance	area	generated	79.067	-133.356	-16.000	79.400	-135.500	-16.000	3	3	79.400	-135.500	2.43		arrival	Phersula 1; Ashleih 3; Nauthima 5; Answald 5; Knightofgold 6
2026-06-13 02:08:10	start	232	Mog House entrance	area	generated	44.515	-106.572	-12.000	79.400	-135.500	-16.000	2	4	53.555	-112.600	0.00		menu	Neosho 2; Scobuu 3; Sheyha 3; Ventarbre 3; Pipim 3
2026-06-13 02:08:25	arrived	232	Mog House entrance	area	generated	76.297	-136.541	-16.000	79.400	-135.500	-16.000	4	4	79.400	-135.500	2.08		arrival	Izzzzy 5; Phersula 5; Ambleon 5; Syukun 6; Ashleih 6
2026-06-13 02:08:45	start	232	Mog House entrance	area	generated	66.954	-120.042	-16.000	79.400	-135.500	-16.000	2	3	79.400	-135.500	0.31		menu	Festive Moogle 4; Tabukitten 6; Moogle 7; Greeter Moogle 8; Ancestry Moogle 8
2026-06-13 02:08:57	arrived	232	Mog House entrance	area	generated	77.938	-136.457	-16.000	79.400	-135.500	-16.000	3	3	79.400	-135.500	1.48		arrival	Tinyraz 2; Phersula 3; Ashleih 5; Syukun 5; Gpatch 5
2026-06-13 02:09:39	start	232	Mog House entrance	area	generated	63.829	-122.277	-16.050	79.400	-135.500	-16.000	2	3	79.400	-135.500	0.42		menu	Tabukitten 3; Moogle 4; Greeter Moogle 5; Festive Moogle 8; Shiarasin 9
2026-06-13 02:09:52	arrived	232	Mog House entrance	area	generated	75.806	-134.197	-16.000	79.400	-135.500	-16.000	3	3	81.571	-130.650	4.37		arrival	Izzzzy 3; Phersula 5; Ambleon 5; Answald 6; Ashleih 6
2026-06-13 02:11:13	start	232	Mog House entrance	area	generated	65.985	-120.395	-16.000	79.400	-135.500	-16.000	2	3	79.400	-135.500	0.97		menu	Tabukitten 5; Festive Moogle 5; Moogle 7; Greeter Moogle 7; Shiarasin 9
2026-06-13 02:11:30	arrived	232	Mog House entrance	area	generated	81.938	-139.257	-16.500	79.400	-135.500	-16.000	3	3	76.221	-134.402	0.00		arrival	Yumemem 1; Sylveni 1; Shortking 1; Poporyu 1; Zeola 1
2026-06-13 11:16:05	start	232	Mog House entrance	area	generated	65.760	-128.257	-16.000	79.400	-135.500	-16.000	2	3	79.400	-135.500	2.32		menu	Moogle 3; Greeter Moogle 4; A.M.A.N. Liaison 4; Angrysteel 5; Masaa 7
2026-06-13 11:16:19	arrived	232	Mog House entrance	area	generated	78.161	-135.926	-16.000	79.400	-135.500	-16.000	3	3	79.400	-135.500	1.89		arrival	Phersula 3; Dova 3; Manamana 5; Kagetsugu 5; Michabubu 5
2026-06-13 14:27:22	start	232	Mog House entrance	area	generated	76.205	-134.749	-16.000	79.400	-135.500	-16.000	3	3	79.400	-135.500	3.71		menu	Shoyoroll 3; Zeign 3; Ributo 3; Evenstar 3; Lonestarman 4
2026-06-13 14:27:22	arrived	232	Mog House entrance	area	generated	76.205	-134.749	-16.000	79.400	-135.500	-16.000	3	3	79.400	-135.500	3.71		arrival	Shoyoroll 3; Zeign 3; Ributo 3; Evenstar 3; Lonestarman 4
2026-06-13 14:27:39	start	232	Mog House entrance	area	generated	52.349	-111.597	-12.000	79.400	-135.500	-16.000	3	4	79.400	-135.500	1.50		menu	Nukkie 2; Curio Vendor Moogle 2; Nyehh 5; Coribalgeant 5; Aldagon 7
2026-06-13 14:27:50	blocked	232	Mog House entrance	area	generated	52.655	-114.350	-12.000	79.400	-135.500	-16.000	4	5	57.662	-116.239	0.02	5.35	Possible obstacle or wall. Clearance 0 yalm. Turn until the beacon moves off-center, then try forward. Route refreshed.	Curio Vendor Moogle 1; Mikimao 2; Lionswrath 2; Nukkie 4; Coribalgeant 7
2026-06-13 14:28:08	arrived	232	Mog House entrance	area	generated	80.859	-137.606	-16.500	79.400	-135.500	-16.000	5	5	79.400	-135.500	0.22		arrival	Kingflippynips 2; Evenstar 3; Zeign 3; Ributo 3; Lonestarman 3
2026-06-15 11:54:17	start	232	Mog House entrance	area	generated	71.230	-118.241	-16.000	79.400	-135.500	-16.000	2	3	79.400	-135.500	0.04		menu	Festive Moogle 1; Ancestry Moogle 5; Nyehh 9; Moogle 12; Answald 12
2026-06-15 11:54:31	arrived	232	Mog House entrance	area	generated	79.778	-133.513	-16.000	79.400	-135.500	-16.000	3	3	79.400	-135.500	1.75		arrival	Phersula 1; Motokey 2; Ributo 3; Halzzz 5; Dana 6
2026-06-15 12:03:18	start	232	Mog House entrance	area	generated	72.560	-121.060	-16.000	79.400	-135.500	-16.000	2	3	79.400	-135.500	1.62		menu	Ancestry Moogle 3; Festive Moogle 3; Airwick 7; Answald 8; Nyehh 9
2026-06-15 12:03:26	arrived	232	Mog House entrance	area	generated	76.562	-133.193	-16.000	79.400	-135.500	-16.000	3	3	82.615	-131.284	4.80		arrival	Vitellius 2; Wormfeeder 3; Ributo 4; Saraqael 4; Phersula 4
2026-06-15 12:03:43	start	232	Mog House entrance	area	generated	62.673	-124.088	-16.000	79.400	-135.500	-16.000	2	3	79.400	-135.500	0.10		menu	Nyehh 2; Moogle 3; Greeter Moogle 3; Wormfeeder 8; A.M.A.N. Liaison 9
2026-06-15 12:03:55	arrived	232	Mog House entrance	area	generated	76.085	-134.638	-16.000	79.400	-135.500	-16.000	3	3	79.400	-135.500	3.85		arrival	Saraqael 1; Vitellius 3; Ributo 3; Tabsstorage 4; Phersula 4
2026-06-15 12:04:10	start	232	Mog House entrance	area	generated	85.980	-132.089	-16.000	79.400	-135.500	-16.000	3	4	79.400	-135.500	0.00		menu	Phersula 6; Nauthima 6; Arakiel 7; Fishbrain 7; Motokey 8
2026-06-15 12:04:16	arrived	232	Mog House entrance	area	generated	80.264	-133.050	-16.000	79.400	-135.500	-16.000	4	4	79.400	-135.500	1.73		arrival	Phersula 1; Fishbrain 3; Ributo 4; Saraqael 4; Nauthima 5
2026-06-15 12:04:27	start	232	Mog House entrance	area	generated	75.742	-142.262	-16.000	79.400	-135.500	-16.000	3	4	79.400	-135.500	0.00		menu	Ambleon 7; Ributo 7; Motokey 7; Arakiel 8; Saraqael 8
2026-06-15 12:04:32	arrived	232	Mog House entrance	area	generated	76.278	-138.180	-16.000	79.400	-135.500	-16.000	4	4	79.400	-135.500	1.28		arrival	Ributo 3; Saraqael 4; Ambleon 5; Motokey 5; Phersula 6
2026-06-15 12:04:51	start	232	Mog House entrance	area	generated	85.243	-132.707	-16.000	79.400	-135.500	-16.000	3	4	79.400	-135.500	0.00		menu	Phersula 5; Nauthima 6; Motokey 7; Ributo 8; Arakiel 9
2026-06-15 12:05:00	arrived	232	Mog House entrance	area	generated	79.688	-133.759	-16.000	79.400	-135.500	-16.000	4	4	79.400	-135.500	1.69		arrival	Phersula 1; Ributo 3; Motokey 6; Answald 6; Nauthima 6
2026-06-15 12:05:31	start	232	Mog House entrance	area	generated	44.376	-110.134	-12.155	79.400	-135.500	-16.000	2	4	53.555	-112.600	0.07		menu	Noquerelle 1; Summie 4; Xaio 4; Onizukaa 5; Oshric 6
2026-06-15 12:05:48	blocked	232	Mog House entrance	area	generated	58.333	-108.669	-12.000	79.400	-135.500	-16.000	5	6	58.942	-114.135	0.00	5.50	Possible obstacle or wall. Clearance 0 yalm. Turn until the beacon moves off-center, then try forward. Route refreshed.	Coribalgeant 1; Mikimao 6; Quenzilla 6; Quenjira 6; Acceptable 7
2026-06-15 12:06:12	arrived	232	Mog House entrance	area	generated	83.026	-132.254	-16.000	79.400	-135.500	-16.000	6	6	77.063	-130.478	1.73		arrival	Phersula 3; Nauthima 5; Ributo 6; Motokey 7; Answald 8
2026-06-15 12:08:13	start	232	Mog House entrance	area	generated	62.575	-128.868	-16.000	79.400	-135.500	-16.000	3	4	79.400	-135.500	0.13		menu	Greeter Moogle 2; Moogle 2; A.M.A.N. Liaison 5; Nyehh 6; Wormfeeder 7
2026-06-15 12:08:28	arrived	232	Mog House entrance	area	generated	78.356	-137.299	-16.168	79.400	-135.500	-16.000	4	4	79.400	-135.500	0.54		arrival	Ributo 1; Phersula 4; Katochan 4; Tabsstorage 4; Ambleon 7
2026-06-15 12:08:37	start	232	Mog House entrance	area	generated	79.954	-125.587	-16.000	79.400	-135.500	-16.000	2	3	79.400	-135.500	0.00		menu	Nauthima 3; Answald 5; Ancestry Moogle 6; Airwick 7; Phersula 9
2026-06-15 12:08:54	arrived	232	Mog House entrance	area	generated	76.427	-133.547	-16.000	79.400	-135.500	-16.000	3	3	82.313	-131.072	4.74		arrival	Ributo 3; Phersula 4; Answald 5; Ambleon 6; Airwick 7
2026-06-15 12:28:54	start	232	Mog House entrance	area	generated	75.221	-122.168	-16.000	79.400	-135.500	-16.000	2	3	79.400	-135.500	0.61		menu	Festive Moogle 6; Answald 7; Nauthima 8; Wormfeeder 8; Nyehh 11
2026-06-15 12:29:04	arrived	232	Mog House entrance	area	generated	83.094	-138.002	-16.500	79.400	-135.500	-16.000	3	3	78.832	-131.831	0.17		arrival	Naeceran 1; Lioreturn 2; Phersula 5; Ributo 5; Nauthima 10
2026-06-15 15:16:54	start	232	Mog House entrance	area	generated	57.179	-116.418	-13.250	79.400	-135.500	-16.000	2	3	79.400	-135.500	0.00		menu	Curio Vendor Moogle 6; Delanii 8; Coribalgeant 8; Orefille 9; Nyehh 9
2026-06-15 15:17:17	arrived	232	Mog House entrance	area	generated	79.157	-133.684	-16.000	79.400	-135.500	-16.000	3	3	79.400	-135.500	2.20		arrival	Phersula 1; Halzz 2; Abbu 2; Answald 6; Nauthima 6
2026-06-15 15:18:09	start	232	Mog House entrance	area	generated	62.894	-124.406	-16.000	79.400	-135.500	-16.000	2	3	79.400	-135.500	0.49		menu	Nyehh 2; Moogle 2; Greeter Moogle 2; Wormfeeder 5; A.M.A.N. Liaison 9
2026-06-15 15:18:26	arrived	232	Mog House entrance	area	generated	77.292	-132.253	-16.000	79.400	-135.500	-16.000	3	3	74.592	-137.827	4.52		arrival	Phersula 4; Answald 4; Abbu 4; Nauthima 6; Ambleon 7
2026-06-15 15:19:19	start	232	Mog House entrance	area	generated	74.826	-121.767	-16.000	79.400	-135.500	-16.000	2	3	79.400	-135.500	0.58		menu	Festive Moogle 5; Answald 7; Wormfeeder 8; Nauthima 10; Nyehh 11
2026-06-15 15:19:31	arrived	232	Mog House entrance	area	generated	76.676	-131.399	-16.000	79.400	-135.500	-16.000	3	3	74.626	-137.891	5.51		arrival	Answald 3; Phersula 5; Drunksmurf 5; Abbu 5; Horus 5
2026-06-20 14:13:29	start	232	Mog House entrance	area	generated	62.641	-126.942	-16.000	79.400	-135.500	-16.000	2	3	79.400	-135.500	0.29		menu	Moogle 1; A.M.A.N. Liaison 7; Leoreol 7; Festive Moogle 12; Ancestry Moogle 13
2026-06-20 14:13:47	arrived	232	Mog House entrance	area	generated	77.736	-138.474	-16.000	79.400	-135.500	-16.000	3	3	79.400	-135.500	0.00		arrival	Sacher 3; Imoruchan 4; Nightbear 4; Mizukimaia 4; Eleda 4
2026-06-20 14:14:02	start	232	Mog House entrance	area	generated	80.190	-136.025	-16.500	79.400	-135.500	-16.000	3	3	79.400	-135.500	1.37		menu	Sacher 1; Imoruchan 1; Ributo 1; Phersula 2; Nightbear 3
2026-06-20 14:14:02	arrived	232	Mog House entrance	area	generated	80.190	-136.025	-16.500	79.400	-135.500	-16.000	3	3	79.400	-135.500	1.37		arrival	Sacher 1; Imoruchan 1; Ributo 1; Phersula 2; Nightbear 3
2026-06-20 14:14:24	start	232	Mog House entrance	area	generated	74.428	-140.111	-16.000	79.400	-135.500	-16.000	2	3	79.400	-135.500	0.68		menu	Ambleon 4; Sacher 7; Imoruchan 7; Nightbear 7; Mizukimaia 7
2026-06-20 14:14:27	arrived	232	Mog House entrance	area	generated	75.663	-138.096	-16.000	79.400	-135.500	-16.000	3	3	79.400	-135.500	1.89		arrival	Ambleon 4; Sacher 5; Imoruchan 5; Ributo 5; Nightbear 6
2026-06-20 14:14:46	start	232	Mog House entrance	area	generated	75.955	-142.252	-16.000	79.400	-135.500	-16.000	3	4	79.400	-135.500	0.00		menu	Nightbear 7; Eleda 7; Mizukimaia 7; Ambleon 7; Dova 7
2026-06-20 14:14:49	arrived	232	Mog House entrance	area	generated	76.932	-139.810	-16.000	79.400	-135.500	-16.000	4	4	79.400	-135.500	0.92		arrival	Nightbear 5; Mizukimaia 5; Eleda 5; Sacher 5; Dova 5
2026-06-20 14:15:43	start	232	Mog House entrance	area	generated	44.706	-105.792	-12.000	79.400	-135.500	-16.000	2	4	53.555	-112.600	0.00		menu	Athaya 2; Nexagon 2; Mrbootaru 2; Apollocesti 3; Zyrr 3
2026-06-20 14:15:58	arrived	232	Mog House entrance	area	generated	83.173	-138.167	-16.500	79.400	-135.500	-16.000	4	4	78.829	-132.054	0.26		arrival	Dewy 1; Alimere 1; Niia 1; Fessel 1; Smokenttp 1
2026-06-20 14:59:32	start	232	Home Point #2	object	generated	79.626	-135.184	-16.000	48.000	-105.000	-12.000	2	3	48.000	-105.000	1.64		menu	Phersula 1; Sibylia 4; Saralia 4; Phiyra 4; Cmon 4
2026-06-20 15:00:03	blocked	232	Home Point #2	object	generated	54.832	-113.685	-12.050	48.000	-105.000	-12.000	2	3	50.426	-110.394	0.14	5.50	Possible obstacle or wall. Clearance 0 yalm. Turn until the beacon moves off-center, then try forward. Route refreshed.	Curio Vendor Moogle 3; Blastaru 4; Hypemode 5; Coribalgeant 5; Stardust 6
2026-06-20 15:00:05	arrived	232	Home Point #2	object	generated	48.969	-112.298	-12.000	48.000	-105.000	-12.000	2	3	53.769	-108.180	3.10		arrival	Stardust 1; Wormfeeder 2; Blastaru 3; Curio Vendor Moogle 3; Drakyus 4
2026-06-20 15:14:14	start	243	Syndella	npc	untested	-6.000	-1.000	3.000	3.800	137.000	2.000	4	14	-1.688	27.842	1.21		menu	Lokoboko 1; Home Point #1 1; Tdaseew 1; Glaba 2; Explorer_Moogle 7
2026-06-20 15:14:21	blocked	243	Syndella	npc	untested	-4.286	1.403	3.000	3.800	137.000	2.000	3	13	0.373	7.279	0.00	7.50	Possible obstacle or wall. Clearance 0 yalm. Turn until the beacon moves off-center, then try forward. Route refreshed.	Tdaseew 2; Lokoboko 2; Ironn 2; Home Point #1 2; Glaba 2
2026-06-20 15:15:34	blocked	243	Syndella	npc	untested	0.394	127.606	2.000	3.800	137.000	2.000	4	5	0.229	135.105	0.75	7.50	Possible obstacle or wall. Clearance 1 yalm. Turn until the beacon moves off-center, then try forward. Route refreshed.	Door:Archduke's House 1; Luckgirldd 6; Harith 8; Door:Living Quarters 10; Magian Moogle 10
2026-06-20 15:15:40	arrived	243	Syndella	npc	untested	0.205	136.166	2.000	3.800	137.000	2.000	5	5	2.603	142.163	4.10		arrival	Syndella 4; Marjory 5; Harith 5; Jamal 6; Door:Living Quarters 8
2026-06-20 15:31:13	start	243	Elevator Button	npc	untested	3.183	136.857	2.000	48.997	-74.904	9.647	2	15	0.712	128.642	1.50		menu	Syndella 1; Jamal 4; Door:Living Quarters 5; Marjory 7; Harith 8
2026-06-20 15:31:21	blocked	243	Elevator Button	npc	untested	3.183	136.857	2.000	48.997	-74.904	9.647	2	15	1.743	132.069	1.50	5.00	Possible obstacle or wall. Clearance 1 yalm. Turn until the beacon moves off-center, then try forward. Route refreshed.	Syndella 1; Jamal 4; Door:Living Quarters 5; Marjory 7; Harith 8
2026-06-20 15:33:05	arrived	243	Elevator Button	npc	untested	48.712	-67.400	10.000	48.997	-74.904	9.647	14	15	54.293	-74.703	4.14		arrival	Jammersidewindr 4; Chikoritta 4; Pidgeotto 4; Lugado 5; Kzx 5
2026-06-20 16:19:31	start	244	Batallia Downs zone line	area	proven	47.365	-80.818	-4.998	-99.867	184.157	0.000	2	15	18.041	-35.003	0.75		menu	Zekobi-Morokobi 9
2026-06-20 16:19:55	blocked	244	Batallia Downs zone line	area	proven	15.107	-38.604	-1.000	-99.867	184.157	0.000	4	16	13.787	-33.265	0.00	5.50	Possible obstacle or wall. Clearance 0 yalm. Turn until the beacon moves off-center, then try forward. Route refreshed.	Guide Stone 10; Ratoto 14; Azxy 17; Seriously 17; Reaperette 17
2026-06-20 16:20:13	blocked	244	Batallia Downs zone line	area	proven	15.262	-38.555	-1.000	-99.867	184.157	0.000	4	16	12.154	-34.017	0.00	5.50	Possible obstacle or wall. Clearance 0 yalm. Turn until the beacon moves off-center, then try forward. Route refreshed.	Guide Stone 10; Ratoto 14; Azxy 17; Seriously 17; Reaperette 17
2026-06-20 16:20:31	blocked	244	Batallia Downs zone line	area	proven	15.193	-38.547	-1.000	-99.867	184.157	0.000	4	16	10.451	-32.736	0.00	7.50	Possible obstacle or wall. Clearance 0 yalm. Turn until the beacon moves off-center, then try forward. Route refreshed.	Guide Stone 10; Ratoto 14; Azxy 17; Seriously 17; Reaperette 17
2026-06-20 16:20:49	blocked	244	Batallia Downs zone line	area	proven	15.234	-38.686	-1.000	-99.867	184.157	0.000	4	16	12.368	-33.992	0.00	5.50	Possible obstacle or wall. Clearance 0 yalm. Turn until the beacon moves off-center, then try forward. Route refreshed.	Guide Stone 10; Ratoto 14; Azxy 17; Seriously 17; Reaperette 17
2026-06-20 16:22:19	arrived	244	Batallia Downs zone line	area	proven	-96.640	178.312	0.000	-99.867	184.157	0.000	15	16	-99.277	182.649	0.05		arrival	Bheem 11; Home Point #1 11; Emitt 17; Ajithaam 23; Elijah 24
2026-06-20 16:23:10	start	105	Raptor	enemy	observed	486.298	-161.077	8.280	457.730	-159.410	8.887	2	3	457.730	-159.410	8.77		menu	
2026-06-20 16:23:18	arrived	105	Raptor	enemy	observed	463.446	-160.585	8.827	457.730	-159.410	8.887	3	3	461.121	-154.696	9.94		arrival	Couvoullie 4; Raptor 6
2026-06-20 19:08:23	start	105	Rolanberry Fields zone line	area	untested	431.298	-159.598	8.234	479.955	-363.913	-0.786	2	15	430.400	-148.400	1.34		menu	Macro Test 1; Moogle 3; Shraiden 4; Macro Test 4; ??? 6
2026-06-20 19:08:51	blocked	105	Rolanberry Fields zone line	area	untested	403.331	-196.303	8.000	479.955	-363.913	-0.786	2	7	401.633	-205.318	4.91	9.17	Possible obstacle. Wall clearance 5 yalms. Turn until the beacon moves off-center, then try forward. Route refreshed.	Stalking Sapling 22
2026-06-20 19:09:29	blocked	105	Rolanberry Fields zone line	area	untested	405.048	-244.666	7.577	479.955	-363.913	-0.786	2	6	406.094	-251.725	1.75	7.14	Possible obstacle or wall. Clearance 2 yalm. Turn until the beacon moves off-center, then try forward. Route refreshed.	Sabertooth Tiger 2; Stalking Sapling 12
2026-06-20 19:10:22	blocked	105	Rolanberry Fields zone line	area	untested	345.285	-274.641	8.216	479.955	-363.913	-0.786	2	9	354.204	-275.842	7.94	9.00	Possible obstacle. Wall clearance 8 yalms. Turn until the beacon moves off-center, then try forward. Route refreshed.	Stalking Sapling 2; Goblin Mugger 13
2026-06-20 19:10:47	blocked	105	Rolanberry Fields zone line	area	untested	355.422	-242.394	7.921	479.955	-363.913	-0.786	2	7	362.330	-248.163	14.63	9.00	Possible obstacle. Wall clearance 15 yalms. Turn until the beacon moves off-center, then try forward. Route refreshed.	Stalking Sapling 1; Treasure Casket 1
2026-06-20 19:11:04	blocked	105	Rolanberry Fields zone line	area	untested	355.422	-242.394	7.921	479.955	-363.913	-0.786	2	7	362.330	-248.163	14.63	9.00	Possible obstacle. Wall clearance 15 yalms. Turn until the beacon moves off-center, then try forward. Route refreshed.	Treasure Casket 1; Stalking Sapling 1; Ba 24
2026-06-20 19:11:22	blocked	105	Rolanberry Fields zone line	area	untested	355.422	-242.394	7.921	479.955	-363.913	-0.786	2	7	362.330	-248.163	14.63	9.00	Possible obstacle. Wall clearance 15 yalms. Turn until the beacon moves off-center, then try forward. Route refreshed.	Stalking Sapling 1; Treasure Casket 1; Stalking Sapling 24
2026-06-20 19:11:40	blocked	105	Rolanberry Fields zone line	area	untested	355.422	-242.394	7.921	479.955	-363.913	-0.786	2	7	362.330	-248.163	14.63	9.00	Possible obstacle. Wall clearance 15 yalms. Turn until the beacon moves off-center, then try forward. Route refreshed.	Stalking Sapling 1; Treasure Casket 1
2026-06-20 19:12:07	blocked	105	Rolanberry Fields zone line	area	untested	395.909	-241.603	8.000	479.955	-363.913	-0.786	2	5	396.410	-246.578	1.35	5.00	Possible obstacle or wall. Clearance 1 yalm. Turn until the beacon moves off-center, then try forward. Route refreshed.	Stalking Sapling 1; Sabertooth Tiger 11
2026-06-20 19:12:25	blocked	105	Rolanberry Fields zone line	area	untested	395.909	-241.603	8.000	479.955	-363.913	-0.786	2	5	396.410	-246.578	1.35	5.00	Possible obstacle or wall. Clearance 1 yalm. Turn until the beacon moves off-center, then try forward. Route refreshed.	Stalking Sapling 1; Sabertooth Tiger 11
2026-06-20 19:12:43	blocked	105	Rolanberry Fields zone line	area	untested	395.909	-241.603	8.000	479.955	-363.913	-0.786	2	5	396.410	-246.578	1.35	5.00	Possible obstacle or wall. Clearance 1 yalm. Turn until the beacon moves off-center, then try forward. Route refreshed.	Stalking Sapling 1; Sabertooth Tiger 11
2026-06-20 19:13:02	blocked	105	Rolanberry Fields zone line	area	untested	395.909	-241.603	8.000	479.955	-363.913	-0.786	2	5	396.410	-246.578	1.35	5.00	Possible obstacle or wall. Clearance 1 yalm. Turn until the beacon moves off-center, then try forward. Route refreshed.	Stalking Sapling 1; Sabertooth Tiger 11
2026-06-20 19:13:20	blocked	105	Rolanberry Fields zone line	area	untested	395.909	-241.603	8.000	479.955	-363.913	-0.786	2	5	396.410	-246.578	1.35	5.00	Possible obstacle or wall. Clearance 1 yalm. Turn until the beacon moves off-center, then try forward. Route refreshed.	Stalking Sapling 1; Sabertooth Tiger 11
2026-06-20 19:14:22	blocked	105	Rolanberry Fields zone line	area	untested	387.607	-198.901	8.435	479.955	-363.913	-0.786	2	7	383.151	-202.289	10.96	5.60	Possible obstacle. Wall clearance 11 yalms. Turn until the beacon moves off-center, then try forward. Route refreshed.	Ba 2
2026-06-20 19:14:38	blocked	105	Rolanberry Fields zone line	area	untested	388.857	-203.932	8.356	479.955	-363.913	-0.786	2	7	392.100	-212.337	12.59	9.01	Possible obstacle. Wall clearance 13 yalms. Turn until the beacon moves off-center, then try forward. Route refreshed.	Ba 3
2026-06-20 19:14:50	blocked	105	Rolanberry Fields zone line	area	untested	384.386	-205.025	8.650	479.955	-363.913	-0.786	2	6	391.875	-212.411	12.28	10.52	Possible obstacle. Wall clearance 12 yalms. Turn until the beacon moves off-center, then try forward. Route refreshed.	Ba 6
2026-06-20 19:34:02	start	105	Upper Jeuno zone line	area	proven	377.194	-104.567	8.027	486.298	-157.702	8.237	2	7	396.000	-116.800	0.97		menu	Goblin Smithy 1; Goblin Furrier 4; Arciela 21; Goblin Furrier 23; Ba 23
2026-06-20 19:34:33	blocked	105	Upper Jeuno zone line	area	proven	425.732	-148.967	8.270	486.298	-157.702	8.237	4	5	433.072	-150.504	0.29	7.50	Possible obstacle or wall. Clearance 0 yalm. Turn until the beacon moves off-center, then try forward. Route refreshed.	Joachim 5; Ulmia 5; Sylvie 6; Macro Test 8; Lucilianne 9
2026-06-20 19:34:56	blocked	105	Upper Jeuno zone line	area	proven	425.209	-158.741	8.675	486.298	-157.702	8.237	3	8	432.549	-157.199	0.10	7.50	Possible obstacle or wall. Clearance 0 yalm. Turn until the beacon moves off-center, then try forward. Route refreshed.	??? 5; Macro Test 6; Macro Test 6; Acacia 7; Shraiden 7
2026-06-20 19:35:27	blocked	105	Upper Jeuno zone line	area	proven	430.109	-141.200	8.446	486.298	-157.702	8.237	5	6	434.960	-146.920	0.00	7.50	Possible obstacle or wall. Clearance 0 yalm. Turn until the beacon moves off-center, then try forward. Route refreshed.	Atmacite Refiner 4; Voidwatch Officer 5; Joachim 6; Darksheer 6; Sylvie 7
2026-06-20 19:35:45	arrived	105	Upper Jeuno zone line	area	proven	478.776	-156.574	8.000	486.298	-157.702	8.237	5	6	483.766	-157.156	8.17		arrival	Greenphrod 4; Trutwelve 12; Sakuramochi 12; Stiffballz 12; Graosan 12
2026-06-20 19:39:20	start	105	Rolanberry Fields zone line	area	untested	486.298	-163.327	8.280	479.955	-363.913	-0.786	2	14	428.400	-147.200	7.28		menu	
2026-06-20 19:40:55	arrived	105	Rolanberry Fields zone line	area	untested	475.764	-357.388	7.850	479.955	-363.913	-0.786	5	6	476.782	-362.818	7.36		arrival	
2026-06-20 21:39:34	start	110	Lower Jeuno zone line	area	untested	89.251	407.328	16.301	340.051	613.388	17.423	2	7	120.000	454.925	2.83		menu	Death Wasp 7; Marlena 7; Debug 8; Moon Bat 13; Death Wasp 14
2026-06-20 21:40:59	arrived	110	Lower Jeuno zone line	area	untested	337.272	612.040	24.319	340.051	613.388	17.423	7	7	340.051	613.388	21.52		arrival	
2026-06-20 21:41:27	start	245	Mog House entrance	area	untested	-121.658	-198.246	0.000	43.944	88.580	-9.359	2	7	5.490	27.472	2.34		menu	Banniy 1; Vhana Ehgaklywha 3; Yamilla 23; Alrauverat 24
2026-06-20 21:43:06	arrived	245	Mog House entrance	area	untested	43.141	87.360	-4.998	43.944	88.580	-9.359	7	7	43.944	88.580	1.04		arrival	Miladi-Nildi 11
2026-06-20 21:50:40	start	245	Home Point #2	object	untested	41.850	86.448	-4.998	18.000	54.000	-1.000	3	6	23.490	58.672	0.52		menu	Miladi-Nildi 9
2026-06-20 21:50:53	arrived	245	Home Point #2	object	untested	23.245	55.920	-1.500	18.000	54.000	-1.000	6	6	19.822	49.023	1.78		arrival	Otomis 3; Echeaux 5; Nyaoou 5; Guina 5; Rhoe 5
2026-06-20 21:52:04	start	230	West Ronfaure zone line	area	generated	-84.468	-65.454	1.000	-113.372	-57.418	-4.075	2	6	-98.524	-53.294	3.81		menu	Thabiz 1; Home Point #1 1; Gonzilla 5; Garota 7; A.M.A.N. Validator 10
2026-06-20 21:52:29	arrived	230	West Ronfaure zone line	area	generated	-112.270	-57.262	0.000	-113.372	-57.418	-4.075	6	6	-113.372	-57.418	3.52		arrival	Kaiilynn 3; Aravoge, T.K. 8; Malecharisant 9; Voidwatch Purveyor 13; Eggsperiment I 14
2026-06-20 21:52:55	start	100	East Ronfaure zone line z2s4	area	untested	-129.066	277.277	-62.000	-11.697	140.000	-53.643	2	5	-139.200	249.200	1.90		menu	Kaiilynn 1; Colmaie 7; Laillera 11
2026-06-20 21:53:38	arrived	100	East Ronfaure zone line z2s4	area	untested	-17.759	142.368	-49.819	-11.697	140.000	-53.643	4	5	-13.113	140.512	2.83		arrival	
2026-06-20 22:28:11	start	101	West Ronfaure zone line z2t0	area	untested	-16.471	137.753	-49.814	-30.050	140.034	-58.027	2	3	-36.574	143.538	3.35		menu	Wild Rabbit 17; Tunnel Worm 21; Ding Bats 23
2026-06-20 22:28:19	blocked	101	West Ronfaure zone line z2t0	area	untested	-19.197	137.714	-49.815	-30.050	140.034	-58.027	2	3	-23.783	139.857	3.31	5.06	Possible obstacle. Wall clearance 3 yalms. Turn until the beacon moves off-center, then try forward. Route refreshed.	Tunnel Worm 24
2026-06-20 22:28:21	arrived	101	West Ronfaure zone line z2t0	area	untested	-26.169	141.981	-49.800	-30.050	140.034	-58.027	2	3	-31.492	141.834	3.22		arrival	
2026-06-20 22:28:56	unreachable	100	La Theine Plateau zone line	area	untested	-24.427	137.750	-49.814	-560.415	-613.176	-10.328	1	1	0.000	0.000	3.35		menu start unreachable	
2026-06-20 22:30:31	unreachable	100	East Ronfaure zone line z2s6	area	untested	-27.893	137.751	-49.730	94.760	-200.153	-29.531	1	1	0.000	0.000	3.67		menu start unreachable	
2026-06-20 22:40:37	start	100	La Theine Plateau zone line	area	untested	-24.427	136.625	-49.870	-560.415	-613.176	-10.328	1	1	-560.415	-613.176	2.22		menu	
2026-06-20 22:40:44	blocked	100	La Theine Plateau zone line	area	untested	-24.427	136.625	-49.870	-560.415	-613.176	-10.328	1	1	-560.415	-613.176	2.22	921.67	Possible obstacle or wall. Clearance 2 yalm. Turn until the beacon moves off-center, then try forward.	
2026-06-20 22:41:18	blocked	100	La Theine Plateau zone line	area	untested	-89.629	110.036	-55.290	-560.415	-613.176	-10.328	1	1	-560.415	-613.176	0.34	862.95	Possible obstacle or wall. Clearance 0 yalm. Turn until the beacon moves off-center, then try forward.	Wild Rabbit 7
2026-06-20 22:41:34	blocked	100	La Theine Plateau zone line	area	untested	-89.332	109.896	-55.404	-560.415	-613.176	-10.328	1	1	-560.415	-613.176	0.32	862.99	Possible obstacle or wall. Clearance 0 yalm. Turn until the beacon moves off-center, then try forward.	Wild Rabbit 7
2026-06-20 22:41:51	blocked	100	La Theine Plateau zone line	area	untested	-86.272	110.632	-53.444	-560.415	-613.176	-10.328	1	1	-560.415	-613.176	2.26	865.28	Possible obstacle or wall. Clearance 2 yalm. Turn until the beacon moves off-center, then try forward.	Wild Rabbit 17
2026-06-20 22:42:09	blocked	100	La Theine Plateau zone line	area	untested	-86.236	110.704	-53.454	-560.415	-613.176	-10.328	1	1	-560.415	-613.176	2.34	865.36	Possible obstacle or wall. Clearance 2 yalm. Turn until the beacon moves off-center, then try forward.	
2026-06-20 22:56:13	start	100	La Theine Plateau zone line	area	untested	-86.236	110.704	-53.454	-560.415	-613.176	-10.328	2	49	-95.600	133.200	2.34		menu	
2026-06-20 22:57:43	blocked	100	La Theine Plateau zone line	area	untested	-219.001	-12.272	-31.293	-560.415	-613.176	-10.328	2	33	-220.316	-17.565	0.80	5.45	Possible obstacle or wall. Clearance 1 yalm. Turn until the beacon moves off-center, then try forward. Route refreshed.	Orcish Mesmerizer 14; Forest Hare 18
2026-06-20 23:00:25	arrived	100	La Theine Plateau zone line	area	untested	-562.728	-608.912	0.500	-560.415	-613.176	-10.328	33	33	-560.415	-613.176	9.23		arrival	
2026-06-20 23:01:51	start	102	Valkurm Dunes zone line	area	untested	-556.603	680.591	0.000	160.169	-764.007	24.326	2	67	-591.600	597.200	6.22		menu	
2026-06-20 23:03:31	blocked	102	Valkurm Dunes zone line	area	untested	-495.538	294.918	-8.448	160.169	-764.007	24.326	3	49	-488.173	296.332	0.00	7.50	Possible obstacle or wall. Clearance 0 yalm. Turn until the beacon moves off-center, then try forward. Route refreshed.	Orcish Fodder 10; Steppe Hare 14
2026-06-20 23:08:33	arrived	102	Valkurm Dunes zone line	area	untested	158.884	-762.537	32.000	160.169	-764.007	24.326	49	49	160.169	-764.007	9.56		arrival	
2026-06-20 23:08:54	start	103	Konschtat Highlands zone line	area	untested	761.319	409.268	-7.738	919.212	-440.003	-4.639	2	71	787.200	347.600	8.62		menu	Field Manual 22
2026-06-20 23:10:24	blocked	103	Konschtat Highlands zone line	area	untested	705.123	188.889	-11.021	919.212	-440.003	-4.639	5	66	704.093	181.564	0.00	7.40	Possible obstacle or wall. Clearance 0 yalm. Turn until the beacon moves off-center, then try forward. Route refreshed.	Planar Rift 16; Riftworn Pyxis 16
2026-06-20 23:10:54	blocked	103	Konschtat Highlands zone line	area	untested	707.572	188.559	-11.015	919.212	-440.003	-4.639	4	65	707.787	185.066	0.49	3.50	Possible obstacle or wall. Clearance 0 yalm. Turn until the beacon moves off-center, then try forward. Route refreshed.	Planar Rift 14; Riftworn Pyxis 14; Damselfly 23
2026-06-20 23:11:18	blocked	103	Konschtat Highlands zone line	area	untested	709.994	188.223	-10.090	919.212	-440.003	-4.639	3	64	703.170	179.789	2.40	10.85	Possible obstacle or wall. Clearance 2 yalm. Turn until the beacon moves off-center, then try forward. Route refreshed.	Planar Rift 12; Riftworn Pyxis 12; Damselfly 22
2026-06-20 23:11:32	blocked	103	Konschtat Highlands zone line	area	untested	704.722	188.188	-11.743	919.212	-440.003	-4.639	5	66	703.094	180.867	0.00	7.50	Possible obstacle or wall. Clearance 0 yalm. Turn until the beacon moves off-center, then try forward. Route refreshed.	Planar Rift 17; Riftworn Pyxis 17; Damselfly 24
2026-06-20 23:12:26	blocked	103	Konschtat Highlands zone line	area	untested	706.330	189.180	-10.564	919.212	-440.003	-4.639	4	65	704.093	181.564	0.49	7.94	Possible obstacle or wall. Clearance 0 yalm. Turn until the beacon moves off-center, then try forward. Route refreshed.	Planar Rift 15; Riftworn Pyxis 15
2026-06-20 23:14:21	blocked	103	Konschtat Highlands zone line	area	untested	584.820	108.318	-11.648	919.212	-440.003	-4.639	5	65	581.741	103.491	0.00	5.73	Possible obstacle or wall. Clearance 0 yalm. Turn until the beacon moves off-center, then try forward. Route refreshed.	
2026-06-20 23:14:59	blocked	103	Konschtat Highlands zone line	area	untested	535.968	94.302	-10.229	919.212	-440.003	-4.639	4	52	543.110	83.976	0.02	12.56	Possible obstacle or wall. Clearance 0 yalm. Turn until the beacon moves off-center, then try forward. Route refreshed.	Goblin Leecher 10; Damselfly 14
2026-06-20 23:18:17	arrived	103	Konschtat Highlands zone line	area	untested	920.473	-439.099	0.000	919.212	-440.003	-4.639	52	52	919.212	-440.003	11.62		arrival	
2026-06-20 23:19:02	start	108	North Gustaberg zone line	area	untested	-163.623	883.812	70.863	101.199	-611.982	-77.595	2	79	-168.000	871.200	5.51		menu	
2026-06-20 23:26:19	arrived	108	North Gustaberg zone line	area	untested	99.265	-610.542	-72.840	101.199	-611.982	-77.595	79	79	101.199	-611.982	1.27		arrival	Ramblix 23; Goblin Footprint 23
2026-06-20 23:26:54	unreachable	106	South Gustaberg zone line z2y2	area	untested	-520.617	588.639	39.863	0.735	-79.065	-5.555	1	1	0.000	0.000	4.75		menu start unreachable	
2026-06-20 23:27:56	unreachable	106	South Gustaberg zone line z2y2	area	untested	-519.742	588.639	39.909	0.735	-79.065	-5.555	1	1	0.000	0.000	5.63		menu start unreachable	
2026-06-20 23:28:03	start	106	South Gustaberg zone line z2y4	area	untested	-519.742	588.639	39.909	-440.639	-276.308	33.094	2	31	-465.200	534.400	5.63		menu	
2026-06-20 23:29:03	blocked	106	South Gustaberg zone line z2y4	area	untested	-345.484	433.984	48.138	-440.639	-276.308	33.094	2	29	-338.538	431.155	0.14	7.50	Possible obstacle or wall. Clearance 0 yalm. Turn until the beacon moves off-center, then try forward. Route refreshed.	Young Quadav 22
2026-06-20 23:31:10	blocked	106	South Gustaberg zone line z2y4	area	untested	-405.319	-56.769	47.101	-440.639	-276.308	33.094	2	19	-401.057	-64.782	5.31	9.08	Possible obstacle. Wall clearance 5 yalms. Turn until the beacon moves off-center, then try forward. Route refreshed.	Vulture 15; Treasure Casket 16; Rock Lizard 22
2026-06-20 23:31:19	blocked	106	South Gustaberg zone line z2y4	area	untested	-405.787	-57.250	46.854	-440.639	-276.308	33.094	2	19	-401.014	-64.896	4.91	9.01	Possible obstacle. Wall clearance 5 yalms. Turn until the beacon moves off-center, then try forward. Route refreshed.	Treasure Casket 16; Vulture 19; Rock Lizard 22
2026-06-20 23:31:28	blocked	106	South Gustaberg zone line z2y4	area	untested	-406.224	-57.606	46.666	-440.639	-276.308	33.094	2	19	-401.000	-64.933	4.63	9.00	Possible obstacle. Wall clearance 5 yalms. Turn until the beacon moves off-center, then try forward. Route refreshed.	Treasure Casket 16; Vulture 21; Rock Lizard 22
2026-06-20 23:31:37	blocked	106	South Gustaberg zone line z2y4	area	untested	-404.633	-56.011	47.465	-440.639	-276.308	33.094	2	19	-401.007	-64.915	5.99	9.61	Possible obstacle. Wall clearance 6 yalms. Turn until the beacon moves off-center, then try forward. Route refreshed.	Treasure Casket 16; Rock Lizard 20
2026-06-20 23:31:46	blocked	106	South Gustaberg zone line z2y4	area	untested	-402.993	-56.103	47.105	-440.639	-276.308	33.094	2	18	-400.975	-65.001	6.06	9.12	Possible obstacle. Wall clearance 6 yalms. Turn until the beacon moves off-center, then try forward. Route refreshed.	Treasure Casket 18
2026-06-20 23:32:51	arrived	106	South Gustaberg zone line z2y4	area	untested	-443.907	-275.407	38.791	-440.639	-276.308	33.094	18	18	-440.639	-276.308	5.20		arrival	
2026-06-21 02:10:24	start	107	Bastok Markets zone line	area	untested	-442.751	-121.753	39.136	260.000	-180.000	-3.225	2	23	-472.400	-192.000	5.68		menu	Kalonyu 10
2026-06-21 02:11:32	blocked	107	Bastok Markets zone line	area	untested	-351.298	-338.597	38.690	260.000	-180.000	-3.225	2	18	-339.296	-338.253	14.77	12.01	Possible obstacle. Wall clearance 15 yalms. Turn until the beacon moves off-center, then try forward. Route refreshed.	Walking Sapling 5; Leaping Lizzy 9; Enchanted Bones 20; Rock Lizard 20
2026-06-21 02:11:44	blocked	107	Bastok Markets zone line	area	untested	-348.342	-334.348	38.260	260.000	-180.000	-3.225	2	15	-341.035	-341.531	12.76	10.25	Possible obstacle. Wall clearance 13 yalms. Turn until the beacon moves off-center, then try forward. Route refreshed.	Leaping Lizzy 4; Walking Sapling 10; Rock Lizard 14; Enchanted Bones 15
2026-06-21 02:12:04	blocked	107	Bastok Markets zone line	area	untested	-329.828	-326.989	30.000	260.000	-180.000	-3.225	2	15	-320.528	-326.936	7.81	9.30	Possible obstacle. Wall clearance 8 yalms. Turn until the beacon moves off-center, then try forward. Route refreshed.	Walking Sapling 6; Enchanted Bones 7; Leaping Lizzy 16; Young Quadav 20
2026-06-21 02:12:41	blocked	107	Bastok Markets zone line	area	untested	-223.523	-325.138	17.263	260.000	-180.000	-3.225	2	13	-214.289	-320.630	2.30	10.28	Possible obstacle or wall. Clearance 2 yalm. Turn until the beacon moves off-center, then try forward. Route refreshed.	Young Quadav 14; Amethyst Quadav 21; Rock Lizard 23
2026-06-21 02:14:28	arrived	107	Bastok Markets zone line	area	untested	257.259	-186.884	0.750	260.000	-180.000	-3.225	12	13	259.211	-182.269	0.46		arrival	Magivore Ternion 12; ??? 12; Moogle 12; Goblin Footprint 18; Ramblix 18
2026-06-21 02:25:16	start	107	Bastok Markets zone line	area	untested	261.462	-183.317	0.714	260.000	-180.000	-3.225	3	3	260.000	-180.000	1.74		menu	Kojicoji 4; Moogle 13; Magivore Ternion 13; ??? 13; Goblin Footprint 15
2026-06-21 02:25:16	arrived	107	Bastok Markets zone line	area	untested	261.462	-183.317	0.714	260.000	-180.000	-3.225	3	3	260.000	-180.000	1.74		arrival	Kojicoji 4; Moogle 13; Magivore Ternion 13; ??? 13; Goblin Footprint 15
2026-06-21 02:25:26	start	107	North Gustaberg zone line z2z4	area	untested	261.462	-183.317	0.714	0.877	80.156	-6.763	2	14	256.400	-190.000	1.74		menu	Valaineral 3; Kojicoji 4; Moogle 13; Magivore Ternion 13; ??? 13
2026-06-21 02:25:33	blocked	107	North Gustaberg zone line z2z4	area	untested	261.462	-183.317	0.714	0.877	80.156	-6.763	2	14	257.235	-188.897	1.74	7.00	Possible obstacle or wall. Clearance 2 yalm. Turn until the beacon moves off-center, then try forward. Route refreshed.	Valaineral 2; Sylvie 3; Kojicoji 4; Moogle 13; Magivore Ternion 13
2026-06-21 02:25:52	blocked	107	North Gustaberg zone line z2z4	area	untested	261.462	-183.317	0.714	0.877	80.156	-6.763	2	14	257.235	-188.897	1.74	7.00	Possible obstacle or wall. Clearance 2 yalm. Turn until the beacon moves off-center, then try forward. Route refreshed.	Moogle 13; ??? 13; Magivore Ternion 13; Goblin Footprint 15; Ramblix 15
2026-06-21 02:26:11	blocked	107	North Gustaberg zone line z2z4	area	untested	261.462	-183.317	0.714	0.877	80.156	-6.763	2	14	257.235	-188.897	1.74	7.00	Possible obstacle or wall. Clearance 2 yalm. Turn until the beacon moves off-center, then try forward. Route refreshed.	Moogle 13; ??? 13; Magivore Ternion 13; Goblin Footprint 15; Ramblix 15
2026-06-21 02:26:29	blocked	107	North Gustaberg zone line z2z4	area	untested	261.462	-183.317	0.714	0.877	80.156	-6.763	2	14	257.235	-188.897	1.74	7.00	Possible obstacle or wall. Clearance 2 yalm. Turn until the beacon moves off-center, then try forward. Route refreshed.	Moogle 13; ??? 13; Magivore Ternion 13; Goblin Footprint 15; Ramblix 15
2026-06-21 02:26:58	blocked	107	North Gustaberg zone line z2z4	area	untested	261.462	-183.317	0.713	0.877	80.156	-6.763	2	14	257.235	-188.897	1.74	7.00	Possible obstacle or wall. Clearance 2 yalm. Turn until the beacon moves off-center, then try forward. Route refreshed.	
2026-06-21 02:27:16	blocked	107	North Gustaberg zone line z2z4	area	untested	261.462	-183.317	0.713	0.877	80.156	-6.763	2	14	257.235	-188.897	1.74	7.00	Possible obstacle or wall. Clearance 2 yalm. Turn until the beacon moves off-center, then try forward. Route refreshed.	Moogle 13; ??? 13; Magivore Ternion 13; Goblin Footprint 15; Ramblix 15
2026-06-21 02:27:34	blocked	107	North Gustaberg zone line z2z4	area	untested	261.462	-183.317	0.713	0.877	80.156	-6.763	2	14	257.235	-188.897	1.74	7.00	Possible obstacle or wall. Clearance 2 yalm. Turn until the beacon moves off-center, then try forward. Route refreshed.	Moogle 13; ??? 13; Magivore Ternion 13; Goblin Footprint 15; Ramblix 15
2026-06-21 02:27:52	blocked	107	North Gustaberg zone line z2z4	area	untested	261.462	-183.317	0.713	0.877	80.156	-6.763	2	14	257.235	-188.897	1.74	7.00	Possible obstacle or wall. Clearance 2 yalm. Turn until the beacon moves off-center, then try forward. Route refreshed.	Moogle 13; ??? 13; Magivore Ternion 13; Goblin Footprint 15; Ramblix 15
2026-06-21 02:28:14	zoned	107	North Gustaberg zone line z2z4	area	untested	-99.358	-183.033	0.000	0.877	80.156	-6.763	1	0	0.000	0.000	1.30		zone change	
2026-06-21 02:55:03	start	245	Rolanberry Fields zone line	area	untested	-111.481	-176.866	-0.000	-123.065	-200.691	-4.435	2	3	-123.065	-200.691	5.90		menu	Yamilla 2; Voidwatch Purveyor 3; Streetlamp 9; Shashan-Mishan 10; Lordhelmet 11
2026-06-21 02:55:03	start	245	Rolanberry Fields zone line	area	untested	-111.481	-176.866	-0.000	-123.065	-200.691	-4.435	2	3	-123.065	-200.691	5.90		menu	Yamilla 2; Voidwatch Purveyor 3; Streetlamp 9; Shashan-Mishan 10; Lordhelmet 11
2026-06-21 02:55:04	start	245	Rolanberry Fields zone line	area	untested	-111.481	-176.866	-0.000	-123.065	-200.691	-4.435	2	3	-123.065	-200.691	5.90		menu	Yamilla 2; Voidwatch Purveyor 3; Streetlamp 9; Shashan-Mishan 10; Lordhelmet 11
2026-06-21 02:55:13	arrived	245	Rolanberry Fields zone line	area	untested	-120.295	-200.687	0.000	-123.065	-200.691	-4.435	3	3	-123.065	-200.691	0.00		arrival	Banniy 4; Vhana Ehgaklywha 6; Alrauverat 25; Yamilla 25
2026-06-21 02:55:37	start	110	Survival Guide	object	untested	337.366	608.165	24.021	-228.000	386.000	4.120	2	16	259.600	540.125	18.36		menu	
2026-06-21 02:55:37	start	110	Survival Guide	object	untested	337.366	608.165	24.021	-228.000	386.000	4.120	2	16	259.600	540.125	18.36		menu	
2026-06-21 02:55:37	start	110	Survival Guide	object	untested	337.366	608.165	24.021	-228.000	386.000	4.120	2	16	259.600	540.125	18.36		menu	
2026-06-21 02:58:01	arrived	110	Survival Guide	object	untested	-227.616	386.076	4.307	-228.000	386.000	4.120	16	16	-228.000	386.000	3.15		arrival	
2026-06-21 02:59:25	start	103	Selbina zone line	area	untested	138.000	97.000	-7.506	60.003	-154.537	-7.529	2	14	130.400	86.800	0.95		menu	Survival Guide 1; Tsunashige, I.M. 4; Nyata-Mobuta, W.W. 4; Quanteilleron, R.K. 4; Field Manual 5
2026-06-21 02:59:25	start	103	Selbina zone line	area	untested	138.000	97.000	-7.506	60.003	-154.537	-7.529	2	14	130.400	86.800	0.95		menu	Survival Guide 1; Tsunashige, I.M. 4; Nyata-Mobuta, W.W. 4; Quanteilleron, R.K. 4; Field Manual 5
2026-06-21 03:01:17	arrived	103	Selbina zone line	area	untested	60.719	-153.652	-3.112	60.003	-154.537	-7.529	12	12	60.003	-154.537	2.70		arrival	
2026-06-21 03:02:21	start	248	Home Point #1	object	untested	16.023	99.814	-14.565	36.117	34.635	-10.729	2	6	23.513	38.967	3.41		menu	Flandiace 16; Lombaria 24
2026-06-21 03:02:21	start	248	Home Point #1	object	untested	16.023	99.814	-14.565	36.117	34.635	-10.729	2	6	23.513	38.967	3.41		menu	Flandiace 16; Lombaria 24
2026-06-21 03:02:21	start	248	Home Point #1	object	untested	16.023	99.814	-14.565	36.117	34.635	-10.729	2	6	23.513	38.967	3.41		menu	Flandiace 16; Lombaria 24
2026-06-21 03:02:21	start	248	Home Point #1	object	untested	16.023	99.814	-14.565	36.117	34.635	-10.729	2	6	23.513	38.967	3.41		menu	Flandiace 16; Lombaria 24
2026-06-21 03:02:21	start	248	Home Point #1	object	untested	16.023	99.814	-14.565	36.117	34.635	-10.729	2	6	23.513	38.967	3.41		menu	Flandiace 16; Lombaria 24
2026-06-21 03:02:47	arrived	248	Home Point #1	object	untested	31.406	29.905	-10.559	36.117	34.635	-10.729	5	6	39.872	30.895	4.83		arrival	Zeroths 5; Princebadoori 5; Naveroth 5; Venu 5; Saluvan 5
2026-06-21 13:28:39	start	248	Pacomart	npc	untested	13.649	32.021	-10.670	-14.401	-30.557	-0.915	3	11	7.113	27.767	0.20		menu	Pomulus 14; Moreche 15; Hymne 21; Helina 21; Varken 22
2026-06-21 13:28:39	start	248	Pacomart	npc	untested	13.649	32.021	-10.670	-14.401	-30.557	-0.915	3	11	7.113	27.767	0.20		menu	Pomulus 14; Moreche 15; Hymne 21; Helina 21; Varken 22
2026-06-21 13:28:39	start	248	Pacomart	npc	untested	13.649	32.021	-10.670	-14.401	-30.557	-0.915	3	11	7.113	27.767	0.20		menu	Pomulus 14; Moreche 15; Hymne 21; Helina 21; Varken 22
2026-06-21 13:28:39	start	248	Pacomart	npc	untested	13.649	32.021	-10.670	-14.401	-30.557	-0.915	3	11	7.113	27.767	0.20		menu	Pomulus 14; Moreche 15; Hymne 21; Helina 21; Varken 22
2026-06-21 13:29:29	arrived	248	Pacomart	npc	untested	-14.144	-22.621	-2.276	-14.401	-30.557	-0.915	10	11	-17.382	-29.386	0.01		arrival	Oleg 2; Jimaida 5; Pacomart 8; Yaya 9; Zaldon 16
2026-06-21 13:37:14	start	248	Proto-Waypoint	object	untested	-50.684	-25.627	-2.559	-31.376	-29.603	-0.777	2	4	-41.287	-21.833	0.08		menu	Dohdjuma 9; Abelard 13; Diederik 14; Proto-Waypoint 20; Jillia 21
2026-06-21 13:37:14	start	248	Proto-Waypoint	object	untested	-50.684	-25.627	-2.559	-31.376	-29.603	-0.777	2	4	-41.287	-21.833	0.08		menu	Dohdjuma 9; Abelard 13; Diederik 14; Proto-Waypoint 20; Jillia 21
2026-06-21 13:37:14	start	248	Proto-Waypoint	object	untested	-50.684	-25.627	-2.559	-31.376	-29.603	-0.777	2	4	-41.287	-21.833	0.08		menu	Dohdjuma 9; Abelard 13; Diederik 14; Proto-Waypoint 20; Jillia 21
2026-06-21 13:37:14	start	248	Proto-Waypoint	object	untested	-50.684	-25.627	-2.559	-31.376	-29.603	-0.777	2	4	-41.287	-21.833	0.08		menu	Dohdjuma 9; Abelard 13; Diederik 14; Proto-Waypoint 20; Jillia 21
2026-06-21 13:37:28	blocked	248	Proto-Waypoint	object	untested	-41.296	-26.181	-2.398	-31.376	-29.603	-0.777	4	5	-37.229	-22.479	0.00	5.50	Possible obstacle or wall. Clearance 0 yalm. Turn until the beacon moves off-center, then try forward. Route refreshed.	Diederik 5; Proto-Waypoint 10; Jillia 12; Abelard 17; Dohdjuma 18
2026-06-21 13:37:46	blocked	248	Proto-Waypoint	object	untested	-41.127	-26.134	-2.380	-31.376	-29.603	-0.777	4	5	-36.066	-23.981	0.00	5.50	Possible obstacle or wall. Clearance 0 yalm. Turn until the beacon moves off-center, then try forward. Route refreshed.	Diederik 5; Proto-Waypoint 10; Jillia 12; Abelard 17; Dohdjuma 18
2026-06-21 13:37:57	arrived	248	Proto-Waypoint	object	untested	-35.799	-25.262	-0.964	-31.376	-29.603	-0.777	4	5	-27.664	-25.820	2.69		arrival	Diederik 4; Proto-Waypoint 6; Jillia 8; Jimaida 20; Manfried 20
2026-06-21 16:38:14	start	249	Buburimu Peninsula zone line	area	untested	38.191	45.400	-8.000	-0.179	121.015	-8.549	2	7	12.173	55.247	0.35		menu	Kotan-Purutan 2; Radhika 7; Mauh Halaapah 8; Albin 9; NPC 9
2026-06-21 16:38:14	start	249	Buburimu Peninsula zone line	area	untested	38.191	45.400	-8.000	-0.179	121.015	-8.549	2	7	12.173	55.247	0.35		menu	Kotan-Purutan 2; Radhika 7; Mauh Halaapah 8; Albin 9; NPC 9
2026-06-21 16:38:14	start	249	Buburimu Peninsula zone line	area	untested	38.191	45.400	-8.000	-0.179	121.015	-8.549	2	7	12.173	55.247	0.35		menu	Kotan-Purutan 2; Radhika 7; Mauh Halaapah 8; Albin 9; NPC 9
2026-06-21 16:38:15	start	249	Buburimu Peninsula zone line	area	untested	38.191	45.400	-8.000	-0.179	121.015	-8.549	2	7	12.173	55.247	0.35		menu	Kotan-Purutan 2; Radhika 7; Mauh Halaapah 8; Albin 9; NPC 9
2026-06-21 16:38:42	arrived	249	Buburimu Peninsula zone line	area	untested	-0.018	120.160	-4.000	-0.179	121.015	-8.549	7	7	-0.179	121.015	3.42		arrival	Somo Aatsula 17; Marilionne 20
2026-06-21 16:39:39	start	118	Tahrongi Canyon zone line	area	untested	186.472	-223.510	-1.599	-625.802	159.848	-50.081	3	41	180.400	-216.300	2.02		menu	
2026-06-21 16:39:39	start	118	Tahrongi Canyon zone line	area	untested	186.472	-223.510	-1.599	-625.802	159.848	-50.081	3	41	180.400	-216.300	2.02		menu	
2026-06-21 16:39:39	start	118	Tahrongi Canyon zone line	area	untested	186.472	-223.510	-1.599	-625.802	159.848	-50.081	3	41	180.400	-216.300	2.02		menu	
2026-06-21 16:39:39	start	118	Tahrongi Canyon zone line	area	untested	186.472	-223.510	-1.599	-625.802	159.848	-50.081	3	41	180.400	-216.300	2.02		menu	
2026-06-21 16:43:14	arrived	118	Tahrongi Canyon zone line	area	untested	-624.331	161.725	-45.548	-625.802	159.848	-50.081	41	41	-625.802	159.848	2.76		arrival	Goblin Footprint 17; Ramblix 17; Mashasha, W.W. 25; Wise Turtle, I.M. 25; Craigine, R.K. 25
2026-06-21 16:43:59	start	117	East Sarutabaruta zone line	area	untested	442.781	-40.144	0.000	-64.818	-740.870	42.560	2	60	419.624	-23.600	6.36		menu	
2026-06-21 16:43:59	start	117	East Sarutabaruta zone line	area	untested	442.781	-40.144	0.000	-64.818	-740.870	42.560	2	60	419.624	-23.600	6.36		menu	
2026-06-21 16:43:59	start	117	East Sarutabaruta zone line	area	untested	442.781	-40.144	0.000	-64.818	-740.870	42.560	2	60	419.624	-23.600	6.36		menu	
2026-06-21 16:48:25	arrived	117	East Sarutabaruta zone line	area	untested	-66.889	-734.823	46.378	-64.818	-740.870	42.560	59	60	-65.235	-739.544	1.55		arrival	Goblin Footprint 13; Ramblix 13; DIRECTOR 17
2026-06-21 16:50:32	start	116	Windurst Woods zone line	area	untested	305.627	660.434	-33.640	-128.070	-520.014	-7.903	2	48	290.800	648.100	1.92		menu	
2026-06-21 16:50:32	start	116	Windurst Woods zone line	area	untested	305.627	660.434	-33.640	-128.070	-520.014	-7.903	2	48	290.800	648.100	1.92		menu	
2026-06-21 16:50:32	start	116	Windurst Woods zone line	area	untested	305.627	660.434	-33.640	-128.070	-520.014	-7.903	2	48	290.800	648.100	1.92		menu	
2026-06-21 16:50:32	start	116	Windurst Woods zone line	area	untested	305.627	660.434	-33.640	-128.070	-520.014	-7.903	2	48	290.800	648.100	1.92		menu	
2026-06-21 16:56:50	arrived	116	Windurst Woods zone line	area	untested	-121.197	-518.905	-4.000	-128.070	-520.014	-7.903	47	48	-126.221	-519.500	1.81		arrival	Heih Porhiaap 4; Orlaine 5; Taby Canatahey 6; Field Manual 15; Ramblix 18
2026-06-21 16:57:41	start	241	Port Windurst zone line	area	untested	122.312	-37.492	-5.000	-94.202	-72.738	-1.707	2	12	80.410	-40.285	0.41		menu	Nine of Spades 4; Ten of Spades 7; DIRECTOR 13; PRODUCER 14; Eggsperiment R 16
2026-06-21 16:57:41	start	241	Port Windurst zone line	area	untested	122.312	-37.492	-5.000	-94.202	-72.738	-1.707	2	12	80.410	-40.285	0.41		menu	Nine of Spades 4; Ten of Spades 7; DIRECTOR 13; PRODUCER 14; Eggsperiment R 16
2026-06-21 16:57:41	start	241	Port Windurst zone line	area	untested	122.312	-37.492	-5.000	-94.202	-72.738	-1.707	2	12	80.410	-40.285	0.41		menu	Nine of Spades 4; Ten of Spades 7; DIRECTOR 13; PRODUCER 14; Eggsperiment R 16
2026-06-21 16:58:42	arrived	241	Port Windurst zone line	area	untested	-92.657	-73.140	2.687	-94.202	-72.738	-1.707	12	12	-94.202	-72.738	3.14		arrival	Meh Kotomaihro 14
2026-06-21 19:35:00	start	241	Windurst Walls zone line	area	untested	-93.827	-64.820	2.051	-60.725	91.983	-7.184	2	14	-67.190	-69.085	0.00		menu	Mrkil 6; Hals 8; Meh Kotomaihro 17
2026-06-21 19:35:00	start	241	Windurst Walls zone line	area	untested	-93.827	-64.820	2.051	-60.725	91.983	-7.184	2	14	-67.190	-69.085	0.00		menu	Mrkil 6; Hals 8; Meh Kotomaihro 17
2026-06-21 19:35:00	start	241	Windurst Walls zone line	area	untested	-93.827	-64.820	2.051	-60.725	91.983	-7.184	2	14	-67.190	-69.085	0.00		menu	Mrkil 6; Hals 8; Meh Kotomaihro 17
2026-06-21 19:35:00	start	241	Windurst Walls zone line	area	untested	-93.827	-64.820	2.051	-60.725	91.983	-7.184	2	14	-67.190	-69.085	0.00		menu	Mrkil 6; Hals 8; Meh Kotomaihro 17
2026-06-21 19:35:53	arrived	241	Windurst Walls zone line	area	untested	-61.424	90.790	-4.226	-60.725	91.983	-7.184	14	14	-60.725	91.983	1.71		arrival	Mahoh Mahborogho 20
2026-06-21 19:37:40	start	239	Windurst Waters zone line	area	untested	101.650	-153.580	-2.737	-204.979	139.551	-7.031	2	26	89.184	-139.027	0.33		menu	
2026-06-21 19:37:40	start	239	Windurst Waters zone line	area	untested	101.650	-153.580	-2.737	-204.979	139.551	-7.031	2	26	89.184	-139.027	0.33		menu	
2026-06-21 19:37:40	start	239	Windurst Waters zone line	area	untested	101.650	-153.580	-2.737	-204.979	139.551	-7.031	2	26	89.184	-139.027	0.33		menu	
2026-06-21 19:39:32	arrived	239	Windurst Waters zone line	area	untested	-204.019	140.020	-2.521	-204.979	139.551	-7.031	26	26	-204.979	139.551	2.55		arrival	Komomo 19; Four of Diamonds 20; Tales' Beginning 22; Juvillie 23
2026-06-21 20:40:19	start	238	Mog House entrance	area	untested	153.673	58.295	-2.622	160.000	-53.700	-2.650	2	11	136.000	56.000	1.79		menu	??? 7
2026-06-21 20:40:20	start	238	Mog House entrance	area	untested	153.673	58.295	-2.622	160.000	-53.700	-2.650	2	11	136.000	56.000	1.79		menu	??? 7
2026-06-21 20:40:20	start	238	Mog House entrance	area	untested	153.673	58.295	-2.622	160.000	-53.700	-2.650	2	11	136.000	56.000	1.79		menu	??? 7
2026-06-21 20:40:54	arrived	238	Mog House entrance	area	untested	157.881	-57.902	-4.368	160.000	-53.700	-2.650	11	11	160.000	-53.700	1.08		arrival	??? 22
2026-06-24 15:21:01	start	232	Mog House entrance	area	proven	-100.000	-125.000	-8.000	79.626	-135.184	-16.049	2	16	-82.045	-109.800	6.85		menu	Pieuje 5; Coullave 5; Avandale 6; Claidie 6; Marquie 9
2026-06-24 15:21:01	start	232	Mog House entrance	area	proven	-100.000	-125.000	-8.000	79.626	-135.184	-16.049	2	16	-82.045	-109.800	6.85		menu	Pieuje 5; Coullave 5; Avandale 6; Claidie 6; Marquie 9
2026-06-24 15:22:27	collision	232	Mog House entrance	area	proven	81.880	-127.305	-16.000	79.626	-135.184	-16.049	16	16	75.746	-131.619	0.00	7.50	Collision detected. You are not moving forward. Turn until the beacon moves off-center, then go forward. Clearance 0 yalm.	Answald 6; Phersula 7; Ancestry Moogle 9; Ambleon 14; Festive Moogle 14
2026-06-24 15:22:33	arrived	232	Mog House entrance	area	proven	81.857	-130.989	-16.000	79.626	-135.184	-16.049	16	16	75.543	-131.574	2.50		arrival	Phersula 3; Answald 6; Ancestry Moogle 11; Ambleon 12; A.M.A.N. Liaison 15
2026-06-24 15:23:03	start	232	Mog House entrance	area	proven	68.686	-134.837	-16.000	79.626	-135.184	-16.049	2	3	79.626	-135.184	0.22		menu	A.M.A.N. Liaison 3; Ambleon 4; Answald 10; Moogle 10; Greeter Moogle 10
2026-06-24 15:23:03	start	232	Mog House entrance	area	proven	68.686	-134.837	-16.000	79.626	-135.184	-16.049	2	3	79.626	-135.184	0.22		menu	A.M.A.N. Liaison 3; Ambleon 4; Answald 10; Moogle 10; Greeter Moogle 10
2026-06-24 15:23:18	arrived	232	Mog House entrance	area	proven	75.391	-135.946	-16.000	79.626	-135.184	-16.049	3	3	79.626	-135.184	3.12		arrival	Ambleon 4; Phersula 5; Answald 7; A.M.A.N. Liaison 9; Ancestry Moogle 14
2026-06-26 23:20:31	unreachable	232	Mog House entrance	area	proven	77.473	-123.006	-16.000	79.626	-135.184	-16.049	1	0	0.000	0.000			menu start unreachable	Ancestry Moogle 3; Answald 6; Jekylls 8; Festive Moogle 8; Lealand 9
2026-06-26 23:20:31	unreachable	232	Mog House entrance	area	proven	77.473	-123.006	-16.000	79.626	-135.184	-16.049	1	0	0.000	0.000			menu start unreachable	Ancestry Moogle 3; Answald 6; Jekylls 8; Festive Moogle 8; Lealand 9
2026-06-26 23:20:31	unreachable	232	Mog House entrance	area	proven	77.473	-123.006	-16.000	79.626	-135.184	-16.049	1	0	0.000	0.000			menu start unreachable	Ancestry Moogle 3; Answald 6; Jekylls 8; Festive Moogle 8; Lealand 9
2026-06-26 23:20:33	unreachable	232	Mog House entrance	area	proven	77.473	-123.006	-16.000	79.626	-135.184	-16.049	1	0	0.000	0.000			menu start unreachable	Ancestry Moogle 3; Answald 6; Jekylls 8; Festive Moogle 8; Lealand 9
2026-06-26 23:20:33	unreachable	232	Mog House entrance	area	proven	77.473	-123.006	-16.000	79.626	-135.184	-16.049	1	0	0.000	0.000			menu start unreachable	Ancestry Moogle 3; Answald 6; Jekylls 8; Festive Moogle 8; Lealand 9
2026-06-26 23:20:33	unreachable	232	Mog House entrance	area	proven	77.473	-123.006	-16.000	79.626	-135.184	-16.049	1	0	0.000	0.000			menu start unreachable	Ancestry Moogle 3; Answald 6; Jekylls 8; Festive Moogle 8; Lealand 9
2026-06-26 23:20:37	unreachable	232	Mog House entrance	area	proven	76.819	-123.211	-16.000	79.626	-135.184	-16.049	1	0	0.000	0.000			menu start unreachable	Ancestry Moogle 2; Answald 5; Festive Moogle 8; Lealand 8; Jekylls 8
2026-06-26 23:20:37	unreachable	232	Mog House entrance	area	proven	76.819	-123.211	-16.000	79.626	-135.184	-16.049	1	0	0.000	0.000			menu start unreachable	Ancestry Moogle 2; Answald 5; Festive Moogle 8; Lealand 8; Jekylls 8
2026-06-26 23:20:37	unreachable	232	Mog House entrance	area	proven	76.819	-123.211	-16.000	79.626	-135.184	-16.049	1	0	0.000	0.000			menu start unreachable	Ancestry Moogle 2; Answald 5; Festive Moogle 8; Lealand 8; Jekylls 8
2026-06-26 23:20:38	unreachable	232	Mog House entrance	area	proven	76.819	-123.211	-16.000	79.626	-135.184	-16.049	1	0	0.000	0.000			menu start unreachable	Ancestry Moogle 2; Answald 5; Festive Moogle 8; Lealand 8; Jekylls 8
2026-06-26 23:20:38	unreachable	232	Mog House entrance	area	proven	76.819	-123.211	-16.000	79.626	-135.184	-16.049	1	0	0.000	0.000			menu start unreachable	Ancestry Moogle 2; Answald 5; Festive Moogle 8; Lealand 8; Jekylls 8
2026-06-26 23:20:38	unreachable	232	Mog House entrance	area	proven	76.819	-123.211	-16.000	79.626	-135.184	-16.049	1	0	0.000	0.000			menu start unreachable	Ancestry Moogle 2; Answald 5; Festive Moogle 8; Lealand 8; Jekylls 8
2026-06-26 23:20:41	unreachable	232	Mog House entrance	area	proven	72.240	-124.650	-16.000	79.626	-135.184	-16.049	1	0	0.000	0.000			menu start unreachable	Ancestry Moogle 4; Answald 6; Festive Moogle 6; Lealand 7; Senari 9
2026-06-26 23:20:41	unreachable	232	Mog House entrance	area	proven	72.240	-124.650	-16.000	79.626	-135.184	-16.049	1	0	0.000	0.000			menu start unreachable	Ancestry Moogle 4; Answald 6; Festive Moogle 6; Lealand 7; Senari 9
2026-06-26 23:20:41	unreachable	232	Mog House entrance	area	proven	72.240	-124.650	-16.000	79.626	-135.184	-16.049	1	0	0.000	0.000			menu start unreachable	Ancestry Moogle 4; Answald 6; Festive Moogle 6; Lealand 7; Senari 9
2026-06-26 23:20:41	unreachable	232	Mog House entrance	area	proven	72.240	-124.650	-16.000	79.626	-135.184	-16.049	1	0	0.000	0.000			menu start unreachable	Ancestry Moogle 4; Answald 6; Festive Moogle 6; Lealand 7; Senari 9
2026-06-26 23:20:47	unreachable	232	Mog House entrance	area	proven	72.240	-124.650	-16.000	79.626	-135.184	-16.049	1	0	0.000	0.000			menu start unreachable	Ancestry Moogle 4; Answald 6; Festive Moogle 6; Lealand 7; Senari 9
2026-06-26 23:20:47	unreachable	232	Mog House entrance	area	proven	72.240	-124.650	-16.000	79.626	-135.184	-16.049	1	0	0.000	0.000			menu start unreachable	Ancestry Moogle 4; Answald 6; Festive Moogle 6; Lealand 7; Senari 9
2026-06-26 23:20:47	unreachable	232	Mog House entrance	area	proven	72.240	-124.650	-16.000	79.626	-135.184	-16.049	1	0	0.000	0.000			menu start unreachable	Ancestry Moogle 4; Answald 6; Festive Moogle 6; Lealand 7; Senari 9
2026-06-26 23:20:47	unreachable	232	Mog House entrance	area	proven	72.240	-124.650	-16.000	79.626	-135.184	-16.049	1	0	0.000	0.000			menu start unreachable	Ancestry Moogle 4; Answald 6; Festive Moogle 6; Lealand 7; Senari 9
2026-06-26 23:21:11	unreachable	232	Mog House entrance	area	proven	72.128	-124.503	-16.000	79.626	-135.184	-16.049	1	0	0.000	0.000			menu start unreachable	Ancestry Moogle 4; Thetimetaker 4; Answald 6; Festive Moogle 6; Lealand 7
2026-06-26 23:21:11	unreachable	232	Mog House entrance	area	proven	72.128	-124.503	-16.000	79.626	-135.184	-16.049	1	0	0.000	0.000			menu start unreachable	Ancestry Moogle 4; Thetimetaker 4; Answald 6; Festive Moogle 6; Lealand 7
2026-06-26 23:21:11	unreachable	232	Mog House entrance	area	proven	72.128	-124.503	-16.000	79.626	-135.184	-16.049	1	0	0.000	0.000			menu start unreachable	Thetimetaker 4; Ancestry Moogle 4; Answald 6; Festive Moogle 6; Lealand 7
2026-06-26 23:21:11	unreachable	232	Mog House entrance	area	proven	72.128	-124.503	-16.000	79.626	-135.184	-16.049	1	0	0.000	0.000			menu start unreachable	Thetimetaker 4; Ancestry Moogle 4; Answald 6; Festive Moogle 6; Lealand 7
2026-06-26 23:21:18	unreachable	232	Mog House entrance	area	proven	70.365	-122.194	-16.000	79.626	-135.184	-16.049	1	0	0.000	0.000			menu start unreachable	Festive Moogle 4; Ancestry Moogle 5; Bigmav 6; Ruari 7; Lealand 8
2026-06-26 23:21:18	unreachable	232	Mog House entrance	area	proven	70.365	-122.194	-16.000	79.626	-135.184	-16.049	1	0	0.000	0.000			menu start unreachable	Festive Moogle 4; Ancestry Moogle 5; Bigmav 6; Ruari 7; Lealand 8
2026-06-26 23:21:18	unreachable	232	Mog House entrance	area	proven	70.365	-122.194	-16.000	79.626	-135.184	-16.049	1	0	0.000	0.000			menu start unreachable	Festive Moogle 4; Ancestry Moogle 5; Bigmav 6; Ruari 7; Lealand 8
2026-06-26 23:21:24	start	232	Mog House entrance	area	proven	76.605	-135.013	-16.000	79.626	-135.184	-16.049	1	0	79.626	-135.184			menu	Mepris 2; Phersula 4; Nauthima 4; Ambleon 5; Answald 6
2026-06-26 23:21:24	start	232	Mog House entrance	area	proven	76.605	-135.013	-16.000	79.626	-135.184	-16.049	1	0	79.626	-135.184			menu	Mepris 2; Phersula 4; Nauthima 4; Ambleon 5; Answald 6
2026-06-26 23:21:24	start	232	Mog House entrance	area	proven	76.605	-135.013	-16.000	79.626	-135.184	-16.049	1	0	79.626	-135.184			menu	Mepris 2; Phersula 4; Nauthima 4; Ambleon 5; Answald 6
2026-06-26 23:21:24	start	232	Mog House entrance	area	proven	76.605	-135.013	-16.000	79.626	-135.184	-16.049	1	0	79.626	-135.184			menu	Mepris 2; Phersula 4; Nauthima 4; Ambleon 5; Answald 6
2026-06-26 23:21:24	start	232	Mog House entrance	area	proven	76.605	-135.013	-16.000	79.626	-135.184	-16.049	1	0	79.626	-135.184			menu	Mepris 2; Phersula 4; Nauthima 4; Ambleon 5; Answald 6
2026-06-26 23:21:25	arrived	232	Mog House entrance	area	proven	76.605	-135.013	-16.000	79.626	-135.184	-16.049	1	0	79.626	-135.184			arrival	Mepris 2; Phersula 4; Nauthima 4; Ambleon 5; Answald 6
2026-06-26 23:21:33	unreachable	232	Mog House entrance	area	proven	76.855	-140.863	-16.000	79.626	-135.184	-16.049	1	0	0.000	0.000			menu start unreachable	Nauthima 4; Jaytwo 5; Mccready 6; Ailie 6; Apatch 6
2026-06-26 23:21:33	unreachable	232	Mog House entrance	area	proven	76.855	-140.863	-16.000	79.626	-135.184	-16.049	1	0	0.000	0.000			menu start unreachable	Nauthima 4; Jaytwo 5; Mccready 6; Ailie 6; Apatch 6
2026-06-26 23:21:33	unreachable	232	Mog House entrance	area	proven	76.855	-140.863	-16.000	79.626	-135.184	-16.049	1	0	0.000	0.000			menu start unreachable	Nauthima 4; Jaytwo 5; Mccready 6; Ailie 6; Apatch 6
2026-06-26 23:21:35	unreachable	232	Mog House entrance	area	proven	76.855	-140.863	-16.000	79.626	-135.184	-16.049	1	0	0.000	0.000			menu start unreachable	Nauthima 4; Jaytwo 5; Mccready 6; Ailie 6; Apatch 6
2026-06-26 23:21:35	unreachable	232	Mog House entrance	area	proven	76.855	-140.863	-16.000	79.626	-135.184	-16.049	1	0	0.000	0.000			menu start unreachable	Nauthima 4; Jaytwo 5; Mccready 6; Ailie 6; Apatch 6
2026-06-26 23:21:35	unreachable	232	Mog House entrance	area	proven	76.855	-140.863	-16.000	79.626	-135.184	-16.049	1	0	0.000	0.000			menu start unreachable	Nauthima 4; Jaytwo 5; Mccready 6; Ailie 6; Apatch 6
2026-06-26 23:22:28	start	232	Mog House entrance	area	proven	76.312	-128.136	-16.000	79.626	-135.184	-16.049	2	3	79.626	-135.184	4.21		menu	Answald 1; Ancestry Moogle 6; Jekylls 7; Phersula 7; Hyness 8
2026-06-26 23:22:28	start	232	Mog House entrance	area	proven	76.312	-128.136	-16.000	79.626	-135.184	-16.049	2	3	79.626	-135.184	4.21		menu	Answald 1; Ancestry Moogle 6; Jekylls 7; Phersula 7; Hyness 8
2026-06-26 23:22:28	start	232	Mog House entrance	area	proven	76.312	-128.136	-16.000	79.626	-135.184	-16.049	2	3	79.626	-135.184	4.21		menu	Answald 1; Ancestry Moogle 6; Jekylls 7; Phersula 7; Hyness 8
2026-06-26 23:22:28	start	232	Mog House entrance	area	proven	76.312	-128.136	-16.000	79.626	-135.184	-16.049	2	3	79.626	-135.184	4.21		menu	Answald 1; Ancestry Moogle 6; Jekylls 7; Phersula 7; Hyness 8
2026-06-26 23:22:37	arrived	232	Mog House entrance	area	proven	78.318	-135.359	-16.000	79.626	-135.184	-16.049	3	3	79.626	-135.184	2.35		arrival	Phersula 2; Jaytwo 5; Ailie 5; Rala 5; Apatch 5
2026-06-26 23:23:19	start	232	Mog House entrance	area	proven	74.918	-132.833	-16.000	79.626	-135.184	-16.049	3	3	79.626	-135.184	5.59		menu	Answald 4; Ambleon 5; Nauthima 5; Phersula 6; A.M.A.N. Liaison 8
2026-06-26 23:23:19	start	232	Mog House entrance	area	proven	74.918	-132.833	-16.000	79.626	-135.184	-16.049	3	3	79.626	-135.184	5.59		menu	Answald 4; Ambleon 5; Nauthima 5; Phersula 6; A.M.A.N. Liaison 8
2026-06-26 23:23:19	start	232	Mog House entrance	area	proven	74.918	-132.833	-16.000	79.626	-135.184	-16.049	3	3	79.626	-135.184	5.59		menu	Answald 4; Ambleon 5; Nauthima 5; Phersula 6; A.M.A.N. Liaison 8
2026-06-26 23:23:19	start	232	Mog House entrance	area	proven	74.918	-132.833	-16.000	79.626	-135.184	-16.049	3	3	79.626	-135.184	5.59		menu	Answald 4; Ambleon 5; Nauthima 5; Phersula 6; A.M.A.N. Liaison 8
2026-06-26 23:23:19	start	232	Mog House entrance	area	proven	74.918	-132.833	-16.000	79.626	-135.184	-16.049	3	3	79.626	-135.184	5.59		menu	Answald 4; Ambleon 5; Nauthima 5; Phersula 6; A.M.A.N. Liaison 8
2026-06-26 23:23:24	arrived	232	Mog House entrance	area	proven	78.347	-133.245	-16.000	79.626	-135.184	-16.049	3	3	74.918	-137.672	3.12		arrival	Phersula 2; Answald 5; Hyness 6; Rala 7; Jekylls 7
2026-06-26 23:23:58	start	232	Mog House entrance	area	proven	55.307	-114.072	-12.050	79.626	-135.184	-16.049	2	3	79.626	-135.184	0.20		menu	Curio Vendor Moogle 3; Stans 4; Coribalgeant 6; Midadol 6; Thebest 7
2026-06-26 23:23:58	start	232	Mog House entrance	area	proven	55.307	-114.072	-12.050	79.626	-135.184	-16.049	2	3	79.626	-135.184	0.20		menu	Curio Vendor Moogle 3; Stans 4; Coribalgeant 6; Midadol 6; Thebest 7
2026-06-26 23:23:58	start	232	Mog House entrance	area	proven	55.307	-114.072	-12.050	79.626	-135.184	-16.049	2	3	79.626	-135.184	0.20		menu	Curio Vendor Moogle 3; Stans 4; Coribalgeant 6; Midadol 6; Thebest 7
2026-06-26 23:23:58	start	232	Mog House entrance	area	proven	55.307	-114.072	-12.050	79.626	-135.184	-16.049	2	3	79.626	-135.184	0.20		menu	Curio Vendor Moogle 3; Stans 4; Coribalgeant 6; Midadol 6; Thebest 7
2026-06-26 23:24:13	arrived	232	Mog House entrance	area	proven	82.992	-133.807	-16.000	79.626	-135.184	-16.049	3	3	78.586	-129.883	0.20		arrival	Phersula 3; Petitnuage 4; Wittamer 4; Hyness 4; Thebrd 4
2026-06-26 23:24:44	start	232	Mog House entrance	area	proven	77.266	-123.582	-16.000	79.626	-135.184	-16.049	2	3	79.626	-135.184	0.24		menu	Ancestry Moogle 3; Answald 5; Jekylls 8; Festive Moogle 8; Hyness 9
2026-06-26 23:24:44	start	232	Mog House entrance	area	proven	77.266	-123.582	-16.000	79.626	-135.184	-16.049	2	3	79.626	-135.184	0.24		menu	Ancestry Moogle 3; Answald 5; Jekylls 8; Festive Moogle 8; Hyness 9
2026-06-26 23:24:44	start	232	Mog House entrance	area	proven	77.266	-123.582	-16.000	79.626	-135.184	-16.049	2	3	79.626	-135.184	0.24		menu	Ancestry Moogle 3; Answald 5; Jekylls 8; Festive Moogle 8; Hyness 9
2026-06-26 23:24:57	arrived	232	Mog House entrance	area	proven	76.460	-132.369	-16.000	79.626	-135.184	-16.049	3	3	83.001	-131.093	5.20		arrival	Answald 4; Phersula 4; Nauthima 6; Ambleon 7; Jekylls 8
2026-06-26 23:25:45	start	232	Mog House entrance	area	proven	74.988	-122.974	-16.000	79.626	-135.184	-16.049	2	3	79.626	-135.184	1.35		menu	Ancestry Moogle 1; Answald 6; Festive Moogle 6; Jekylls 10; Hyness 11
2026-06-26 23:25:45	start	232	Mog House entrance	area	proven	74.988	-122.974	-16.000	79.626	-135.184	-16.049	2	3	79.626	-135.184	1.35		menu	Ancestry Moogle 1; Answald 6; Festive Moogle 6; Jekylls 10; Hyness 11
2026-06-26 23:25:45	start	232	Mog House entrance	area	proven	74.988	-122.974	-16.000	79.626	-135.184	-16.049	2	3	79.626	-135.184	1.35		menu	Ancestry Moogle 1; Answald 6; Festive Moogle 6; Jekylls 10; Hyness 11
2026-06-26 23:26:05	arrived	232	Mog House entrance	area	proven	75.997	-135.215	-16.000	79.626	-135.184	-16.049	3	3	79.626	-135.184	3.37		arrival	Nauthima 4; Phersula 4; Ambleon 5; Answald 7; Jaytwo 7
2026-06-26 23:26:23	start	232	Mog House entrance	area	proven	86.246	-131.707	-16.000	79.626	-135.184	-16.049	3	4	79.626	-135.184	0.00		menu	Petitnuage 2; Wittamer 2; Hyness 3; Jekylls 4; Phersula 6
2026-06-26 23:26:23	start	232	Mog House entrance	area	proven	86.246	-131.707	-16.000	79.626	-135.184	-16.049	3	4	79.626	-135.184	0.00		menu	Petitnuage 2; Wittamer 2; Hyness 3; Jekylls 4; Phersula 6
2026-06-26 23:26:23	start	232	Mog House entrance	area	proven	86.246	-131.707	-16.000	79.626	-135.184	-16.049	3	4	79.626	-135.184	0.00		menu	Petitnuage 2; Wittamer 2; Hyness 3; Jekylls 4; Phersula 6
2026-06-26 23:26:29	arrived	232	Mog House entrance	area	proven	76.608	-134.702	-16.000	79.626	-135.184	-16.049	4	4	79.626	-135.184	3.60		arrival	Blueeye 3; Phersula 4; Nauthima 5; Ambleon 6; Answald 6
2026-06-26 23:28:17	start	232	Mog House entrance	area	proven	64.242	-124.253	-16.000	79.626	-135.184	-16.049	2	3	79.626	-135.184	1.17		menu	Suginan 2; Moogle 3; Greeter Moogle 3; Senari 4; Sincha 5
2026-06-26 23:28:17	start	232	Mog House entrance	area	proven	64.242	-124.253	-16.000	79.626	-135.184	-16.049	2	3	79.626	-135.184	1.17		menu	Suginan 2; Moogle 3; Greeter Moogle 3; Senari 4; Sincha 6
2026-06-26 23:28:17	start	232	Mog House entrance	area	proven	64.242	-124.253	-16.000	79.626	-135.184	-16.049	2	3	79.626	-135.184	1.17		menu	Suginan 2; Moogle 3; Greeter Moogle 3; Senari 4; Sincha 6
2026-06-26 23:28:17	start	232	Mog House entrance	area	proven	64.242	-124.253	-16.000	79.626	-135.184	-16.049	2	3	79.626	-135.184	1.17		menu	Suginan 2; Moogle 3; Greeter Moogle 3; Senari 4; Sincha 6
2026-06-26 23:28:39	collision	232	Mog House entrance	area	proven	84.407	-130.066	-16.000	79.626	-135.184	-16.049	3	3	76.934	-129.437	0.09	7.50	Collision detected. You are not moving forward. Turn until the beacon moves off-center, then go forward. Clearance 0 yalm.	Hyness 1; Petitnuage 1; Jekylls 2; Phersula 6; Theflex 7
2026-06-26 23:28:41	arrived	232	Mog House entrance	area	proven	78.640	-130.427	-16.000	79.626	-135.184	-16.049	3	3	74.252	-135.369	4.29		arrival	Theflex 3; Answald 3; Thegeo 4; Phersula 4; Jekylls 5
2026-06-26 23:31:46	start	232	Mog House entrance	area	proven	70.451	-133.430	-16.000	79.626	-135.184	-16.049	2	3	79.626	-135.184	1.86		menu	Ambleon 4; A.M.A.N. Liaison 4; Nauthima 6; Answald 8; Phersula 10
2026-06-26 23:31:46	start	232	Mog House entrance	area	proven	70.451	-133.430	-16.000	79.626	-135.184	-16.049	2	3	79.626	-135.184	1.86		menu	Ambleon 4; A.M.A.N. Liaison 4; Nauthima 6; Answald 8; Phersula 10
2026-06-26 23:31:46	start	232	Mog House entrance	area	proven	70.451	-133.430	-16.000	79.626	-135.184	-16.049	2	3	79.626	-135.184	1.86		menu	Ambleon 4; A.M.A.N. Liaison 4; Nauthima 6; Answald 8; Phersula 10
2026-06-26 23:31:46	start	232	Mog House entrance	area	proven	70.451	-133.430	-16.000	79.626	-135.184	-16.049	2	3	79.626	-135.184	1.86		menu	Ambleon 4; A.M.A.N. Liaison 4; Nauthima 6; Answald 8; Phersula 10
2026-06-26 23:32:09	arrived	232	Mog House entrance	area	proven	83.081	-133.874	-16.000	79.626	-135.184	-16.049	3	3	78.705	-129.865	0.15		arrival	Phersula 3; Petitnuage 4; Wittamer 4; Hyness 4; Senari 5
2026-06-26 23:32:37	start	232	Mog House entrance	area	proven	70.637	-119.449	-16.000	79.626	-135.184	-16.049	2	3	79.626	-135.184	1.25		menu	Festive Moogle 1; Ancestry Moogle 5; Moogle 10; Answald 11; Greeter Moogle 11
2026-06-26 23:32:37	start	232	Mog House entrance	area	proven	70.637	-119.449	-16.000	79.626	-135.184	-16.049	2	3	79.626	-135.184	1.25		menu	Festive Moogle 1; Ancestry Moogle 5; Moogle 10; Answald 11; Greeter Moogle 11
2026-06-26 23:32:37	start	232	Mog House entrance	area	proven	70.637	-119.449	-16.000	79.626	-135.184	-16.049	2	3	79.626	-135.184	1.25		menu	Festive Moogle 1; Ancestry Moogle 5; Moogle 10; Answald 11; Greeter Moogle 11
2026-06-26 23:32:37	start	232	Mog House entrance	area	proven	70.637	-119.449	-16.000	79.626	-135.184	-16.049	2	3	79.626	-135.184	1.25		menu	Festive Moogle 1; Ancestry Moogle 5; Moogle 10; Answald 11; Greeter Moogle 11
2026-06-26 23:32:37	start	232	Mog House entrance	area	proven	70.637	-119.449	-16.000	79.626	-135.184	-16.049	2	3	79.626	-135.184	1.25		menu	Festive Moogle 1; Ancestry Moogle 5; Moogle 10; Answald 11; Greeter Moogle 11
2026-06-26 23:32:37	start	232	Mog House entrance	area	proven	70.637	-119.449	-16.000	79.626	-135.184	-16.049	2	3	79.626	-135.184	1.25		menu	Festive Moogle 1; Ancestry Moogle 5; Moogle 10; Answald 11; Greeter Moogle 11
2026-06-26 23:32:49	arrived	232	Mog House entrance	area	proven	81.914	-135.787	-16.500	79.626	-135.184	-16.049	3	3	81.357	-130.159	0.00		arrival	Jonstark 2; Phersula 2; Senari 3; Petitnuage 6; Wittamer 6
2026-06-27 14:32:04	start	238	Windurst Walls zone line	area	untested	162.313	-61.390	-5.049	160.108	60.360	-7.303	2	10	154.400	8.000	0.89		menu	Ralnor 4
2026-06-27 14:32:04	start	238	Windurst Walls zone line	area	untested	162.313	-61.390	-5.049	160.108	60.360	-7.303	2	10	154.400	8.000	0.89		menu	Ralnor 4
2026-06-27 14:32:04	start	238	Windurst Walls zone line	area	untested	162.313	-61.390	-5.049	160.108	60.360	-7.303	2	10	154.400	8.000	0.89		menu	Ralnor 4
2026-06-27 14:32:54	arrived	238	Windurst Walls zone line	area	untested	159.219	59.291	-2.534	160.108	60.360	-7.303	10	10	160.108	60.360	1.69		arrival	??? 12
2026-06-27 14:33:23	start	239	Auction Counter	object	untested	-193.113	139.095	-2.560	31.992	-56.529	-3.625	2	21	-187.216	142.973	0.81		menu	Tales' Beginning 11; Komomo 13; Juvillie 13; Four of Diamonds 13; PRODUCER 15
2026-06-27 14:33:23	start	239	Auction Counter	object	untested	-193.113	139.095	-2.560	31.992	-56.529	-3.625	2	21	-187.216	142.973	0.81		menu	Tales' Beginning 11; Komomo 13; Juvillie 13; Four of Diamonds 13; PRODUCER 15
2026-06-27 14:33:23	start	239	Auction Counter	object	untested	-193.113	139.095	-2.560	31.992	-56.529	-3.625	2	21	-187.216	142.973	0.81		menu	Tales' Beginning 11; Komomo 13; Juvillie 13; Four of Diamonds 13; PRODUCER 15
2026-06-27 14:34:51	arrived	239	Auction Counter	object	untested	30.590	-61.429	-2.500	31.992	-56.529	-3.625	21	21	37.087	-57.987	4.20		arrival	Auction Counter 5; NPC 9; Auction Counter 11; Synergy Engineer 15; Synergy Enthusiast 15
2026-06-27 14:35:57	start	239	NPC	enemy	observed	29.912	-61.955	-2.500	40.000	-62.000	-2.500	2	3	40.000	-62.000	4.69		menu	Auction Counter 6; NPC 10; Auction Counter 11; Synergy Enthusiast 14; Synergy Furnace 14
2026-06-27 14:35:57	start	239	NPC	enemy	observed	29.912	-61.955	-2.500	40.000	-62.000	-2.500	2	3	40.000	-62.000	4.69		menu	Auction Counter 6; NPC 10; Auction Counter 11; Synergy Enthusiast 14; Synergy Furnace 14
2026-06-27 14:35:57	start	239	NPC	enemy	observed	29.912	-61.955	-2.500	40.000	-62.000	-2.500	2	3	40.000	-62.000	4.69		menu	Auction Counter 6; NPC 10; Auction Counter 11; Synergy Enthusiast 14; Synergy Furnace 14
2026-06-27 14:36:00	arrived	239	NPC	enemy	observed	34.429	-65.177	-2.395	40.000	-62.000	-2.500	2	3	42.625	-66.604	8.14		arrival	NPC 6; Auction Counter 9; Synergy Engineer 10; Auction Counter 10; Synergy Furnace 11
2026-06-27 14:38:46	start	239	Windurst Woods zone line	area	untested	0.356	-60.370	-3.988	100.505	-166.490	-7.090	2	13	19.584	-79.427	5.84		menu	Dabaide-Obaide 1; Mehruru 2; Shard of Sunlight 6; Babban Ny Mheillea 17; Shard of Sunlight 24
2026-06-27 14:38:46	start	239	Windurst Woods zone line	area	untested	0.356	-60.370	-3.988	100.505	-166.490	-7.090	2	13	19.584	-79.427	5.84		menu	Dabaide-Obaide 1; Mehruru 2; Shard of Sunlight 6; Babban Ny Mheillea 17; Shard of Sunlight 24
2026-06-27 14:39:26	arrived	239	Windurst Woods zone line	area	untested	98.255	-160.368	-2.500	100.505	-166.490	-7.090	12	13	100.062	-165.043	0.67		arrival	
2026-06-27 14:39:52	start	241	Ju Kamja	npc	untested	-52.278	78.051	-3.540	58.145	-136.910	-2.500	2	17	-46.790	68.115	3.05		menu	Mahoh Mahborogho 4; Treasure Coffer 24
2026-06-27 14:39:52	start	241	Ju Kamja	npc	untested	-52.278	78.051	-3.540	58.145	-136.910	-2.500	2	17	-46.790	68.115	3.05		menu	Mahoh Mahborogho 4; Treasure Coffer 24
2026-06-27 14:39:52	start	241	Ju Kamja	npc	untested	-52.278	78.051	-3.540	58.145	-136.910	-2.500	2	17	-46.790	68.115	3.05		menu	Mahoh Mahborogho 4; Treasure Coffer 24
2026-06-27 14:41:11	arrived	241	Ju Kamja	npc	untested	54.543	-139.904	-2.411	58.145	-136.910	-2.500	17	17	54.757	-132.834	2.69		arrival	Hae Jakkya 3; Ju Kamja 5; warp03 8; Etsa Rhuyuli 9; An Shanaa 10
2026-06-27 14:49:35	start	241	Mog House entrance	area	untested	57.270	-137.463	-2.500	-130.000	40.000	-7.650	2	21	43.610	-135.885	0.76		menu	Ju Kamja 1; Hae Jakkya 3; Etsa Rhuyuli 8; Auction Counter 8; Lgn 9
2026-06-27 14:49:35	start	241	Mog House entrance	area	untested	57.270	-137.463	-2.500	-130.000	40.000	-7.650	2	21	43.610	-135.885	0.76		menu	Ju Kamja 1; Hae Jakkya 3; Etsa Rhuyuli 8; Auction Counter 8; Lgn 9
2026-06-27 14:49:35	start	241	Mog House entrance	area	untested	57.270	-137.463	-2.500	-130.000	40.000	-7.650	2	21	43.610	-135.885	0.76		menu	Ju Kamja 1; Hae Jakkya 3; Etsa Rhuyuli 8; Auction Counter 8; Lgn 9
2026-06-27 14:51:07	arrived	241	Mog House entrance	area	untested	-129.166	41.359	-7.650	-130.000	40.000	-7.650	21	21	-130.000	40.000	1.56		arrival	Eggsperiment A 24; Eggsperiment H 24
2026-06-27 14:59:02	start	232	Northern San d'Oria zone line	area	generated	78.337	-132.833	-16.000	-111.802	-136.498	-11.876	2	16	53.555	-112.600	3.33		menu	Dova 1; Akihi 2; Phersula 2; Rainitsu 3; Yerp 3
2026-06-27 14:59:02	start	232	Northern San d'Oria zone line	area	generated	78.337	-132.833	-16.000	-111.802	-136.498	-11.876	2	16	53.555	-112.600	3.33		menu	Dova 1; Akihi 2; Phersula 2; Rainitsu 3; Yerp 3
2026-06-27 14:59:02	start	232	Northern San d'Oria zone line	area	generated	78.337	-132.833	-16.000	-111.802	-136.498	-11.876	2	16	53.555	-112.600	3.33		menu	Dova 1; Akihi 2; Phersula 2; Rainitsu 3; Yerp 3
2026-06-27 15:00:17	arrived	232	Northern San d'Oria zone line	area	generated	-106.942	-132.964	-8.000	-111.802	-136.498	-11.876	15	16	-107.199	-139.604	1.33		arrival	Trion 4; Avandale 8; Coullave 13; Pieuje 15; Claidie 16
2026-06-27 15:00:49	start	231	Southern San d'Oria zone line	area	generated	-125.906	269.169	12.000	-0.107	-36.133	-7.068	2	22	-138.237	192.737	1.73		menu	Pepigort 6; Arachagnon 15; Gulemont 18; Synergy Enthusiast 19; Ilgusin 19
2026-06-27 15:00:49	start	231	Southern San d'Oria zone line	area	generated	-125.906	269.169	12.000	-0.107	-36.133	-7.068	2	22	-138.237	192.737	1.73		menu	Pepigort 6; Arachagnon 15; Gulemont 18; Synergy Enthusiast 19; Ilgusin 19
2026-06-27 15:00:49	start	231	Southern San d'Oria zone line	area	generated	-125.906	269.169	12.000	-0.107	-36.133	-7.068	2	22	-138.237	192.737	1.73		menu	Pepigort 6; Arachagnon 15; Gulemont 18; Synergy Enthusiast 19; Ilgusin 19
2026-06-27 15:02:39	arrived	231	Southern San d'Oria zone line	area	generated	4.339	-31.471	0.000	-0.107	-36.133	-7.068	22	22	-1.155	-29.552	0.00		arrival	Sochiene 3; Exoroche 4; Phaviane 9; Trion 12; Jufaue 15
2026-06-27 15:02:48	start	231	Southern San d'Oria zone line	area	generated	4.305	-28.305	0.000	-0.107	-36.133	-7.068	4	4	-0.107	-36.133	0.26		menu	Exoroche 5; Phaviane 8; Trion 10; Jufaue 13; Durogg 14
2026-06-27 15:02:48	start	231	Southern San d'Oria zone line	area	generated	4.305	-28.305	0.000	-0.107	-36.133	-7.068	4	4	-0.107	-36.133	0.26		menu	Exoroche 5; Phaviane 8; Trion 10; Jufaue 13; Durogg 14
2026-06-27 15:02:48	start	231	Southern San d'Oria zone line	area	generated	4.305	-28.305	0.000	-0.107	-36.133	-7.068	4	4	-0.107	-36.133	0.26		menu	Exoroche 5; Phaviane 8; Trion 10; Jufaue 13; Durogg 14
2026-06-27 15:02:48	start	231	Southern San d'Oria zone line	area	generated	4.305	-28.305	0.000	-0.107	-36.133	-7.068	4	4	-0.107	-36.133	0.26		menu	Exoroche 5; Phaviane 8; Trion 10; Jufaue 13; Durogg 14
2026-06-27 15:02:57	arrived	231	Southern San d'Oria zone line	area	generated	-0.713	-29.395	0.000	-0.107	-36.133	-7.068	4	4	-0.107	-36.133	3.30		arrival	Exoroche 1; Phaviane 4; Sochiene 5; Trion 8; Jufaue 17
2026-06-27 15:03:09	start	231	Southern San d'Oria zone line	area	generated	-4.298	-29.198	0.000	-0.107	-36.133	-7.068	4	4	-0.107	-36.133	0.00		menu	Phaviane 1; Exoroche 5; Trion 8; Sochiene 8; Dauperiat 16
2026-06-27 15:03:09	start	231	Southern San d'Oria zone line	area	generated	-4.298	-29.198	0.000	-0.107	-36.133	-7.068	4	4	-0.107	-36.133	0.00		menu	Phaviane 1; Exoroche 5; Trion 8; Sochiene 8; Dauperiat 16
2026-06-27 15:03:09	start	231	Southern San d'Oria zone line	area	generated	-4.298	-29.198	0.000	-0.107	-36.133	-7.068	4	4	-0.107	-36.133	0.00		menu	Phaviane 1; Exoroche 5; Trion 8; Sochiene 8; Dauperiat 16
2026-06-27 15:03:09	start	231	Southern San d'Oria zone line	area	generated	-4.298	-29.198	0.000	-0.107	-36.133	-7.068	4	4	-0.107	-36.133	0.00		menu	Phaviane 1; Exoroche 5; Trion 8; Sochiene 8; Dauperiat 16
2026-06-27 15:03:18	arrived	231	Southern San d'Oria zone line	area	generated	4.422	-31.357	0.000	-0.107	-36.133	-7.068	4	4	-1.166	-29.548	0.00		arrival	Sochiene 3; Exoroche 4; Phaviane 9; Trion 12; Jufaue 15
2026-06-27 15:05:16	start	230	Gondebaud	npc	generated	0.620	54.388	-2.000	123.754	92.125	0.000	2	17	8.276	31.506	2.86		menu	Aubejart 8; Ephauge 9; Destin 11; Hijinx 18; Varonbiriaux 20
2026-06-27 15:05:16	start	230	Gondebaud	npc	generated	0.620	54.388	-2.000	123.754	92.125	0.000	2	17	8.276	31.506	2.86		menu	Aubejart 8; Ephauge 9; Destin 11; Hijinx 18; Varonbiriaux 20
2026-06-27 15:05:16	start	230	Gondebaud	npc	generated	0.620	54.388	-2.000	123.754	92.125	0.000	2	17	8.276	31.506	2.86		menu	Aubejart 8; Ephauge 9; Destin 11; Hijinx 18; Varonbiriaux 20
2026-06-27 15:06:33	arrived	230	Gondebaud	npc	generated	125.707	98.540	0.000	123.754	92.125	0.000	16	17	129.109	91.518	3.45		arrival	Mystic Retriever 6; Gondebaud 7; Varchet 12; Atelloune 14; Amutiyaal 17
2026-06-27 15:10:37	start	230	Aravoge, T.K.	npc	generated	129.963	95.205	0.000	-104.935	-53.120	0.000	2	23	123.476	95.906	4.31		menu	Gondebaud 7; Mystic Retriever 8; Atelloune 12; Varchet 14; Amutiyaal 17
2026-06-27 15:10:37	start	230	Aravoge, T.K.	npc	generated	129.963	95.205	0.000	-104.935	-53.120	0.000	2	23	123.476	95.906	4.31		menu	Gondebaud 7; Mystic Retriever 8; Atelloune 12; Varchet 14; Amutiyaal 17
2026-06-27 15:10:38	start	230	Aravoge, T.K.	npc	generated	129.963	95.205	0.000	-104.935	-53.120	0.000	2	23	123.476	95.906	4.31		menu	Gondebaud 7; Mystic Retriever 8; Atelloune 12; Varchet 14; Amutiyaal 17
2026-06-27 15:10:38	start	230	Aravoge, T.K.	npc	generated	129.963	95.205	0.000	-104.935	-53.120	0.000	2	23	123.476	95.906	4.31		menu	Gondebaud 7; Mystic Retriever 8; Atelloune 12; Varchet 14; Amutiyaal 17
2026-06-27 15:11:46	collision	230	Aravoge, T.K.	npc	generated	16.210	-33.229	1.700	-104.935	-53.120	0.000	16	23	10.975	-39.879	0.00	8.46	Collision detected. You are not moving forward. Turn until the beacon moves off-center, then go forward. Clearance 0 yalm.	Vaquelage 4; Portermyth 5; Jarman 6; Nordyn 7; Nyosik 7
2026-06-27 15:12:30	arrived	230	Aravoge, T.K.	npc	generated	-102.435	-48.200	1.000	-104.935	-53.120	0.000	23	23	-109.660	-50.719	2.71		arrival	Voidwatch Purveyor 3; Aravoge, T.K. 6; Malecharisant 7; Eggsperiment I 9; Eggsperiment T 11
2026-06-27 15:23:13	start	230	Northern San d'Oria zone line	area	generated	-87.784	-51.215	1.000	0.013	57.965	-8.469	2	8	-72.924	-34.494	10.94		menu	Urbiolaine 1; Bustersmule 1; Solarisyt 2; Valimia 2; Rolandienne 3
2026-06-27 15:23:13	start	230	Northern San d'Oria zone line	area	generated	-87.784	-51.215	1.000	0.013	57.965	-8.469	2	8	-72.924	-34.494	10.94		menu	Urbiolaine 1; Bustersmule 1; Solarisyt 2; Valimia 2; Rolandienne 3
2026-06-27 15:23:13	start	230	Northern San d'Oria zone line	area	generated	-87.784	-51.215	1.000	0.013	57.965	-8.469	2	8	-72.924	-34.494	10.94		menu	Urbiolaine 1; Bustersmule 1; Solarisyt 2; Valimia 2; Rolandienne 3
2026-06-27 15:23:50	blocked	230	Northern San d'Oria zone line	area	generated	-8.663	39.426	0.000	0.013	57.965	-8.469	3	6	-4.016	43.083	0.08	5.91	Possible obstacle or wall. Clearance 0 yalm. Turn until the beacon moves off-center, then try forward. Route refreshed.	Trixia 9; Ephauge 9; Meidosan 9; Babban Ny Mheillea 9; Destin 9
2026-06-27 15:24:42	blocked	230	Northern San d'Oria zone line	area	generated	-8.525	39.448	0.000	0.013	57.965	-8.469	3	6	-3.993	43.146	0.00	5.85	Possible obstacle or wall. Clearance 0 yalm. Turn until the beacon moves off-center, then try forward. Route refreshed.	Trixia 9; Ephauge 9; Destin 9; Meidosan 10; Babban Ny Mheillea 10
2026-06-27 15:24:57	blocked	230	Northern San d'Oria zone line	area	generated	-8.573	39.428	0.000	0.013	57.965	-8.469	3	6	-4.005	43.112	0.05	5.87	Possible obstacle or wall. Clearance 0 yalm. Turn until the beacon moves off-center, then try forward. Route refreshed.	Trixia 9; Ephauge 9; Destin 9; Meidosan 10; Babban Ny Mheillea 10
2026-06-27 15:26:03	arrived	230	Northern San d'Oria zone line	area	generated	-0.673	54.844	-2.000	0.013	57.965	-8.469	5	5	0.013	57.965	2.65		arrival	Ephauge 8; Aubejart 9; Destin 12; Hijinx 18; Varonbiriaux 21
2026-06-27 15:26:56	start	231	Southern San d'Oria zone line	area	generated	1.882	-32.466	0.000	-0.107	-36.133	-7.068	4	4	-0.107	-36.133	1.48		menu	Exoroche 3; Sochiene 5; Phaviane 7; Trion 12; Jufaue 17
2026-06-27 15:26:56	start	231	Southern San d'Oria zone line	area	generated	1.882	-32.466	0.000	-0.107	-36.133	-7.068	4	4	-0.107	-36.133	1.48		menu	Exoroche 3; Sochiene 5; Phaviane 7; Trion 12; Jufaue 17
2026-06-27 15:26:57	arrived	231	Southern San d'Oria zone line	area	generated	1.828	-30.242	0.000	-0.107	-36.133	-7.068	4	4	-0.107	-36.133	2.09		arrival	Exoroche 2; Sochiene 3; Phaviane 6; Trion 10; Jufaue 16
2026-06-27 15:27:15	start	231	Port San d'Oria zone line	area	generated	1.798	-29.037	0.000	-123.510	270.516	8.289	2	20	-11.037	8.337	2.76		menu	Exoroche 2; Sochiene 2; Phaviane 6; Trion 9; Jufaue 15
2026-06-27 15:27:15	start	231	Port San d'Oria zone line	area	generated	1.798	-29.037	0.000	-123.510	270.516	8.289	2	20	-11.037	8.337	2.76		menu	Exoroche 2; Sochiene 2; Phaviane 6; Trion 9; Jufaue 15
2026-06-27 15:27:15	start	231	Port San d'Oria zone line	area	generated	1.798	-29.037	0.000	-123.510	270.516	8.289	2	20	-11.037	8.337	2.76		menu	Exoroche 2; Sochiene 2; Phaviane 6; Trion 9; Jufaue 15
2026-06-27 15:28:56	arrived	231	Port San d'Oria zone line	area	generated	-125.362	271.025	12.000	-123.510	270.516	8.289	20	20	-123.510	270.516	0.86		arrival	Pepigort 8; Arachagnon 16; Gulemont 18; Ilgusin 18; Synergy Enthusiast 20
2026-06-27 15:29:25	start	232	Festive Moogle	npc	generated	-106.619	-133.274	-8.000	70.641	-118.589	-16.000	2	17	-82.045	-109.800	0.94		menu	Trion 4; Avandale 8; Coullave 13; Pieuje 15; Claidie 16
2026-06-27 15:29:25	start	232	Festive Moogle	npc	generated	-106.619	-133.274	-8.000	70.641	-118.589	-16.000	2	17	-82.045	-109.800	0.94		menu	Trion 4; Avandale 8; Coullave 13; Pieuje 15; Claidie 16
2026-06-27 15:29:25	start	232	Festive Moogle	npc	generated	-106.619	-133.274	-8.000	70.641	-118.589	-16.000	2	17	-82.045	-109.800	0.94		menu	Trion 4; Avandale 8; Coullave 13; Pieuje 15; Claidie 16
2026-06-27 15:30:35	collision	232	Festive Moogle	npc	generated	58.340	-108.722	-12.000	70.641	-118.589	-16.000	15	17	60.205	-115.986	0.00	7.50	Collision detected. You are not moving forward. Turn until the beacon moves off-center, then go forward. Clearance 0 yalm.	Coribalgeant 1; Curio Vendor Moogle 8; Fandagle 8; Meuxtajean 9; Sersi 10
2026-06-27 15:30:36	blocked	232	Festive Moogle	npc	generated	57.379	-108.514	-12.000	70.641	-118.589	-16.000	4	6	57.564	-114.011	0.02	5.50	Possible obstacle or wall. Clearance 0 yalm. Turn until the beacon moves off-center, then try forward. Route refreshed.	Fandagle 7; Curio Vendor Moogle 8; Meuxtajean 8; Sersi 9; Jainnzar 9
2026-06-27 15:31:32	arrived	232	Festive Moogle	npc	generated	65.100	-117.921	-16.000	70.641	-118.589	-16.000	6	6	69.370	-124.087	0.00		arrival	Festive Moogle 6; Moogle 9; Nyxtharion 9; Greeter Moogle 9; Ancestry Moogle 11
2026-06-27 15:45:10	start	232	Northern San d'Oria zone line	area	generated	69.459	-122.164	-16.000	-111.802	-136.498	-11.876	2	16	53.555	-112.600	3.59		menu	Festive Moogle 4; Nyxtharion 5; Ancestry Moogle 6; Saturna 6; Moogle 8
2026-06-27 15:45:10	start	232	Northern San d'Oria zone line	area	generated	69.459	-122.164	-16.000	-111.802	-136.498	-11.876	2	16	53.555	-112.600	3.59		menu	Festive Moogle 4; Nyxtharion 5; Ancestry Moogle 6; Saturna 6; Moogle 8
2026-06-27 15:45:10	start	232	Northern San d'Oria zone line	area	generated	69.459	-122.164	-16.000	-111.802	-136.498	-11.876	2	16	53.555	-112.600	3.59		menu	Festive Moogle 4; Nyxtharion 5; Ancestry Moogle 6; Saturna 6; Moogle 8
2026-06-27 15:46:36	arrived	232	Northern San d'Oria zone line	area	generated	-107.979	-135.742	-8.500	-111.802	-136.498	-11.876	16	16	-109.227	-141.392	0.00		arrival	Trion 3; Avandale 11; Coullave 15; Pieuje 18; Claidie 19
2026-06-27 15:47:13	start	231	Southern San d'Oria zone line	area	generated	-125.729	268.993	12.000	-0.107	-36.133	-7.068	2	22	-138.237	192.737	1.98		menu	Pepigort 6; Arachagnon 15; Synergy Enthusiast 18; Gulemont 19; Ilgusin 19
2026-06-27 15:47:13	start	231	Southern San d'Oria zone line	area	generated	-125.729	268.993	12.000	-0.107	-36.133	-7.068	2	22	-138.237	192.737	1.98		menu	Pepigort 6; Arachagnon 15; Synergy Enthusiast 18; Gulemont 19; Ilgusin 19
2026-06-27 15:47:13	start	231	Southern San d'Oria zone line	area	generated	-125.729	268.993	12.000	-0.107	-36.133	-7.068	2	22	-138.237	192.737	1.98		menu	Pepigort 6; Arachagnon 15; Synergy Enthusiast 18; Gulemont 19; Ilgusin 19
2026-06-27 15:49:05	arrived	231	Southern San d'Oria zone line	area	generated	0.461	-34.740	0.000	-0.107	-36.133	-7.068	22	22	-0.107	-36.133	2.90		arrival	Exoroche 4; Sochiene 8; Phaviane 8; Trion 14; Jufaue 20
2026-06-27 15:50:11	start	230	Aravoge, T.K.	npc	generated	-2.504	54.388	-2.000	-104.935	-53.120	0.000	2	8	-3.324	46.306	0.82		menu	Ephauge 8; Aubejart 9; Destin 11; Hijinx 17; Varonbiriaux 20
2026-06-27 15:50:11	start	230	Aravoge, T.K.	npc	generated	-2.504	54.388	-2.000	-104.935	-53.120	0.000	2	8	-3.324	46.306	0.82		menu	Ephauge 8; Aubejart 9; Destin 11; Hijinx 17; Varonbiriaux 20
2026-06-27 15:50:12	start	230	Aravoge, T.K.	npc	generated	-2.504	54.388	-2.000	-104.935	-53.120	0.000	2	8	-3.324	46.306	0.82		menu	Ephauge 8; Aubejart 9; Destin 11; Hijinx 17; Varonbiriaux 20
2026-06-27 15:50:12	start	230	Aravoge, T.K.	npc	generated	-2.504	54.388	-2.000	-104.935	-53.120	0.000	2	8	-3.324	46.306	0.82		menu	Ephauge 8; Aubejart 9; Destin 11; Hijinx 17; Varonbiriaux 20
2026-06-27 15:51:00	arrived	230	Aravoge, T.K.	npc	generated	-107.751	-47.033	0.500	-104.935	-53.120	0.000	7	8	-108.045	-52.525	0.20		arrival	Malecharisant 3; Eggsperiment T 6; Aravoge, T.K. 7; Voidwatch Purveyor 8; Endracion 11
2026-06-27 16:24:51	start	230	Northern San d'Oria zone line	area	generated	-85.763	-50.629	1.000	0.013	57.965	-8.469	2	8	-72.924	-34.494	11.51		menu	Seves 1; Nightbear 1; Xaio 2; Miririmu 2; Urbiolaine 2
2026-06-27 16:24:51	start	230	Northern San d'Oria zone line	area	generated	-85.763	-50.629	1.000	0.013	57.965	-8.469	2	8	-72.924	-34.494	11.51		menu	Seves 1; Nightbear 1; Xaio 2; Miririmu 2; Urbiolaine 2
2026-06-27 16:24:51	start	230	Northern San d'Oria zone line	area	generated	-85.763	-50.629	1.000	0.013	57.965	-8.469	2	8	-72.924	-34.494	11.51		menu	Seves 1; Nightbear 1; Xaio 2; Miririmu 2; Urbiolaine 2
2026-06-27 16:24:51	start	230	Northern San d'Oria zone line	area	generated	-85.763	-50.629	1.000	0.013	57.965	-8.469	2	8	-72.924	-34.494	11.51		menu	Seves 1; Nightbear 1; Xaio 2; Miririmu 2; Urbiolaine 2
2026-06-27 16:26:29	collision	230	Northern San d'Oria zone line	area	generated	-18.538	39.332	0.000	0.013	57.965	-8.469	6	8	-15.595	32.434	0.17	7.50	Collision detected. You are not moving forward. Turn until the beacon moves off-center, then go forward. Clearance 0 yalm.	Meidosan 1; Babban Ny Mheillea 1; Trixia 6; Hijinx 10; Melledanne 15
2026-06-27 16:26:32	collision	230	Northern San d'Oria zone line	area	generated	-18.538	39.332	0.000	0.013	57.965	-8.469	6	8	-14.578	32.962	0.17	7.50	Collision detected. You are not moving forward. Turn until the beacon moves off-center, then go forward. Clearance 0 yalm.	Meidosan 1; Babban Ny Mheillea 1; Trixia 6; Hijinx 10; Melledanne 15
2026-06-27 16:26:33	blocked	230	Northern San d'Oria zone line	area	generated	-18.538	39.332	0.000	0.013	57.965	-8.469	2	5	-15.479	32.484	0.17	7.50	Possible obstacle or wall. Clearance 0 yalm. Turn until the beacon moves off-center, then try forward. Route refreshed.	Meidosan 1; Babban Ny Mheillea 1; Trixia 6; Hijinx 10; Melledanne 15
2026-06-27 16:27:46	blocked	230	Northern San d'Oria zone line	area	generated	-8.693	37.971	0.000	0.013	57.965	-8.469	2	5	-4.478	41.780	0.17	5.68	Possible obstacle or wall. Clearance 0 yalm. Turn until the beacon moves off-center, then try forward. Route refreshed.	Hijinx 1; Trixia 8; Babban Ny Mheillea 9; Varonbiriaux 9; Jinkusu 10
2026-06-27 16:28:15	arrived	230	Northern San d'Oria zone line	area	generated	2.283	50.995	-2.000	0.013	57.965	-8.469	4	4	-0.293	58.039	1.19		arrival	Aubejart 4; Ephauge 7; Destin 8; Hijinx 16; Varonbiriaux 17
2026-06-27 16:35:02	start	231	Port San d'Oria zone line	area	generated	0.007	-32.469	0.000	-123.510	270.516	8.289	2	20	-11.037	8.337	3.36		menu	Exoroche 2; Sochiene 6; Phaviane 6; Trion 11; Jufaue 19
2026-06-27 16:35:02	start	231	Port San d'Oria zone line	area	generated	0.007	-32.469	0.000	-123.510	270.516	8.289	2	20	-11.037	8.337	3.36		menu	Exoroche 2; Sochiene 6; Phaviane 6; Trion 11; Jufaue 19
2026-06-27 16:35:02	start	231	Port San d'Oria zone line	area	generated	0.007	-32.469	0.000	-123.510	270.516	8.289	2	20	-11.037	8.337	3.36		menu	Exoroche 2; Sochiene 6; Phaviane 6; Trion 11; Jufaue 19
2026-06-27 16:36:55	arrived	231	Port San d'Oria zone line	area	generated	-128.354	266.716	12.000	-123.510	270.516	8.289	19	20	-123.635	270.206	1.63		arrival	Pepigort 4; Arachagnon 14; Synergy Enthusiast 17; Ilgusin 18; Gulemont 18
2026-06-27 16:37:28	start	232	Door:Regine's Magicmart	area	generated	-106.885	-133.009	-8.000	69.000	-81.650	-9.350	2	15	-82.045	-109.800	1.27		menu	Trion 4; Avandale 8; Coullave 13; Pieuje 15; Claidie 16
2026-06-27 16:37:28	start	232	Door:Regine's Magicmart	area	generated	-106.885	-133.009	-8.000	69.000	-81.650	-9.350	2	15	-82.045	-109.800	1.27		menu	Trion 4; Avandale 8; Coullave 13; Pieuje 15; Claidie 16
2026-06-27 16:37:28	start	232	Door:Regine's Magicmart	area	generated	-106.885	-133.009	-8.000	69.000	-81.650	-9.350	2	15	-82.045	-109.800	1.27		menu	Trion 4; Avandale 8; Coullave 13; Pieuje 15; Claidie 16
2026-06-27 16:38:37	collision	232	Door:Regine's Magicmart	area	generated	58.300	-86.203	-10.000	69.000	-81.650	-9.350	11	15	68.035	-89.512	0.00	10.28	Collision detected. You are not moving forward. Turn until the beacon moves off-center, then go forward. Clearance 0 yalm.	Cevat 10; Door:Regine's Magicmart 12; Meuxtajean 16; Regine 16; Rugiette 18
2026-06-27 16:38:41	blocked	232	Door:Regine's Magicmart	area	generated	56.687	-85.578	-9.750	69.000	-81.650	-9.350	2	8	65.176	-92.053	1.63	10.68	Possible obstacle or wall. Clearance 2 yalm. Turn until the beacon moves off-center, then try forward. Route refreshed.	Cevat 11; Door:Regine's Magicmart 13; Meuxtajean 16; Regine 17; Rugiette 19
2026-06-27 16:38:52	arrived	232	Door:Regine's Magicmart	area	generated	68.033	-88.142	-8.417	69.000	-81.650	-9.350	7	8	68.768	-83.196	0.12		arrival	Door:Regine's Magicmart 7; Cevat 10; Regine 14; Rugiette 15; Meuxtajean 20
2026-06-27 17:52:13	start	232	Northern San d'Oria zone line	area	generated	69.664	-91.214	-9.500	-111.802	-136.498	-11.876	3	13	58.355	-93.000	0.12		menu	Cevat 9; Door:Regine's Magicmart 10; Regine 18; Rugiette 18; Meuxtajean 19
2026-06-27 17:52:14	start	232	Northern San d'Oria zone line	area	generated	69.664	-91.214	-9.500	-111.802	-136.498	-11.876	3	13	58.355	-93.000	0.12		menu	Cevat 9; Door:Regine's Magicmart 10; Regine 18; Rugiette 18; Meuxtajean 19
2026-06-27 17:52:14	start	232	Northern San d'Oria zone line	area	generated	69.664	-91.214	-9.500	-111.802	-136.498	-11.876	3	13	58.355	-93.000	0.12		menu	Cevat 9; Door:Regine's Magicmart 10; Regine 18; Rugiette 18; Meuxtajean 19
2026-06-27 17:53:25	blocked	232	Northern San d'Oria zone line	area	generated	-81.212	-111.308	-4.000	-111.802	-136.498	-11.876	4	5	-86.055	-113.397	0.00	5.27	Possible obstacle or wall. Clearance 0 yalm. Turn until the beacon moves off-center, then try forward. Route refreshed.	Teilsa 11; Rielle 11; Marquie 16; Laucimercen 17; Claidie 18
2026-06-27 17:53:52	arrived	232	Northern San d'Oria zone line	area	generated	-106.725	-131.624	-8.000	-111.802	-136.498	-11.876	4	5	-106.532	-138.879	2.59		arrival	Trion 5; Avandale 6; Coullave 12; Pieuje 14; Claidie 15
2026-06-27 17:54:13	start	231	Port San d'Oria zone line	area	generated	-125.197	268.463	12.000	-123.510	270.516	8.289	3	3	-123.510	270.516	2.29		menu	Pepigort 6; Arachagnon 16; Synergy Enthusiast 18; Gulemont 19; Ilgusin 20
2026-06-27 17:54:13	start	231	Port San d'Oria zone line	area	generated	-125.197	268.463	12.000	-123.510	270.516	8.289	3	3	-123.510	270.516	2.29		menu	Pepigort 6; Arachagnon 16; Synergy Enthusiast 18; Gulemont 19; Ilgusin 20
2026-06-27 17:54:13	start	231	Port San d'Oria zone line	area	generated	-125.197	268.463	12.000	-123.510	270.516	8.289	3	3	-123.510	270.516	2.29		menu	Pepigort 6; Arachagnon 16; Synergy Enthusiast 18; Gulemont 19; Ilgusin 20
2026-06-27 17:54:15	arrived	231	Port San d'Oria zone line	area	generated	-125.197	268.463	12.000	-123.510	270.516	8.289	3	3	-123.510	270.516	2.29		arrival	Pepigort 6; Arachagnon 16; Synergy Enthusiast 18; Gulemont 19; Ilgusin 20
2026-06-27 17:54:19	start	231	Southern San d'Oria zone line	area	generated	-125.197	268.463	12.000	-0.107	-36.133	-7.068	2	23	-126.637	262.337	2.29		menu	Pepigort 6; Arachagnon 16; Synergy Enthusiast 18; Gulemont 19; Ilgusin 20
2026-06-27 17:54:19	start	231	Southern San d'Oria zone line	area	generated	-125.197	268.463	12.000	-0.107	-36.133	-7.068	2	23	-126.637	262.337	2.29		menu	Pepigort 6; Arachagnon 16; Synergy Enthusiast 18; Gulemont 19; Ilgusin 20
2026-06-27 17:54:19	start	231	Southern San d'Oria zone line	area	generated	-125.197	268.463	12.000	-0.107	-36.133	-7.068	2	23	-126.637	262.337	2.29		menu	Pepigort 6; Arachagnon 16; Synergy Enthusiast 18; Gulemont 19; Ilgusin 20
2026-06-27 17:56:01	arrived	231	Southern San d'Oria zone line	area	generated	4.248	-29.520	0.000	-0.107	-36.133	-7.068	23	23	-0.072	-26.115	0.32		arrival	Sochiene 2; Exoroche 4; Phaviane 8; Trion 11; Jufaue 14
2026-06-27 17:56:28	start	231	Southern San d'Oria zone line	area	generated	3.920	-31.306	0.000	-0.107	-36.133	-7.068	4	4	-0.107	-36.133	0.16		menu	Sochiene 3; Exoroche 4; Phaviane 9; Trion 12; Jufaue 15
2026-06-27 17:56:28	start	231	Southern San d'Oria zone line	area	generated	3.920	-31.306	0.000	-0.107	-36.133	-7.068	4	4	-0.107	-36.133	0.16		menu	Sochiene 3; Exoroche 4; Phaviane 9; Trion 12; Jufaue 15
2026-06-27 17:56:29	arrived	231	Southern San d'Oria zone line	area	generated	3.920	-31.306	0.000	-0.107	-36.133	-7.068	4	4	-1.439	-29.456	0.16		arrival	Sochiene 3; Exoroche 4; Phaviane 9; Trion 12; Jufaue 15
2026-06-27 17:56:46	start	231	Southern San d'Oria zone line	area	generated	4.302	-27.611	0.000	-0.107	-36.133	-7.068	2	4	0.007	-32.470	0.27		menu	Exoroche 5; Phaviane 8; Trion 10; Jufaue 12; Durogg 14
2026-06-27 17:56:46	start	231	Southern San d'Oria zone line	area	generated	4.302	-27.611	0.000	-0.107	-36.133	-7.068	2	4	0.007	-32.470	0.27		menu	Exoroche 5; Phaviane 8; Trion 10; Jufaue 12; Durogg 14
2026-06-27 17:56:46	start	231	Southern San d'Oria zone line	area	generated	4.302	-27.611	0.000	-0.107	-36.133	-7.068	2	4	0.007	-32.470	0.27		menu	Exoroche 5; Phaviane 8; Trion 10; Jufaue 12; Durogg 14
2026-06-27 17:57:03	blocked	231	Southern San d'Oria zone line	area	generated	4.402	-21.448	0.000	-0.107	-36.133	-7.068	2	4	-2.538	-25.993	3.65	8.30	Possible obstacle. Wall clearance 4 yalms. Turn until the beacon moves off-center, then try forward. Route refreshed.	Sochiene 7; Trion 7; Jufaue 9; Exoroche 10; Phaviane 11
2026-06-27 17:57:17	arrived	231	Southern San d'Oria zone line	area	generated	-3.042	-30.586	0.000	-0.107	-36.133	-7.068	4	4	-0.586	-33.080	0.85		arrival	Phaviane 3; Exoroche 3; Sochiene 8; Trion 9; Dauperiat 17
2026-06-27 17:57:45	start	230	Aravoge, T.K.	npc	generated	0.620	54.388	-2.000	-104.935	-53.120	0.000	2	7	-8.124	31.506	2.86		menu	Aubejart 8; Ephauge 9; Destin 11; Varonbiriaux 20; Babban Ny Mheillea 25
2026-06-27 17:57:45	start	230	Aravoge, T.K.	npc	generated	0.620	54.388	-2.000	-104.935	-53.120	0.000	2	7	-8.124	31.506	2.86		menu	Aubejart 8; Ephauge 9; Destin 11; Varonbiriaux 20; Babban Ny Mheillea 25
2026-06-27 17:57:45	start	230	Aravoge, T.K.	npc	generated	0.620	54.388	-2.000	-104.935	-53.120	0.000	2	7	-8.124	31.506	2.86		menu	Aubejart 8; Ephauge 9; Destin 11; Varonbiriaux 20; Babban Ny Mheillea 25
2026-06-27 17:57:45	start	230	Aravoge, T.K.	npc	generated	0.620	54.388	-2.000	-104.935	-53.120	0.000	2	7	-8.124	31.506	2.86		menu	Aubejart 8; Ephauge 9; Destin 11; Varonbiriaux 20; Babban Ny Mheillea 25
2026-06-27 17:58:26	arrived	230	Aravoge, T.K.	npc	generated	-102.868	-46.758	1.000	-104.935	-53.120	0.000	6	7	-98.848	-51.537	3.81		arrival	Voidwatch Purveyor 5; Aravoge, T.K. 7; Malecharisant 7; Eggsperiment T 10; Eggsperiment I 10
2026-06-27 17:59:38	start	230	West Ronfaure zone line	area	generated	-103.630	-49.004	1.000	-113.372	-57.418	-4.075	2	3	-113.372	-57.418	2.42		menu	Voidwatch Purveyor 4; Aravoge, T.K. 4; Malecharisant 5; Eggsperiment I 9; Eggsperiment T 11
2026-06-27 17:59:38	start	230	West Ronfaure zone line	area	generated	-103.630	-49.004	1.000	-113.372	-57.418	-4.075	2	3	-113.372	-57.418	2.42		menu	Voidwatch Purveyor 4; Aravoge, T.K. 4; Malecharisant 5; Eggsperiment I 9; Eggsperiment T 11
2026-06-27 17:59:38	start	230	West Ronfaure zone line	area	generated	-103.630	-49.004	1.000	-113.372	-57.418	-4.075	2	3	-113.372	-57.418	2.42		menu	Voidwatch Purveyor 4; Aravoge, T.K. 4; Malecharisant 5; Eggsperiment I 9; Eggsperiment T 11
2026-06-27 17:59:38	start	230	West Ronfaure zone line	area	generated	-103.630	-49.004	1.000	-113.372	-57.418	-4.075	2	3	-113.372	-57.418	2.42		menu	Voidwatch Purveyor 4; Aravoge, T.K. 4; Malecharisant 5; Eggsperiment I 9; Eggsperiment T 11
2026-06-27 17:59:46	arrived	230	West Ronfaure zone line	area	generated	-113.256	-56.275	0.000	-113.372	-57.418	-4.075	3	3	-113.372	-57.418	3.57		arrival	Malecharisant 8; Aravoge, T.K. 9; Eggsperiment T 14; Voidwatch Purveyor 14; Eggsperiment I 15
2026-06-27 18:13:59	start	100	Tunnel Worm	nearby	observed	-87.557	170.401	-50.422	-45.217	167.779	-50.164	2	4	-58.000	165.200	16.51		menu	Treasure Casket 14; Wild Rabbit 17; Tunnel Worm 20; Wild Rabbit 21
2026-06-27 18:13:59	start	100	Tunnel Worm	nearby	observed	-87.557	170.401	-50.422	-45.217	167.779	-50.164	2	4	-58.000	165.200	16.51		menu	Treasure Casket 14; Wild Rabbit 17; Tunnel Worm 20; Wild Rabbit 21
2026-06-27 18:13:59	start	100	Tunnel Worm	nearby	observed	-87.557	170.401	-50.422	-45.217	167.779	-50.164	2	4	-58.000	165.200	16.51		menu	Treasure Casket 14; Wild Rabbit 17; Tunnel Worm 20; Wild Rabbit 21
2026-06-27 18:13:59	start	100	Tunnel Worm	nearby	observed	-87.557	170.401	-50.422	-45.217	167.779	-50.164	2	4	-58.000	165.200	16.51		menu	Treasure Casket 14; Wild Rabbit 17; Tunnel Worm 20; Wild Rabbit 21
2026-06-27 18:14:11	arrived	100	Tunnel Worm	nearby	observed	-51.463	169.029	-50.258	-45.217	167.779	-50.164	3	4	-44.177	172.976	6.49		arrival	Tunnel Worm 6; Wild Rabbit 18; Tunnel Worm 19
2026-06-27 18:16:38	start	100	East Ronfaure zone line z2s6	area	untested	-90.415	118.574	-53.503	94.760	-200.153	-29.531	2	42	-78.800	125.200	1.18		menu	
2026-06-27 18:16:38	start	100	East Ronfaure zone line z2s6	area	untested	-90.415	118.574	-53.503	94.760	-200.153	-29.531	2	42	-78.800	125.200	1.18		menu	
2026-06-27 18:16:38	start	100	East Ronfaure zone line z2s6	area	untested	-90.415	118.574	-53.503	94.760	-200.153	-29.531	2	42	-78.800	125.200	1.18		menu	
2026-06-27 18:17:14	zoned	100	East Ronfaure zone line z2s6	area	untested	-16.471	137.753	-49.862	94.760	-200.153	-29.531	1	0	0.000	0.000	3.35		zone change	
2026-06-27 18:22:48	start	101	King Ranperre's Tomb zone line z2t6	area	untested	60.353	125.310	-49.817	199.982	-544.574	-8.500	2	25	56.800	118.800	7.77		menu	Wild Rabbit 9; Wild Rabbit 10; Wild Rabbit 14; Ding Bats 24
2026-06-27 18:22:48	start	101	King Ranperre's Tomb zone line z2t6	area	untested	60.353	125.310	-49.817	199.982	-544.574	-8.500	2	25	56.800	118.800	7.77		menu	Wild Rabbit 9; Wild Rabbit 10; Wild Rabbit 14; Ding Bats 24
2026-06-27 18:22:48	start	101	King Ranperre's Tomb zone line z2t6	area	untested	60.353	125.310	-49.817	199.982	-544.574	-8.500	2	25	56.800	118.800	7.77		menu	Wild Rabbit 9; Wild Rabbit 10; Wild Rabbit 14; Ding Bats 24
2026-06-27 18:25:02	blocked	101	King Ranperre's Tomb zone line z2t6	area	untested	178.204	-17.318	-36.275	199.982	-544.574	-8.500	2	21	182.513	-25.274	5.09	9.05	Possible obstacle. Wall clearance 5 yalms. Turn until the beacon moves off-center, then try forward. Route refreshed.	
2026-06-27 18:26:17	blocked	101	King Ranperre's Tomb zone line z2t6	area	untested	173.123	-62.248	-30.216	199.982	-544.574	-8.500	2	20	175.835	-70.830	21.71	9.00	Possible obstacle. Wall clearance 22 yalms. Turn until the beacon moves off-center, then try forward. Route refreshed.	Forest Hare 1; Treasure Casket 1; Smile Helper 25
2026-06-27 18:27:09	blocked	101	King Ranperre's Tomb zone line z2t6	area	untested	197.935	-98.190	-25.016	199.982	-544.574	-8.500	2	18	197.647	-111.516	5.82	13.33	Possible obstacle. Wall clearance 6 yalms. Turn until the beacon moves off-center, then try forward. Route refreshed.	Orcish Grappler 3
2026-06-27 18:27:26	blocked	101	King Ranperre's Tomb zone line z2t6	area	untested	197.935	-98.190	-25.016	199.982	-544.574	-8.500	2	18	203.478	-105.280	5.82	9.00	Possible obstacle. Wall clearance 6 yalms. Turn until the beacon moves off-center, then try forward. Route refreshed.	Orcish Grappler 3
2026-06-27 18:27:31	zoned	101	King Ranperre's Tomb zone line z2t6	area	untested	112.088	79.911	0.000	199.982	-544.574	-8.500	1	0	0.000	0.000	3.03		zone change	
2026-06-27 20:47:53	start	230	East Ronfaure zone line	area	generated	119.385	79.676	0.000	113.458	-57.351	-4.079	2	6	107.076	60.306	2.08		menu	Shard of Sunlight 3; Babban's Progeny 3; Amutiyaal 6; Atelloune 6; Valentione Single 11
2026-06-27 20:47:53	start	230	East Ronfaure zone line	area	generated	119.385	79.676	0.000	113.458	-57.351	-4.079	2	6	107.076	60.306	2.08		menu	Shard of Sunlight 3; Babban's Progeny 4; Amutiyaal 6; Atelloune 6; Valentione Single 11
2026-06-27 20:47:53	start	230	East Ronfaure zone line	area	generated	119.385	79.676	0.000	113.458	-57.351	-4.079	2	6	107.076	60.306	2.08		menu	Shard of Sunlight 3; Babban's Progeny 4; Amutiyaal 6; Atelloune 6; Valentione Single 11
2026-06-27 20:47:53	start	230	East Ronfaure zone line	area	generated	119.385	79.676	0.000	113.458	-57.351	-4.079	2	6	107.076	60.306	2.08		menu	Shard of Sunlight 3; Babban's Progeny 4; Amutiyaal 6; Atelloune 6; Valentione Single 11
2026-06-27 20:48:49	arrived	230	East Ronfaure zone line	area	generated	107.638	-52.827	0.000	113.458	-57.351	-4.079	5	6	112.438	-55.721	1.58		arrival	Arpevion, T.K. 2; Anxaberoute 4; Voidwatch Purveyor 8; Eggsperiment B 10; Eggsperiment B 11
2026-06-27 20:52:41	unreachable	101	West Ronfaure zone line z2t4	area	untested	86.131	273.860	-62.000	56.140	-199.961	-37.462	1	1	0.000	0.000	5.76		menu start unreachable	Rayochindot 7; Croteillard 7
2026-06-27 20:52:41	unreachable	101	West Ronfaure zone line z2t4	area	untested	86.131	273.860	-62.000	56.140	-199.961	-37.462	1	1	0.000	0.000	5.76		menu start unreachable	Rayochindot 7; Croteillard 7
2026-06-27 20:52:41	unreachable	101	West Ronfaure zone line z2t4	area	untested	86.131	273.860	-62.000	56.140	-199.961	-37.462	1	1	0.000	0.000	5.76		menu start unreachable	Rayochindot 7; Croteillard 7
2026-06-27 20:52:44	start	101	West Ronfaure zone line z2t0	area	untested	86.131	273.860	-62.000	-30.050	140.034	-58.027	2	8	99.200	249.600	5.76		menu	Rayochindot 7; Croteillard 7
2026-06-27 20:52:44	start	101	West Ronfaure zone line z2t0	area	untested	86.131	273.860	-62.000	-30.050	140.034	-58.027	2	8	99.200	249.600	5.76		menu	Rayochindot 7; Croteillard 7
2026-06-27 20:52:44	start	101	West Ronfaure zone line z2t0	area	untested	86.131	273.860	-62.000	-30.050	140.034	-58.027	2	8	99.200	249.600	5.76		menu	Rayochindot 7; Croteillard 7
2026-06-27 20:53:37	blocked	101	West Ronfaure zone line z2t0	area	untested	6.353	157.064	-49.712	-30.050	140.034	-58.027	2	5	-1.500	152.498	3.86	9.08	Possible obstacle. Wall clearance 4 yalms. Turn until the beacon moves off-center, then try forward. Route refreshed.	
2026-06-27 20:53:50	arrived	101	West Ronfaure zone line z2t0	area	untested	-24.962	143.698	-49.886	-30.050	140.034	-58.027	4	5	-29.998	144.014	1.50		arrival	
2026-06-27 20:54:08	start	100	La Theine Plateau zone line	area	untested	-24.427	136.625	-49.870	-560.415	-613.176	-10.328	2	47	-134.400	164.800	2.22		menu	
2026-06-27 20:54:08	start	100	La Theine Plateau zone line	area	untested	-24.427	136.625	-49.870	-560.415	-613.176	-10.328	2	47	-134.400	164.800	2.22		menu	
2026-06-27 20:55:13	blocked	100	La Theine Plateau zone line	area	untested	-224.281	184.166	-52.570	-560.415	-613.176	-10.328	2	39	-224.010	172.351	4.94	11.82	Possible obstacle. Wall clearance 5 yalms. Turn until the beacon moves off-center, then try forward. Route refreshed.	Ding Bats 4
2026-06-27 20:55:32	blocked	100	La Theine Plateau zone line	area	untested	-224.281	184.166	-52.570	-560.415	-613.176	-10.328	2	39	-226.065	175.344	4.94	9.00	Possible obstacle. Wall clearance 5 yalms. Turn until the beacon moves off-center, then try forward. Route refreshed.	Ding Bats 4; Wild Rabbit 15
2026-06-27 20:55:50	blocked	100	La Theine Plateau zone line	area	untested	-224.281	184.166	-52.570	-560.415	-613.176	-10.328	2	39	-226.065	175.344	4.94	9.00	Possible obstacle. Wall clearance 5 yalms. Turn until the beacon moves off-center, then try forward. Route refreshed.	Ding Bats 4; Wild Rabbit 11; Wild Rabbit 15
2026-06-27 20:56:08	blocked	100	La Theine Plateau zone line	area	untested	-224.281	184.166	-52.570	-560.415	-613.176	-10.328	2	39	-226.065	175.344	4.94	9.00	Possible obstacle. Wall clearance 5 yalms. Turn until the beacon moves off-center, then try forward. Route refreshed.	Wild Rabbit 4; Ding Bats 4; Wild Rabbit 11
2026-06-27 20:57:07	blocked	100	La Theine Plateau zone line	area	untested	-215.558	118.474	-49.952	-560.415	-613.176	-10.328	2	33	-217.384	109.661	18.59	9.00	Possible obstacle. Wall clearance 19 yalms. Turn until the beacon moves off-center, then try forward. Route refreshed.	
2026-06-27 20:59:00	blocked	100	La Theine Plateau zone line	area	untested	-215.558	118.474	-49.952	-560.415	-613.176	-10.328	2	33	-217.384	109.661	18.59	9.00	Possible obstacle. Wall clearance 19 yalms. Turn until the beacon moves off-center, then try forward. Route refreshed.	
2026-06-27 20:59:15	blocked	100	La Theine Plateau zone line	area	untested	-215.558	118.474	-49.952	-560.415	-613.176	-10.328	2	33	-217.384	109.661	18.59	9.00	Possible obstacle. Wall clearance 19 yalms. Turn until the beacon moves off-center, then try forward. Route refreshed.	
2026-06-27 20:59:42	blocked	100	La Theine Plateau zone line	area	untested	-215.558	118.474	-49.952	-560.415	-613.176	-10.328	2	33	-217.384	109.661	18.59	9.00	Possible obstacle. Wall clearance 19 yalms. Turn until the beacon moves off-center, then try forward. Route refreshed.	Forest Hare 17; Forest Hare 21
2026-06-27 21:00:04	blocked	100	La Theine Plateau zone line	area	untested	-215.721	114.449	-49.613	-560.415	-613.176	-10.328	2	33	-218.190	105.770	21.46	9.02	Possible obstacle. Wall clearance 21 yalms. Turn until the beacon moves off-center, then try forward. Route refreshed.	Forest Hare 4; Forest Hare 20; Amanita 24; Forest Hare 24
2026-06-27 21:01:01	blocked	100	La Theine Plateau zone line	area	untested	-223.907	89.224	-43.644	-560.415	-613.176	-10.328	2	33	-218.362	86.413	10.28	6.22	Possible obstacle. Wall clearance 10 yalms. Turn until the beacon moves off-center, then try forward. Route refreshed.	Forest Hare 3; Forest Hare 16
2026-06-27 21:01:19	blocked	100	La Theine Plateau zone line	area	untested	-223.907	89.224	-43.644	-560.415	-613.176	-10.328	2	33	-219.192	85.354	10.28	6.10	Possible obstacle. Wall clearance 10 yalms. Turn until the beacon moves off-center, then try forward. Route refreshed.	Forest Hare 3; Forest Hare 16
2026-06-27 21:01:37	blocked	100	La Theine Plateau zone line	area	untested	-223.907	89.224	-43.644	-560.415	-613.176	-10.328	2	33	-219.192	85.354	10.28	6.10	Possible obstacle. Wall clearance 10 yalms. Turn until the beacon moves off-center, then try forward. Route refreshed.	Forest Hare 3; Forest Hare 5; Forest Hare 21
2026-06-27 21:02:50	blocked	100	La Theine Plateau zone line	area	untested	-238.647	82.776	-40.000	-560.415	-613.176	-10.328	2	34	-226.580	73.608	2.47	15.15	Possible obstacle or wall. Clearance 2 yalm. Turn until the beacon moves off-center, then try forward. Route refreshed.	Forest Hare 3; Forest Hare 16; Forest Hare 21
2026-06-27 21:02:54	start	100	Southern San d'Oria zone line	area	untested	-238.647	82.776	-40.000	-119.065	280.921	-65.707	3	8	-228.400	162.400	2.47		menu	Forest Hare 3; Forest Hare 16; Forest Hare 21
2026-06-27 21:02:54	start	100	Southern San d'Oria zone line	area	untested	-238.647	82.776	-40.000	-119.065	280.921	-65.707	3	8	-228.400	162.400	2.47		menu	Forest Hare 3; Forest Hare 16; Forest Hare 21
2026-06-27 21:03:55	arrived	100	Southern San d'Oria zone line	area	untested	-123.474	276.842	-62.000	-119.065	280.921	-65.707	7	8	-119.806	280.240	6.19		arrival	Laillera 11; Colmaie 11
2026-06-27 21:07:18	start	230	Gondebaud	npc	generated	-109.048	-55.880	0.000	123.754	92.125	0.000	3	25	-102.124	-50.894	1.50		menu	Aravoge, T.K. 5; Malecharisant 7; Voidwatch Purveyor 10; Eggsperiment I 10; Eggsperiment T 14
2026-06-27 21:07:18	start	230	Gondebaud	npc	generated	-109.048	-55.880	0.000	123.754	92.125	0.000	3	25	-102.124	-50.894	1.50		menu	Aravoge, T.K. 5; Malecharisant 7; Voidwatch Purveyor 10; Eggsperiment I 10; Eggsperiment T 14
2026-06-27 21:07:18	start	230	Gondebaud	npc	generated	-109.048	-55.880	0.000	123.754	92.125	0.000	3	25	-102.124	-50.894	1.50		menu	Aravoge, T.K. 5; Malecharisant 7; Voidwatch Purveyor 10; Eggsperiment I 10; Eggsperiment T 14
2026-06-27 21:07:18	start	230	Gondebaud	npc	generated	-109.048	-55.880	0.000	123.754	92.125	0.000	3	25	-102.124	-50.894	1.50		menu	Aravoge, T.K. 5; Malecharisant 7; Voidwatch Purveyor 10; Eggsperiment I 10; Eggsperiment T 14
2026-06-27 21:07:24	collision	230	Gondebaud	npc	generated	-109.789	-50.133	0.000	123.754	92.125	0.000	3	25	-103.283	-46.402	0.00	7.50	Collision detected. You are not moving forward. Turn until the beacon moves off-center, then go forward. Clearance 0 yalm.	Malecharisant 1; Aravoge, T.K. 6; Eggsperiment T 8; Voidwatch Purveyor 9; Eggsperiment I 13
2026-06-27 21:07:29	blocked	230	Gondebaud	npc	generated	-109.789	-50.133	0.000	123.754	92.125	0.000	2	24	-103.283	-46.402	0.00	7.50	Possible obstacle or wall. Clearance 0 yalm. Turn until the beacon moves off-center, then try forward. Route refreshed.	Malecharisant 1; Aravoge, T.K. 6; Eggsperiment T 8; Voidwatch Purveyor 9; Eggsperiment I 13
2026-06-27 21:08:11	blocked	230	Gondebaud	npc	generated	-78.344	-30.282	2.000	123.754	92.125	0.000	5	26	-75.175	-34.777	0.85	5.50	Possible obstacle or wall. Clearance 1 yalm. Turn until the beacon moves off-center, then try forward. Route refreshed.	Trion 6; Hae Jakhya 8; Ceraule 9; Trion 10; Judgedrace 11
2026-06-27 21:09:34	arrived	230	Gondebaud	npc	generated	129.882	94.868	0.000	123.754	92.125	0.000	26	26	121.589	96.962	4.02		arrival	Shard of Sunlight 3; Gondebaud 7; Mystic Retriever 8; Atelloune 12; Varchet 14
2026-06-27 21:11:33	start	230	Northern San d'Oria zone line	area	proven	129.126	94.478	0.000	0.620	54.388	-2.049	3	17	116.676	95.906	3.20		menu	Shard of Sunlight 3; Gondebaud 6; Mystic Retriever 7; Atelloune 11; Varchet 13
2026-06-27 21:11:33	start	230	Northern San d'Oria zone line	area	proven	129.126	94.478	0.000	0.620	54.388	-2.049	3	17	116.676	95.906	3.20		menu	Shard of Sunlight 3; Gondebaud 6; Mystic Retriever 7; Atelloune 11; Varchet 13
2026-06-27 21:11:33	start	230	Northern San d'Oria zone line	area	proven	129.126	94.478	0.000	0.620	54.388	-2.049	3	17	116.676	95.906	3.20		menu	Shard of Sunlight 3; Gondebaud 6; Mystic Retriever 7; Atelloune 11; Varchet 13
2026-06-27 21:12:48	blocked	230	Northern San d'Oria zone line	area	proven	10.464	39.303	0.000	0.620	54.388	-2.049	2	4	2.964	39.344	0.20	7.50	Possible obstacle or wall. Clearance 0 yalm. Turn until the beacon moves off-center, then try forward. Route refreshed.	Aubejart 11; Destin 11; Varonbiriaux 12; Ailbeche 13; Ephauge 15
2026-06-27 21:13:28	blocked	230	Northern San d'Oria zone line	area	proven	23.213	29.761	0.000	0.620	54.388	-2.049	2	4	16.766	27.653	8.67	6.78	Possible obstacle. Wall clearance 9 yalms. Turn until the beacon moves off-center, then try forward. Route refreshed.	Maleme 13; Ailbeche 18; Ensemble Maven 19; Moogle 19; Fashionista 21
2026-06-27 21:13:46	blocked	230	Northern San d'Oria zone line	area	proven	23.213	29.761	0.000	0.620	54.388	-2.049	2	4	18.247	30.341	8.67	5.00	Possible obstacle. Wall clearance 9 yalms. Turn until the beacon moves off-center, then try forward. Route refreshed.	Maleme 13; Ailbeche 18; Ensemble Maven 19; Moogle 19; Fashionista 21
2026-06-27 21:14:01	start	230	Northern San d'Oria zone line	area	proven	23.213	29.761	0.000	0.620	54.388	-2.049	2	4	8.276	31.506	8.67		menu	Maleme 13; Ailbeche 18; Ensemble Maven 19; Moogle 19; Fashionista 21
2026-06-27 21:14:01	start	230	Northern San d'Oria zone line	area	proven	23.213	29.761	0.000	0.620	54.388	-2.049	2	4	8.276	31.506	8.67		menu	Maleme 13; Ailbeche 18; Ensemble Maven 19; Moogle 19; Fashionista 21
2026-06-27 21:14:15	blocked	230	Northern San d'Oria zone line	area	proven	8.510	39.449	0.000	0.620	54.388	-2.049	3	5	4.323	43.321	0.00	5.70	No forward progress. Near wall. Clearance 0 yalm. Route refreshed.	Aubejart 9; Destin 9; Varonbiriaux 10; Ailbeche 13; Ephauge 13
2026-06-27 21:14:31	blocked	230	Northern San d'Oria zone line	area	proven	8.595	39.445	0.000	0.620	54.388	-2.049	3	5	4.333	43.292	0.00	5.74	No forward progress. Near wall. Clearance 0 yalm. Route refreshed.	Aubejart 9; Destin 9; Varonbiriaux 10; Ailbeche 13; Ephauge 14
2026-06-27 21:14:49	blocked	230	Northern San d'Oria zone line	area	proven	8.595	39.445	0.000	0.620	54.388	-2.049	3	5	2.333	35.317	0.00	7.50	No forward progress. Near wall. Clearance 0 yalm. Route refreshed.	Aubejart 9; Destin 9; Varonbiriaux 10; Ailbeche 13; Ephauge 14
2026-06-27 21:15:08	blocked	230	Northern San d'Oria zone line	area	proven	8.595	39.445	0.000	0.620	54.388	-2.049	3	5	2.333	35.317	0.00	7.50	No forward progress. Near wall. Clearance 0 yalm. Route refreshed.	Aubejart 9; Destin 9; Varonbiriaux 10; Ailbeche 13; Ephauge 14
2026-06-27 21:15:35	blocked	230	Northern San d'Oria zone line	area	proven	8.536	39.489	0.000	0.620	54.388	-2.049	3	5	4.313	43.349	0.00	5.72	No forward progress. Near wall. Clearance 0 yalm. Route refreshed.	Aubejart 9; Destin 9; Varonbiriaux 10; Ailbeche 13; Ephauge 13
2026-06-27 21:15:56	blocked	230	Northern San d'Oria zone line	area	proven	8.692	39.437	0.000	0.620	54.388	-2.049	3	5	4.345	43.255	0.02	5.79	No forward progress. Near wall. Clearance 0 yalm. Route refreshed.	Aubejart 9; Destin 9; Varonbiriaux 10; Ailbeche 13; Ephauge 14
2026-06-27 21:16:14	blocked	230	Northern San d'Oria zone line	area	proven	8.692	39.437	0.000	0.620	54.388	-2.049	3	5	2.572	35.102	0.02	7.50	No forward progress. Near wall. Clearance 0 yalm. Route refreshed.	Aubejart 9; Destin 9; Varonbiriaux 10; Ailbeche 13; Ephauge 14
2026-06-27 21:16:32	blocked	230	Northern San d'Oria zone line	area	proven	8.692	39.437	0.000	0.620	54.388	-2.049	3	5	2.572	35.102	0.02	7.50	No forward progress. Near wall. Clearance 0 yalm. Route refreshed.	Aubejart 9; Destin 9; Varonbiriaux 10; Ailbeche 13; Ephauge 14
2026-06-27 21:16:51	blocked	230	Northern San d'Oria zone line	area	proven	8.692	39.437	0.000	0.620	54.388	-2.049	3	5	2.572	35.102	0.02	7.50	No forward progress. Near wall. Clearance 0 yalm. Route refreshed.	Aubejart 9; Destin 9; Varonbiriaux 10; Ailbeche 13; Ephauge 14
2026-06-27 21:17:09	blocked	230	Northern San d'Oria zone line	area	proven	8.692	39.437	0.000	0.620	54.388	-2.049	3	5	2.572	35.102	0.02	7.50	No forward progress. Near wall. Clearance 0 yalm. Route refreshed.	Aubejart 9; Destin 9; Varonbiriaux 10; Ailbeche 13; Ephauge 14
2026-06-27 21:17:27	blocked	230	Northern San d'Oria zone line	area	proven	8.692	39.437	0.000	0.620	54.388	-2.049	3	5	2.572	35.102	0.02	7.50	No forward progress. Near wall. Clearance 0 yalm. Route refreshed.	Aubejart 9; Destin 9; Varonbiriaux 10; Ailbeche 13; Ephauge 14
2026-06-27 21:17:45	blocked	230	Northern San d'Oria zone line	area	proven	8.692	39.437	0.000	0.620	54.388	-2.049	3	5	2.572	35.102	0.02	7.50	No forward progress. Near wall. Clearance 0 yalm. Route refreshed.	Aubejart 9; Destin 9; Varonbiriaux 10; Torzak 13; Ailbeche 13
2026-06-27 21:18:03	blocked	230	Northern San d'Oria zone line	area	proven	8.692	39.437	0.000	0.620	54.388	-2.049	3	5	2.572	35.102	0.02	7.50	No forward progress. Near wall. Clearance 0 yalm. Route refreshed.	Aubejart 9; Destin 9; Varonbiriaux 10; Ailbeche 13; Ephauge 14
2026-06-27 21:18:22	blocked	230	Northern San d'Oria zone line	area	proven	8.692	39.437	0.000	0.620	54.388	-2.049	3	5	2.572	35.102	0.02	7.50	No forward progress. Near wall. Clearance 0 yalm. Route refreshed.	Aubejart 9; Destin 9; Varonbiriaux 10; Ailbeche 13; Ephauge 14
2026-06-27 21:18:40	blocked	230	Northern San d'Oria zone line	area	proven	8.692	39.437	0.000	0.620	54.388	-2.049	3	5	2.572	35.102	0.02	7.50	No forward progress. Near wall. Clearance 0 yalm. Route refreshed.	Aubejart 9; Destin 9; Varonbiriaux 10; Ailbeche 13; Ephauge 14
2026-06-27 21:18:58	blocked	230	Northern San d'Oria zone line	area	proven	8.692	39.437	0.000	0.620	54.388	-2.049	3	5	2.572	35.102	0.02	7.50	No forward progress. Near wall. Clearance 0 yalm. Route refreshed.	Aubejart 9; Destin 9; Varonbiriaux 10; Ailbeche 13; Ephauge 14
2026-06-27 21:19:16	blocked	230	Northern San d'Oria zone line	area	proven	8.692	39.437	0.000	0.620	54.388	-2.049	3	5	2.572	35.102	0.02	7.50	No forward progress. Near wall. Clearance 0 yalm. Route refreshed.	Aubejart 9; Destin 9; Varonbiriaux 10; Ailbeche 13; Ephauge 14
2026-06-27 21:19:34	blocked	230	Northern San d'Oria zone line	area	proven	8.692	39.437	0.000	0.620	54.388	-2.049	3	5	2.572	35.102	0.02	7.50	No forward progress. Near wall. Clearance 0 yalm. Route refreshed.	Aubejart 9; Destin 9; Varonbiriaux 10; Ailbeche 13; Ephauge 14
2026-06-27 21:19:53	blocked	230	Northern San d'Oria zone line	area	proven	8.692	39.437	0.000	0.620	54.388	-2.049	3	5	2.572	35.102	0.02	7.50	No forward progress. Near wall. Clearance 0 yalm. Route refreshed.	Aubejart 9; Destin 9; Varonbiriaux 10; Ailbeche 13; Ephauge 14
2026-06-27 21:20:11	blocked	230	Northern San d'Oria zone line	area	proven	8.692	39.437	0.000	0.620	54.388	-2.049	3	5	2.572	35.102	0.02	7.50	No forward progress. Near wall. Clearance 0 yalm. Route refreshed.	Aubejart 9; Destin 9; Varonbiriaux 10; Ailbeche 13; Ephauge 14
2026-06-27 21:20:29	blocked	230	Northern San d'Oria zone line	area	proven	8.692	39.437	0.000	0.620	54.388	-2.049	3	5	2.572	35.102	0.02	7.50	No forward progress. Near wall. Clearance 0 yalm. Route refreshed.	Aubejart 9; Destin 9; Varonbiriaux 10; Ailbeche 13; Ephauge 14
2026-06-27 21:20:47	blocked	230	Northern San d'Oria zone line	area	proven	8.692	39.437	0.000	0.620	54.388	-2.049	3	5	2.572	35.102	0.02	7.50	No forward progress. Near wall. Clearance 0 yalm. Route refreshed.	Aubejart 9; Destin 9; Varonbiriaux 10; Ailbeche 13; Ephauge 14
2026-06-27 21:21:05	blocked	230	Northern San d'Oria zone line	area	proven	13.238	39.360	0.000	0.620	54.388	-2.049	2	4	14.759	32.015	0.15	7.50	No forward progress. Near wall. Clearance 0 yalm. Route refreshed.	Aubejart 13; Destin 14; Varonbiriaux 14; Ailbeche 15; Ephauge 18
2026-06-27 21:21:24	blocked	230	Northern San d'Oria zone line	area	proven	13.238	39.360	0.000	0.620	54.388	-2.049	2	4	10.567	35.132	0.15	5.00	No forward progress. Near wall. Clearance 0 yalm. Route refreshed.	Aubejart 13; Destin 14; Varonbiriaux 14; Ailbeche 15; Ephauge 18
2026-06-27 21:21:42	blocked	230	Northern San d'Oria zone line	area	proven	13.238	39.360	0.000	0.620	54.388	-2.049	2	4	10.567	35.132	0.15	5.00	No forward progress. Near wall. Clearance 0 yalm. Route refreshed.	Aubejart 13; Destin 14; Varonbiriaux 14; Ailbeche 15; Ephauge 18
2026-06-27 21:22:00	blocked	230	Northern San d'Oria zone line	area	proven	13.238	39.360	0.000	0.620	54.388	-2.049	2	4	10.567	35.132	0.15	5.00	No forward progress. Near wall. Clearance 0 yalm. Route refreshed.	Aubejart 13; Destin 14; Varonbiriaux 14; Ailbeche 15; Ephauge 18
2026-06-27 21:22:18	blocked	230	Northern San d'Oria zone line	area	proven	13.238	39.360	0.000	0.620	54.388	-2.049	2	4	10.567	35.132	0.15	5.00	No forward progress. Near wall. Clearance 0 yalm. Route refreshed.	Aubejart 13; Destin 14; Varonbiriaux 14; Ailbeche 15; Ephauge 18
2026-06-27 21:22:37	blocked	230	Northern San d'Oria zone line	area	proven	13.238	39.360	0.000	0.620	54.388	-2.049	2	4	10.567	35.132	0.15	5.00	No forward progress. Near wall. Clearance 0 yalm. Route refreshed.	Aubejart 13; Destin 14; Varonbiriaux 14; Ailbeche 15; Ephauge 18
2026-06-27 21:22:55	blocked	230	Northern San d'Oria zone line	area	proven	13.238	39.360	0.000	0.620	54.388	-2.049	2	4	10.567	35.132	0.15	5.00	No forward progress. Near wall. Clearance 0 yalm. Route refreshed.	Aubejart 13; Destin 14; Varonbiriaux 14; Ailbeche 15; Ephauge 18
2026-06-27 21:23:13	blocked	230	Northern San d'Oria zone line	area	proven	13.238	39.360	0.000	0.620	54.388	-2.049	2	4	10.567	35.132	0.15	5.00	No forward progress. Near wall. Clearance 0 yalm. Route refreshed.	Aubejart 13; Destin 14; Varonbiriaux 14; Ailbeche 15; Ephauge 18
2026-06-27 21:23:37	start	230	Northern San d'Oria zone line	area	proven	13.238	39.360	0.000	0.620	54.388	-2.049	1	0	0.620	54.388	0.15		menu	Aubejart 13; Destin 14; Varonbiriaux 14; Ailbeche 15; Ephauge 18
2026-06-27 21:23:37	start	230	Northern San d'Oria zone line	area	proven	13.238	39.360	0.000	0.620	54.388	-2.049	1	0	0.620	54.388	0.15		menu	Aubejart 13; Destin 14; Varonbiriaux 14; Ailbeche 15; Ephauge 18
2026-06-27 21:23:37	start	230	Northern San d'Oria zone line	area	proven	13.238	39.360	0.000	0.620	54.388	-2.049	1	0	0.620	54.388	0.15		menu	Aubejart 13; Destin 14; Varonbiriaux 14; Ailbeche 15; Ephauge 18
2026-06-27 21:23:49	blocked	230	Northern San d'Oria zone line	area	proven	8.567	36.456	0.000	0.620	54.388	-2.049	1	0	1.372	38.573	0.00	7.50	Obstacle still nearby. Aubejart.	Varonbiriaux 9; Ailbeche 10; Destin 11; Aubejart 12; Otomo02 13
2026-06-27 21:24:22	arrived	230	Northern San d'Oria zone line	area	proven	0.749	52.053	-2.000	0.620	54.388	-2.049	1	0	0.620	54.388	2.73		arrival	Aubejart 6; Ephauge 7; Destin 9; Varonbiriaux 18; Babban Ny Mheillea 23
2026-06-27 21:26:16	start	231	Ramua	npc	generated	1.257	-32.467	0.000	-183.750	255.770	11.999	2	23	-11.037	8.337	2.11		menu	Exoroche 2; Sochiene 5; Phaviane 7; Trion 12; Jufaue 18
2026-06-27 21:26:16	start	231	Ramua	npc	generated	1.257	-32.467	0.000	-183.750	255.770	11.999	2	23	-11.037	8.337	2.11		menu	Exoroche 2; Sochiene 5; Phaviane 7; Trion 12; Jufaue 18
2026-06-27 21:26:16	start	231	Ramua	npc	generated	1.257	-32.467	0.000	-183.750	255.770	11.999	2	23	-11.037	8.337	2.11		menu	Exoroche 2; Sochiene 5; Phaviane 7; Trion 12; Jufaue 18
2026-06-27 21:26:38	blocked	231	Ramua	npc	generated	-1.964	-28.675	0.000	-183.750	255.770	11.999	2	23	3.221	-21.302	2.14	9.01	Obstacle still nearby. Trion. Route refreshed.	Phaviane 2; Exoroche 3; Sochiene 6; Trion 7; Jufaue 18
2026-06-27 21:26:57	start	231	Excenmille	npc	generated	-1.964	-28.675	0.000	-229.344	22.976	7.999	2	20	-11.037	8.337	2.14		menu	Phaviane 2; Exoroche 3; Sochiene 6; Trion 7; Jufaue 18
2026-06-27 21:26:57	start	231	Excenmille	npc	generated	-1.964	-28.675	0.000	-229.344	22.976	7.999	2	20	-11.037	8.337	2.14		menu	Phaviane 2; Exoroche 3; Sochiene 6; Trion 7; Jufaue 18
2026-06-27 21:26:57	start	231	Excenmille	npc	generated	-1.964	-28.675	0.000	-229.344	22.976	7.999	2	20	-11.037	8.337	2.14		menu	Phaviane 2; Exoroche 3; Sochiene 6; Trion 7; Jufaue 18
2026-06-27 21:26:57	start	231	Excenmille	npc	generated	-1.964	-28.675	0.000	-229.344	22.976	7.999	2	20	-11.037	8.337	2.14		menu	Phaviane 2; Exoroche 3; Sochiene 6; Trion 7; Jufaue 18
2026-06-27 21:27:41	blocked	231	Excenmille	npc	generated	-76.610	57.366	0.000	-229.344	22.976	7.999	2	17	-81.315	59.508	0.00	5.17	No forward progress. Near wall. Clearance 0 yalm. Route refreshed.	Eugballion 15; Taulenne 16; Narsaude 19; Machella 21; Kasaroro 23
2026-06-27 21:28:26	collision	231	Excenmille	npc	generated	-170.110	100.049	0.001	-229.344	22.976	7.999	10	17	-177.409	101.776	0.00	7.50	Collision detected. You are not moving forward. Turn until the beacon moves off-center, then go forward. Clearance 0 yalm.	Gulfport 9; Taurette 13; Gulmama 20; Survival Guide 20; Castilchat 21
2026-06-27 21:28:29	collision	231	Excenmille	npc	generated	-170.110	100.049	0.001	-229.344	22.976	7.999	10	17	-177.409	101.776	0.00	7.50	Collision detected. You are not moving forward. Turn until the beacon moves off-center, then go forward. Clearance 0 yalm.	Gulfport 9; Taurette 13; Gulmama 20; Survival Guide 20; Castilchat 21
2026-06-27 21:28:31	blocked	231	Excenmille	npc	generated	-170.110	100.049	0.001	-229.344	22.976	7.999	5	12	-177.409	101.776	0.00	7.50	No forward progress. Near wall. Clearance 0 yalm. Route refreshed.	Gulfport 9; Taurette 13; Gulmama 20; Survival Guide 20; Castilchat 21
2026-06-27 21:28:32	collision	231	Excenmille	npc	generated	-170.110	100.049	0.001	-229.344	22.976	7.999	5	12	-176.991	103.033	0.00	7.50	Collision detected. You are not moving forward. Turn until the beacon moves off-center, then go forward. Clearance 0 yalm.	Gulfport 9; Taurette 13; Gulmama 20; Survival Guide 20; Castilchat 21
2026-06-27 21:29:04	arrived	231	Excenmille	npc	generated	-228.311	27.150	8.000	-229.344	22.976	7.999	12	12	-234.489	24.250	7.58		arrival	Excenmille 4; Daveille 13; Valentione Single 15; Eggsperiment B 17; Gulfport 17
2026-06-27 21:32:33	start	231	Southern San d'Oria zone line	area	generated	-229.216	23.495	8.000	-0.107	-36.133	-7.068	2	24	-221.837	37.937	7.39		menu	Excenmille 1; Valentione Single 11; Daveille 17; Eggsperiment B 18; Eggsperiment U 19
2026-06-27 21:32:33	start	231	Southern San d'Oria zone line	area	generated	-229.216	23.495	8.000	-0.107	-36.133	-7.068	2	24	-221.837	37.937	7.39		menu	Excenmille 1; Valentione Single 11; Daveille 17; Eggsperiment B 18; Eggsperiment U 19
2026-06-27 21:32:33	start	231	Southern San d'Oria zone line	area	generated	-229.216	23.495	8.000	-0.107	-36.133	-7.068	2	24	-221.837	37.937	7.39		menu	Excenmille 1; Valentione Single 11; Daveille 17; Eggsperiment B 18; Eggsperiment U 19
2026-06-27 21:32:33	start	231	Southern San d'Oria zone line	area	generated	-229.216	23.495	8.000	-0.107	-36.133	-7.068	2	24	-221.837	37.937	7.39		menu	Excenmille 1; Valentione Single 11; Daveille 17; Eggsperiment B 18; Eggsperiment U 19
2026-06-27 21:32:58	collision	231	Southern San d'Oria zone line	area	generated	-198.780	79.921	7.000	-0.107	-36.133	-7.068	7	24	-189.769	78.432	1.67	9.13	Edge contact. You are scraping a wall. Steer away from the wall, then continue. Clearance 2 yalm.	Shirouamada 14; Gulfport 16; Seide 16; Oookaechizen 17; Teiringo 21
2026-06-27 21:33:03	blocked	231	Southern San d'Oria zone line	area	generated	-198.780	79.921	7.000	-0.107	-36.133	-7.068	2	19	-189.769	78.432	1.67	9.13	No forward progress. Near wall. Clearance 2 yalm. Route refreshed.	Shirouamada 14; Gulfport 16; Seide 16; Oookaechizen 17; Teiringo 21
2026-06-27 21:34:31	arrived	231	Southern San d'Oria zone line	area	generated	-0.744	-30.304	0.000	-0.107	-36.133	-7.068	1	0	-0.107	-36.133	3.16		arrival	Exoroche 1; Phaviane 4; Sochiene 5; Trion 9; Jufaue 18
2026-06-27 21:35:06	start	230	A.M.A.N. Reclaimer	npc	generated	1.870	54.388	-2.049	-83.120	-52.960	1.000	2	10	1.076	36.706	1.61		menu	Aubejart 8; Ephauge 9; Destin 11; Varonbiriaux 20
2026-06-27 21:35:06	start	230	A.M.A.N. Reclaimer	npc	generated	1.870	54.388	-2.049	-83.120	-52.960	1.000	2	10	1.076	36.706	1.61		menu	Aubejart 8; Ephauge 9; Destin 11; Varonbiriaux 20
2026-06-27 21:35:06	start	230	A.M.A.N. Reclaimer	npc	generated	1.870	54.388	-2.049	-83.120	-52.960	1.000	2	10	1.076	36.706	1.61		menu	Aubejart 8; Ephauge 9; Destin 11; Varonbiriaux 20
2026-06-27 21:35:06	start	230	A.M.A.N. Reclaimer	npc	generated	1.870	54.388	-2.049	-83.120	-52.960	1.000	2	10	1.076	36.706	1.61		menu	Aubejart 8; Ephauge 9; Destin 11; Varonbiriaux 20
2026-06-27 21:35:13	collision	230	A.M.A.N. Reclaimer	npc	generated	1.870	54.388	-2.049	-83.120	-52.960	1.000	2	10	6.820	46.468	1.61	9.34	Edge contact. You are scraping a wall. Steer away from the wall, then continue. Clearance 2 yalm.	Aubejart 8; Ephauge 9; Destin 11; Varonbiriaux 20
2026-06-27 21:35:15	blocked	230	A.M.A.N. Reclaimer	npc	generated	1.870	54.388	-2.049	-83.120	-52.960	1.000	2	10	6.820	46.468	1.61	9.34	Obstacle still nearby. Aubejart. Route refreshed.	Aubejart 8; Ephauge 9; Destin 11; Varonbiriaux 20
2026-06-27 21:35:16	collision	230	A.M.A.N. Reclaimer	npc	generated	1.870	54.388	-2.049	-83.120	-52.960	1.000	2	10	6.820	46.468	1.61	9.34	Edge contact. You are scraping a wall. Steer away from the wall, then continue. Clearance 2 yalm.	Aubejart 8; Ephauge 9; Destin 11; Varonbiriaux 20
2026-06-27 21:35:19	collision	230	A.M.A.N. Reclaimer	npc	generated	1.870	54.388	-2.049	-83.120	-52.960	1.000	2	10	6.820	46.468	1.61	9.34	Edge contact. You are scraping a wall. Steer away from the wall, then continue. Clearance 2 yalm.	Aubejart 8; Ephauge 9; Destin 11; Varonbiriaux 20
2026-06-27 21:35:24	collision	230	A.M.A.N. Reclaimer	npc	generated	1.870	54.388	-2.049	-83.120	-52.960	1.000	2	10	6.820	46.468	1.61	9.34	Edge contact. You are scraping a wall. Steer away from the wall, then continue. Clearance 2 yalm.	Aubejart 8; Ephauge 9; Destin 11; Varonbiriaux 20
2026-06-27 21:35:27	collision	230	A.M.A.N. Reclaimer	npc	generated	1.870	54.388	-2.049	-83.120	-52.960	1.000	2	10	6.820	46.468	1.61	9.34	Edge contact. You are scraping a wall. Steer away from the wall, then continue. Clearance 2 yalm.	Aubejart 8; Ephauge 9; Destin 11; Varonbiriaux 20
2026-06-27 21:35:31	collision	230	A.M.A.N. Reclaimer	npc	generated	1.870	54.388	-2.049	-83.120	-52.960	1.000	2	10	6.820	46.468	1.61	9.34	Edge contact. You are scraping a wall. Steer away from the wall, then continue. Clearance 2 yalm.	Aubejart 8; Ephauge 9; Destin 11; Varonbiriaux 20
2026-06-27 21:35:34	collision	230	A.M.A.N. Reclaimer	npc	generated	1.870	54.388	-2.049	-83.120	-52.960	1.000	2	10	6.820	46.468	1.61	9.34	Edge contact. You are scraping a wall. Steer away from the wall, then continue. Clearance 2 yalm.	Aubejart 8; Ephauge 9; Destin 11; Varonbiriaux 20
2026-06-27 21:35:36	blocked	230	A.M.A.N. Reclaimer	npc	generated	1.870	54.388	-2.049	-83.120	-52.960	1.000	2	10	6.820	46.468	1.61	9.34	Obstacle still nearby. Aubejart. Route refreshed.	Aubejart 8; Ephauge 9; Destin 11; Varonbiriaux 20
2026-06-27 21:35:49	start	230	Northern San d'Oria zone line	area	proven	1.870	54.388	-2.049	0.620	54.388	-2.049	1	0	0.620	54.388	1.61		menu	Aubejart 8; Ephauge 9; Destin 11; Varonbiriaux 20
2026-06-27 21:35:49	start	230	Northern San d'Oria zone line	area	proven	1.870	54.388	-2.049	0.620	54.388	-2.049	1	0	0.620	54.388	1.61		menu	Aubejart 8; Ephauge 9; Destin 11; Varonbiriaux 20
2026-06-27 21:35:49	start	230	Northern San d'Oria zone line	area	proven	1.870	54.388	-2.049	0.620	54.388	-2.049	1	0	0.620	54.388	1.61		menu	Aubejart 8; Ephauge 9; Destin 11; Varonbiriaux 20
2026-06-27 21:35:51	arrived	230	Northern San d'Oria zone line	area	proven	1.870	54.388	-2.049	0.620	54.388	-2.049	1	0	0.620	54.388	1.61		arrival	Aubejart 8; Ephauge 9; Destin 11; Varonbiriaux 20
2026-06-27 21:38:06	start	230	A.M.A.N. Reclaimer	npc	generated	1.870	54.388	-2.000	-83.120	-52.960	1.000	2	10	1.076	36.706	1.61		menu	Aubejart 8; Ephauge 9; Destin 11; Varonbiriaux 20
2026-06-27 21:38:06	start	230	A.M.A.N. Reclaimer	npc	generated	1.870	54.388	-2.000	-83.120	-52.960	1.000	2	10	1.076	36.706	1.61		menu	Aubejart 8; Ephauge 9; Destin 11; Varonbiriaux 20
2026-06-27 21:38:06	start	230	A.M.A.N. Reclaimer	npc	generated	1.870	54.388	-2.000	-83.120	-52.960	1.000	2	10	1.076	36.706	1.61		menu	Aubejart 8; Ephauge 9; Destin 11; Varonbiriaux 20
2026-06-27 21:38:06	start	230	A.M.A.N. Reclaimer	npc	generated	1.870	54.388	-2.000	-83.120	-52.960	1.000	2	10	1.076	36.706	1.61		menu	Aubejart 8; Ephauge 9; Destin 11; Varonbiriaux 20
2026-06-27 21:38:45	arrived	230	A.M.A.N. Reclaimer	npc	generated	-80.105	-45.887	2.000	-83.120	-52.960	1.000	9	10	-87.515	-49.755	9.52		arrival	Disenchanted 3; Sonada 5; Rolandienne 7; Minivalea 8; A.M.A.N. Reclaimer 8
2026-06-27 21:50:40	start	230	Northern San d'Oria zone line	area	proven	-82.698	-51.539	1.000	0.620	54.388	-2.049	2	7	-72.924	-34.494	8.32		menu	A.M.A.N. Reclaimer 1; Rolandienne 3; A.M.A.N. Validator 4; Repairer Moogle 5; Urbiolaine 5
2026-06-27 21:50:40	start	230	Northern San d'Oria zone line	area	proven	-82.698	-51.539	1.000	0.620	54.388	-2.049	2	7	-72.924	-34.494	8.32		menu	A.M.A.N. Reclaimer 1; Rolandienne 3; A.M.A.N. Validator 4; Repairer Moogle 5; Urbiolaine 5
2026-06-27 21:50:40	start	230	Northern San d'Oria zone line	area	proven	-82.698	-51.539	1.000	0.620	54.388	-2.049	2	7	-72.924	-34.494	8.32		menu	A.M.A.N. Reclaimer 1; Rolandienne 3; A.M.A.N. Validator 4; Repairer Moogle 5; Urbiolaine 5
2026-06-27 21:50:40	start	230	Northern San d'Oria zone line	area	proven	-82.698	-51.539	1.000	0.620	54.388	-2.049	2	7	-72.924	-34.494	8.32		menu	A.M.A.N. Reclaimer 1; Rolandienne 3; A.M.A.N. Validator 4; Repairer Moogle 5; Urbiolaine 5
2026-06-27 21:51:25	collision	230	Northern San d'Oria zone line	area	proven	-8.525	39.456	0.000	0.620	54.388	-2.049	1	0	-1.136	40.743	0.00	7.50	Collision detected. You are not moving forward. Turn until the beacon moves off-center, then go forward. Clearance 0 yalm.	Ephauge 9; Destin 9; Babban Ny Mheillea 10; Varonbiriaux 10; Aubejart 13
2026-06-27 21:51:30	collision	230	Northern San d'Oria zone line	area	proven	-13.135	38.653	0.000	0.620	54.388	-2.049	1	0	-5.712	39.722	0.85	7.50	Collision detected. You are not moving forward. Turn until the beacon moves off-center, then go forward. Clearance 1 yalm.	Babban Ny Mheillea 5; Ephauge 13; Varonbiriaux 14; Destin 14; Otomo01 17
2026-06-27 21:51:34	blocked	230	Northern San d'Oria zone line	area	proven	-10.338	39.371	0.000	0.620	54.388	-2.049	1	0	-3.024	41.031	0.13	7.50	Obstacle still nearby. Ephauge.	Babban Ny Mheillea 8; Ephauge 10; Destin 11; Varonbiriaux 12; Aubejart 15
2026-06-27 21:51:40	collision	230	Northern San d'Oria zone line	area	proven	-8.679	35.422	0.000	0.620	54.388	-2.049	1	0	-1.340	36.964	0.25	7.50	Collision detected. You are not moving forward. Turn until the beacon moves off-center, then go forward. Clearance 0 yalm.	Varonbiriaux 9; Babban Ny Mheillea 10; Destin 12; Otomo01 12; Ephauge 13
2026-06-27 21:51:45	blocked	230	Northern San d'Oria zone line	area	proven	-8.679	35.422	0.000	0.620	54.388	-2.049	1	0	-1.340	36.964	0.25	7.50	Obstacle still nearby. Destin.	Varonbiriaux 9; Babban Ny Mheillea 10; Destin 12; Otomo01 12; Ephauge 13
2026-06-27 21:52:03	blocked	230	Northern San d'Oria zone line	area	proven	-8.679	35.422	0.000	0.620	54.388	-2.049	1	0	-1.340	36.964	0.25	7.50	Obstacle still nearby. Destin.	Varonbiriaux 9; Babban Ny Mheillea 10; Destin 12; Otomo01 12; Ephauge 13
2026-06-27 21:52:26	collision	230	Northern San d'Oria zone line	area	proven	-8.571	37.314	0.000	0.620	54.388	-2.049	1	0	-1.387	39.470	0.05	7.50	Collision detected. You are not moving forward. Turn until the beacon moves off-center, then go forward. Clearance 0 yalm.	Varonbiriaux 9; Babban Ny Mheillea 9; Destin 10; Ephauge 11; Otomo01 13
2026-06-27 21:52:27	blocked	230	Northern San d'Oria zone line	area	proven	-8.571	37.314	0.000	0.620	54.388	-2.049	1	0	-1.387	39.470	0.05	7.50	Obstacle still nearby. Ephauge.	Varonbiriaux 9; Babban Ny Mheillea 9; Destin 10; Ephauge 11; Otomo01 13
2026-06-27 21:58:47	start	230	Northern San d'Oria zone line	area	proven	-8.570	37.314	0.000	0.620	54.388	-2.049	1	0	0.620	54.388	0.05		menu	Varonbiriaux 9; Babban Ny Mheillea 9; Destin 10; Ephauge 11; Otomo01 13
2026-06-27 21:58:47	start	230	Northern San d'Oria zone line	area	proven	-8.570	37.314	0.000	0.620	54.388	-2.049	1	0	0.620	54.388	0.05		menu	Varonbiriaux 9; Babban Ny Mheillea 9; Destin 10; Ephauge 11; Otomo01 13
2026-06-27 21:58:47	start	230	Northern San d'Oria zone line	area	proven	-8.570	37.314	0.000	0.620	54.388	-2.049	1	0	0.620	54.388	0.05		menu	Varonbiriaux 9; Babban Ny Mheillea 9; Destin 10; Ephauge 11; Otomo01 13
2026-06-27 22:07:38	start	230	Northern San d'Oria zone line	area	proven	-8.555	39.378	0.000	0.620	54.388	-2.049	2	5	-8.524	36.706	0.03		menu	Ephauge 9; Destin 9; Babban Ny Mheillea 10; Varonbiriaux 10; Aubejart 14
2026-06-27 22:07:38	start	230	Northern San d'Oria zone line	area	proven	-8.555	39.378	0.000	0.620	54.388	-2.049	2	5	-8.524	36.706	0.03		menu	Ephauge 9; Destin 9; Babban Ny Mheillea 10; Varonbiriaux 10; Aubejart 14
2026-06-27 22:07:38	start	230	Northern San d'Oria zone line	area	proven	-8.555	39.378	0.000	0.620	54.388	-2.049	2	5	-8.524	36.706	0.03		menu	Ephauge 9; Destin 9; Babban Ny Mheillea 10; Varonbiriaux 10; Aubejart 14
2026-06-27 22:07:59	blocked	230	Northern San d'Oria zone line	area	proven	-10.579	39.316	0.000	0.620	54.388	-2.049	2	4	-3.117	40.071	0.19	7.50	No forward progress. Near wall. Clearance 0 yalm. Route refreshed.	Umikasama 7; Babban Ny Mheillea 8; Ephauge 11; Destin 11; Varonbiriaux 12
2026-06-27 22:08:12	blocked	230	Northern San d'Oria zone line	area	proven	-8.508	39.313	0.000	0.620	54.388	-2.049	2	5	-3.785	42.861	0.00	5.91	No forward progress. Near wall. Clearance 0 yalm. Route refreshed.	Umikasama 9; Ephauge 9; Destin 9; Babban Ny Mheillea 10; Varonbiriaux 10
2026-06-27 22:08:31	blocked	230	Northern San d'Oria zone line	area	proven	-8.508	39.313	0.000	0.620	54.388	-2.049	2	5	-8.341	34.320	0.00	5.00	No forward progress. Near wall. Clearance 0 yalm. Route refreshed.	Umikasama 9; Ephauge 9; Destin 9; Babban Ny Mheillea 10; Varonbiriaux 10
2026-06-27 22:08:49	blocked	230	Northern San d'Oria zone line	area	proven	-8.534	36.613	0.000	0.620	54.388	-2.049	2	4	-8.134	31.629	0.02	5.00	Obstacle still nearby. Ephauge. Route refreshed.	Varonbiriaux 9; Babban Ny Mheillea 10; Destin 11; Ephauge 12; Otomo01 13
2026-06-27 22:08:58	blocked	230	Northern San d'Oria zone line	area	proven	-8.594	37.087	0.000	0.620	54.388	-2.049	2	4	-8.134	31.629	0.07	5.48	No forward progress. Near wall. Clearance 0 yalm. Route refreshed.	Getter 9; Varonbiriaux 9; Babban Ny Mheillea 9; Destin 11; Ephauge 11
2026-06-27 22:09:08	collision	230	Northern San d'Oria zone line	area	proven	-8.667	39.458	0.000	0.620	54.388	-2.049	3	4	-1.304	38.029	0.05	7.50	Collision detected. You are not moving forward. Turn until the beacon moves off-center, then go forward. Clearance 0 yalm.	Getter 9; Ephauge 9; Babban Ny Mheillea 9; Destin 9; Varonbiriaux 10
2026-06-27 22:09:10	blocked	230	Northern San d'Oria zone line	area	proven	-8.667	39.458	0.000	0.620	54.388	-2.049	2	5	-1.304	38.029	0.05	7.50	No forward progress. Near wall. Clearance 0 yalm. Route refreshed.	Getter 9; Ephauge 9; Babban Ny Mheillea 9; Destin 9; Varonbiriaux 10
2026-06-27 22:09:42	blocked	230	Northern San d'Oria zone line	area	proven	-8.636	36.773	0.000	0.620	54.388	-2.049	2	4	-4.648	40.602	0.11	5.53	No forward progress. Near wall. Clearance 0 yalm. Route refreshed.	Varonbiriaux 9; Babban Ny Mheillea 9; Destin 11; Umikasama 11; Ephauge 11
2026-06-27 22:09:51	blocked	230	Northern San d'Oria zone line	area	proven	-8.535	39.448	0.000	0.620	54.388	-2.049	2	5	-2.985	34.402	0.01	7.50	No forward progress. Near wall. Clearance 0 yalm. Route refreshed.	Ephauge 9; Destin 9; Babban Ny Mheillea 10; Varonbiriaux 10; Umikasama 12
2026-06-27 22:10:09	blocked	230	Northern San d'Oria zone line	area	proven	-8.535	39.448	0.000	0.620	54.388	-2.049	2	5	-8.351	34.454	0.01	5.00	No forward progress. Near wall. Clearance 0 yalm. Route refreshed.	Ephauge 9; Destin 9; Babban Ny Mheillea 10; Varonbiriaux 10; Umikasama 12
2026-06-27 22:10:27	blocked	230	Northern San d'Oria zone line	area	proven	-8.535	39.448	0.000	0.620	54.388	-2.049	2	5	-8.351	34.454	0.01	5.00	No forward progress. Near wall. Clearance 0 yalm. Route refreshed.	Ephauge 9; Destin 9; Babban Ny Mheillea 10; Varonbiriaux 10; Umikasama 12
2026-06-27 22:10:45	blocked	230	Northern San d'Oria zone line	area	proven	-8.535	39.448	0.000	0.620	54.388	-2.049	2	5	-8.351	34.454	0.01	5.00	No forward progress. Near wall. Clearance 0 yalm. Route refreshed.	Ephauge 9; Destin 9; Babban Ny Mheillea 10; Varonbiriaux 10; Umikasama 12
2026-06-27 22:11:04	blocked	230	Northern San d'Oria zone line	area	proven	-8.535	39.448	0.000	0.620	54.388	-2.049	2	5	-8.351	34.454	0.01	5.00	No forward progress. Near wall. Clearance 0 yalm. Route refreshed.	Ephauge 9; Destin 9; Babban Ny Mheillea 10; Varonbiriaux 10; Umikasama 12
2026-06-27 22:11:22	blocked	230	Northern San d'Oria zone line	area	proven	-8.535	39.448	0.000	0.620	54.388	-2.049	2	5	-8.351	34.454	0.01	5.00	No forward progress. Near wall. Clearance 0 yalm. Route refreshed.	Ephauge 9; Destin 9; Babban Ny Mheillea 10; Varonbiriaux 10; Umikasama 12
2026-06-27 22:11:40	blocked	230	Northern San d'Oria zone line	area	proven	-8.535	39.448	0.000	0.620	54.388	-2.049	2	5	-8.351	34.454	0.01	5.00	No forward progress. Near wall. Clearance 0 yalm. Route refreshed.	Ephauge 9; Destin 9; Babban Ny Mheillea 10; Varonbiriaux 10; Aubejart 14
2026-06-27 22:11:59	blocked	230	Northern San d'Oria zone line	area	proven	-8.535	39.448	0.000	0.620	54.388	-2.049	2	5	-8.351	34.454	0.01	5.00	No forward progress. Near wall. Clearance 0 yalm. Route refreshed.	Umikasama 9; Ephauge 9; Destin 9; Babban Ny Mheillea 10; Varonbiriaux 10
2026-06-27 22:12:17	blocked	230	Northern San d'Oria zone line	area	proven	-8.535	39.448	0.000	0.620	54.388	-2.049	2	5	-8.351	34.454	0.01	5.00	No forward progress. Near wall. Clearance 0 yalm. Route refreshed.	Ephauge 9; Destin 9; Babban Ny Mheillea 10; Varonbiriaux 10; Aubejart 14
2026-06-27 22:12:35	blocked	230	Northern San d'Oria zone line	area	proven	-8.535	39.448	0.000	0.620	54.388	-2.049	2	5	-8.351	34.454	0.01	5.00	No forward progress. Near wall. Clearance 0 yalm. Route refreshed.	Ephauge 9; Destin 9; Babban Ny Mheillea 10; Varonbiriaux 10; Aubejart 14
2026-06-27 22:12:53	blocked	230	Northern San d'Oria zone line	area	proven	-8.535	39.448	0.000	0.620	54.388	-2.049	2	5	-8.351	34.454	0.01	5.00	No forward progress. Near wall. Clearance 0 yalm. Route refreshed.	Ephauge 9; Destin 9; Babban Ny Mheillea 10; Varonbiriaux 10; Aubejart 14
2026-06-27 22:13:11	blocked	230	Northern San d'Oria zone line	area	proven	-8.535	39.448	0.000	0.620	54.388	-2.049	2	5	-8.351	34.454	0.01	5.00	No forward progress. Near wall. Clearance 0 yalm. Route refreshed.	Ephauge 9; Destin 9; Babban Ny Mheillea 10; Varonbiriaux 10; Aubejart 14
2026-06-27 22:13:30	blocked	230	Northern San d'Oria zone line	area	proven	-8.535	39.448	0.000	0.620	54.388	-2.049	2	5	-8.351	34.454	0.01	5.00	No forward progress. Near wall. Clearance 0 yalm. Route refreshed.	Ephauge 9; Destin 9; Babban Ny Mheillea 10; Varonbiriaux 10; Aubejart 14
2026-06-27 22:13:48	blocked	230	Northern San d'Oria zone line	area	proven	-8.535	39.448	0.000	0.620	54.388	-2.049	2	5	-8.351	34.454	0.01	5.00	No forward progress. Near wall. Clearance 0 yalm. Route refreshed.	Ephauge 9; Destin 9; Babban Ny Mheillea 10; Varonbiriaux 10; Aubejart 14
2026-06-27 22:14:06	blocked	230	Northern San d'Oria zone line	area	proven	-8.535	39.448	0.000	0.620	54.388	-2.049	2	5	-8.351	34.454	0.01	5.00	No forward progress. Near wall. Clearance 0 yalm. Route refreshed.	Ephauge 9; Destin 9; Babban Ny Mheillea 10; Varonbiriaux 10; Aubejart 14
2026-06-27 22:14:24	blocked	230	Northern San d'Oria zone line	area	proven	-8.535	39.448	0.000	0.620	54.388	-2.049	2	5	-8.351	34.454	0.01	5.00	No forward progress. Near wall. Clearance 0 yalm. Route refreshed.	Ephauge 9; Destin 9; Babban Ny Mheillea 10; Varonbiriaux 10; Aubejart 14
2026-06-27 22:14:42	blocked	230	Northern San d'Oria zone line	area	proven	-8.535	39.448	0.000	0.620	54.388	-2.049	2	5	-8.351	34.454	0.01	5.00	No forward progress. Near wall. Clearance 0 yalm. Route refreshed.	Ephauge 9; Destin 9; Babban Ny Mheillea 10; Varonbiriaux 10; Aubejart 14
2026-06-27 22:15:01	blocked	230	Northern San d'Oria zone line	area	proven	-8.535	39.448	0.000	0.620	54.388	-2.049	2	5	-8.351	34.454	0.01	5.00	No forward progress. Near wall. Clearance 0 yalm. Route refreshed.	Ephauge 9; Destin 9; Babban Ny Mheillea 10; Anbuakira 10; Varonbiriaux 10
2026-06-27 22:15:19	blocked	230	Northern San d'Oria zone line	area	proven	-8.535	39.448	0.000	0.620	54.388	-2.049	2	5	-8.351	34.454	0.01	5.00	No forward progress. Near wall. Clearance 0 yalm. Route refreshed.	Anbuakira 7; Ephauge 9; Destin 9; Babban Ny Mheillea 10; Varonbiriaux 10
2026-06-27 22:15:37	blocked	230	Northern San d'Oria zone line	area	proven	-8.535	39.448	0.000	0.620	54.388	-2.049	2	5	-8.351	34.454	0.01	5.00	No forward progress. Near wall. Clearance 0 yalm. Route refreshed.	Anbuakira 7; Ephauge 9; Destin 9; Babban Ny Mheillea 10; Varonbiriaux 10
2026-06-27 22:15:55	blocked	230	Northern San d'Oria zone line	area	proven	-8.535	39.448	0.000	0.620	54.388	-2.049	2	5	-8.351	34.454	0.01	5.00	No forward progress. Near wall. Clearance 0 yalm. Route refreshed.	Anbuakira 7; Ephauge 9; Destin 9; Babban Ny Mheillea 10; Varonbiriaux 10
2026-06-27 22:16:13	blocked	230	Northern San d'Oria zone line	area	proven	-8.535	39.448	0.000	0.620	54.388	-2.049	2	5	-8.351	34.454	0.01	5.00	No forward progress. Near wall. Clearance 0 yalm. Route refreshed.	Anbuakira 7; Ephauge 9; Destin 9; Babban Ny Mheillea 10; Varonbiriaux 10
2026-06-27 22:16:32	blocked	230	Northern San d'Oria zone line	area	proven	-8.535	39.448	0.000	0.620	54.388	-2.049	2	5	-8.351	34.454	0.01	5.00	No forward progress. Near wall. Clearance 0 yalm. Route refreshed.	Anbuakira 7; Ephauge 9; Destin 9; Babban Ny Mheillea 10; Varonbiriaux 10
2026-06-27 22:16:50	blocked	230	Northern San d'Oria zone line	area	proven	-8.535	39.448	0.000	0.620	54.388	-2.049	2	5	-8.351	34.454	0.01	5.00	No forward progress. Near wall. Clearance 0 yalm. Route refreshed.	Anbuakira 7; Ephauge 9; Destin 9; Babban Ny Mheillea 10; Varonbiriaux 10
2026-06-27 22:17:08	blocked	230	Northern San d'Oria zone line	area	proven	-8.535	39.448	0.000	0.620	54.388	-2.049	2	5	-8.351	34.454	0.01	5.00	No forward progress. Near wall. Clearance 0 yalm. Route refreshed.	Anbuakira 7; Ephauge 9; Destin 9; Babban Ny Mheillea 10; Varonbiriaux 10
2026-06-27 22:17:26	blocked	230	Northern San d'Oria zone line	area	proven	-8.535	39.448	0.000	0.620	54.388	-2.049	2	5	-8.351	34.454	0.01	5.00	No forward progress. Near wall. Clearance 0 yalm. Route refreshed.	Ephauge 9; Destin 9; Babban Ny Mheillea 10; Varonbiriaux 10; Anbuakira 11
2026-06-27 22:17:45	blocked	230	Northern San d'Oria zone line	area	proven	-8.535	39.448	0.000	0.620	54.388	-2.049	2	5	-8.351	34.454	0.01	5.00	No forward progress. Near wall. Clearance 0 yalm. Route refreshed.	Ephauge 9; Destin 9; Babban Ny Mheillea 10; Varonbiriaux 10; Anbuakira 11
2026-06-27 22:18:03	blocked	230	Northern San d'Oria zone line	area	proven	-8.535	39.448	0.000	0.620	54.388	-2.049	2	5	-8.351	34.454	0.01	5.00	No forward progress. Near wall. Clearance 0 yalm. Route refreshed.	Ephauge 9; Destin 9; Babban Ny Mheillea 10; Varonbiriaux 10; Anbuakira 11
2026-06-27 22:18:21	blocked	230	Northern San d'Oria zone line	area	proven	-8.535	39.448	0.000	0.620	54.388	-2.049	2	5	-8.351	34.454	0.01	5.00	No forward progress. Near wall. Clearance 0 yalm. Route refreshed.	Ephauge 9; Destin 9; Babban Ny Mheillea 10; Varonbiriaux 10; Anbuakira 11
2026-06-27 22:18:39	blocked	230	Northern San d'Oria zone line	area	proven	-8.535	39.448	0.000	0.620	54.388	-2.049	2	5	-8.351	34.454	0.01	5.00	No forward progress. Near wall. Clearance 0 yalm. Route refreshed.	Ephauge 9; Destin 9; Babban Ny Mheillea 10; Varonbiriaux 10; Anbuakira 11
2026-06-27 22:18:58	blocked	230	Northern San d'Oria zone line	area	proven	-8.535	39.448	0.000	0.620	54.388	-2.049	2	5	-8.351	34.454	0.01	5.00	No forward progress. Near wall. Clearance 0 yalm. Route refreshed.	Ephauge 9; Destin 9; Babban Ny Mheillea 10; Varonbiriaux 10; Anbuakira 11
2026-06-27 22:19:16	blocked	230	Northern San d'Oria zone line	area	proven	-8.535	39.448	0.000	0.620	54.388	-2.049	2	5	-8.351	34.454	0.01	5.00	No forward progress. Near wall. Clearance 0 yalm. Route refreshed.	Ephauge 9; Destin 9; Babban Ny Mheillea 10; Varonbiriaux 10; Anbuakira 11
2026-06-27 22:19:34	blocked	230	Northern San d'Oria zone line	area	proven	-8.535	39.448	0.000	0.620	54.388	-2.049	2	5	-8.351	34.454	0.01	5.00	No forward progress. Near wall. Clearance 0 yalm. Route refreshed.	Ephauge 9; Destin 9; Babban Ny Mheillea 10; Varonbiriaux 10; Anbuakira 11
2026-06-27 22:19:53	blocked	230	Northern San d'Oria zone line	area	proven	-8.535	39.448	0.000	0.620	54.388	-2.049	2	5	-8.351	34.454	0.01	5.00	No forward progress. Near wall. Clearance 0 yalm. Route refreshed.	Ephauge 9; Destin 9; Babban Ny Mheillea 10; Varonbiriaux 10; Anbuakira 11
2026-06-27 22:20:11	blocked	230	Northern San d'Oria zone line	area	proven	-8.535	39.448	0.000	0.620	54.388	-2.049	2	5	-8.351	34.454	0.01	5.00	No forward progress. Near wall. Clearance 0 yalm. Route refreshed.	Ephauge 9; Destin 9; Babban Ny Mheillea 10; Varonbiriaux 10; Anbuakira 11
2026-06-27 22:20:29	blocked	230	Northern San d'Oria zone line	area	proven	-8.535	39.448	0.000	0.620	54.388	-2.049	2	5	-8.351	34.454	0.01	5.00	No forward progress. Near wall. Clearance 0 yalm. Route refreshed.	Ephauge 9; Destin 9; Babban Ny Mheillea 10; Varonbiriaux 10; Anbuakira 13
2026-06-27 22:20:47	blocked	230	Northern San d'Oria zone line	area	proven	-8.535	39.448	0.000	0.620	54.388	-2.049	2	5	-8.351	34.454	0.01	5.00	No forward progress. Near wall. Clearance 0 yalm. Route refreshed.	Ephauge 9; Destin 9; Babban Ny Mheillea 10; Varonbiriaux 10; Anbuakira 13
2026-06-27 22:21:06	blocked	230	Northern San d'Oria zone line	area	proven	-8.535	39.448	0.000	0.620	54.388	-2.049	2	5	-8.351	34.454	0.01	5.00	No forward progress. Near wall. Clearance 0 yalm. Route refreshed.	Ephauge 9; Destin 9; Babban Ny Mheillea 10; Varonbiriaux 10; Anbuakira 13
2026-06-27 22:21:24	blocked	230	Northern San d'Oria zone line	area	proven	-8.535	39.448	0.000	0.620	54.388	-2.049	2	5	-8.351	34.454	0.01	5.00	No forward progress. Near wall. Clearance 0 yalm. Route refreshed.	Ephauge 9; Destin 9; Babban Ny Mheillea 10; Varonbiriaux 10; Anbuakira 13
2026-06-27 22:21:42	blocked	230	Northern San d'Oria zone line	area	proven	-8.535	39.448	0.000	0.620	54.388	-2.049	2	5	-8.351	34.454	0.01	5.00	No forward progress. Near wall. Clearance 0 yalm. Route refreshed.	Ephauge 9; Destin 9; Babban Ny Mheillea 10; Varonbiriaux 10; Anbuakira 13
2026-06-27 22:22:00	blocked	230	Northern San d'Oria zone line	area	proven	-8.535	39.448	0.000	0.620	54.388	-2.049	2	5	-8.351	34.454	0.01	5.00	No forward progress. Near wall. Clearance 0 yalm. Route refreshed.	Ephauge 9; Destin 9; Babban Ny Mheillea 10; Varonbiriaux 10; Anbuakira 13
2026-06-27 22:22:19	blocked	230	Northern San d'Oria zone line	area	proven	-8.535	39.448	0.000	0.620	54.388	-2.049	2	5	-8.351	34.454	0.01	5.00	No forward progress. Near wall. Clearance 0 yalm. Route refreshed.	Ephauge 9; Destin 9; Babban Ny Mheillea 10; Varonbiriaux 10; Anbuakira 13
2026-06-27 22:22:37	blocked	230	Northern San d'Oria zone line	area	proven	-8.535	39.448	0.000	0.620	54.388	-2.049	2	5	-8.351	34.454	0.01	5.00	No forward progress. Near wall. Clearance 0 yalm. Route refreshed.	Ephauge 9; Destin 9; Babban Ny Mheillea 10; Varonbiriaux 10; Anbuakira 13
2026-06-27 22:22:55	blocked	230	Northern San d'Oria zone line	area	proven	-8.535	39.448	0.000	0.620	54.388	-2.049	2	5	-8.351	34.454	0.01	5.00	No forward progress. Near wall. Clearance 0 yalm. Route refreshed.	Ephauge 9; Destin 9; Anbuakira 9; Babban Ny Mheillea 10; Varonbiriaux 10
2026-06-27 22:23:14	blocked	230	Northern San d'Oria zone line	area	proven	-8.535	39.448	0.000	0.620	54.388	-2.049	2	5	-8.351	34.454	0.01	5.00	No forward progress. Near wall. Clearance 0 yalm. Route refreshed.	Ephauge 9; Destin 9; Babban Ny Mheillea 10; Varonbiriaux 10; Aubejart 14
2026-06-27 22:23:32	blocked	230	Northern San d'Oria zone line	area	proven	-8.535	39.448	0.000	0.620	54.388	-2.049	2	5	-8.351	34.454	0.01	5.00	No forward progress. Near wall. Clearance 0 yalm. Route refreshed.	Ephauge 9; Destin 9; Babban Ny Mheillea 10; Varonbiriaux 10; Aubejart 14
2026-06-27 22:23:50	blocked	230	Northern San d'Oria zone line	area	proven	-8.535	39.448	0.000	0.620	54.388	-2.049	2	5	-8.351	34.454	0.01	5.00	No forward progress. Near wall. Clearance 0 yalm. Route refreshed.	Ephauge 9; Destin 9; Babban Ny Mheillea 10; Varonbiriaux 10; Aubejart 14
2026-06-27 22:24:11	start	230	Northern San d'Oria zone line	area	proven	-8.535	39.448	0.000	0.620	54.388	-2.049	2	5	-5.000	34.000	0.01		menu	Ephauge 9; Destin 9; Babban Ny Mheillea 10; Varonbiriaux 10; Aubejart 14
2026-06-27 22:24:11	start	230	Northern San d'Oria zone line	area	proven	-8.535	39.448	0.000	0.620	54.388	-2.049	2	5	-5.000	34.000	0.01		menu	Ephauge 9; Destin 9; Babban Ny Mheillea 10; Varonbiriaux 10; Aubejart 14
2026-06-27 22:24:11	start	230	Northern San d'Oria zone line	area	proven	-8.535	39.448	0.000	0.620	54.388	-2.049	2	5	-5.000	34.000	0.01		menu	Ephauge 9; Destin 9; Babban Ny Mheillea 10; Varonbiriaux 10; Aubejart 14
2026-06-27 22:25:10	blocked	230	Northern San d'Oria zone line	area	proven	-8.541	34.161	0.000	0.620	54.388	-2.049	2	4	-3.934	36.665	0.21	5.24	No forward progress. Near wall. Clearance 0 yalm. Route refreshed.	Varonbiriaux 9; Babban Ny Mheillea 10; Otomo01 11; Destin 12; Otomo03 13
2026-06-27 22:26:06	arrived	230	Northern San d'Oria zone line	area	proven	-0.734	48.650	-2.000	0.620	54.388	-2.049	1	0	0.620	54.388	2.59		arrival	Ephauge 3; Aubejart 4; Destin 5; Varonbiriaux 14; Babban Ny Mheillea 20
2026-06-27 22:27:51	start	231	Port San d'Oria zone line	area	generated	-0.617	-32.470	0.000	-123.510	270.516	8.289	2	20	-11.037	8.337	3.03		menu	Exoroche 2; Teiringo 2; Phaviane 6; Sochiene 6; Trion 11
2026-06-27 22:27:51	start	231	Port San d'Oria zone line	area	generated	-0.617	-32.470	0.000	-123.510	270.516	8.289	2	20	-11.037	8.337	3.03		menu	Exoroche 2; Teiringo 2; Phaviane 6; Sochiene 6; Trion 11
2026-06-27 22:27:51	start	231	Port San d'Oria zone line	area	generated	-0.617	-32.470	0.000	-123.510	270.516	8.289	2	20	-11.037	8.337	3.03		menu	Exoroche 2; Teiringo 2; Phaviane 6; Sochiene 6; Trion 11
2026-06-27 22:27:51	start	231	Port San d'Oria zone line	area	generated	-0.617	-32.470	0.000	-123.510	270.516	8.289	2	20	-11.037	8.337	3.03		menu	Exoroche 2; Teiringo 2; Phaviane 6; Sochiene 6; Trion 11
2026-06-27 22:29:31	arrived	231	Port San d'Oria zone line	area	generated	-129.815	267.475	12.000	-123.510	270.516	8.289	1	0	-122.911	270.405	0.32		arrival	Pepigort 6; Arachagnon 12; Ilgusin 17; Gulemont 17; Synergy Enthusiast 18
2026-06-27 22:30:18	start	232	Greeter Moogle	npc	generated	-107.947	-131.950	-8.000	62.500	-126.713	-16.000	2	17	-82.045	-109.800	2.16		menu	Trion 4; Avandale 7; Coullave 14; Pieuje 15; Claidie 16
2026-06-27 22:30:18	start	232	Greeter Moogle	npc	generated	-107.947	-131.950	-8.000	62.500	-126.713	-16.000	2	17	-82.045	-109.800	2.16		menu	Trion 4; Avandale 7; Coullave 14; Pieuje 15; Claidie 16
2026-06-27 22:30:18	start	232	Greeter Moogle	npc	generated	-107.947	-131.950	-8.000	62.500	-126.713	-16.000	2	17	-82.045	-109.800	2.16		menu	Trion 4; Avandale 7; Coullave 14; Pieuje 15; Claidie 16
2026-06-27 22:30:18	start	232	Greeter Moogle	npc	generated	-107.947	-131.950	-8.000	62.500	-126.713	-16.000	2	17	-82.045	-109.800	2.16		menu	Trion 4; Avandale 7; Coullave 14; Pieuje 15; Claidie 16
2026-06-27 22:30:27	blocked	232	Greeter Moogle	npc	generated	-107.947	-131.950	-8.000	62.500	-126.713	-16.000	2	17	-102.627	-127.401	2.16	7.00	No forward progress. Near wall. Clearance 2 yalm. Route refreshed.	Trion 4; Avandale 7; Coullave 14; Pieuje 15; Claidie 16
2026-06-27 22:31:25	collision	232	Greeter Moogle	npc	generated	11.507	-128.560	-8.000	62.500	-126.713	-16.000	11	17	18.381	-131.559	0.00	7.50	Collision detected. You are not moving forward. Turn until the beacon moves off-center, then go forward. Clearance 0 yalm.	Door:Cargo Room A 8; Rharll 10; Olymoly 11; Habitox 12; Woodstockll 13
2026-06-27 22:31:52	blocked	232	Greeter Moogle	npc	generated	57.481	-108.389	-12.000	62.500	-126.713	-16.000	3	5	60.216	-115.373	0.00	7.50	Obstacle still nearby. Elphaise. Route refreshed.	Coribalgeant 1; Elphaise 4; Evenstar 6; Drunksmurf 7; Curio Vendor Moogle 8
2026-06-27 22:32:04	arrived	232	Greeter Moogle	npc	generated	65.862	-122.240	-16.000	62.500	-126.713	-16.000	5	5	67.832	-127.940	2.05		arrival	Ldsan 3; Bambolina 5; Moogle 5; Greeter Moogle 6; Festive Moogle 6
2026-06-27 22:37:30	start	232	Northern San d'Oria zone line	area	generated	64.402	-124.431	-16.000	-111.802	-136.498	-11.876	3	17	53.555	-112.600	1.41		menu	Ldsan 1; Bambolina 2; Moogle 2; Greeter Moogle 3; A.M.A.N. Liaison 8
2026-06-27 22:37:30	start	232	Northern San d'Oria zone line	area	generated	64.402	-124.431	-16.000	-111.802	-136.498	-11.876	3	17	53.555	-112.600	1.41		menu	Ldsan 1; Bambolina 2; Moogle 2; Greeter Moogle 3; A.M.A.N. Liaison 8
2026-06-27 22:37:30	start	232	Northern San d'Oria zone line	area	generated	64.402	-124.431	-16.000	-111.802	-136.498	-11.876	3	17	53.555	-112.600	1.41		menu	Ldsan 1; Bambolina 2; Moogle 2; Greeter Moogle 3; A.M.A.N. Liaison 8
2026-06-27 22:39:06	arrived	232	Northern San d'Oria zone line	area	generated	-105.084	-135.111	-8.000	-111.802	-136.498	-11.876	1	0	-110.515	-134.244	0.14		arrival	Trion 5; Avandale 10; Coullave 13; Pieuje 16; Claidie 17
2026-06-27 22:39:34	start	232	Northern San d'Oria zone line	area	generated	-93.308	-119.577	-8.000	-111.802	-136.498	-11.876	2	3	-111.802	-136.498	1.06		menu	Claidie 4; Pieuje 4; Marquie 4; Coullave 8; Avandale 13
2026-06-27 22:39:34	start	232	Northern San d'Oria zone line	area	generated	-93.308	-119.577	-8.000	-111.802	-136.498	-11.876	2	3	-111.802	-136.498	1.06		menu	Claidie 4; Pieuje 4; Marquie 4; Coullave 8; Avandale 13
2026-06-27 22:39:34	start	232	Northern San d'Oria zone line	area	generated	-93.308	-119.577	-8.000	-111.802	-136.498	-11.876	2	3	-111.802	-136.498	1.06		menu	Claidie 4; Pieuje 4; Marquie 4; Coullave 8; Avandale 13
2026-06-27 22:39:34	start	232	Northern San d'Oria zone line	area	generated	-93.308	-119.577	-8.000	-111.802	-136.498	-11.876	2	3	-111.802	-136.498	1.06		menu	Claidie 4; Pieuje 4; Marquie 4; Coullave 8; Avandale 13
2026-06-27 22:39:34	start	232	Northern San d'Oria zone line	area	generated	-93.308	-119.577	-8.000	-111.802	-136.498	-11.876	2	3	-111.802	-136.498	1.06		menu	Claidie 4; Pieuje 4; Marquie 4; Coullave 8; Avandale 13
2026-06-27 22:39:44	arrived	232	Northern San d'Oria zone line	area	generated	-105.914	-131.743	-8.000	-111.802	-136.498	-11.876	1	0	-111.802	-136.498	2.51		arrival	Trion 6; Avandale 6; Coullave 12; Pieuje 14; Claidie 15
2026-06-27 22:40:08	start	232	Northern San d'Oria zone line	area	generated	-96.017	-123.148	-8.000	-111.802	-136.498	-11.876	1	0	-111.802	-136.498	4.63		menu	Pieuje 2; Claidie 4; Coullave 4; Marquie 6; Avandale 10
2026-06-27 22:40:08	start	232	Northern San d'Oria zone line	area	generated	-96.017	-123.148	-8.000	-111.802	-136.498	-11.876	1	0	-111.802	-136.498	4.63		menu	Pieuje 2; Claidie 4; Coullave 4; Marquie 6; Avandale 10
2026-06-27 22:40:08	start	232	Northern San d'Oria zone line	area	generated	-96.017	-123.148	-8.000	-111.802	-136.498	-11.876	1	0	-111.802	-136.498	4.63		menu	Pieuje 2; Claidie 4; Coullave 4; Marquie 6; Avandale 10
2026-06-27 22:40:14	arrived	232	Northern San d'Oria zone line	area	generated	-107.128	-134.814	-8.500	-111.802	-136.498	-11.876	1	0	-111.802	-136.498	0.18		arrival	Trion 3; Avandale 10; Coullave 14; Pieuje 17; Claidie 18
2026-06-27 22:42:28	start	231	Southern San d'Oria zone line	area	generated	-125.906	269.169	12.000	-0.107	-36.133	-7.068	2	22	-138.237	192.737	1.73		menu	Pepigort 6; Arachagnon 15; Gulemont 18; Synergy Enthusiast 19; Ilgusin 19
2026-06-27 22:42:28	start	231	Southern San d'Oria zone line	area	generated	-125.906	269.169	12.000	-0.107	-36.133	-7.068	2	22	-138.237	192.737	1.73		menu	Pepigort 6; Arachagnon 15; Gulemont 18; Synergy Enthusiast 19; Ilgusin 19
2026-06-27 22:42:28	start	231	Southern San d'Oria zone line	area	generated	-125.906	269.169	12.000	-0.107	-36.133	-7.068	2	22	-138.237	192.737	1.73		menu	Pepigort 6; Arachagnon 15; Gulemont 18; Synergy Enthusiast 19; Ilgusin 19
2026-06-27 22:43:31	collision	231	Southern San d'Oria zone line	area	generated	-145.817	119.592	0.000	-0.107	-36.133	-7.068	8	22	-150.971	114.143	0.03	7.50	Collision detected. You are not moving forward. Turn until the beacon moves off-center, then go forward. Clearance 0 yalm.	Gilipese 9; Maryse 12; Fashionista 13; Fashionista 13; Fashionista 15
2026-06-27 22:44:24	blocked	231	Southern San d'Oria zone line	area	generated	-31.847	35.502	0.000	-0.107	-36.133	-7.068	2	5	-29.423	26.656	4.06	9.17	No forward progress. Wall clearance 4 yalms. Route refreshed.	Door:Windurstian Consul 13; Giaunne 19; Heruze-Moruze 24
2026-06-27 22:51:22	start	231	West Ronfaure zone line	area	generated	-31.847	35.502	0.000	-238.702	105.961	-9.433	2	12	-43.837	50.737	4.06		menu	Door:Windurstian Consul 13; Giaunne 19; Jtgam 23; Heruze-Moruze 24
2026-06-27 22:51:22	start	231	West Ronfaure zone line	area	generated	-31.847	35.502	0.000	-238.702	105.961	-9.433	2	12	-43.837	50.737	4.06		menu	Door:Windurstian Consul 13; Giaunne 19; Jtgam 23; Heruze-Moruze 24
2026-06-27 22:51:22	start	231	West Ronfaure zone line	area	generated	-31.847	35.502	0.000	-238.702	105.961	-9.433	2	12	-43.837	50.737	4.06		menu	Door:Windurstian Consul 13; Giaunne 19; Jtgam 23; Heruze-Moruze 24
2026-06-27 22:51:22	start	231	West Ronfaure zone line	area	generated	-31.847	35.502	0.000	-238.702	105.961	-9.433	2	12	-43.837	50.737	4.06		menu	Door:Windurstian Consul 13; Giaunne 19; Jtgam 23; Heruze-Moruze 24
2026-06-27 22:52:30	arrived	231	West Ronfaure zone line	area	generated	-235.342	105.004	-4.000	-238.702	105.961	-9.433	1	0	-238.702	105.961	0.70		arrival	Dapraugeant 3
2026-06-27 22:55:46	start	231	Southern San d'Oria zone line	area	generated	-234.393	104.509	-4.000	-0.107	-36.133	-7.068	2	16	-207.437	103.537	1.26		menu	Dapraugeant 3
2026-06-27 22:55:46	start	231	Southern San d'Oria zone line	area	generated	-234.393	104.509	-4.000	-0.107	-36.133	-7.068	2	16	-207.437	103.537	1.26		menu	Dapraugeant 3
2026-06-27 22:55:46	start	231	Southern San d'Oria zone line	area	generated	-234.393	104.509	-4.000	-0.107	-36.133	-7.068	2	16	-207.437	103.537	1.26		menu	Dapraugeant 3
2026-06-27 22:56:58	arrived	231	Southern San d'Oria zone line	area	generated	0.641	-33.075	0.000	-0.107	-36.133	-7.068	1	0	-0.107	-36.133	2.72		arrival	Exoroche 2; Sochiene 6; Phaviane 7; Trion 12; Jufaue 19
2026-06-27 22:57:38	start	230	Gondebaud	npc	generated	-1.254	54.388	-2.000	123.754	92.125	0.000	2	17	8.276	31.506	2.07		menu	Todorokijp 2; Ephauge 8; Aubejart 9; Destin 11; Varonbiriaux 20
2026-06-27 22:57:38	start	230	Gondebaud	npc	generated	-1.254	54.388	-2.000	123.754	92.125	0.000	2	17	8.276	31.506	2.07		menu	Todorokijp 2; Ephauge 8; Aubejart 9; Destin 11; Varonbiriaux 20
2026-06-27 22:57:38	start	230	Gondebaud	npc	generated	-1.254	54.388	-2.000	123.754	92.125	0.000	2	17	8.276	31.506	2.07		menu	Todorokijp 2; Ephauge 8; Aubejart 9; Destin 11; Varonbiriaux 20
2026-06-27 22:57:51	start	230	Gondebaud	npc	generated	6.829	35.757	-1.450	123.754	92.125	0.000	3	17	43.476	-6.494	1.12		menu	Varonbiriaux 7; Ailbeche 9; Destin 10; Otomo02 11; Aubejart 12
2026-06-27 22:57:51	start	230	Gondebaud	npc	generated	6.829	35.757	-1.450	123.754	92.125	0.000	3	17	43.476	-6.494	1.12		menu	Varonbiriaux 7; Ailbeche 9; Destin 10; Otomo02 11; Aubejart 12
2026-06-27 22:57:51	start	230	Gondebaud	npc	generated	6.829	35.757	-1.450	123.754	92.125	0.000	3	17	43.476	-6.494	1.12		menu	Varonbiriaux 7; Ailbeche 9; Destin 10; Otomo02 11; Aubejart 12
2026-06-27 22:57:51	start	230	Gondebaud	npc	generated	6.829	35.757	-1.450	123.754	92.125	0.000	3	17	43.476	-6.494	1.12		menu	Varonbiriaux 7; Ailbeche 9; Destin 10; Otomo02 11; Aubejart 12
2026-06-27 22:58:44	arrived	230	Gondebaud	npc	generated	117.992	94.112	0.000	123.754	92.125	0.000	16	17	120.525	96.528	0.00		arrival	Varchet 3; Mystic Retriever 4; Gondebaud 6; Amutiyaal 10; Atelloune 11
2026-06-27 22:59:38	start	230	West Ronfaure zone line	area	generated	123.443	92.492	0.000	-113.372	-57.418	-4.075	2	21	119.876	94.306	0.00		menu	Mystic Retriever 2; Shard of Sunlight 6; Varchet 7; Atelloune 8; Amutiyaal 10
2026-06-27 22:59:38	start	230	West Ronfaure zone line	area	generated	123.443	92.492	0.000	-113.372	-57.418	-4.075	2	21	119.876	94.306	0.00		menu	Mystic Retriever 2; Shard of Sunlight 6; Varchet 7; Atelloune 8; Amutiyaal 10
2026-06-27 22:59:38	start	230	West Ronfaure zone line	area	generated	123.443	92.492	0.000	-113.372	-57.418	-4.075	2	21	119.876	94.306	0.00		menu	Mystic Retriever 2; Shard of Sunlight 6; Varchet 7; Atelloune 8; Amutiyaal 10
2026-06-27 23:01:07	blocked	230	West Ronfaure zone line	area	generated	-70.855	-24.266	2.000	-113.372	-57.418	-4.075	2	5	-74.467	-17.693	0.21	7.50	No forward progress. Near wall. Clearance 0 yalm. Route refreshed.	Hae Jakhya 2; Moogle 2; Spriggan Crier 3; Spriggan Sifter 3; Spriggan Graverobber 4
2026-06-27 23:02:09	blocked	230	West Ronfaure zone line	area	generated	-58.075	-7.193	2.000	-113.372	-57.418	-4.075	2	6	-56.611	-14.548	0.00	7.50	No forward progress. Near wall. Clearance 0 yalm. Route refreshed.	Stardust 6; Corua 6; Chompi 13; Lordkefka 13; Hypathia 13
2026-06-27 23:02:14	collision	230	West Ronfaure zone line	area	generated	-53.891	-8.886	2.000	-113.372	-57.418	-4.075	2	6	-57.940	-15.199	0.00	7.50	Collision detected. You are not moving forward. Turn until the beacon moves off-center, then go forward. Clearance 0 yalm.	Stardust 9; Corua 10; Babban's Progeny 13; Nebulah 13; Valcura 13
2026-06-27 23:02:34	blocked	230	West Ronfaure zone line	area	generated	-38.201	-47.465	2.002	-113.372	-57.418	-4.075	2	8	-40.367	-40.285	0.24	7.50	No forward progress. Near wall. Clearance 0 yalm. Route refreshed.	05 21; 04 23; 03 25; ??? 25
2026-06-27 23:02:38	start	230	West Ronfaure zone line	area	generated	-38.201	-47.465	2.002	-113.372	-57.418	-4.075	2	8	-42.124	-38.494	0.24		menu	05 21; 04 23; 03 25; ??? 25
2026-06-27 23:02:38	start	230	West Ronfaure zone line	area	generated	-38.201	-47.465	2.002	-113.372	-57.418	-4.075	2	8	-42.124	-38.494	0.24		menu	05 21; 04 23; 03 25; ??? 25
2026-06-27 23:02:38	start	230	West Ronfaure zone line	area	generated	-38.201	-47.465	2.002	-113.372	-57.418	-4.075	2	8	-42.124	-38.494	0.24		menu	05 21; 04 23; 03 25; ??? 25
2026-06-27 23:03:05	start	230	East Ronfaure zone line	area	generated	-70.212	-24.920	2.000	113.458	-57.351	-4.079	3	12	-26.124	-35.694	0.00		menu	Moogle 3; Hae Jakhya 3; Spriggan Crier 3; Spriggan Sifter 4; Spriggan Graverobber 4
2026-06-27 23:03:05	start	230	East Ronfaure zone line	area	generated	-70.212	-24.920	2.000	113.458	-57.351	-4.079	3	12	-26.124	-35.694	0.00		menu	Moogle 3; Hae Jakhya 3; Spriggan Crier 3; Spriggan Sifter 4; Spriggan Graverobber 4
2026-06-27 23:03:05	start	230	East Ronfaure zone line	area	generated	-70.212	-24.920	2.000	113.458	-57.351	-4.079	3	12	-26.124	-35.694	0.00		menu	Moogle 3; Hae Jakhya 3; Spriggan Crier 3; Spriggan Sifter 4; Spriggan Graverobber 4
2026-06-27 23:03:57	arrived	230	East Ronfaure zone line	area	generated	110.454	-52.143	0.000	113.458	-57.351	-4.079	1	0	113.100	-56.965	0.76		arrival	Anxaberoute 3; Arpevion, T.K. 5; Eggsperiment B 10; Voidwatch Purveyor 11; Eggsperiment B 12
2026-06-27 23:19:14	start	230	Northern San d'Oria zone line	area	proven	104.376	-45.180	1.000	0.620	54.388	-2.049	2	8	74.276	-20.094	2.36		menu	Anxaberoute 6; Voidwatch Purveyor 7; Arpevion, T.K. 8; Eggsperiment B 8; Eggsperiment B 12
2026-06-27 23:19:14	start	230	Northern San d'Oria zone line	area	proven	104.376	-45.180	1.000	0.620	54.388	-2.049	2	8	74.276	-20.094	2.36		menu	Anxaberoute 6; Voidwatch Purveyor 7; Arpevion, T.K. 8; Eggsperiment B 8; Eggsperiment B 12
2026-06-27 23:19:14	start	230	Northern San d'Oria zone line	area	proven	104.376	-45.180	1.000	0.620	54.388	-2.049	2	8	74.276	-20.094	2.36		menu	Anxaberoute 6; Voidwatch Purveyor 7; Arpevion, T.K. 8; Eggsperiment B 8; Eggsperiment B 12
2026-06-27 23:19:14	start	230	Northern San d'Oria zone line	area	proven	104.376	-45.180	1.000	0.620	54.388	-2.049	2	8	74.276	-20.094	2.36		menu	Anxaberoute 6; Voidwatch Purveyor 7; Arpevion, T.K. 8; Eggsperiment B 8; Eggsperiment B 12
2026-06-27 23:19:44	blocked	230	Northern San d'Oria zone line	area	proven	33.883	4.109	1.000	0.620	54.388	-2.049	2	4	27.644	10.597	5.59	9.00	No forward progress. Wall clearance 6 yalms. Route refreshed.	Babban's Progeny 7; Epuliphont 8; Leservieus 9; Erudite Moogle 10; Valentione Single 11
2026-06-27 23:20:02	blocked	230	Northern San d'Oria zone line	area	proven	33.883	4.109	1.000	0.620	54.388	-2.049	2	4	27.738	10.684	5.59	9.00	No forward progress. Wall clearance 6 yalms. Route refreshed.	Epuliphont 8; Leservieus 9; Erudite Moogle 10; Valentione Single 11; Fashionista 12
2026-06-27 23:20:20	blocked	230	Northern San d'Oria zone line	area	proven	33.883	4.109	1.000	0.620	54.388	-2.049	2	4	27.738	10.684	5.59	9.00	No forward progress. Wall clearance 6 yalms. Route refreshed.	Epuliphont 8; Leservieus 9; Erudite Moogle 10; Valentione Single 11; Fashionista 12
2026-06-27 23:21:25	blocked	230	Northern San d'Oria zone line	area	proven	-8.515	39.451	0.000	0.620	54.388	-2.049	2	8	-1.082	38.452	0.00	7.50	No forward progress. Near wall. Clearance 0 yalm. Route refreshed.	Ephauge 9; Destin 9; Babban Ny Mheillea 10; Varonbiriaux 10; Aubejart 13
2026-06-27 23:22:39	collision	230	Northern San d'Oria zone line	area	proven	-8.560	39.417	0.000	0.620	54.388	-2.049	5	8	-1.187	38.042	0.04	7.50	Collision detected. You are not moving forward. Turn until the beacon moves off-center, then go forward. Clearance 0 yalm.	Ephauge 9; Destin 9; Babban Ny Mheillea 10; Varonbiriaux 10; Aubejart 14
2026-06-27 23:22:42	collision	230	Northern San d'Oria zone line	area	proven	-8.604	39.330	0.000	0.620	54.388	-2.049	5	8	-1.140	38.597	0.08	7.50	Collision detected. You are not moving forward. Turn until the beacon moves off-center, then go forward. Clearance 0 yalm.	Ephauge 9; Destin 9; Babban Ny Mheillea 9; Varonbiriaux 10; Aubejart 14
2026-06-27 23:22:44	blocked	230	Northern San d'Oria zone line	area	proven	-8.557	39.327	0.000	0.620	54.388	-2.049	2	8	-1.105	40.178	0.03	7.50	No forward progress. Near wall. Clearance 0 yalm. Route refreshed.	Ephauge 9; Destin 9; Babban Ny Mheillea 10; Varonbiriaux 10; Aubejart 14
2026-06-27 23:23:05	blocked	230	Northern San d'Oria zone line	area	proven	-8.541	34.649	0.000	0.620	54.388	-2.049	2	7	-5.257	33.486	0.17	3.48	No forward progress. Near wall. Clearance 0 yalm. Route refreshed.	Varonbiriaux 9; Babban Ny Mheillea 10; Otomo01 11; Destin 12; Otomo03 13
2026-06-28 00:28:41	start	230	Northern San d'Oria zone line	area	proven	-11.921	31.248	0.000	0.620	54.388	-2.049	2	8	-6.000	32.000	3.81		menu	Anatis 5; Babban Ny Mheillea 9; Otomo01 12; Varonbiriaux 12; Otomo03 13
2026-06-28 00:28:41	start	230	Northern San d'Oria zone line	area	proven	-11.921	31.248	0.000	0.620	54.388	-2.049	2	8	-6.000	32.000	3.81		menu	Anatis 5; Babban Ny Mheillea 9; Otomo01 12; Varonbiriaux 12; Otomo03 13
2026-06-28 00:28:41	start	230	Northern San d'Oria zone line	area	proven	-11.921	31.248	0.000	0.620	54.388	-2.049	2	8	-6.000	32.000	3.81		menu	Anatis 5; Babban Ny Mheillea 9; Otomo01 12; Varonbiriaux 12; Otomo03 13
2026-06-28 00:28:50	collision	230	Northern San d'Oria zone line	area	proven	-8.530	39.437	0.000	0.620	54.388	-2.049	5	8	-1.165	40.855	0.01	7.50	Collision detected. You are not moving forward. Turn until the beacon moves off-center, then go forward. Clearance 0 yalm.	Anatis 8; Ephauge 9; Destin 9; Babban Ny Mheillea 10; Varonbiriaux 10
2026-06-28 00:28:56	blocked	230	Northern San d'Oria zone line	area	proven	-8.530	39.437	0.000	0.620	54.388	-2.049	2	8	-1.165	40.855	0.01	7.50	No forward progress. Near wall. Clearance 0 yalm. Route refreshed.	Anatis 8; Ephauge 9; Destin 9; Babban Ny Mheillea 10; Varonbiriaux 10
2026-06-28 00:29:14	blocked	230	Northern San d'Oria zone line	area	proven	-8.530	39.437	0.000	0.620	54.388	-2.049	2	8	-6.920	34.703	0.01	5.00	No forward progress. Near wall. Clearance 0 yalm. Route refreshed.	Anatis 8; Ephauge 9; Destin 9; Babban Ny Mheillea 10; Varonbiriaux 10
2026-06-28 00:29:33	blocked	230	Northern San d'Oria zone line	area	proven	-8.530	39.437	0.000	0.620	54.388	-2.049	2	8	-6.920	34.703	0.01	5.00	No forward progress. Near wall. Clearance 0 yalm. Route refreshed.	Anatis 8; Ephauge 9; Destin 9; Babban Ny Mheillea 10; Varonbiriaux 10
2026-06-28 00:29:51	blocked	230	Northern San d'Oria zone line	area	proven	-8.530	39.437	0.000	0.620	54.388	-2.049	2	8	-6.920	34.703	0.01	5.00	No forward progress. Near wall. Clearance 0 yalm. Route refreshed.	Anatis 8; Ephauge 9; Destin 9; Babban Ny Mheillea 10; Varonbiriaux 10
2026-06-28 00:30:09	blocked	230	Northern San d'Oria zone line	area	proven	-8.530	39.437	0.000	0.620	54.388	-2.049	2	8	-6.920	34.703	0.01	5.00	No forward progress. Near wall. Clearance 0 yalm. Route refreshed.	Anatis 8; Ephauge 9; Destin 9; Babban Ny Mheillea 10; Varonbiriaux 10
2026-06-28 00:30:27	blocked	230	Northern San d'Oria zone line	area	proven	-8.530	39.437	0.000	0.620	54.388	-2.049	2	8	-6.920	34.703	0.01	5.00	No forward progress. Near wall. Clearance 0 yalm. Route refreshed.	Anatis 8; Ephauge 9; Destin 9; Babban Ny Mheillea 10; Varonbiriaux 10
2026-06-28 00:30:45	blocked	230	Northern San d'Oria zone line	area	proven	-8.530	39.437	0.000	0.620	54.388	-2.049	2	8	-6.920	34.703	0.01	5.00	No forward progress. Near wall. Clearance 0 yalm. Route refreshed.	Anatis 8; Ephauge 9; Destin 9; Babban Ny Mheillea 10; Varonbiriaux 10
2026-06-28 00:31:03	blocked	230	Northern San d'Oria zone line	area	proven	-8.530	39.437	0.000	0.620	54.388	-2.049	2	8	-6.920	34.703	0.01	5.00	No forward progress. Near wall. Clearance 0 yalm. Route refreshed.	Anatis 8; Ephauge 9; Destin 9; Babban Ny Mheillea 10; Varonbiriaux 10
2026-06-28 00:31:22	blocked	230	Northern San d'Oria zone line	area	proven	-8.530	39.437	0.000	0.620	54.388	-2.049	2	8	-6.920	34.703	0.01	5.00	No forward progress. Near wall. Clearance 0 yalm. Route refreshed.	Anatis 8; Ephauge 9; Destin 9; Babban Ny Mheillea 10; Varonbiriaux 10
2026-06-28 00:31:40	blocked	230	Northern San d'Oria zone line	area	proven	-8.530	39.437	0.000	0.620	54.388	-2.049	2	8	-6.920	34.703	0.01	5.00	No forward progress. Near wall. Clearance 0 yalm. Route refreshed.	Anatis 8; Ephauge 9; Destin 9; Babban Ny Mheillea 10; Varonbiriaux 10
2026-06-28 00:31:58	blocked	230	Northern San d'Oria zone line	area	proven	-8.530	39.437	0.000	0.620	54.388	-2.049	2	8	-6.920	34.703	0.01	5.00	No forward progress. Near wall. Clearance 0 yalm. Route refreshed.	Anatis 8; Ephauge 9; Destin 9; Babban Ny Mheillea 10; Varonbiriaux 10
2026-06-28 00:32:16	blocked	230	Northern San d'Oria zone line	area	proven	-8.530	39.437	0.000	0.620	54.388	-2.049	2	8	-6.920	34.703	0.01	5.00	No forward progress. Near wall. Clearance 0 yalm. Route refreshed.	Anatis 8; Ephauge 9; Destin 9; Babban Ny Mheillea 10; Varonbiriaux 10
2026-06-28 00:32:34	blocked	230	Northern San d'Oria zone line	area	proven	-8.530	39.437	0.000	0.620	54.388	-2.049	2	8	-6.920	34.703	0.01	5.00	No forward progress. Near wall. Clearance 0 yalm. Route refreshed.	Anatis 8; Ephauge 9; Destin 9; Babban Ny Mheillea 10; Varonbiriaux 10
2026-06-28 00:32:52	blocked	230	Northern San d'Oria zone line	area	proven	-8.530	39.437	0.000	0.620	54.388	-2.049	2	8	-6.920	34.703	0.01	5.00	No forward progress. Near wall. Clearance 0 yalm. Route refreshed.	Anatis 8; Ephauge 9; Destin 9; Babban Ny Mheillea 10; Varonbiriaux 10
2026-06-28 00:33:11	blocked	230	Northern San d'Oria zone line	area	proven	-8.530	39.437	0.000	0.620	54.388	-2.049	2	8	-6.920	34.703	0.01	5.00	No forward progress. Near wall. Clearance 0 yalm. Route refreshed.	Anatis 8; Ephauge 9; Destin 9; Babban Ny Mheillea 10; Varonbiriaux 10
2026-06-28 00:33:29	blocked	230	Northern San d'Oria zone line	area	proven	-8.530	39.437	0.000	0.620	54.388	-2.049	2	8	-6.920	34.703	0.01	5.00	No forward progress. Near wall. Clearance 0 yalm. Route refreshed.	Anatis 8; Ephauge 9; Destin 9; Babban Ny Mheillea 10; Varonbiriaux 10
2026-06-28 00:33:47	blocked	230	Northern San d'Oria zone line	area	proven	-8.530	39.437	0.000	0.620	54.388	-2.049	2	8	-6.920	34.703	0.01	5.00	No forward progress. Near wall. Clearance 0 yalm. Route refreshed.	Anatis 8; Ephauge 9; Destin 9; Babban Ny Mheillea 10; Varonbiriaux 10
2026-06-28 00:34:05	blocked	230	Northern San d'Oria zone line	area	proven	-8.530	39.437	0.000	0.620	54.388	-2.049	2	8	-6.920	34.703	0.01	5.00	No forward progress. Near wall. Clearance 0 yalm. Route refreshed.	Anatis 8; Ephauge 9; Destin 9; Babban Ny Mheillea 10; Varonbiriaux 10
2026-06-28 00:34:23	blocked	230	Northern San d'Oria zone line	area	proven	-8.530	39.437	0.000	0.620	54.388	-2.049	2	8	-6.920	34.703	0.01	5.00	No forward progress. Near wall. Clearance 0 yalm. Route refreshed.	Anatis 8; Ephauge 9; Destin 9; Babban Ny Mheillea 10; Varonbiriaux 10
2026-06-28 00:34:41	blocked	230	Northern San d'Oria zone line	area	proven	-8.530	39.437	0.000	0.620	54.388	-2.049	2	8	-6.920	34.703	0.01	5.00	No forward progress. Near wall. Clearance 0 yalm. Route refreshed.	Anatis 8; Ephauge 9; Destin 9; Babban Ny Mheillea 10; Varonbiriaux 10
2026-06-28 00:35:00	blocked	230	Northern San d'Oria zone line	area	proven	-8.530	39.437	0.000	0.620	54.388	-2.049	2	8	-6.920	34.703	0.01	5.00	No forward progress. Near wall. Clearance 0 yalm. Route refreshed.	Anatis 8; Ephauge 9; Destin 9; Babban Ny Mheillea 10; Varonbiriaux 10
2026-06-28 00:35:18	blocked	230	Northern San d'Oria zone line	area	proven	-8.530	39.437	0.000	0.620	54.388	-2.049	2	8	-6.920	34.703	0.01	5.00	No forward progress. Near wall. Clearance 0 yalm. Route refreshed.	Anatis 8; Ephauge 9; Destin 9; Babban Ny Mheillea 10; Varonbiriaux 10
2026-06-28 00:35:36	blocked	230	Northern San d'Oria zone line	area	proven	-8.530	39.437	0.000	0.620	54.388	-2.049	2	8	-6.920	34.703	0.01	5.00	No forward progress. Near wall. Clearance 0 yalm. Route refreshed.	Anatis 8; Ephauge 9; Destin 9; Babban Ny Mheillea 10; Varonbiriaux 10
2026-06-28 00:35:54	blocked	230	Northern San d'Oria zone line	area	proven	-8.530	39.437	0.000	0.620	54.388	-2.049	2	8	-6.920	34.703	0.01	5.00	No forward progress. Near wall. Clearance 0 yalm. Route refreshed.	Anatis 8; Ephauge 9; Destin 9; Babban Ny Mheillea 10; Varonbiriaux 10
2026-06-28 00:36:12	blocked	230	Northern San d'Oria zone line	area	proven	-8.530	39.437	0.000	0.620	54.388	-2.049	2	8	-6.920	34.703	0.01	5.00	No forward progress. Near wall. Clearance 0 yalm. Route refreshed.	Anatis 8; Ephauge 9; Destin 9; Babban Ny Mheillea 10; Varonbiriaux 10
2026-06-28 00:36:30	blocked	230	Northern San d'Oria zone line	area	proven	-8.530	39.437	0.000	0.620	54.388	-2.049	2	8	-6.920	34.703	0.01	5.00	No forward progress. Near wall. Clearance 0 yalm. Route refreshed.	Anatis 8; Ephauge 9; Destin 9; Babban Ny Mheillea 10; Varonbiriaux 10
2026-06-28 00:36:49	blocked	230	Northern San d'Oria zone line	area	proven	-8.530	39.437	0.000	0.620	54.388	-2.049	2	8	-6.920	34.703	0.01	5.00	No forward progress. Near wall. Clearance 0 yalm. Route refreshed.	Anatis 8; Ephauge 9; Destin 9; Babban Ny Mheillea 10; Varonbiriaux 10
2026-06-28 00:37:07	blocked	230	Northern San d'Oria zone line	area	proven	-8.530	39.437	0.000	0.620	54.388	-2.049	2	8	-6.920	34.703	0.01	5.00	No forward progress. Near wall. Clearance 0 yalm. Route refreshed.	Anatis 8; Ephauge 9; Destin 9; Babban Ny Mheillea 10; Varonbiriaux 10
2026-06-28 00:37:35	start	230	Northern San d'Oria zone line	area	proven	-8.530	39.437	0.000	0.620	54.388	-2.049	2	9	-8.124	31.506	0.01		menu	Anatis 8; Ephauge 9; Destin 9; Babban Ny Mheillea 10; Varonbiriaux 10
2026-06-28 00:37:35	start	230	Northern San d'Oria zone line	area	proven	-8.530	39.437	0.000	0.620	54.388	-2.049	2	9	-8.124	31.506	0.01		menu	Anatis 8; Ephauge 9; Destin 9; Babban Ny Mheillea 10; Varonbiriaux 10
2026-06-28 00:37:35	start	230	Northern San d'Oria zone line	area	proven	-8.530	39.437	0.000	0.620	54.388	-2.049	2	9	-8.124	31.506	0.01		menu	Anatis 8; Ephauge 9; Destin 9; Babban Ny Mheillea 10; Varonbiriaux 10
2026-06-28 00:37:35	start	230	Northern San d'Oria zone line	area	proven	-8.530	39.437	0.000	0.620	54.388	-2.049	2	9	-8.124	31.506	0.01		menu	Anatis 8; Ephauge 9; Destin 9; Babban Ny Mheillea 10; Varonbiriaux 10
2026-06-28 00:38:07	blocked	230	Northern San d'Oria zone line	area	proven	-8.703	36.601	0.000	0.620	54.388	-2.049	2	6	-4.475	35.050	0.19	4.50	No forward progress. Near wall. Clearance 0 yalm. Route refreshed.	Anatis 6; Varonbiriaux 9; Babban Ny Mheillea 9; Destin 11; Ephauge 12
2026-06-28 00:39:04	blocked	230	Northern San d'Oria zone line	area	proven	-8.537	34.221	0.000	0.620	54.388	-2.049	2	9	-5.092	33.817	0.20	3.47	No forward progress. Near wall. Clearance 0 yalm. Route refreshed.	Anatis 6; Varonbiriaux 9; Babban Ny Mheillea 10; Otomo01 11; Destin 12
2026-06-28 00:39:23	blocked	230	Northern San d'Oria zone line	area	proven	-8.537	34.221	0.000	0.620	54.388	-2.049	2	9	-5.967	32.065	0.20	3.35	No forward progress. Near wall. Clearance 0 yalm. Route refreshed.	Anatis 6; Varonbiriaux 9; Babban Ny Mheillea 10; Otomo01 11; Destin 12
2026-06-28 00:39:41	blocked	230	Northern San d'Oria zone line	area	proven	-8.537	34.221	0.000	0.620	54.388	-2.049	2	9	-5.967	32.065	0.20	3.35	No forward progress. Near wall. Clearance 0 yalm. Route refreshed.	Anatis 6; Varonbiriaux 9; Babban Ny Mheillea 10; Otomo01 11; Destin 12
2026-06-28 00:40:03	arrived	230	Northern San d'Oria zone line	area	proven	-1.989	49.019	-2.000	0.620	54.388	-2.049	9	9	0.562	53.795	1.33		arrival	Ephauge 3; Aubejart 5; Destin 6; Purpledoom 8; Ryunata 8
2026-06-28 00:51:23	start	231	Excenmille	npc	generated	2.507	-32.465	0.000	-229.344	22.976	7.999	2	20	-11.037	8.337	0.86		menu	Exoroche 3; Sochiene 5; Phaviane 8; Trion 12; Jufaue 17
2026-06-28 00:51:23	start	231	Excenmille	npc	generated	2.507	-32.465	0.000	-229.344	22.976	7.999	2	20	-11.037	8.337	0.86		menu	Exoroche 3; Sochiene 5; Phaviane 8; Trion 12; Jufaue 17
2026-06-28 00:52:47	arrived	231	Excenmille	npc	generated	-230.852	24.666	8.000	-229.344	22.976	7.999	20	20	-229.344	22.976	9.14		arrival	Excenmille 2; Valentione Single 13; Eggsperiment B 16; Daveille 16; Eggsperiment U 17
2026-06-28 00:55:15	start	231	Southern San d'Oria zone line	area	generated	-229.681	23.354	8.000	-0.107	-36.133	-7.068	2	24	-221.837	37.937	7.85		menu	Excenmille 1; Valentione Single 11; Daveille 17; Eggsperiment B 17; Eggsperiment U 18
2026-06-28 00:55:15	start	231	Southern San d'Oria zone line	area	generated	-229.681	23.354	8.000	-0.107	-36.133	-7.068	2	24	-221.837	37.937	7.85		menu	Excenmille 1; Valentione Single 11; Daveille 17; Eggsperiment B 17; Eggsperiment U 18
2026-06-28 00:55:15	start	231	Southern San d'Oria zone line	area	generated	-229.681	23.354	8.000	-0.107	-36.133	-7.068	2	24	-221.837	37.937	7.85		menu	Excenmille 1; Valentione Single 11; Daveille 17; Eggsperiment B 17; Eggsperiment U 18
2026-06-28 00:56:20	collision	231	Southern San d'Oria zone line	area	generated	-71.390	57.369	0.001	-0.107	-36.133	-7.068	19	24	-63.968	58.451	0.00	7.50	Collision detected. You are not moving forward. Turn until the beacon moves off-center, then go forward. Clearance 0 yalm.	Eugballion 10; Taulenne 21; Kasaroro 23; Narsaude 23; Valentione Single 24
2026-06-28 00:56:59	blocked	231	Southern San d'Oria zone line	area	generated	-78.500	51.531	-0.199	-0.107	-36.133	-7.068	2	12	-73.623	54.074	0.00	5.50	No forward progress. Near wall. Clearance 0 yalm. Route refreshed.	Taulenne 16; Eugballion 17; Kasaroro 18; Justi 22; Door:Justi's Furniture 23
2026-06-28 00:57:43	arrived	231	Southern San d'Oria zone line	area	generated	-0.061	-29.275	0.000	-0.107	-36.133	-7.068	1	0	-0.107	-36.133	3.96		arrival	Exoroche 1; Phaviane 4; Sochiene 4; Trion 8; Jufaue 17
2026-06-28 00:58:21	start	230	Gondebaud	npc	generated	-2.504	54.388	-2.000	123.754	92.125	0.000	2	17	8.276	31.506	0.82		menu	Ephauge 8; Aubejart 9; Destin 11; Varonbiriaux 20; Babban Ny Mheillea 23
2026-06-28 00:58:21	start	230	Gondebaud	npc	generated	-2.504	54.388	-2.000	123.754	92.125	0.000	2	17	8.276	31.506	0.82		menu	Ephauge 8; Aubejart 9; Destin 11; Varonbiriaux 20; Babban Ny Mheillea 23
2026-06-28 00:59:22	arrived	230	Gondebaud	npc	generated	119.535	95.470	0.000	123.754	92.125	0.000	17	17	123.754	92.125	1.21		arrival	Mystic Retriever 3; Varchet 5; Gondebaud 5; Shard of Sunlight 11; Amutiyaal 11
2026-06-28 01:04:51	start	230	West Ronfaure zone line	area	generated	119.799	95.461	0.000	-113.372	-57.418	-4.075	2	20	115.476	89.906	1.16		menu	Mystic Retriever 3; Varchet 5; Gondebaud 5; Shard of Sunlight 11; Amutiyaal 11
2026-06-28 01:04:51	start	230	West Ronfaure zone line	area	generated	119.799	95.461	0.000	-113.372	-57.418	-4.075	2	20	115.476	89.906	1.16		menu	Mystic Retriever 3; Varchet 5; Gondebaud 5; Shard of Sunlight 11; Amutiyaal 11
2026-06-28 01:04:51	start	230	West Ronfaure zone line	area	generated	119.799	95.461	0.000	-113.372	-57.418	-4.075	2	20	115.476	89.906	1.16		menu	Mystic Retriever 3; Varchet 5; Gondebaud 5; Shard of Sunlight 11; Amutiyaal 11
2026-06-28 01:04:58	start	230	East Ronfaure zone line	area	generated	119.799	95.461	0.000	113.458	-57.351	-4.079	2	8	115.476	89.906	1.16		menu	Mystic Retriever 3; Varchet 5; Gondebaud 5; Shard of Sunlight 11; Amutiyaal 11
2026-06-28 01:04:58	start	230	East Ronfaure zone line	area	generated	119.799	95.461	0.000	113.458	-57.351	-4.079	2	8	115.476	89.906	1.16		menu	Mystic Retriever 3; Varchet 5; Gondebaud 5; Shard of Sunlight 11; Amutiyaal 11
2026-06-28 01:05:43	arrived	230	East Ronfaure zone line	area	generated	108.304	-53.372	0.000	113.458	-57.351	-4.079	1	0	113.458	-57.351	1.66		arrival	Arpevion, T.K. 3; Anxaberoute 4; Voidwatch Purveyor 9; Eggsperiment B 10; Eggsperiment B 11
2026-06-28 01:09:22	start	101	Southern San d'Oria zone line	area	untested	105.329	262.807	-60.698	79.181	280.841	-70.089	1	0	79.181	280.841	1.89		menu	Moogle 8; Magivore Ternion 8; ??? 8; Rayochindot 16; Croteillard 18
2026-06-28 01:09:22	start	101	Southern San d'Oria zone line	area	untested	105.329	262.807	-60.698	79.181	280.841	-70.089	1	0	79.181	280.841	1.89		menu	Moogle 8; Magivore Ternion 8; ??? 8; Rayochindot 16; Croteillard 18
2026-06-28 01:09:22	start	101	Southern San d'Oria zone line	area	untested	105.329	262.807	-60.698	79.181	280.841	-70.089	1	0	79.181	280.841	1.89		menu	Moogle 8; Magivore Ternion 8; ??? 8; Rayochindot 16; Croteillard 18
2026-06-28 01:09:22	start	101	Southern San d'Oria zone line	area	untested	105.329	262.807	-60.698	79.181	280.841	-70.089	1	0	79.181	280.841	1.89		menu	Moogle 8; Magivore Ternion 8; ??? 8; Rayochindot 16; Croteillard 18
2026-06-28 01:09:33	arrived	101	Southern San d'Oria zone line	area	untested	82.493	278.457	-62.000	79.181	280.841	-70.089	1	0	79.181	280.841	6.17		arrival	Rayochindot 12; Croteillard 13
2026-06-28 01:10:41	start	230	Gondebaud	npc	generated	110.233	-54.222	0.000	123.754	92.125	0.000	2	9	83.876	-10.094	2.59		menu	Arpevion, T.K. 5; Anxaberoute 5; Voidwatch Purveyor 11; Eggsperiment B 12; Eggsperiment B 12
2026-06-28 01:10:41	start	230	Gondebaud	npc	generated	110.233	-54.222	0.000	123.754	92.125	0.000	2	9	83.876	-10.094	2.59		menu	Arpevion, T.K. 5; Anxaberoute 5; Voidwatch Purveyor 11; Eggsperiment B 12; Eggsperiment B 12
2026-06-28 01:10:41	start	230	Gondebaud	npc	generated	110.233	-54.222	0.000	123.754	92.125	0.000	2	9	83.876	-10.094	2.59		menu	Arpevion, T.K. 5; Anxaberoute 5; Voidwatch Purveyor 11; Eggsperiment B 12; Eggsperiment B 12
2026-06-28 01:10:41	start	230	Gondebaud	npc	generated	110.233	-54.222	0.000	123.754	92.125	0.000	2	9	83.876	-10.094	2.59		menu	Arpevion, T.K. 5; Anxaberoute 5; Voidwatch Purveyor 11; Eggsperiment B 12; Eggsperiment B 12
2026-06-28 01:11:25	arrived	230	Gondebaud	npc	generated	117.353	93.492	0.000	123.754	92.125	0.000	9	9	120.887	97.706	0.00		arrival	Varchet 2; Mystic Retriever 5; Gondebaud 7; Amutiyaal 9; Atelloune 11
2026-06-28 01:30:25	start	230	Northern San d'Oria zone line	area	proven	120.922	94.008	0.000	0.620	54.388	-2.049	3	17	115.476	89.906	0.44		zone-search	Mystic Retriever 1; Gondebaud 3; Varchet 5; Shard of Sunlight 9; Atelloune 10
2026-06-28 01:30:35	blocked	230	Northern San d'Oria zone line	area	proven	120.922	94.008	0.000	0.620	54.388	-2.049	3	17	116.340	90.770	0.44	5.61	No forward progress. Near wall. Clearance 0 yalm. Route refreshed.	Mystic Retriever 1; Gondebaud 3; Varchet 5; Shard of Sunlight 9; Atelloune 10
2026-06-28 01:30:53	blocked	230	Northern San d'Oria zone line	area	proven	120.922	94.008	0.000	0.620	54.388	-2.049	3	17	116.340	90.770	0.44	5.61	No forward progress. Near wall. Clearance 0 yalm. Route refreshed.	Mystic Retriever 1; Gondebaud 3; Varchet 5; Shard of Sunlight 9; Atelloune 10
2026-06-28 01:31:05	start	230	Northern San d'Oria zone line	area	proven	120.922	94.008	0.000	0.620	54.388	-2.049	3	17	115.476	89.906	0.44		zone-search	Mystic Retriever 1; Gondebaud 3; Varchet 5; Shard of Sunlight 9; Atelloune 10
2026-06-28 01:31:49	blocked	230	Northern San d'Oria zone line	area	proven	95.300	40.835	4.000	0.620	54.388	-2.049	2	14	95.029	35.637	0.82	5.20	No forward progress. Near wall. Clearance 1 yalm. Route refreshed.	Door:Rosel's Armour 6; Door:Rosel's Armour 7; Camlin 9; Abenzio 10; Babban's Progeny 10
2026-06-28 01:32:01	collision	230	Northern San d'Oria zone line	area	proven	100.183	34.694	4.000	0.620	54.388	-2.049	2	14	92.480	28.871	1.69	9.66	Edge contact. You are scraping a wall. Steer away from the wall, then continue. Clearance 2 yalm.	Door:Rosel's Armour 10; Door:Rosel's Armour 12; Waxwing 14; Camlin 15; Abenzio 16
2026-06-28 01:32:05	collision	230	Northern San d'Oria zone line	area	proven	100.183	34.694	4.000	0.620	54.388	-2.049	2	14	92.480	28.871	1.69	9.66	Edge contact. You are scraping a wall. Steer away from the wall, then continue. Clearance 2 yalm.	Door:Rosel's Armour 10; Door:Rosel's Armour 12; Waxwing 14; Camlin 15; Abenzio 16
2026-06-28 01:32:07	blocked	230	Northern San d'Oria zone line	area	proven	99.002	34.877	4.000	0.620	54.388	-2.049	2	11	92.484	28.878	2.87	8.86	No forward progress. Wall clearance 3 yalms. Route refreshed.	Door:Rosel's Armour 9; Door:Rosel's Armour 10; Waxwing 14; Camlin 15; Abenzio 15
2026-06-28 01:33:06	blocked	230	Northern San d'Oria zone line	area	proven	8.632	32.027	0.000	0.620	54.388	-2.049	2	9	3.413	33.176	0.31	5.34	No forward progress. Near wall. Clearance 0 yalm. Route refreshed.	Ailbeche 6; Varonbiriaux 9; Otomo02 9; Otomo04 11; Otomo01 12
2026-06-28 01:35:39	start	230	Northern San d'Oria zone line	area	proven	16.865	34.369	0.000	0.620	54.388	-2.049	2	9	-8.124	31.506	5.14		zone-search-selected	Ailbeche 14; Varonbiriaux 17; Otomo02 17; Aubejart 19; Otomo04 19
2026-06-28 01:35:39	start	230	Northern San d'Oria zone line	area	proven	16.865	34.369	0.000	0.620	54.388	-2.049	2	9	-8.124	31.506	5.14		zone-search-selected	Ailbeche 14; Varonbiriaux 17; Otomo02 17; Aubejart 19; Otomo04 19
2026-06-28 01:35:39	start	230	Northern San d'Oria zone line	area	proven	16.865	34.369	0.000	0.620	54.388	-2.049	2	9	-8.124	31.506	5.14		zone-search-selected	Ailbeche 14; Varonbiriaux 17; Otomo02 17; Aubejart 19; Otomo04 19
2026-06-28 01:44:02	start	230	Northern San d'Oria zone line	area	proven	18.435	35.090	0.000	0.620	54.388	-2.049	2	9	12.000	32.000	4.42		zone-search-selected	Ailbeche 15; Varonbiriaux 18; Otomo02 19; Aubejart 19; Destin 20
2026-06-28 01:44:02	start	230	Northern San d'Oria zone line	area	proven	18.435	35.090	0.000	0.620	54.388	-2.049	2	9	12.000	32.000	4.42		zone-search-selected	Ailbeche 15; Varonbiriaux 18; Otomo02 19; Aubejart 19; Destin 20
2026-06-28 01:44:02	start	230	Northern San d'Oria zone line	area	proven	18.435	35.090	0.000	0.620	54.388	-2.049	2	9	12.000	32.000	4.42		zone-search-selected	Ailbeche 15; Varonbiriaux 18; Otomo02 19; Aubejart 19; Destin 20
2026-06-28 01:44:14	zone-leg-arrived	230	Northern San d'Oria zone line	area	proven	-1.871	51.712	-2.000	0.620	54.388	-2.049	9	9	0.620	54.388	1.45		zone search leg arrival	Ephauge 5; Aubejart 7; Destin 9; Varonbiriaux 18; Babban Ny Mheillea 21
2026-06-28 01:44:21	start	231	Port San d'Oria zone line	area	untested	0.632	-32.468	-0.049	-123.510	270.516	8.289	2	20	-11.037	8.337	2.73		zone-search-resume	
2026-06-28 01:46:07	zone-leg-arrived	231	Port San d'Oria zone line	area	untested	-126.676	268.437	12.000	-123.510	270.516	8.289	1	0	-123.510	270.516	1.67		zone search leg arrival	Pepigort 6; Arachagnon 15; Synergy Enthusiast 18; Gulemont 18; Ilgusin 18
2026-06-28 01:46:14	start	232	Greeter Moogle	npc	generated	-107.416	-132.479	-8.050	62.500	-126.713	-16.000	2	17	-82.045	-109.800	1.98		zone-search-resume	
2026-06-28 01:47:21	blocked	232	Greeter Moogle	npc	generated	11.613	-130.607	-8.000	62.500	-126.713	-16.000	5	11	19.109	-130.343	0.12	7.50	No forward progress. Near wall. Clearance 0 yalm. Route refreshed.	Door:Cargo Room A 9; Cinta 9; Suginan 10; Sincha 10; Sayang 10
2026-06-28 01:47:31	blocked	232	Greeter Moogle	npc	generated	14.289	-135.910	-8.000	62.500	-126.713	-16.000	3	9	19.277	-126.239	2.91	10.88	No forward progress. Wall clearance 3 yalms. Route refreshed.	Cinta 13; Sayang 14; Olymoly 14; Sincha 14; Suginan 14
2026-06-28 01:47:43	blocked	232	Greeter Moogle	npc	generated	16.072	-133.006	-8.000	62.500	-126.713	-16.000	3	9	18.442	-128.057	0.24	5.49	No forward progress. Near wall. Clearance 0 yalm. Route refreshed.	Cinta 14; Door:Cargo Room A 14; Suginan 15; Sincha 15; Olymoly 15
2026-06-28 01:47:47	start	232	Greeter Moogle	npc	generated	16.072	-133.006	-8.000	62.500	-126.713	-16.000	3	9	23.155	-117.800	0.24		menu	Cinta 14; Door:Cargo Room A 14; Suginan 15; Sincha 15; Olymoly 15
2026-06-28 01:47:47	start	232	Greeter Moogle	npc	generated	16.072	-133.006	-8.000	62.500	-126.713	-16.000	3	9	23.155	-117.800	0.24		menu	Cinta 14; Door:Cargo Room A 14; Suginan 15; Sincha 15; Olymoly 15
2026-06-28 01:47:47	start	232	Greeter Moogle	npc	generated	16.072	-133.006	-8.000	62.500	-126.713	-16.000	3	9	23.155	-117.800	0.24		menu	Cinta 14; Door:Cargo Room A 14; Suginan 15; Sincha 15; Olymoly 15
2026-06-28 01:48:12	blocked	232	Greeter Moogle	npc	generated	57.096	-108.432	-12.000	62.500	-126.713	-16.000	3	5	59.137	-115.649	0.31	7.50	No forward progress. Near wall. Clearance 0 yalm. Route refreshed.	Greenphrod 5; Curio Vendor Moogle 8; Meuxtajean 8; Garct 8; Keshnak 8
2026-06-28 01:48:27	arrived	232	Greeter Moogle	npc	generated	62.704	-119.874	-16.000	62.500	-126.713	-16.000	4	5	67.555	-124.942	1.33		arrival	Mihnegyue 4; Ldsan 5; Bambolina 7; Moogle 7; Greeter Moogle 7
2026-06-28 02:02:30	start	232	Northern San d'Oria zone line	area	proven	71.577	-118.252	-16.000	-108.200	-131.700	-8.000	2	17	66.755	-119.800	0.05		zone-search-selected	Festive Moogle 1; Ancestry Moogle 5; Mihnegyue 6; Ldsan 10; Bambolina 11
2026-06-28 02:02:30	start	232	Northern San d'Oria zone line	area	proven	71.577	-118.252	-16.000	-108.200	-131.700	-8.000	2	17	66.755	-119.800	0.05		zone-search-selected	Festive Moogle 1; Ancestry Moogle 5; Mihnegyue 6; Ldsan 10; Bambolina 11
2026-06-28 02:02:30	start	232	Northern San d'Oria zone line	area	proven	71.577	-118.252	-16.000	-108.200	-131.700	-8.000	2	17	66.755	-119.800	0.05		zone-search-selected	Festive Moogle 1; Ancestry Moogle 5; Mihnegyue 6; Ldsan 10; Bambolina 11
2026-06-28 02:02:30	start	232	Northern San d'Oria zone line	area	proven	71.577	-118.252	-16.000	-108.200	-131.700	-8.000	2	17	66.755	-119.800	0.05		zone-search-selected	Festive Moogle 1; Ancestry Moogle 5; Mihnegyue 6; Ldsan 10; Bambolina 11
2026-06-28 02:03:18	collision	232	Northern San d'Oria zone line	area	proven	45.109	-115.458	-12.000	-108.200	-131.700	-8.000	4	17	38.315	-112.281	0.00	7.50	Collision detected. You are not moving forward. Turn until the beacon moves off-center, then go forward. Clearance 0 yalm.	Fandagle 5; Noquerelle 6; Curio Vendor Moogle 7; Taroot 9; Estus 10
2026-06-28 02:03:47	blocked	232	Northern San d'Oria zone line	area	proven	47.858	-114.871	-12.000	-108.200	-131.700	-8.000	2	16	42.741	-113.346	0.53	5.34	No forward progress. Near wall. Clearance 1 yalm. Route refreshed.	Curio Vendor Moogle 4; Noquerelle 6; Warpy 7; Fandagle 7; Greenphrod 8
2026-06-28 02:04:08	collision	232	Northern San d'Oria zone line	area	proven	45.360	-115.500	-12.000	-108.200	-131.700	-8.000	3	16	38.580	-118.250	0.00	7.32	Collision detected. You are not moving forward. Turn until the beacon moves off-center, then go forward. Clearance 0 yalm.	Fandagle 5; Noquerelle 6; Curio Vendor Moogle 7; Warpy 9; Taroot 9
2026-06-28 02:04:58	blocked	232	Northern San d'Oria zone line	area	proven	-76.091	-112.321	-4.000	-108.200	-131.700	-8.000	2	4	-78.521	-107.387	0.00	5.50	No forward progress. Near wall. Clearance 0 yalm. Route refreshed.	Rielle 6; Teilsa 14; Laucimercen 15; Marquie 21; Claidie 22
2026-06-28 02:05:22	zone-leg-arrived	232	Northern San d'Oria zone line	area	proven	-101.662	-127.632	-8.000	-108.200	-131.700	-8.000	1	0	-108.200	-131.700	6.23		zone search leg arrival	Avandale 5; Coullave 6; Pieuje 8; Claidie 9; Trion 11
2026-06-28 02:06:10	start	232	Northern San d'Oria zone line	area	proven	-113.338	-130.396	-8.000	-108.200	-131.700	-8.000	2	4	-111.645	-129.000	0.05		zone-search-selected	Trion 5; Avandale 9; Coullave 18; Pieuje 19; Claidie 19
2026-06-28 02:06:10	start	232	Northern San d'Oria zone line	area	proven	-113.338	-130.396	-8.000	-108.200	-131.700	-8.000	2	4	-111.645	-129.000	0.05		zone-search-selected	Trion 5; Avandale 9; Coullave 18; Pieuje 19; Claidie 19
2026-06-28 02:06:10	start	232	Northern San d'Oria zone line	area	proven	-113.338	-130.396	-8.000	-108.200	-131.700	-8.000	2	4	-111.645	-129.000	0.05		zone-search-selected	Trion 5; Avandale 9; Coullave 18; Pieuje 19; Claidie 19
2026-06-28 02:06:10	start	232	Northern San d'Oria zone line	area	proven	-113.338	-130.396	-8.000	-108.200	-131.700	-8.000	2	4	-111.645	-129.000	0.05		zone-search-selected	Trion 5; Avandale 9; Coullave 18; Pieuje 19; Claidie 19
2026-06-28 02:06:11	zone-leg-arrived	232	Northern San d'Oria zone line	area	proven	-113.338	-130.396	-8.000	-108.200	-131.700	-8.000	2	4	-109.437	-130.730	0.05		zone search leg arrival	Trion 5; Avandale 9; Coullave 18; Pieuje 19; Claidie 19
2026-06-28 02:06:17	start	232	Northern San d'Oria zone line	area	proven	-113.338	-130.396	-8.000	-108.200	-131.700	-8.000	2	4	-111.645	-129.000	0.05		menu	Trion 5; Avandale 9; Coullave 18; Pieuje 19; Claidie 19
2026-06-28 02:06:18	start	232	Northern San d'Oria zone line	area	proven	-113.338	-130.396	-8.000	-108.200	-131.700	-8.000	2	4	-111.645	-129.000	0.05		menu	Trion 5; Avandale 9; Coullave 18; Pieuje 19; Claidie 19
2026-06-28 02:06:18	start	232	Northern San d'Oria zone line	area	proven	-113.338	-130.396	-8.000	-108.200	-131.700	-8.000	2	4	-111.645	-129.000	0.05		menu	Trion 5; Avandale 9; Coullave 18; Pieuje 19; Claidie 19
2026-06-28 02:06:18	start	232	Northern San d'Oria zone line	area	proven	-113.338	-130.396	-8.000	-108.200	-131.700	-8.000	2	4	-111.645	-129.000	0.05		menu	Trion 5; Avandale 9; Coullave 18; Pieuje 19; Claidie 19
2026-06-28 02:06:19	arrived	232	Northern San d'Oria zone line	area	proven	-113.338	-130.396	-8.000	-108.200	-131.700	-8.000	2	4	-109.437	-130.730	0.05		arrival	Trion 5; Avandale 9; Coullave 18; Pieuje 19; Claidie 19
2026-06-28 02:06:23	start	232	Northern San d'Oria zone line	area	proven	-113.483	-127.680	-8.000	-108.200	-131.700	-8.000	2	4	-111.645	-129.000	0.31		menu	Trion 8; Avandale 8; Pieuje 18; Claidie 18; Coullave 18
2026-06-28 02:06:23	start	232	Northern San d'Oria zone line	area	proven	-113.483	-127.680	-8.000	-108.200	-131.700	-8.000	2	4	-111.645	-129.000	0.31		menu	Trion 8; Avandale 8; Pieuje 18; Claidie 18; Coullave 18
2026-06-28 02:06:23	start	232	Northern San d'Oria zone line	area	proven	-113.483	-127.680	-8.000	-108.200	-131.700	-8.000	2	4	-111.645	-129.000	0.31		menu	Trion 8; Avandale 8; Pieuje 18; Claidie 18; Coullave 18
2026-06-28 02:06:23	start	232	Northern San d'Oria zone line	area	proven	-113.483	-127.680	-8.000	-108.200	-131.700	-8.000	2	4	-111.645	-129.000	0.31		menu	Trion 8; Avandale 8; Pieuje 18; Claidie 18; Coullave 18
2026-06-28 02:06:24	arrived	232	Northern San d'Oria zone line	area	proven	-113.483	-127.680	-8.000	-108.200	-131.700	-8.000	2	4	-109.491	-130.688	0.31		arrival	Trion 8; Avandale 8; Pieuje 18; Claidie 18; Coullave 18
2026-06-28 02:06:33	start	232	Northern San d'Oria zone line	area	proven	-97.075	-131.968	-8.000	-108.200	-131.700	-8.000	2	3	-108.200	-131.700	0.00		menu	Coullave 5; Avandale 11; Pieuje 11; Claidie 12; Trion 14
2026-06-28 02:06:33	start	232	Northern San d'Oria zone line	area	proven	-97.075	-131.968	-8.000	-108.200	-131.700	-8.000	2	3	-108.200	-131.700	0.00		menu	Coullave 5; Avandale 11; Pieuje 11; Claidie 12; Trion 14
2026-06-28 02:06:33	start	232	Northern San d'Oria zone line	area	proven	-97.075	-131.968	-8.000	-108.200	-131.700	-8.000	2	3	-108.200	-131.700	0.00		menu	Coullave 5; Avandale 11; Pieuje 11; Claidie 12; Trion 14
2026-06-28 02:06:38	arrived	232	Northern San d'Oria zone line	area	proven	-101.670	-134.200	-8.000	-108.200	-131.700	-8.000	2	3	-106.621	-131.732	1.15		arrival	Trion 9; Coullave 9; Avandale 10; Pieuje 14; Claidie 15
2026-06-28 02:07:04	start	232	Northern San d'Oria zone line	area	proven	-99.721	-115.234	-8.000	-108.200	-131.700	-8.000	2	3	-108.200	-131.700	0.00		menu	Marquie 4; Claidie 5; Pieuje 7; Avandale 12; Coullave 13
2026-06-28 02:07:04	start	232	Northern San d'Oria zone line	area	proven	-99.721	-115.234	-8.000	-108.200	-131.700	-8.000	2	3	-108.200	-131.700	0.00		menu	Marquie 4; Claidie 5; Pieuje 7; Avandale 12; Coullave 13
2026-06-28 02:07:04	start	232	Northern San d'Oria zone line	area	proven	-99.721	-115.234	-8.000	-108.200	-131.700	-8.000	2	3	-108.200	-131.700	0.00		menu	Marquie 4; Claidie 5; Pieuje 7; Avandale 12; Coullave 13
2026-06-28 02:07:10	arrived	232	Northern San d'Oria zone line	area	proven	-104.559	-128.865	-8.000	-108.200	-131.700	-8.000	1	0	-108.200	-131.700	5.37		arrival	Avandale 4; Trion 8; Coullave 9; Pieuje 11; Claidie 12
2026-06-28 02:07:22	start	232	Northern San d'Oria zone line	area	proven	-105.933	-134.190	-8.000	-108.200	-131.700	-8.000	2	3	-108.200	-131.700	0.33		menu	Trion 5; Avandale 9; Coullave 13; Pieuje 16; Claidie 17
2026-06-28 02:07:22	start	232	Northern San d'Oria zone line	area	proven	-105.933	-134.190	-8.000	-108.200	-131.700	-8.000	2	3	-108.200	-131.700	0.33		menu	Trion 5; Avandale 9; Coullave 13; Pieuje 16; Claidie 17
2026-06-28 02:07:22	start	232	Northern San d'Oria zone line	area	proven	-105.933	-134.190	-8.000	-108.200	-131.700	-8.000	2	3	-108.200	-131.700	0.33		menu	Trion 5; Avandale 9; Coullave 13; Pieuje 16; Claidie 17
2026-06-28 02:07:23	arrived	232	Northern San d'Oria zone line	area	proven	-105.933	-134.190	-8.000	-108.200	-131.700	-8.000	2	3	-108.200	-131.700	0.33		arrival	Trion 5; Avandale 9; Coullave 13; Pieuje 16; Claidie 17
2026-06-28 02:07:41	start	232	Northern San d'Oria zone line	area	proven	-87.059	-115.081	-6.500	-108.200	-131.700	-8.000	2	3	-108.200	-131.700	0.00		menu	Marquie 10; Claidie 11; Pieuje 12; Coullave 15; Teilsa 15
2026-06-28 02:07:41	start	232	Northern San d'Oria zone line	area	proven	-87.059	-115.081	-6.500	-108.200	-131.700	-8.000	2	3	-108.200	-131.700	0.00		menu	Marquie 10; Claidie 11; Pieuje 12; Coullave 15; Teilsa 15
2026-06-28 02:07:41	start	232	Northern San d'Oria zone line	area	proven	-87.059	-115.081	-6.500	-108.200	-131.700	-8.000	2	3	-108.200	-131.700	0.00		menu	Marquie 10; Claidie 11; Pieuje 12; Coullave 15; Teilsa 15
2026-06-28 02:07:41	start	232	Northern San d'Oria zone line	area	proven	-87.059	-115.081	-6.500	-108.200	-131.700	-8.000	2	3	-108.200	-131.700	0.00		menu	Marquie 10; Claidie 11; Pieuje 12; Coullave 15; Teilsa 15
2026-06-28 02:07:49	arrived	232	Northern San d'Oria zone line	area	proven	-103.566	-130.038	-8.000	-108.200	-131.700	-8.000	1	0	-108.200	-131.700	5.06		arrival	Avandale 5; Trion 8; Coullave 9; Pieuje 11; Claidie 12
2026-06-28 02:10:24	start	231	Southern San d'Oria zone line	area	proven	-125.375	268.640	12.000	-0.107	-36.133	-7.068	2	23	-126.637	262.337	2.48		zone-search-selected	Pepigort 6; Arachagnon 16; Synergy Enthusiast 18; Gulemont 19; Ilgusin 19
2026-06-28 02:10:24	start	231	Southern San d'Oria zone line	area	proven	-125.375	268.640	12.000	-0.107	-36.133	-7.068	2	23	-126.637	262.337	2.48		zone-search-selected	Pepigort 6; Arachagnon 16; Synergy Enthusiast 18; Gulemont 19; Ilgusin 19
2026-06-28 02:10:24	start	231	Southern San d'Oria zone line	area	proven	-125.375	268.640	12.000	-0.107	-36.133	-7.068	2	23	-126.637	262.337	2.48		zone-search-selected	Pepigort 6; Arachagnon 16; Synergy Enthusiast 18; Gulemont 19; Ilgusin 19
2026-06-28 02:12:27	zone-leg-arrived	231	Southern San d'Oria zone line	area	proven	1.490	-32.703	0.000	-0.107	-36.133	-7.068	1	0	-0.107	-36.133	1.87		zone search leg arrival	Exoroche 3; Sochiene 5; Phaviane 7; Trion 12; Jufaue 18
2026-06-28 02:12:34	start	230	Gondebaud	npc	untested	0.620	54.388	-2.049	123.754	92.125	0.000	2	17	8.276	31.506	2.86		zone-search-resume	
2026-06-28 02:13:39	arrived	230	Gondebaud	npc	untested	116.996	92.025	0.000	123.754	92.125	0.000	16	17	122.266	97.361	0.42		arrival	Varchet 1; Mystic Retriever 6; Gondebaud 7; Amutiyaal 7; Atelloune 10
2026-06-28 02:24:49	start	230	East Ronfaure zone line	area	generated	116.960	95.820	0.000	113.458	-57.351	-4.079	2	8	118.276	94.306	0.14		menu	Varchet 4; Mystic Retriever 6; Gondebaud 8; Amutiyaal 11; Atelloune 13
2026-06-28 02:24:49	start	230	East Ronfaure zone line	area	generated	116.960	95.820	0.000	113.458	-57.351	-4.079	2	8	118.276	94.306	0.14		menu	Varchet 4; Mystic Retriever 6; Gondebaud 8; Amutiyaal 11; Atelloune 13
2026-06-28 02:25:39	blocked	230	East Ronfaure zone line	area	generated	87.561	-14.263	2.000	113.458	-57.351	-4.079	2	3	89.441	-18.985	0.34	5.08	No forward progress. Near wall. Clearance 0 yalm. Route refreshed.	Adaunel 13; Sakurakol 16; Maugie 18; Slarin 19; Apairemant 21
2026-06-28 02:25:57	blocked	230	East Ronfaure zone line	area	generated	87.561	-14.263	2.000	113.458	-57.351	-4.079	2	3	90.136	-18.549	0.34	5.00	No forward progress. Near wall. Clearance 0 yalm. Route refreshed.	Adaunel 13; Sakurakol 16; Maugie 18; Slarin 19; Apairemant 21
2026-06-28 02:26:15	blocked	230	East Ronfaure zone line	area	generated	87.561	-14.263	2.000	113.458	-57.351	-4.079	2	3	90.136	-18.549	0.34	5.00	No forward progress. Near wall. Clearance 0 yalm. Route refreshed.	Adaunel 13; Babban's Progeny 15; Sakurakol 16; Maugie 18; Slarin 19
2026-06-28 02:26:49	blocked	230	East Ronfaure zone line	area	generated	105.498	-52.557	0.000	113.458	-57.351	-4.079	2	3	109.781	-55.136	0.82	5.00	No forward progress. Near wall. Clearance 1 yalm. Route refreshed.	Arpevion, T.K. 1; Anxaberoute 5; Voidwatch Purveyor 6; Eggsperiment B 8; Eggsperiment B 12
2026-06-28 02:26:52	arrived	230	East Ronfaure zone line	area	generated	108.698	-53.897	0.000	113.458	-57.351	-4.079	1	0	113.458	-57.351	1.57		arrival	Arpevion, T.K. 4; Anxaberoute 5; Voidwatch Purveyor 10; Eggsperiment B 10; Eggsperiment B 12
2026-06-28 02:29:20	start	101	West Ronfaure zone line z2t0	area	untested	156.198	233.933	-59.271	-30.050	140.034	-58.027	3	7	102.400	208.000	0.00		menu	August 1; Wild Rabbit 3; Amchuchu 5; Qultada 7; Ding Bats 12
2026-06-28 02:29:21	start	101	West Ronfaure zone line z2t0	area	untested	156.198	233.933	-59.271	-30.050	140.034	-58.027	3	7	102.400	208.000	0.00		menu	August 1; Wild Rabbit 3; Amchuchu 5; Qultada 7; Ding Bats 12
2026-06-28 02:29:21	start	101	West Ronfaure zone line z2t0	area	untested	156.198	233.933	-59.271	-30.050	140.034	-58.027	3	7	102.400	208.000	0.00		menu	August 1; Wild Rabbit 3; Amchuchu 5; Qultada 7; Ding Bats 12
2026-06-28 02:29:21	start	101	West Ronfaure zone line z2t0	area	untested	156.198	233.933	-59.271	-30.050	140.034	-58.027	3	7	102.400	208.000	0.00		menu	August 1; Wild Rabbit 3; Amchuchu 5; Qultada 7; Ding Bats 12
2026-06-28 02:30:13	arrived	101	West Ronfaure zone line z2t0	area	untested	-26.153	138.450	-49.779	-30.050	140.034	-58.027	1	0	-30.050	140.034	4.05		arrival	August 2; Amchuchu 3; Qultada 5
2026-06-28 02:30:27	start	100	La Theine Plateau zone line	area	untested	-24.427	143.375	-49.870	-560.415	-613.176	-10.328	2	47	-134.400	164.800	1.83		menu	Tunnel Worm 20
2026-06-28 02:30:27	start	100	La Theine Plateau zone line	area	untested	-24.427	143.375	-49.870	-560.415	-613.176	-10.328	2	47	-134.400	164.800	1.83		menu	Tunnel Worm 20
2026-06-28 02:30:27	start	100	La Theine Plateau zone line	area	untested	-24.427	143.375	-49.870	-560.415	-613.176	-10.328	2	47	-134.400	164.800	1.83		menu	Tunnel Worm 20
2026-06-28 02:30:27	start	100	La Theine Plateau zone line	area	untested	-24.427	143.375	-49.870	-560.415	-613.176	-10.328	2	47	-134.400	164.800	1.83		menu	Tunnel Worm 20
2026-06-28 02:31:44	blocked	100	La Theine Plateau zone line	area	untested	-215.906	184.990	-54.144	-560.415	-613.176	-10.328	2	42	-222.220	185.680	2.77	6.35	No forward progress. Wall clearance 3 yalms. Route refreshed.	Ding Bats 4
2026-06-28 02:31:55	zoned	100	La Theine Plateau zone line	area	untested	112.088	79.911	0.000	-560.415	-613.176	-10.328	1	0	0.000	0.000	3.03		zone change	
2026-06-28 02:34:23	start	230	Northern San d'Oria zone line	area	proven	113.392	82.979	0.000	0.620	54.388	-2.049	2	13	93.876	32.306	0.00		menu	Amutiyaal 4; Shard of Sunlight 8; Varchet 9; Atelloune 10; Shard of Sunlight 11
2026-06-28 02:34:23	start	230	Northern San d'Oria zone line	area	proven	113.392	82.979	0.000	0.620	54.388	-2.049	2	13	93.876	32.306	0.00		menu	Amutiyaal 4; Shard of Sunlight 8; Varchet 9; Atelloune 10; Shard of Sunlight 11
2026-06-28 02:35:30	arrived	230	Northern San d'Oria zone line	area	proven	-2.628	49.300	-2.000	0.620	54.388	-2.049	6	6	0.584	54.012	0.70		arrival	Ephauge 3; Aubejart 6; Destin 7; Varonbiriaux 15; Babban Ny Mheillea 19
2026-06-28 02:35:59	start	231	West Ronfaure zone line	area	generated	-1.242	-32.471	0.000	-252.158	43.913	1.663	2	18	-10.237	-7.663	2.41		menu	Exoroche 2; Phaviane 5; Sochiene 7; Trion 11; Dauperiat 20
2026-06-28 02:35:59	start	231	West Ronfaure zone line	area	generated	-1.242	-32.471	0.000	-252.158	43.913	1.663	2	18	-10.237	-7.663	2.41		menu	Exoroche 2; Phaviane 5; Sochiene 7; Trion 11; Dauperiat 20
2026-06-28 02:35:59	start	231	West Ronfaure zone line	area	generated	-1.242	-32.471	0.000	-252.158	43.913	1.663	2	18	-10.237	-7.663	2.41		menu	Exoroche 2; Phaviane 5; Sochiene 7; Trion 11; Dauperiat 20
2026-06-28 02:36:25	collision	231	West Ronfaure zone line	area	generated	-44.121	37.293	-2.000	-252.158	43.913	1.663	4	18	-41.647	44.373	0.21	7.50	Collision detected. You are not moving forward. Turn until the beacon moves off-center, then go forward. Clearance 0 yalm.	Door:Windurstian Consul 2; Heruze-Moruze 12; Pala Korin 15; Chapal-Afal, W.W. 18; Lion 21
2026-06-28 02:37:39	arrived	231	West Ronfaure zone line	area	generated	-247.927	43.433	7.000	-252.158	43.913	1.663	1	0	-252.158	43.913	1.90		arrival	Achantere, T.K. 3; Rodaillece 4; Izzzzy 4; Thestickybandit 4; Thewetbandit 4
2026-06-28 02:39:11	start	100	La Theine Plateau zone line	area	untested	-174.589	379.136	-62.000	-560.415	-613.176	-10.328	2	43	-196.800	373.600	2.14		menu	August 1; Adalefont 2; Gachemage 4; Darrcuiln 5; Lion 8
2026-06-28 02:39:11	start	100	La Theine Plateau zone line	area	untested	-174.589	379.136	-62.000	-560.415	-613.176	-10.328	2	43	-196.800	373.600	2.14		menu	August 1; Adalefont 2; Gachemage 4; Darrcuiln 5; Lion 8
2026-06-28 02:39:11	start	100	La Theine Plateau zone line	area	untested	-174.589	379.136	-62.000	-560.415	-613.176	-10.328	2	43	-196.800	373.600	2.14		menu	August 1; Adalefont 2; Gachemage 4; Darrcuiln 5; Lion 8
2026-06-28 02:40:39	blocked	100	La Theine Plateau zone line	area	untested	-282.397	149.833	-39.500	-560.415	-613.176	-10.328	2	37	-286.042	141.350	4.70	9.23	No forward progress. Wall clearance 5 yalms. Route refreshed.	August 2; Darrcuiln 3; Lion 5; Treasure Casket 16; Orcish Fodder 16
2026-06-28 02:41:04	blocked	100	La Theine Plateau zone line	area	untested	-251.195	94.753	-40.850	-560.415	-613.176	-10.328	2	35	-246.611	87.008	6.03	9.00	No forward progress. Wall clearance 6 yalms. Route refreshed.	August 2; Darrcuiln 5; Lion 9; Carrion Worm 11; Forest Hare 12
2026-06-28 02:42:43	blocked	100	La Theine Plateau zone line	area	untested	-213.855	-47.157	-30.758	-560.415	-613.176	-10.328	2	31	-218.709	-54.736	6.91	9.00	No forward progress. Wall clearance 7 yalms. Route refreshed.	Treasure Casket 1; Wild Sheep 1; August 2; Darrcuiln 3; Lion 5
2026-06-28 02:43:19	blocked	100	La Theine Plateau zone line	area	untested	-228.183	-72.354	-29.722	-560.415	-613.176	-10.328	2	30	-235.540	-78.084	5.25	9.33	No forward progress. Wall clearance 5 yalms. Route refreshed.	August 2; Orcish Fodder 3; Darrcuiln 3; Lion 4
2026-06-28 02:43:43	blocked	100	La Theine Plateau zone line	area	untested	-227.537	-70.460	-30.254	-560.415	-613.176	-10.328	2	30	-235.313	-77.691	5.60	10.62	No forward progress. Wall clearance 6 yalms. Route refreshed.	Orcish Fodder 1; August 1; Darrcuiln 1; Lion 2; Forest Hare 13
2026-06-28 02:44:57	blocked	100	La Theine Plateau zone line	area	untested	-281.798	-75.860	-30.024	-560.415	-613.176	-10.328	2	29	-282.129	-84.854	3.92	9.00	No forward progress. Wall clearance 4 yalms. Route refreshed.	Treasure Casket 1; Scarab Beetle 1; August 2; Lion 4; Darrcuiln 5
2026-06-28 02:45:18	blocked	100	La Theine Plateau zone line	area	untested	-281.798	-75.860	-30.024	-560.415	-613.176	-10.328	2	29	-282.129	-84.854	3.92	9.00	No forward progress. Wall clearance 4 yalms. Route refreshed.	Treasure Casket 1; Scarab Beetle 1; August 2; Lion 4; Darrcuiln 5
2026-06-28 02:45:43	blocked	100	La Theine Plateau zone line	area	untested	-281.798	-75.860	-30.024	-560.415	-613.176	-10.328	2	29	-282.129	-84.854	3.92	9.00	No forward progress. Wall clearance 4 yalms. Route refreshed.	Treasure Casket 1; Scarab Beetle 1; August 2; Lion 4; Darrcuiln 5
2026-06-28 02:45:58	blocked	100	La Theine Plateau zone line	area	untested	-281.798	-75.860	-30.024	-560.415	-613.176	-10.328	2	29	-282.129	-84.854	3.92	9.00	No forward progress. Wall clearance 4 yalms. Route refreshed.	Treasure Casket 1; Scarab Beetle 1; August 2; Lion 4; Darrcuiln 5
2026-06-28 02:47:50	blocked	100	La Theine Plateau zone line	area	untested	-244.736	-142.843	-20.013	-560.415	-613.176	-10.328	2	26	-251.935	-151.023	9.07	10.90	No forward progress. Wall clearance 9 yalms. Route refreshed.	Treasure Casket 1; Goblin Thug 1; August 1; Lion 3; Forest Hare 3
2026-06-28 02:48:11	blocked	100	La Theine Plateau zone line	area	untested	-244.736	-142.843	-20.013	-560.415	-613.176	-10.328	2	26	-249.951	-150.178	9.07	9.00	No forward progress. Wall clearance 9 yalms. Route refreshed.	Goblin Thug 1; Treasure Casket 1; August 1; Lion 3; Forest Hare 3
2026-06-28 02:48:45	blocked	100	La Theine Plateau zone line	area	untested	-244.736	-142.843	-20.013	-560.415	-613.176	-10.328	2	26	-249.951	-150.178	9.07	9.00	No forward progress. Wall clearance 9 yalms. Route refreshed.	Goblin Thug 1; Treasure Casket 1; August 1; Lion 3; Forest Hare 3
2026-06-28 02:49:05	blocked	100	La Theine Plateau zone line	area	untested	-244.736	-142.843	-20.013	-560.415	-613.176	-10.328	2	26	-249.951	-150.178	9.07	9.00	No forward progress. Wall clearance 9 yalms. Route refreshed.	Goblin Thug 1; Treasure Casket 1; August 1; Lion 3; Forest Hare 3
2026-06-28 02:50:04	blocked	100	La Theine Plateau zone line	area	untested	-279.198	-182.164	-21.513	-560.415	-613.176	-10.328	2	22	-286.576	-178.499	1.30	8.24	No forward progress. Near wall. Clearance 1 yalm. Route refreshed.	Wild Sheep 1; August 2; Lion 3; Darrcuiln 7; Wild Sheep 22
2026-06-28 02:50:22	blocked	100	La Theine Plateau zone line	area	untested	-279.198	-182.164	-21.513	-560.415	-613.176	-10.328	2	22	-282.875	-185.552	1.30	5.00	No forward progress. Near wall. Clearance 1 yalm. Route refreshed.	Wild Sheep 1; August 2; Lion 6; Darrcuiln 7; Wild Sheep 22
2026-06-28 02:50:49	blocked	100	La Theine Plateau zone line	area	untested	-280.077	-184.598	-20.932	-560.415	-613.176	-10.328	2	22	-287.203	-190.061	3.70	8.98	No forward progress. Wall clearance 4 yalms. Route refreshed.	Wild Sheep 2; Wild Sheep 3; Treasure Casket 3; Darrcuiln 4; Lion 4
2026-06-28 02:51:04	blocked	100	La Theine Plateau zone line	area	untested	-282.890	-186.299	-20.719	-560.415	-613.176	-10.328	2	22	-287.340	-193.247	4.11	8.25	No forward progress. Wall clearance 4 yalms. Route refreshed.	Wild Sheep 1; Treasure Casket 1; Darrcuiln 1; August 2; Lion 3
2026-06-28 02:51:30	blocked	100	La Theine Plateau zone line	area	untested	-282.890	-186.299	-20.719	-560.415	-613.176	-10.328	2	22	-287.340	-193.245	4.11	8.25	No forward progress. Wall clearance 4 yalms. Route refreshed.	Wild Sheep 1; Treasure Casket 1; Darrcuiln 1; August 2; Lion 3
2026-06-28 02:51:51	blocked	100	La Theine Plateau zone line	area	untested	-282.890	-186.299	-20.719	-560.415	-613.176	-10.328	2	22	-287.340	-193.245	4.11	8.25	No forward progress. Wall clearance 4 yalms. Route refreshed.	Wild Sheep 1; Treasure Casket 1; Darrcuiln 1; August 2; Lion 3
2026-06-28 02:51:59	collision	100	La Theine Plateau zone line	area	untested	-282.890	-186.299	-20.719	-560.415	-613.176	-10.328	2	22	-287.340	-193.245	4.11	8.25	Edge contact. You are scraping a wall. Steer away from the wall, then continue.	Wild Sheep 1; Treasure Casket 1; Darrcuiln 1; August 2; Lion 3
2026-06-28 02:52:15	blocked	100	La Theine Plateau zone line	area	untested	-282.890	-186.299	-20.719	-560.415	-613.176	-10.328	2	22	-287.340	-193.245	4.11	8.25	No forward progress. Wall clearance 4 yalms. Route refreshed.	Wild Sheep 1; Treasure Casket 1; Darrcuiln 1; August 2; Lion 3
2026-06-28 02:52:23	collision	100	La Theine Plateau zone line	area	untested	-282.890	-186.299	-20.719	-560.415	-613.176	-10.328	2	22	-287.340	-193.245	4.11	8.25	Edge contact. You are scraping a wall. Steer away from the wall, then continue.	Wild Sheep 1; Treasure Casket 1; Darrcuiln 1; August 2; Lion 3
2026-06-28 02:52:47	blocked	100	La Theine Plateau zone line	area	untested	-282.890	-186.299	-20.719	-560.415	-613.176	-10.328	2	22	-287.340	-193.245	4.11	8.25	No forward progress. Wall clearance 4 yalms. Route refreshed.	Wild Sheep 1; Treasure Casket 1; Darrcuiln 1; August 2; Lion 3
2026-06-28 02:53:02	blocked	100	La Theine Plateau zone line	area	untested	-282.890	-186.299	-20.719	-560.415	-613.176	-10.328	2	22	-287.340	-193.245	4.11	8.25	No forward progress. Wall clearance 4 yalms. Route refreshed.	Wild Sheep 1; Treasure Casket 1; Darrcuiln 1; August 2; Lion 3
2026-06-28 02:53:17	collision	100	La Theine Plateau zone line	area	untested	-282.890	-186.299	-20.719	-560.415	-613.176	-10.328	2	22	-287.340	-193.245	4.11	8.25	Edge contact. You are scraping a wall. Steer away from the wall, then continue.	Wild Sheep 1; Treasure Casket 1; Darrcuiln 1; August 2; Lion 3
2026-06-28 02:53:21	collision	100	La Theine Plateau zone line	area	untested	-282.890	-186.299	-20.719	-560.415	-613.176	-10.328	2	22	-287.340	-193.245	4.11	8.25	Edge contact. You are scraping a wall. Steer away from the wall, then continue.	Wild Sheep 1; Treasure Casket 1; Darrcuiln 1; August 2; Lion 3
2026-06-28 02:54:18	blocked	100	La Theine Plateau zone line	area	untested	-286.556	-205.926	-19.624	-560.415	-613.176	-10.328	2	20	-288.269	-214.860	10.65	9.10	No forward progress. Wall clearance 11 yalms. Route refreshed.	Treasure Casket 1; Wild Sheep 1; August 1; Darrcuiln 1; Lion 3
2026-06-28 02:54:39	blocked	100	La Theine Plateau zone line	area	untested	-286.556	-205.926	-19.622	-560.415	-613.176	-10.328	2	20	-287.500	-214.876	10.65	9.00	No forward progress. Wall clearance 11 yalms. Route refreshed.	Treasure Casket 1; Wild Sheep 1; August 1; Darrcuiln 1; Lion 3
2026-06-28 02:55:00	blocked	100	La Theine Plateau zone line	area	untested	-286.556	-205.926	-19.622	-560.415	-613.176	-10.328	2	20	-287.500	-214.876	10.65	9.00	No forward progress. Wall clearance 11 yalms. Route refreshed.	Treasure Casket 1; Wild Sheep 1; August 1; Darrcuiln 1; Lion 3
2026-06-28 02:55:56	blocked	100	La Theine Plateau zone line	area	untested	-286.556	-205.926	-19.622	-560.415	-613.176	-10.328	2	20	-287.500	-214.876	10.65	9.00	No forward progress. Wall clearance 11 yalms. Route refreshed.	Treasure Casket 1; Wild Sheep 1; August 1; Darrcuiln 1; Lion 3
2026-06-28 02:56:51	blocked	100	La Theine Plateau zone line	area	untested	-297.065	-265.407	-16.666	-560.415	-613.176	-10.328	2	19	-308.956	-265.197	7.94	11.89	No forward progress. Wall clearance 8 yalms. Route refreshed.	Orcish Fodder 1; August 2; Lion 6; Darrcuiln 7; Tainted Hound 12
2026-06-28 02:57:41	blocked	100	La Theine Plateau zone line	area	untested	-368.573	-324.987	-9.948	-560.415	-613.176	-10.328	2	17	-376.532	-329.872	5.09	9.34	No forward progress. Wall clearance 5 yalms. Route refreshed.	August 3; Darrcuiln 5; Lion 6; Scarab Beetle 12; Scarab Beetle 19
2026-06-28 02:58:45	start	100	La Theine Plateau zone line	area	untested	-387.464	-338.204	-12.089	-560.415	-613.176	-10.328	3	18	-385.600	-339.600	0.16		menu	Darrcuiln 1; August 1; Carrion Worm 4; Lion 4; Scarab Beetle 5
2026-06-28 02:58:45	start	100	La Theine Plateau zone line	area	untested	-387.464	-338.204	-12.089	-560.415	-613.176	-10.328	3	18	-385.600	-339.600	0.16		menu	Darrcuiln 1; August 1; Carrion Worm 4; Lion 4; Scarab Beetle 5
2026-06-28 02:58:45	start	100	La Theine Plateau zone line	area	untested	-387.464	-338.204	-12.089	-560.415	-613.176	-10.328	3	18	-385.600	-339.600	0.16		menu	Darrcuiln 1; August 1; Carrion Worm 4; Lion 4; Scarab Beetle 5
2026-06-28 03:00:10	blocked	100	La Theine Plateau zone line	area	untested	-494.606	-492.989	-3.042	-560.415	-613.176	-10.328	2	7	-500.521	-499.979	4.58	9.16	No forward progress. Wall clearance 5 yalms. Route refreshed.	August 1; Darrcuiln 3; Lion 5; Goblin Thug 22; Scarab Beetle 23
2026-06-28 03:01:23	blocked	100	La Theine Plateau zone line	area	untested	-564.987	-508.177	0.130	-560.415	-613.176	-10.328	2	9	-551.242	-512.346	8.46	14.36	No forward progress. Wall clearance 8 yalms. Route refreshed.	Treasure Casket 1; Orcish Grappler 1; Lion 1; August 2; Darrcuiln 4
2026-06-28 03:01:41	blocked	100	La Theine Plateau zone line	area	untested	-564.987	-508.177	0.133	-560.415	-613.176	-10.328	2	9	-564.710	-517.173	8.46	9.00	No forward progress. Wall clearance 8 yalms. Route refreshed.	Treasure Casket 1; Orcish Grappler 1; Lion 1; August 2; Darrcuiln 4
2026-06-28 03:02:05	blocked	100	La Theine Plateau zone line	area	untested	-564.987	-508.177	0.133	-560.415	-613.176	-10.328	2	9	-564.710	-517.173	8.46	9.00	No forward progress. Wall clearance 8 yalms. Route refreshed.	Treasure Casket 1; Orcish Grappler 1; Lion 1; August 2; Darrcuiln 4
2026-06-28 03:02:31	blocked	100	La Theine Plateau zone line	area	untested	-564.987	-508.177	0.133	-560.415	-613.176	-10.328	2	9	-564.710	-517.173	8.46	9.00	No forward progress. Wall clearance 8 yalms. Route refreshed.	Treasure Casket 1; Orcish Grappler 1; Lion 1; August 2; Darrcuiln 4
2026-06-28 03:03:14	arrived	100	La Theine Plateau zone line	area	untested	-558.959	-606.547	0.311	-560.415	-613.176	-10.328	1	0	-560.415	-613.176	10.25		arrival	August 5; Darrcuiln 6; Lion 7
2026-06-28 03:11:33	start	102	Survival Guide	object	untested	-584.006	652.417	-3.199	775.000	-18.000	28.500	2	54	-596.000	582.400	3.42		menu	August 2; Lion 5; Koru-Moru 8; Field Manual 11; Hourensou 21
2026-06-28 03:11:33	start	102	Survival Guide	object	untested	-584.006	652.417	-3.199	775.000	-18.000	28.500	2	54	-596.000	582.400	3.42		menu	August 2; Lion 5; Koru-Moru 8; Field Manual 11; Hourensou 21
2026-06-28 03:11:33	start	102	Survival Guide	object	untested	-584.006	652.417	-3.199	775.000	-18.000	28.500	2	54	-596.000	582.400	3.42		menu	August 2; Lion 5; Koru-Moru 8; Field Manual 11; Hourensou 21
2026-06-28 03:11:58	blocked	102	Survival Guide	object	untested	-586.832	629.590	-1.047	775.000	-18.000	28.500	2	54	-589.405	620.900	11.13	9.06	No forward progress. Wall clearance 11 yalms. Route refreshed.	August 2; Lion 4; Koru-Moru 5
2026-06-28 03:13:18	collision	102	Survival Guide	object	untested	-598.151	579.523	0.975	775.000	-18.000	28.500	4	54	-594.287	573.327	1.81	7.30	Edge contact. You are scraping a wall. Steer away from the wall, then continue. Clearance 2 yalm.	August 1; Lion 2; Koru-Moru 4
2026-06-28 03:13:22	blocked	102	Survival Guide	object	untested	-598.151	579.523	0.975	775.000	-18.000	28.500	2	52	-594.287	573.327	1.81	7.30	No forward progress. Near wall. Clearance 2 yalm. Route refreshed.	August 1; Lion 2; Koru-Moru 4
2026-06-28 03:13:40	blocked	102	Survival Guide	object	untested	-598.151	579.523	0.975	775.000	-18.000	28.500	2	52	-595.565	573.018	1.81	7.00	No forward progress. Near wall. Clearance 2 yalm. Route refreshed.	August 1; Lion 2; Koru-Moru 4; Steppe Hare 24
2026-06-28 03:13:58	blocked	102	Survival Guide	object	untested	-598.151	579.523	0.975	775.000	-18.000	28.500	2	52	-595.565	573.018	1.81	7.00	No forward progress. Near wall. Clearance 2 yalm. Route refreshed.	August 1; Lion 2; Koru-Moru 4; Steppe Hare 23
2026-06-28 03:14:17	blocked	102	Survival Guide	object	untested	-598.151	579.523	0.975	775.000	-18.000	28.500	2	52	-595.565	573.018	1.81	7.00	No forward progress. Near wall. Clearance 2 yalm. Route refreshed.	August 1; Lion 2; Koru-Moru 4; Steppe Hare 23
2026-06-28 03:14:35	blocked	102	Survival Guide	object	untested	-598.151	579.523	0.975	775.000	-18.000	28.500	2	52	-595.565	573.018	1.81	7.00	No forward progress. Near wall. Clearance 2 yalm. Route refreshed.	August 1; Lion 2; Koru-Moru 4; Steppe Hare 6
2026-06-28 03:14:53	blocked	102	Survival Guide	object	untested	-598.151	579.523	0.975	775.000	-18.000	28.500	2	52	-595.565	573.018	1.81	7.00	No forward progress. Near wall. Clearance 2 yalm. Route refreshed.	August 1; Lion 2; Koru-Moru 4; Steppe Hare 22
2026-06-28 03:16:08	blocked	102	Survival Guide	object	untested	-600.976	528.410	0.157	775.000	-18.000	28.500	2	50	-592.918	524.402	11.85	9.00	No forward progress. Wall clearance 12 yalms. Route refreshed.	August 2; Lion 3; Koru-Moru 3; Treasure Casket 11; Steppe Hare 24
2026-06-28 03:16:52	blocked	102	Survival Guide	object	untested	-620.235	494.955	-0.122	775.000	-18.000	28.500	3	51	-603.886	489.564	4.05	17.21	No forward progress. Wall clearance 4 yalms. Route refreshed.	August 2; Lion 3; Koru-Moru 5; Steppe Hare 10; Orcish Grappler 23
2026-06-28 03:17:12	blocked	102	Survival Guide	object	untested	-617.880	491.370	0.374	775.000	-18.000	28.500	2	50	-624.590	485.604	1.44	8.85	No forward progress. Near wall. Clearance 1 yalm. Route refreshed.	August 1; Koru-Moru 3; Strolling Sapling 4; Lion 5; Steppe Hare 7
2026-06-28 03:17:52	start	102	Huge Wasp	enemy	observed	-626.663	448.012	8.207	-648.927	410.311	18.117	2	7	-629.200	442.400	0.06		menu	August 2; Lion 4; Koru-Moru 5
2026-06-28 03:17:52	start	102	Huge Wasp	enemy	observed	-626.663	448.012	8.207	-648.927	410.311	18.117	2	7	-629.200	442.400	0.06		menu	August 2; Lion 4; Koru-Moru 5
2026-06-28 03:17:52	start	102	Huge Wasp	enemy	observed	-626.663	448.012	8.207	-648.927	410.311	18.117	2	7	-629.200	442.400	0.06		menu	August 2; Lion 4; Koru-Moru 5
2026-06-28 03:17:52	start	102	Huge Wasp	enemy	observed	-626.663	448.012	8.207	-648.927	410.311	18.117	2	7	-629.200	442.400	0.06		menu	August 2; Lion 4; Koru-Moru 5
2026-06-28 03:18:43	blocked	102	Huge Wasp	enemy	observed	-633.419	432.110	15.172	-648.927	410.311	18.117	2	3	-625.922	432.315	0.41	7.50	No forward progress. Near wall. Clearance 0 yalm. Route refreshed.	Huge Wasp 2
2026-06-28 03:19:02	arrived	102	Huge Wasp	enemy	observed	-647.410	409.945	17.407	-648.927	410.311	18.117	3	3	-648.927	410.311	10.59		arrival	August 2; Lion 3; Koru-Moru 4; Huge Wasp 24
2026-06-28 03:20:39	start	102	Survival Guide	object	untested	-602.457	383.465	16.793	775.000	-18.000	28.500	2	47	-597.806	392.732	5.54		menu	Koru-Moru 2; August 2; Lion 2; Acro Bat 15
2026-06-28 03:20:39	start	102	Survival Guide	object	untested	-602.457	383.465	16.793	775.000	-18.000	28.500	2	47	-597.806	392.732	5.54		menu	Koru-Moru 2; August 2; Lion 2; Acro Bat 15
2026-06-28 03:20:39	start	102	Survival Guide	object	untested	-602.457	383.465	16.793	775.000	-18.000	28.500	2	47	-597.806	392.732	5.54		menu	Koru-Moru 2; August 2; Lion 2; Acro Bat 15
2026-06-28 03:20:39	start	102	Survival Guide	object	untested	-602.457	383.465	16.793	775.000	-18.000	28.500	2	47	-597.806	392.732	5.54		menu	Koru-Moru 2; August 2; Lion 2; Acro Bat 15
2026-06-28 03:22:17	start	102	Survival Guide	object	untested	-640.831	430.718	16.263	775.000	-18.000	28.500	2	47	-618.145	410.167	7.22		menu	Lion 2; Koru-Moru 3; August 4; Huge Wasp 6
2026-06-28 03:22:17	start	102	Survival Guide	object	untested	-640.831	430.718	16.263	775.000	-18.000	28.500	2	47	-618.145	410.167	7.22		menu	Lion 2; Koru-Moru 3; August 4; Huge Wasp 6
2026-06-28 03:22:17	start	102	Survival Guide	object	untested	-640.831	430.718	16.263	775.000	-18.000	28.500	2	47	-618.145	410.167	7.22		menu	Lion 2; Koru-Moru 3; August 4; Huge Wasp 6
2026-06-28 03:22:17	start	102	Survival Guide	object	untested	-640.831	430.718	16.263	775.000	-18.000	28.500	2	47	-618.145	410.167	7.22		menu	Lion 2; Koru-Moru 3; August 4; Huge Wasp 6
2026-06-28 03:22:57	start	102	Planar Rift	object	untested	-596.859	387.850	16.048	-440.000	440.000	-8.000	3	16	-592.951	392.547	0.00		menu	August 1; Lion 5; Koru-Moru 8; Acro Bat 14
2026-06-28 03:22:57	start	102	Planar Rift	object	untested	-596.859	387.850	16.048	-440.000	440.000	-8.000	3	16	-592.951	392.547	0.00		menu	August 1; Lion 5; Koru-Moru 8; Acro Bat 14
2026-06-28 03:22:58	start	102	Planar Rift	object	untested	-596.859	387.850	16.048	-440.000	440.000	-8.000	3	16	-592.951	392.547	0.00		menu	August 1; Lion 5; Koru-Moru 8; Acro Bat 14
2026-06-28 03:22:58	start	102	Planar Rift	object	untested	-596.859	387.850	16.048	-440.000	440.000	-8.000	3	16	-592.951	392.547	0.00		menu	August 1; Lion 5; Koru-Moru 8; Acro Bat 14
2026-06-28 03:23:21	blocked	102	Planar Rift	object	untested	-598.487	400.172	15.904	-440.000	440.000	-8.000	2	13	-587.953	384.460	3.95	18.92	No forward progress. Wall clearance 4 yalms. Route refreshed.	August 2; Lion 3; Koru-Moru 5; Acro Bat 9
2026-06-28 03:23:39	blocked	102	Planar Rift	object	untested	-598.487	400.172	15.904	-440.000	440.000	-8.000	2	13	-606.509	404.251	3.95	9.00	No forward progress. Wall clearance 4 yalms. Route refreshed.	August 2; Lion 3; Koru-Moru 5; Acro Bat 9
2026-06-28 04:02:23	start	102	Survival Guide	object	untested	-607.563	401.336	16.092	775.000	-18.000	28.500	2	58	-618.145	410.167	5.43		menu	August 2; Lion 4; Acro Bat 4; Koru-Moru 4
2026-06-28 04:02:23	start	102	Survival Guide	object	untested	-607.563	401.336	16.092	775.000	-18.000	28.500	2	58	-618.145	410.167	5.43		menu	August 2; Lion 4; Acro Bat 4; Koru-Moru 4
2026-06-28 04:02:23	start	102	Survival Guide	object	untested	-607.563	401.336	16.092	775.000	-18.000	28.500	2	58	-618.145	410.167	5.43		menu	August 2; Lion 4; Acro Bat 4; Koru-Moru 4
2026-06-28 04:02:23	start	102	Survival Guide	object	untested	-607.563	401.336	16.092	775.000	-18.000	28.500	2	58	-618.145	410.167	5.43		menu	August 2; Lion 4; Acro Bat 4; Koru-Moru 4
2026-06-28 04:02:23	start	102	Survival Guide	object	untested	-607.563	401.336	16.092	775.000	-18.000	28.500	2	58	-618.145	410.167	5.43		menu	August 2; Lion 4; Acro Bat 4; Koru-Moru 4
2026-06-28 04:03:37	blocked	102	Survival Guide	object	untested	-639.497	420.313	16.983	775.000	-18.000	28.500	2	58	-626.404	419.729	10.05	13.11	No forward progress. Wall clearance 10 yalms. Route refreshed.	Huge Wasp 1; Treasure Casket 1; August 1; Lion 4; Koru-Moru 6
2026-06-28 04:05:32	blocked	102	Survival Guide	object	untested	-610.902	341.924	17.329	775.000	-18.000	28.500	2	47	-608.655	350.639	6.09	9.00	No forward progress. Wall clearance 6 yalms. Route refreshed.	August 1; Lion 3; Koru-Moru 6; Goblin Weaver 22
2026-06-28 04:06:18	blocked	102	Survival Guide	object	untested	-609.063	333.693	18.130	775.000	-18.000	28.500	2	47	-608.198	341.143	0.99	7.50	No forward progress. Near wall. Clearance 1 yalm. Route refreshed.	August 2; Lion 6; Koru-Moru 9
2026-06-28 04:06:26	start	102	West Ronfaure zone line	area	untested	-608.555	332.603	18.476	-558.569	688.049	-7.049	2	13	-618.145	410.167	0.05		menu	August 2; Lion 6; Koru-Moru 8
2026-06-28 04:06:26	start	102	West Ronfaure zone line	area	untested	-608.555	332.603	18.476	-558.569	688.049	-7.049	2	13	-618.145	410.167	0.05		menu	August 2; Lion 6; Koru-Moru 8
2026-06-28 04:06:26	start	102	West Ronfaure zone line	area	untested	-608.555	332.603	18.476	-558.569	688.049	-7.049	2	13	-618.145	410.167	0.05		menu	August 2; Lion 6; Koru-Moru 8
2026-06-28 04:06:26	start	102	West Ronfaure zone line	area	untested	-608.555	332.603	18.476	-558.569	688.049	-7.049	2	13	-618.145	410.167	0.05		menu	August 2; Lion 6; Koru-Moru 8
2026-06-28 04:06:26	start	102	West Ronfaure zone line	area	untested	-608.555	332.603	18.476	-558.569	688.049	-7.049	2	13	-618.145	410.167	0.05		menu	August 2; Lion 6; Koru-Moru 8
2026-06-28 04:07:15	blocked	102	West Ronfaure zone line	area	untested	-632.803	430.920	15.242	-558.569	688.049	-7.049	2	12	-625.348	431.742	0.00	7.50	No forward progress. Near wall. Clearance 0 yalm. Route refreshed.	August 2; Lion 3; Koru-Moru 4; Goblin Weaver 11; Treasure Casket 13
2026-06-28 04:08:30	collision	102	West Ronfaure zone line	area	untested	-677.813	479.208	15.862	-558.569	688.049	-7.049	3	8	-671.470	487.666	3.41	10.57	Edge contact. You are scraping a wall. Steer away from the wall, then continue.	August 1; Lion 4; Koru-Moru 5
2026-06-28 04:08:33	collision	102	West Ronfaure zone line	area	untested	-677.813	479.208	15.862	-558.569	688.049	-7.049	3	8	-671.470	487.666	3.41	10.57	Edge contact. You are scraping a wall. Steer away from the wall, then continue.	August 1; Lion 4; Koru-Moru 5
2026-06-28 04:08:34	blocked	102	West Ronfaure zone line	area	untested	-677.813	479.208	15.862	-558.569	688.049	-7.049	2	11	-671.470	487.666	3.41	10.57	No forward progress. Wall clearance 3 yalms. Route refreshed.	August 1; Lion 4; Koru-Moru 5
2026-06-28 04:08:52	blocked	102	West Ronfaure zone line	area	untested	-677.813	479.208	15.862	-558.569	688.049	-7.049	2	11	-678.755	488.159	3.41	9.00	No forward progress. Wall clearance 3 yalms. Route refreshed.	August 1; Lion 4; Koru-Moru 5
2026-06-28 04:09:11	blocked	102	West Ronfaure zone line	area	untested	-677.813	479.208	15.862	-558.569	688.049	-7.049	2	11	-678.755	488.159	3.41	9.00	No forward progress. Wall clearance 3 yalms. Route refreshed.	August 1; Lion 4; Koru-Moru 5
2026-06-28 11:28:57	start	230	Mog House entrance	area	generated	109.924	73.130	0.250	159.500	160.000	-2.000	2	11	111.876	84.306	7.05		menu	Shard of Sunlight 3; Shard of Sunlight 4; Shard of Sunlight 7; Camlin 11; Amutiyaal 13
2026-06-28 11:28:57	start	230	Mog House entrance	area	generated	109.924	73.130	0.250	159.500	160.000	-2.000	2	11	111.876	84.306	7.05		menu	Shard of Sunlight 3; Shard of Sunlight 4; Shard of Sunlight 7; Camlin 11; Amutiyaal 13
2026-06-28 11:28:57	start	230	Mog House entrance	area	generated	109.924	73.130	0.250	159.500	160.000	-2.000	2	11	111.876	84.306	7.05		menu	Shard of Sunlight 3; Shard of Sunlight 4; Shard of Sunlight 7; Camlin 11; Amutiyaal 13
2026-06-28 11:28:57	start	230	Mog House entrance	area	generated	109.924	73.130	0.250	159.500	160.000	-2.000	2	11	111.876	84.306	7.05		menu	Shard of Sunlight 3; Shard of Sunlight 4; Shard of Sunlight 7; Camlin 11; Amutiyaal 13
2026-06-28 11:29:30	arrived	230	Mog House entrance	area	generated	158.551	158.881	-2.000	159.500	160.000	-2.000	11	11	159.500	160.000	5.38		arrival	Kagamizu 5; Phanoix 5; Badocoaeeoae 6; Fulchia 6; Nukkie 8
2026-06-28 11:29:54	start	230	Mog House entrance	area	generated	147.557	157.785	-2.000	159.500	160.000	-2.000	2	3	159.500	160.000	0.00		menu	Rumoie 7; Fulchia 13; Phanoix 15; Kagamizu 16; Badocoaeeoae 16
2026-06-28 11:29:54	start	230	Mog House entrance	area	generated	147.557	157.785	-2.000	159.500	160.000	-2.000	2	3	159.500	160.000	0.00		menu	Rumoie 7; Fulchia 13; Phanoix 15; Kagamizu 16; Badocoaeeoae 16
2026-06-28 11:29:54	start	230	Mog House entrance	area	generated	147.557	157.785	-2.000	159.500	160.000	-2.000	2	3	159.500	160.000	0.00		menu	Rumoie 7; Fulchia 13; Phanoix 15; Kagamizu 16; Badocoaeeoae 16
2026-06-28 11:30:08	arrived	230	Mog House entrance	area	generated	160.406	161.505	-2.000	159.500	160.000	-2.000	3	3	159.500	160.000	3.20		arrival	Phanoix 2; Kagamizu 2; Badocoaeeoae 3; Fulchia 4; Bamouki 4
2026-06-28 12:02:42	start	230	Treasure Coffer	object	untested	162.167	161.401	-2.000	106.000	57.500	4.000	2	11	160.676	151.506	2.91		menu	Fulchia 5; Rumoie 16; Dahjal 23
2026-06-28 12:02:42	start	230	Treasure Coffer	object	untested	162.167	161.401	-2.000	106.000	57.500	4.000	2	11	160.676	151.506	2.91		menu	Fulchia 5; Rumoie 16; Dahjal 23
2026-06-28 12:03:12	arrived	230	Treasure Coffer	object	untested	107.559	64.564	2.997	106.000	57.500	4.000	10	11	106.050	57.728	2.67		arrival	Treasure Coffer 7; Blazecraze 7; Mystrix 9; Lordsothh 9; Darach 10
2026-06-28 12:04:56	start	230	Treasure Coffer	object	untested	114.933	69.241	0.000	106.000	57.500	4.000	2	4	107.076	60.306	0.76		menu	Treasure Coffer 15; Valentione Single 15; Amutiyaal 16; Mystrix 16; Blazecraze 16
2026-06-28 12:04:56	start	230	Treasure Coffer	object	untested	114.933	69.241	0.000	106.000	57.500	4.000	2	4	107.076	60.306	0.76		menu	Treasure Coffer 15; Valentione Single 15; Amutiyaal 16; Mystrix 16; Blazecraze 16
2026-06-28 12:04:56	start	230	Treasure Coffer	object	untested	114.933	69.241	0.000	106.000	57.500	4.000	2	4	107.076	60.306	0.76		menu	Treasure Coffer 15; Valentione Single 15; Amutiyaal 16; Mystrix 16; Blazecraze 16
2026-06-28 12:04:56	start	230	Treasure Coffer	object	untested	114.933	69.241	0.000	106.000	57.500	4.000	2	4	107.076	60.306	0.76		menu	Treasure Coffer 15; Valentione Single 15; Amutiyaal 16; Mystrix 16; Blazecraze 16
2026-06-28 12:05:04	arrived	230	Treasure Coffer	object	untested	107.598	64.518	3.000	106.000	57.500	4.000	3	4	106.000	57.500	2.61		arrival	Treasure Coffer 7; Blazecraze 7; Mystrix 9; Thabiz 11; Door:Helbort's Blades 19
2026-06-28 12:09:12	start	230	Gondebaud	npc	generated	118.424	80.133	0.000	123.754	92.125	0.000	3	6	125.876	87.506	1.12		menu	Amutiyaal 5; Atelloune 7; Varchet 12; Valentione Single 12; Gondebaud 13
2026-06-28 12:09:12	start	230	Gondebaud	npc	generated	118.424	80.133	0.000	123.754	92.125	0.000	3	6	125.876	87.506	1.12		menu	Amutiyaal 5; Atelloune 7; Varchet 12; Valentione Single 12; Gondebaud 13
2026-06-28 12:09:12	start	230	Gondebaud	npc	generated	118.424	80.133	0.000	123.754	92.125	0.000	3	6	125.876	87.506	1.12		menu	Amutiyaal 5; Atelloune 7; Varchet 12; Valentione Single 12; Gondebaud 13
2026-06-28 12:09:12	start	230	Gondebaud	npc	generated	118.424	80.133	0.000	123.754	92.125	0.000	3	6	125.876	87.506	1.12		menu	Amutiyaal 5; Atelloune 7; Varchet 12; Valentione Single 12; Gondebaud 13
2026-06-28 12:09:22	arrived	230	Gondebaud	npc	generated	125.190	89.627	0.000	123.754	92.125	0.000	6	6	123.754	92.125	0.17		arrival	Gondebaud 3; Shard of Sunlight 5; Mystic Retriever 5; Atelloune 5; Varchet 9
2026-06-28 12:20:36	start	230	Northern San d'Oria zone line	area	proven	168.127	131.847	-2.000	0.620	54.388	-2.049	2	16	116.676	95.906	2.43		menu	A.M.A.N. Liaison 4; ??? 12; Solarios 13; Obsoni 16
2026-06-28 12:20:36	start	230	Northern San d'Oria zone line	area	proven	168.127	131.847	-2.000	0.620	54.388	-2.049	2	16	116.676	95.906	2.43		menu	A.M.A.N. Liaison 4; ??? 12; Solarios 13; Obsoni 16
2026-06-28 12:20:36	start	230	Northern San d'Oria zone line	area	proven	168.127	131.847	-2.000	0.620	54.388	-2.049	2	16	116.676	95.906	2.43		menu	A.M.A.N. Liaison 4; ??? 12; Solarios 13; Obsoni 16
2026-06-28 12:22:59	start	230	Northern San d'Oria zone line	area	proven	21.778	39.454	0.000	0.620	54.388	-2.049	2	9	12.000	32.000	0.05		menu	Aubejart 20; Ailbeche 21; Maleme 22; Destin 22; Varonbiriaux 22
2026-06-28 12:22:59	start	230	Northern San d'Oria zone line	area	proven	21.778	39.454	0.000	0.620	54.388	-2.049	2	9	12.000	32.000	0.05		menu	Aubejart 20; Ailbeche 21; Maleme 22; Destin 22; Varonbiriaux 22
2026-06-28 12:22:59	start	230	Northern San d'Oria zone line	area	proven	21.778	39.454	0.000	0.620	54.388	-2.049	2	9	12.000	32.000	0.05		menu	Aubejart 20; Ailbeche 21; Maleme 22; Destin 22; Varonbiriaux 22
2026-06-28 12:23:31	blocked	230	Northern San d'Oria zone line	area	proven	21.502	36.738	0.000	0.620	54.388	-2.049	2	9	4.094	35.906	2.77	17.43	No forward progress. Wall clearance 3 yalms. Route refreshed.	Ailbeche 19; Maleme 20; Aubejart 21; Varonbiriaux 22; Destin 22
2026-06-28 12:23:49	blocked	230	Northern San d'Oria zone line	area	proven	21.502	36.738	0.000	0.620	54.388	-2.049	2	9	17.028	34.507	2.77	5.00	No forward progress. Wall clearance 3 yalms. Route refreshed.	Ailbeche 19; Maleme 20; Aubejart 21; Varonbiriaux 22; Destin 22
2026-06-28 12:24:08	blocked	230	Northern San d'Oria zone line	area	proven	19.613	36.679	0.000	0.620	54.388	-2.049	2	9	15.491	33.741	2.83	5.06	No forward progress. Wall clearance 3 yalms. Route refreshed.	Ailbeche 17; Aubejart 19; Varonbiriaux 20; Maleme 21; Destin 21
2026-06-28 12:24:17	collision	230	Northern San d'Oria zone line	area	proven	26.793	36.950	0.000	0.620	54.388	-2.049	2	9	15.353	34.061	1.36	11.80	Edge contact. You are scraping a wall. Steer away from the wall, then continue. Clearance 1 yalm.	Maleme 17; Ailbeche 24
2026-06-28 12:24:20	blocked	230	Northern San d'Oria zone line	area	proven	26.793	36.950	0.000	0.620	54.388	-2.049	2	9	15.353	34.061	1.36	11.80	No forward progress. Near wall. Clearance 1 yalm.	Maleme 17; Ailbeche 24
2026-06-28 12:24:38	blocked	230	Northern San d'Oria zone line	area	proven	26.793	36.950	0.000	0.620	54.388	-2.049	2	9	15.353	34.061	1.36	11.80	No forward progress. Near wall. Clearance 1 yalm.	Maleme 17; Ailbeche 24
2026-06-28 12:24:56	blocked	230	Northern San d'Oria zone line	area	proven	26.793	36.950	0.000	0.620	54.388	-2.049	2	9	15.353	34.061	1.36	11.80	No forward progress. Near wall. Clearance 1 yalm.	Maleme 17; Ailbeche 24
2026-06-28 12:25:14	blocked	230	Northern San d'Oria zone line	area	proven	26.793	36.950	0.000	0.620	54.388	-2.049	2	9	15.353	34.061	1.36	11.80	No forward progress. Near wall. Clearance 1 yalm.	Maleme 17; Ailbeche 24
2026-06-28 12:25:32	blocked	230	Northern San d'Oria zone line	area	proven	26.793	36.950	0.000	0.620	54.388	-2.049	2	9	15.353	34.061	1.36	11.80	No forward progress. Near wall. Clearance 1 yalm.	Maleme 17; Ailbeche 24
2026-06-28 12:25:50	blocked	230	Northern San d'Oria zone line	area	proven	26.793	36.950	0.000	0.620	54.388	-2.049	2	9	15.353	34.061	1.36	11.80	No forward progress. Near wall. Clearance 1 yalm.	Maleme 17; Ailbeche 24
2026-06-28 12:26:09	blocked	230	Northern San d'Oria zone line	area	proven	26.793	36.950	0.000	0.620	54.388	-2.049	2	9	15.353	34.061	1.36	11.80	No forward progress. Near wall. Clearance 1 yalm.	Maleme 17; Ailbeche 24
2026-06-28 12:26:27	blocked	230	Northern San d'Oria zone line	area	proven	26.793	36.950	0.000	0.620	54.388	-2.049	2	9	15.353	34.061	1.36	11.80	No forward progress. Near wall. Clearance 1 yalm.	Maleme 17; Strongthumb 20; Ailbeche 24
2026-06-28 12:26:45	blocked	230	Northern San d'Oria zone line	area	proven	26.793	36.950	0.000	0.620	54.388	-2.049	2	9	15.353	34.061	1.36	11.80	No forward progress. Near wall. Clearance 1 yalm.	Maleme 17; Ailbeche 24
2026-06-28 12:27:03	blocked	230	Northern San d'Oria zone line	area	proven	26.793	36.950	0.000	0.620	54.388	-2.049	2	9	15.353	34.061	1.36	11.80	No forward progress. Near wall. Clearance 1 yalm.	Maleme 17; Ailbeche 24
2026-06-28 12:27:21	blocked	230	Northern San d'Oria zone line	area	proven	26.793	36.950	0.000	0.620	54.388	-2.049	2	9	15.353	34.061	1.36	11.80	No forward progress. Near wall. Clearance 1 yalm.	Maleme 17; Ailbeche 24
2026-06-28 12:27:39	blocked	230	Northern San d'Oria zone line	area	proven	26.793	36.950	0.000	0.620	54.388	-2.049	2	9	15.353	34.061	1.36	11.80	No forward progress. Near wall. Clearance 1 yalm.	Maleme 17; Ailbeche 24
2026-06-28 12:27:58	blocked	230	Northern San d'Oria zone line	area	proven	26.793	36.950	0.000	0.620	54.388	-2.049	2	9	15.353	34.061	1.36	11.80	No forward progress. Near wall. Clearance 1 yalm.	Maleme 17; Ailbeche 24
2026-06-28 12:28:21	start	230	Northern San d'Oria zone line	area	proven	26.793	36.950	0.000	0.620	54.388	-2.049	2	6	24.000	28.000	1.36		menu	Maleme 17; Ailbeche 24
2026-06-28 12:28:21	start	230	Northern San d'Oria zone line	area	proven	26.793	36.950	0.000	0.620	54.388	-2.049	2	6	24.000	28.000	1.36		menu	Maleme 17; Ailbeche 24
2026-06-28 12:28:21	start	230	Northern San d'Oria zone line	area	proven	26.793	36.950	0.000	0.620	54.388	-2.049	2	6	24.000	28.000	1.36		menu	Maleme 17; Ailbeche 24
2026-06-28 12:29:03	blocked	230	Northern San d'Oria zone line	area	proven	14.528	29.767	0.000	0.620	54.388	-2.049	2	5	9.649	30.870	6.49	5.00	No forward progress. Wall clearance 6 yalms. Route refreshed.	Ailbeche 10; Otomo02 14; Otomo04 14; Varonbiriaux 15; Otomo01 16
2026-06-28 12:29:21	blocked	230	Northern San d'Oria zone line	area	proven	14.528	29.767	0.000	0.620	54.388	-2.049	2	5	9.637	30.804	6.49	5.00	No forward progress. Wall clearance 6 yalms. Route refreshed.	Ailbeche 10; Otomo02 14; Otomo04 14; Varonbiriaux 15; Otomo01 16
2026-06-28 12:29:40	blocked	230	Northern San d'Oria zone line	area	proven	14.528	29.767	0.000	0.620	54.388	-2.049	2	5	9.637	30.804	6.49	5.00	No forward progress. Wall clearance 6 yalms. Route refreshed.	Ailbeche 10; Otomo02 14; Otomo04 14; Varonbiriaux 15; Otomo01 16
2026-06-28 12:29:58	blocked	230	Northern San d'Oria zone line	area	proven	14.528	29.767	0.000	0.620	54.388	-2.049	2	5	9.637	30.804	6.49	5.00	No forward progress. Wall clearance 6 yalms. Route refreshed.	Ailbeche 10; Otomo02 14; Otomo04 14; Varonbiriaux 15; Otomo01 16
2026-06-28 12:30:16	blocked	230	Northern San d'Oria zone line	area	proven	14.528	29.767	0.000	0.620	54.388	-2.049	2	5	9.637	30.804	6.49	5.00	No forward progress. Wall clearance 6 yalms. Route refreshed.	Ailbeche 10; Otomo02 14; Otomo04 14; Varonbiriaux 15; Otomo01 16
2026-06-28 12:30:34	blocked	230	Northern San d'Oria zone line	area	proven	14.528	29.767	0.000	0.620	54.388	-2.049	2	5	9.637	30.804	6.49	5.00	No forward progress. Wall clearance 6 yalms. Route refreshed.	Ailbeche 10; Otomo02 14; Otomo04 14; Varonbiriaux 15; Otomo01 16
2026-06-28 12:30:52	blocked	230	Northern San d'Oria zone line	area	proven	14.528	29.767	0.000	0.620	54.388	-2.049	2	5	9.637	30.804	6.49	5.00	No forward progress. Wall clearance 6 yalms. Route refreshed.	Ailbeche 10; Otomo02 14; Otomo04 14; Varonbiriaux 15; Otomo01 16
2026-06-28 12:31:10	blocked	230	Northern San d'Oria zone line	area	proven	14.528	29.767	0.000	0.620	54.388	-2.049	2	5	9.637	30.804	6.49	5.00	No forward progress. Wall clearance 6 yalms. Route refreshed.	Ailbeche 10; Otomo02 14; Otomo04 14; Varonbiriaux 15; Otomo01 16
2026-06-28 12:31:28	blocked	230	Northern San d'Oria zone line	area	proven	14.528	29.767	0.000	0.620	54.388	-2.049	2	5	9.637	30.804	6.49	5.00	No forward progress. Wall clearance 6 yalms. Route refreshed.	Ailbeche 10; Otomo02 14; Otomo04 14; Varonbiriaux 15; Otomo01 16
2026-06-28 12:31:47	blocked	230	Northern San d'Oria zone line	area	proven	14.528	29.767	0.000	0.620	54.388	-2.049	2	5	9.637	30.804	6.49	5.00	No forward progress. Wall clearance 6 yalms. Route refreshed.	Ailbeche 10; Otomo02 14; Otomo04 14; Varonbiriaux 15; Otomo01 16
2026-06-28 12:32:05	blocked	230	Northern San d'Oria zone line	area	proven	14.528	29.767	0.000	0.620	54.388	-2.049	2	5	9.637	30.804	6.49	5.00	No forward progress. Wall clearance 6 yalms. Route refreshed.	Ailbeche 10; Otomo02 14; Otomo04 14; Varonbiriaux 15; Otomo01 16
2026-06-28 12:32:23	blocked	230	Northern San d'Oria zone line	area	proven	14.528	29.767	0.000	0.620	54.388	-2.049	2	5	9.637	30.804	6.49	5.00	No forward progress. Wall clearance 6 yalms. Route refreshed.	Ailbeche 10; Otomo02 14; Otomo04 14; Varonbiriaux 15; Otomo01 16
2026-06-28 12:32:41	blocked	230	Northern San d'Oria zone line	area	proven	14.528	29.767	0.000	0.620	54.388	-2.049	2	5	9.637	30.804	6.49	5.00	No forward progress. Wall clearance 6 yalms. Route refreshed.	Ailbeche 10; Otomo02 14; Otomo04 14; Varonbiriaux 15; Otomo01 16
2026-06-28 12:32:59	blocked	230	Northern San d'Oria zone line	area	proven	14.528	29.767	0.000	0.620	54.388	-2.049	2	5	9.637	30.804	6.49	5.00	No forward progress. Wall clearance 6 yalms. Route refreshed.	Ailbeche 10; Otomo02 14; Otomo04 14; Varonbiriaux 15; Otomo01 16
2026-06-28 12:33:18	blocked	230	Northern San d'Oria zone line	area	proven	14.528	29.767	0.000	0.620	54.388	-2.049	2	5	9.637	30.804	6.49	5.00	No forward progress. Wall clearance 6 yalms. Route refreshed.	Ailbeche 10; Otomo02 14; Otomo04 14; Varonbiriaux 15; Otomo01 16
2026-06-28 12:33:36	blocked	230	Northern San d'Oria zone line	area	proven	14.528	29.767	0.000	0.620	54.388	-2.049	2	5	9.637	30.804	6.49	5.00	No forward progress. Wall clearance 6 yalms. Route refreshed.	Ailbeche 10; Otomo02 14; Otomo04 14; Varonbiriaux 15; Otomo01 16
2026-06-28 12:33:54	blocked	230	Northern San d'Oria zone line	area	proven	14.528	29.767	0.000	0.620	54.388	-2.049	2	5	9.637	30.804	6.49	5.00	No forward progress. Wall clearance 6 yalms. Route refreshed.	Ailbeche 10; Otomo02 14; Otomo04 14; Varonbiriaux 15; Otomo01 16
2026-06-28 12:34:12	blocked	230	Northern San d'Oria zone line	area	proven	14.528	29.767	0.000	0.620	54.388	-2.049	2	5	9.637	30.804	6.49	5.00	No forward progress. Wall clearance 6 yalms. Route refreshed.	Ailbeche 10; Otomo02 14; Otomo04 14; Varonbiriaux 15; Otomo01 16
2026-06-28 12:34:30	blocked	230	Northern San d'Oria zone line	area	proven	14.528	29.767	0.000	0.620	54.388	-2.049	2	5	9.637	30.804	6.49	5.00	No forward progress. Wall clearance 6 yalms. Route refreshed.	Ailbeche 10; Otomo02 14; Otomo04 14; Varonbiriaux 15; Otomo01 16
2026-06-28 12:34:48	blocked	230	Northern San d'Oria zone line	area	proven	14.528	29.767	0.000	0.620	54.388	-2.049	2	5	9.637	30.804	6.49	5.00	No forward progress. Wall clearance 6 yalms. Route refreshed.	Ailbeche 10; Otomo02 14; Otomo04 14; Varonbiriaux 15; Otomo01 16
2026-06-28 12:35:06	blocked	230	Northern San d'Oria zone line	area	proven	14.528	29.767	0.000	0.620	54.388	-2.049	2	5	9.637	30.804	6.49	5.00	No forward progress. Wall clearance 6 yalms. Route refreshed.	Ailbeche 10; Otomo02 14; Otomo04 14; Varonbiriaux 15; Otomo01 16
2026-06-28 12:35:22	start	230	Northern San d'Oria zone line	area	proven	14.528	29.767	0.000	0.620	54.388	-2.049	2	9	24.000	28.000	6.49		menu	Ailbeche 10; Otomo02 14; Otomo04 14; Varonbiriaux 15; Otomo01 16
2026-06-28 12:35:22	start	230	Northern San d'Oria zone line	area	proven	14.528	29.767	0.000	0.620	54.388	-2.049	2	9	24.000	28.000	6.49		menu	Ailbeche 10; Otomo02 14; Otomo04 14; Varonbiriaux 15; Otomo01 16
2026-06-28 12:35:23	start	230	Northern San d'Oria zone line	area	proven	14.528	29.767	0.000	0.620	54.388	-2.049	2	9	24.000	28.000	6.49		menu	Ailbeche 10; Otomo02 14; Otomo04 14; Varonbiriaux 15; Otomo01 16
2026-06-28 12:35:45	arrived	230	Northern San d'Oria zone line	area	proven	3.318	51.484	-2.000	0.620	54.388	-2.049	9	9	0.620	54.388	0.16		arrival	Aubejart 5; Groza 6; Ephauge 8; Destin 9; Varonbiriaux 18
2026-06-28 12:58:46	start	231	Survival Guide	object	generated	2.507	-32.465	0.000	-174.000	80.000	4.000	2	16	-10.237	-7.663	0.86		menu	Groza 3; Warbomb 3; Exoroche 3; Sochiene 5; Phaviane 8
2026-06-28 12:58:46	start	231	Survival Guide	object	generated	2.507	-32.465	0.000	-174.000	80.000	4.000	2	16	-10.237	-7.663	0.86		menu	Groza 3; Warbomb 3; Exoroche 3; Sochiene 5; Phaviane 8
2026-06-28 12:58:47	start	231	Survival Guide	object	generated	2.507	-32.465	0.000	-174.000	80.000	4.000	2	16	-10.237	-7.663	0.86		menu	Groza 3; Warbomb 3; Exoroche 3; Sochiene 5; Phaviane 8
2026-06-28 12:59:12	collision	231	Survival Guide	object	generated	-37.921	37.471	-1.250	-174.000	80.000	4.000	4	16	-37.797	44.970	0.07	7.50	Collision detected. You are not moving forward. Turn until the beacon moves off-center, then go forward. Clearance 0 yalm.	Door:Windurstian Consul 7; Kinggalka 18; Heruze-Moruze 18; Pala Korin 21; Chapal-Afal, W.W. 24
2026-06-28 12:59:15	blocked	231	Survival Guide	object	generated	-37.921	37.471	-1.250	-174.000	80.000	4.000	5	17	-37.797	44.970	0.07	7.50	No forward progress. Near wall. Clearance 0 yalm. Route refreshed.	Door:Windurstian Consul 7; Kinggalka 18; Heruze-Moruze 18; Pala Korin 21; Chapal-Afal, W.W. 24
2026-06-28 12:59:35	blocked	231	Survival Guide	object	generated	-46.656	53.672	-0.199	-174.000	80.000	4.000	2	13	-53.929	53.825	2.93	7.28	No forward progress. Wall clearance 3 yalms. Route refreshed.	Eugballion 15; Door:Windurstian Consul 18; Heruze-Moruze 20; Valentione Single 22; Pala Korin 22
2026-06-28 12:59:53	blocked	231	Survival Guide	object	generated	-46.656	53.672	-0.199	-174.000	80.000	4.000	2	13	-53.422	55.466	2.93	7.00	No forward progress. Wall clearance 3 yalms. Route refreshed.	Eugballion 15; Door:Windurstian Consul 18; Heruze-Moruze 20; Valentione Single 22; Pala Korin 22
2026-06-28 13:00:10	blocked	231	Survival Guide	object	generated	-73.830	61.070	0.000	-174.000	80.000	4.000	2	13	-78.711	62.172	1.27	5.00	No forward progress. Near wall. Clearance 1 yalm. Route refreshed.	Eugballion 14; Narsaude 19; Taulenne 19; Machella 20; Valentione Single 24
2026-06-28 13:00:28	blocked	231	Survival Guide	object	generated	-73.830	61.070	0.000	-174.000	80.000	4.000	2	13	-78.673	62.315	1.27	5.00	No forward progress. Near wall. Clearance 1 yalm. Route refreshed.	Eugballion 14; Narsaude 19; Taulenne 19; Machella 20; Valentione Single 24
2026-06-28 13:00:46	blocked	231	Survival Guide	object	generated	-73.830	61.070	0.000	-174.000	80.000	4.000	2	13	-78.673	62.315	1.27	5.00	No forward progress. Near wall. Clearance 1 yalm. Route refreshed.	Eugballion 14; Narsaude 19; Taulenne 19; Machella 20; Valentione Single 24
2026-06-28 13:01:04	blocked	231	Survival Guide	object	generated	-73.830	61.070	0.000	-174.000	80.000	4.000	2	13	-78.673	62.315	1.27	5.00	No forward progress. Near wall. Clearance 1 yalm. Route refreshed.	Eugballion 14; Narsaude 19; Taulenne 19; Machella 20; Valentione Single 24
2026-06-28 13:01:22	blocked	231	Survival Guide	object	generated	-73.830	61.070	0.000	-174.000	80.000	4.000	2	13	-78.673	62.315	1.27	5.00	No forward progress. Near wall. Clearance 1 yalm. Route refreshed.	Eugballion 14; Narsaude 19; Taulenne 19; Machella 20; Valentione Single 24
2026-06-28 13:01:40	blocked	231	Survival Guide	object	generated	-73.830	61.070	0.000	-174.000	80.000	4.000	2	13	-78.673	62.315	1.27	5.00	No forward progress. Near wall. Clearance 1 yalm. Route refreshed.	Eugballion 14; Narsaude 19; Taulenne 19; Machella 20; Valentione Single 24
2026-06-28 13:01:58	blocked	231	Survival Guide	object	generated	-73.830	61.070	0.000	-174.000	80.000	4.000	2	13	-78.673	62.315	1.27	5.00	No forward progress. Near wall. Clearance 1 yalm. Route refreshed.	Eugballion 14; Narsaude 19; Taulenne 19; Machella 20; Valentione Single 24
2026-06-28 13:02:17	blocked	231	Survival Guide	object	generated	-73.830	61.070	0.000	-174.000	80.000	4.000	2	13	-78.673	62.315	1.27	5.00	No forward progress. Near wall. Clearance 1 yalm. Route refreshed.	Eugballion 14; Narsaude 19; Taulenne 19; Machella 20; Valentione Single 24
2026-06-28 13:02:35	blocked	231	Survival Guide	object	generated	-73.830	61.070	0.000	-174.000	80.000	4.000	2	13	-78.673	62.315	1.27	5.00	No forward progress. Near wall. Clearance 1 yalm. Route refreshed.	Eugballion 14; Narsaude 19; Taulenne 19; Machella 20; Valentione Single 24
2026-06-28 13:02:53	blocked	231	Survival Guide	object	generated	-73.830	61.070	0.000	-174.000	80.000	4.000	2	13	-78.673	62.315	1.27	5.00	No forward progress. Near wall. Clearance 1 yalm. Route refreshed.	Eugballion 14; Narsaude 19; Taulenne 19; Machella 20; Valentione Single 24
2026-06-28 13:03:26	collision	231	Survival Guide	object	generated	-173.833	100.915	0.000	-174.000	80.000	4.000	11	13	-175.437	90.537	1.66	10.50	Edge contact. You are scraping a wall. Steer away from the wall, then continue. Clearance 2 yalm.	Taurette 16; Gulmama 16; Castilchat 17; Survival Guide 21; Nynaevee 22
2026-06-28 13:03:31	arrived	231	Survival Guide	object	generated	-176.271	86.409	4.000	-174.000	80.000	4.000	12	13	-174.322	81.690	1.15		arrival	Survival Guide 7; Nynaevee 8; Knoblenight 8; Sylemi 9; Xinitto 11
2026-06-28 13:06:26	start	231	West Ronfaure zone line	area	generated	-187.693	68.610	4.000	-238.702	105.961	-9.433	2	9	-182.237	83.137	0.00		menu	Fangkuaia 9; Piquan 9; Aijian 9; Anyffi 9; Damanguan 9
2026-06-28 13:06:26	start	231	West Ronfaure zone line	area	generated	-187.693	68.610	4.000	-238.702	105.961	-9.433	2	9	-182.237	83.137	0.00		menu	Fangkuaia 9; Piquan 9; Aijian 9; Anyffi 9; Damanguan 9
2026-06-28 13:06:26	start	231	West Ronfaure zone line	area	generated	-187.693	68.610	4.000	-238.702	105.961	-9.433	2	9	-182.237	83.137	0.00		menu	Fangkuaia 9; Piquan 9; Aijian 9; Anyffi 9; Damanguan 9
2026-06-28 13:06:51	arrived	231	West Ronfaure zone line	area	generated	-232.975	106.749	-4.000	-238.702	105.961	-9.433	1	0	-238.702	105.961	2.73		arrival	
2026-06-28 13:09:44	start	231	Southern San d'Oria zone line	area	generated	-234.393	106.384	-4.000	-0.107	-36.133	-7.068	2	15	-188.237	102.737	1.63		menu	Dapraugeant 1
2026-06-28 13:09:44	start	231	Southern San d'Oria zone line	area	generated	-234.393	106.384	-4.000	-0.107	-36.133	-7.068	2	15	-188.237	102.737	1.63		menu	Dapraugeant 1
2026-06-28 13:10:58	arrived	231	Southern San d'Oria zone line	area	generated	-0.139	-34.223	0.000	-0.107	-36.133	-7.068	1	0	-0.107	-36.133	3.31		arrival	Exoroche 4; Phaviane 7; Sochiene 7; Trion 13; Jufaue 20
2026-06-28 13:11:27	start	230	East Ronfaure zone line	area	generated	1.245	54.388	-2.000	113.458	-57.351	-4.079	2	8	3.476	46.306	2.23		menu	Aubejart 8; Ephauge 9; Destin 11; Varonbiriaux 20
2026-06-28 13:11:27	start	230	East Ronfaure zone line	area	generated	1.245	54.388	-2.000	113.458	-57.351	-4.079	2	8	3.476	46.306	2.23		menu	Aubejart 8; Ephauge 9; Destin 11; Varonbiriaux 20
2026-06-28 13:12:04	arrived	230	East Ronfaure zone line	area	generated	108.922	-55.247	0.000	113.458	-57.351	-4.079	3	4	113.458	-57.351	1.05		arrival	Arpevion, T.K. 4; Anxaberoute 6; Eggsperiment B 10; Voidwatch Purveyor 10; Eggsperiment B 13
2026-06-28 14:21:01	start	230	Gondebaud	npc	generated	109.156	-50.510	0.000	123.754	92.125	0.000	2	9	83.876	-10.094	0.52		menu	Anxaberoute 1; Arpevion, T.K. 5; Eggsperiment B 8; Voidwatch Purveyor 9; Eggsperiment B 12
2026-06-28 14:21:01	start	230	Gondebaud	npc	generated	109.156	-50.510	0.000	123.754	92.125	0.000	2	9	83.876	-10.094	0.52		menu	Anxaberoute 1; Arpevion, T.K. 5; Eggsperiment B 8; Voidwatch Purveyor 9; Eggsperiment B 12
2026-06-28 14:21:01	start	230	Gondebaud	npc	generated	109.156	-50.510	0.000	123.754	92.125	0.000	2	9	83.876	-10.094	0.52		menu	Anxaberoute 1; Arpevion, T.K. 5; Eggsperiment B 8; Voidwatch Purveyor 9; Eggsperiment B 12
2026-06-28 14:21:45	blocked	230	Gondebaud	npc	generated	102.206	51.653	3.600	123.754	92.125	0.000	3	8	98.149	55.906	0.26	5.88	No forward progress. Near wall. Clearance 0 yalm. Route refreshed.	Thabiz 3; Mystrix 6; Treasure Coffer 7; Babban's Progeny 10; Door:Helbort's Blades 13
2026-06-28 14:22:11	arrived	230	Gondebaud	npc	generated	116.553	91.072	0.000	123.754	92.125	0.000	7	8	121.816	96.415	0.06		arrival	Mystic Retriever 6; Amutiyaal 6; Gondebaud 7; Atelloune 9; Shard of Sunlight 10
2026-06-28 14:23:46	start	230	East Ronfaure zone line	area	generated	121.376	93.389	0.000	113.458	-57.351	-4.079	3	9	115.476	89.906	0.26		menu	Mystic Retriever 1; Gondebaud 3; Shard of Sunlight 5; Varchet 5; Atelloune 9
2026-06-28 14:23:46	start	230	East Ronfaure zone line	area	generated	121.376	93.389	0.000	113.458	-57.351	-4.079	3	9	115.476	89.906	0.26		menu	Mystic Retriever 1; Gondebaud 3; Shard of Sunlight 5; Varchet 5; Atelloune 9
2026-06-28 14:23:46	start	230	East Ronfaure zone line	area	generated	121.376	93.389	0.000	113.458	-57.351	-4.079	3	9	115.476	89.906	0.26		menu	Mystic Retriever 1; Gondebaud 3; Shard of Sunlight 5; Varchet 5; Atelloune 9
2026-06-28 14:23:46	start	230	East Ronfaure zone line	area	generated	121.376	93.389	0.000	113.458	-57.351	-4.079	3	9	115.476	89.906	0.26		menu	Mystic Retriever 1; Gondebaud 3; Shard of Sunlight 5; Varchet 5; Atelloune 9
2026-06-28 14:24:33	arrived	230	East Ronfaure zone line	area	generated	113.203	-56.242	0.000	113.458	-57.351	-4.079	1	0	113.458	-57.351	3.69		arrival	Anxaberoute 8; Arpevion, T.K. 9; Eggsperiment B 14; Voidwatch Purveyor 15; Eggsperiment B 15
2026-06-28 14:32:20	start	230	Gondebaud	npc	generated	109.174	-55.285	0.000	123.754	92.125	0.000	2	10	89.476	-19.694	1.30		menu	Arpevion, T.K. 5; Anxaberoute 6; Voidwatch Purveyor 11; Eggsperiment B 11; Eggsperiment B 13
2026-06-28 14:32:20	start	230	Gondebaud	npc	generated	109.174	-55.285	0.000	123.754	92.125	0.000	2	10	89.476	-19.694	1.30		menu	Arpevion, T.K. 5; Anxaberoute 6; Voidwatch Purveyor 11; Eggsperiment B 11; Eggsperiment B 13
2026-06-28 14:32:20	start	230	Gondebaud	npc	generated	109.174	-55.285	0.000	123.754	92.125	0.000	2	10	89.476	-19.694	1.30		menu	Arpevion, T.K. 5; Anxaberoute 6; Voidwatch Purveyor 11; Eggsperiment B 11; Eggsperiment B 13
2026-06-28 14:32:20	start	230	Gondebaud	npc	generated	109.174	-55.285	0.000	123.754	92.125	0.000	2	10	89.476	-19.694	1.30		menu	Arpevion, T.K. 5; Anxaberoute 6; Voidwatch Purveyor 11; Eggsperiment B 11; Eggsperiment B 13
2026-06-28 14:33:07	arrived	230	Gondebaud	npc	generated	117.813	94.039	0.000	123.754	92.125	0.000	9	10	124.568	97.299	0.00		arrival	Varchet 3; Shard of Sunlight 4; Mystic Retriever 4; Gondebaud 6; Shard of Sunlight 8
2026-06-28 14:34:57	start	230	Gondebaud	npc	generated	123.336	92.349	0.000	123.754	92.125	0.000	3	3	123.754	92.125	0.07		menu	Mystic Retriever 2; Shard of Sunlight 4; Varchet 7; Atelloune 8; Xanar 9
2026-06-28 14:34:57	start	230	Gondebaud	npc	generated	123.336	92.349	0.000	123.754	92.125	0.000	3	3	123.754	92.125	0.07		menu	Mystic Retriever 2; Shard of Sunlight 4; Varchet 7; Atelloune 8; Xanar 9
2026-06-28 14:34:57	start	230	Gondebaud	npc	generated	123.336	92.349	0.000	123.754	92.125	0.000	3	3	123.754	92.125	0.07		menu	Mystic Retriever 2; Shard of Sunlight 4; Varchet 7; Atelloune 8; Xanar 9
2026-06-28 14:34:57	start	230	Gondebaud	npc	generated	123.336	92.349	0.000	123.754	92.125	0.000	3	3	123.754	92.125	0.07		menu	Mystic Retriever 2; Shard of Sunlight 4; Varchet 7; Atelloune 8; Xanar 9
2026-06-28 14:34:57	start	230	Gondebaud	npc	generated	123.336	92.349	0.000	123.754	92.125	0.000	3	3	123.754	92.125	0.07		menu	Mystic Retriever 2; Shard of Sunlight 4; Varchet 7; Atelloune 8; Xanar 9
2026-06-28 14:34:57	start	230	Gondebaud	npc	generated	123.336	92.349	0.000	123.754	92.125	0.000	3	3	123.754	92.125	0.07		menu	Mystic Retriever 2; Shard of Sunlight 4; Varchet 7; Atelloune 8; Xanar 9
2026-06-28 14:34:58	start	230	Gondebaud	npc	generated	123.336	92.349	0.000	123.754	92.125	0.000	3	3	123.754	92.125	0.07		menu	Mystic Retriever 2; Shard of Sunlight 4; Varchet 7; Atelloune 8; Xanar 9
2026-06-28 14:34:58	start	230	Gondebaud	npc	generated	123.336	92.349	0.000	123.754	92.125	0.000	3	3	123.754	92.125	0.07		menu	Mystic Retriever 2; Shard of Sunlight 4; Varchet 7; Atelloune 8; Xanar 9
2026-06-28 14:34:58	start	230	Gondebaud	npc	generated	123.336	92.349	0.000	123.754	92.125	0.000	3	3	123.754	92.125	0.07		menu	Mystic Retriever 2; Shard of Sunlight 4; Varchet 7; Atelloune 8; Xanar 9
2026-06-28 14:35:07	start	230	East Ronfaure zone line	area	generated	123.336	92.349	0.000	113.458	-57.351	-4.079	2	9	119.876	94.306	0.07		menu	Mystic Retriever 2; Shard of Sunlight 4; Varchet 7; Atelloune 8; Xanar 9
2026-06-28 14:35:07	start	230	East Ronfaure zone line	area	generated	123.336	92.349	0.000	113.458	-57.351	-4.079	2	9	119.876	94.306	0.07		menu	Mystic Retriever 2; Shard of Sunlight 4; Varchet 7; Atelloune 8; Xanar 9
2026-06-28 14:35:07	start	230	East Ronfaure zone line	area	generated	123.336	92.349	0.000	113.458	-57.351	-4.079	2	9	119.876	94.306	0.07		menu	Mystic Retriever 2; Shard of Sunlight 4; Varchet 7; Atelloune 8; Xanar 9
2026-06-28 14:35:07	start	230	East Ronfaure zone line	area	generated	123.336	92.349	0.000	113.458	-57.351	-4.079	2	9	119.876	94.306	0.07		menu	Mystic Retriever 2; Shard of Sunlight 4; Varchet 7; Atelloune 8; Xanar 9
2026-06-28 14:35:50	arrived	230	East Ronfaure zone line	area	generated	111.189	-54.871	0.000	113.458	-57.351	-4.079	1	0	113.458	-57.351	3.18		arrival	Anxaberoute 6; Arpevion, T.K. 6; Voidwatch Purveyor 12; Eggsperiment B 12; Eggsperiment B 13
2026-06-28 14:37:01	start	230	Gondebaud	npc	generated	111.645	-52.806	0.000	123.754	92.125	0.000	3	10	83.876	-10.094	1.11		menu	Anxaberoute 5; Arpevion, T.K. 6; Eggsperiment B 10; Voidwatch Purveyor 12; Eggsperiment B 13
2026-06-28 14:37:01	start	230	Gondebaud	npc	generated	111.645	-52.806	0.000	123.754	92.125	0.000	3	10	83.876	-10.094	1.11		menu	Anxaberoute 5; Arpevion, T.K. 6; Eggsperiment B 10; Voidwatch Purveyor 12; Eggsperiment B 13
2026-06-28 14:37:01	start	230	Gondebaud	npc	generated	111.645	-52.806	0.000	123.754	92.125	0.000	3	10	83.876	-10.094	1.11		menu	Anxaberoute 5; Arpevion, T.K. 6; Eggsperiment B 10; Voidwatch Purveyor 12; Eggsperiment B 13
2026-06-28 14:37:01	start	230	Gondebaud	npc	generated	111.645	-52.806	0.000	123.754	92.125	0.000	3	10	83.876	-10.094	1.11		menu	Anxaberoute 5; Arpevion, T.K. 6; Eggsperiment B 10; Voidwatch Purveyor 12; Eggsperiment B 13
2026-06-28 14:37:45	arrived	230	Gondebaud	npc	generated	120.304	98.675	0.000	123.754	92.125	0.000	9	10	123.754	92.125	4.12		arrival	Shard of Sunlight 5; Mystic Retriever 5; Shard of Sunlight 6; Gondebaud 7; Varchet 8
2026-06-28 14:39:37	start	230	East Ronfaure zone line	area	generated	121.905	95.636	0.000	113.458	-57.351	-4.079	2	9	119.876	94.306	0.73		menu	Mystic Retriever 2; Shard of Sunlight 4; Gondebaud 4; Shard of Sunlight 6; Varchet 7
2026-06-28 14:39:37	start	230	East Ronfaure zone line	area	generated	121.905	95.636	0.000	113.458	-57.351	-4.079	2	9	119.876	94.306	0.73		menu	Mystic Retriever 2; Shard of Sunlight 4; Gondebaud 4; Shard of Sunlight 6; Varchet 7
2026-06-28 14:39:37	start	230	East Ronfaure zone line	area	generated	121.905	95.636	0.000	113.458	-57.351	-4.079	2	9	119.876	94.306	0.73		menu	Mystic Retriever 2; Shard of Sunlight 4; Gondebaud 4; Shard of Sunlight 6; Varchet 7
2026-06-28 14:40:18	arrived	230	East Ronfaure zone line	area	generated	109.046	-51.421	0.000	113.458	-57.351	-4.079	1	0	113.458	-57.351	1.24		arrival	Anxaberoute 2; Arpevion, T.K. 4; Voidwatch Purveyor 9; Eggsperiment B 9; Eggsperiment B 11
2026-06-28 14:42:59	start	230	Gondebaud	npc	generated	111.292	-53.160	0.000	123.754	92.125	0.000	2	9	83.876	-10.094	1.47		menu	Anxaberoute 5; Arpevion, T.K. 6; Eggsperiment B 11; Voidwatch Purveyor 12; Eggsperiment B 13
2026-06-28 14:42:59	start	230	Gondebaud	npc	generated	111.292	-53.160	0.000	123.754	92.125	0.000	2	9	83.876	-10.094	1.47		menu	Anxaberoute 5; Arpevion, T.K. 6; Eggsperiment B 11; Voidwatch Purveyor 12; Eggsperiment B 13
2026-06-28 14:42:59	start	230	Gondebaud	npc	generated	111.292	-53.160	0.000	123.754	92.125	0.000	2	9	83.876	-10.094	1.47		menu	Anxaberoute 5; Arpevion, T.K. 6; Eggsperiment B 11; Voidwatch Purveyor 12; Eggsperiment B 13
2026-06-28 14:43:45	arrived	230	Gondebaud	npc	generated	123.979	99.133	0.000	123.754	92.125	0.000	8	9	123.754	92.125	3.27		arrival	Shard of Sunlight 4; Mystic Retriever 6; Gondebaud 7; Shard of Sunlight 9; Varchet 11
2026-06-28 14:45:33	start	230	Urbiolaine	npc	generated	124.341	95.145	0.000	-88.000	-50.750	1.000	3	23	116.676	95.906	0.12		menu	Shard of Sunlight 1; Mystic Retriever 3; Gondebaud 3; Shard of Sunlight 4; Varchet 9
2026-06-28 14:45:33	start	230	Urbiolaine	npc	generated	124.341	95.145	0.000	-88.000	-50.750	1.000	3	23	116.676	95.906	0.12		menu	Shard of Sunlight 1; Mystic Retriever 3; Gondebaud 3; Shard of Sunlight 4; Varchet 9
2026-06-28 14:45:33	start	230	Urbiolaine	npc	generated	124.341	95.145	0.000	-88.000	-50.750	1.000	3	23	116.676	95.906	0.12		menu	Shard of Sunlight 1; Mystic Retriever 3; Gondebaud 3; Shard of Sunlight 4; Varchet 9
2026-06-28 14:45:33	start	230	Urbiolaine	npc	generated	124.341	95.145	0.000	-88.000	-50.750	1.000	3	23	116.676	95.906	0.12		menu	Shard of Sunlight 1; Mystic Retriever 3; Gondebaud 3; Shard of Sunlight 4; Varchet 9
2026-06-28 14:46:49	arrived	230	Urbiolaine	npc	generated	-84.823	-44.638	1.600	-88.000	-50.750	1.000	22	23	-91.023	-45.726	13.76		arrival	Rohy 4; Hills 6; Rolandienne 6; Urbiolaine 7; Shaelyn 7
2026-06-28 15:05:22	start	230	East Ronfaure zone line	area	generated	-85.582	-66.306	1.000	113.458	-57.351	-4.079	2	14	-72.924	-34.494	3.79		menu	Darkjetch 1; Snackifiice 1; Minthrus 1; Zettamyth 1; Mightytrog 1
2026-06-28 15:05:22	start	230	East Ronfaure zone line	area	generated	-85.582	-66.306	1.000	113.458	-57.351	-4.079	2	14	-72.924	-34.494	3.79		menu	Darkjetch 1; Snackifiice 1; Minthrus 1; Zettamyth 1; Mightytrog 1
2026-06-28 15:06:42	arrived	230	East Ronfaure zone line	area	generated	111.566	-53.997	0.000	113.458	-57.351	-4.079	1	0	113.458	-57.351	2.30		arrival	Anxaberoute 6; Arpevion, T.K. 6; Eggsperiment B 11; Drevniy 12; Voidwatch Purveyor 12
2026-06-28 15:20:52	start	230	Northern San d'Oria zone line	area	proven	110.939	-53.514	0.000	0.620	54.388	-2.049	2	8	74.276	-20.094	1.82		menu	Anxaberoute 5; Arpevion, T.K. 6; Drevniy 11; Eggsperiment B 11; Voidwatch Purveyor 11
2026-06-28 15:20:52	start	230	Northern San d'Oria zone line	area	proven	110.939	-53.514	0.000	0.620	54.388	-2.049	2	8	74.276	-20.094	1.82		menu	Anxaberoute 5; Arpevion, T.K. 6; Drevniy 11; Eggsperiment B 11; Voidwatch Purveyor 11
2026-06-28 15:20:52	start	230	Northern San d'Oria zone line	area	proven	110.939	-53.514	0.000	0.620	54.388	-2.049	2	8	74.276	-20.094	1.82		menu	Anxaberoute 5; Arpevion, T.K. 6; Drevniy 11; Eggsperiment B 11; Voidwatch Purveyor 11
2026-06-28 15:20:52	start	230	Northern San d'Oria zone line	area	proven	110.939	-53.514	0.000	0.620	54.388	-2.049	2	8	74.276	-20.094	1.82		menu	Anxaberoute 5; Arpevion, T.K. 6; Drevniy 11; Eggsperiment B 11; Voidwatch Purveyor 11
2026-06-28 15:21:50	arrived	230	Northern San d'Oria zone line	area	proven	0.037	54.036	-2.000	0.620	54.388	-2.049	9	9	0.620	54.388	3.36		arrival	Stankoto 3; Aubejart 8; Ephauge 8; Destin 11; Varonbiriaux 20
2026-06-28 15:22:30	start	231	Port San d'Oria zone line	area	generated	2.507	-32.465	0.000	-123.510	270.516	8.289	2	20	-11.037	8.337	0.86		menu	Exoroche 3; Sochiene 5; Phaviane 8; Trion 12; Stankoto 16
2026-06-28 15:22:30	start	231	Port San d'Oria zone line	area	generated	2.507	-32.465	0.000	-123.510	270.516	8.289	2	20	-11.037	8.337	0.86		menu	Exoroche 3; Sochiene 5; Phaviane 8; Trion 12; Stankoto 16
2026-06-28 15:22:30	start	231	Port San d'Oria zone line	area	generated	2.507	-32.465	0.000	-123.510	270.516	8.289	2	20	-11.037	8.337	0.86		menu	Exoroche 3; Sochiene 5; Phaviane 8; Trion 12; Stankoto 16
2026-06-28 15:22:30	start	231	Port San d'Oria zone line	area	generated	2.507	-32.465	0.000	-123.510	270.516	8.289	2	20	-11.037	8.337	0.86		menu	Exoroche 3; Sochiene 5; Phaviane 8; Trion 12; Stankoto 16
2026-06-28 15:24:07	arrived	231	Port San d'Oria zone line	area	generated	-127.062	269.662	12.000	-123.510	270.516	8.289	4	5	-123.510	270.516	0.55		arrival	Pepigort 7; Arachagnon 14; Gulemont 17; Ilgusin 17; Synergy Enthusiast 19
2026-06-28 15:24:41	start	232	Door:Regine's Magicmart	area	generated	-107.947	-131.950	-8.000	69.000	-81.650	-9.350	2	15	-82.045	-109.800	2.16		menu	Trion 4; Avandale 7; Coullave 14; Pieuje 15; Claidie 16
2026-06-28 15:24:41	start	232	Door:Regine's Magicmart	area	generated	-107.947	-131.950	-8.000	69.000	-81.650	-9.350	2	15	-82.045	-109.800	2.16		menu	Trion 4; Avandale 7; Coullave 14; Pieuje 15; Claidie 16
2026-06-28 15:24:41	start	232	Door:Regine's Magicmart	area	generated	-107.947	-131.950	-8.000	69.000	-81.650	-9.350	2	15	-82.045	-109.800	2.16		menu	Trion 4; Avandale 7; Coullave 14; Pieuje 15; Claidie 16
2026-06-28 15:25:36	arrived	232	Door:Regine's Magicmart	area	generated	67.589	-86.425	-8.000	69.000	-81.650	-9.350	15	15	69.000	-81.650	0.00		arrival	Door:Regine's Magicmart 5; Cevat 11; Regine 13; Rugiette 13; Meuxtajean 21
2026-06-28 15:27:41	start	232	Northern San d'Oria zone line	area	proven	69.128	-89.430	-9.000	-108.899	-132.949	-8.500	2	13	64.355	-92.600	0.91		menu	Door:Regine's Magicmart 8; Cevat 10; Regine 16; Rugiette 16; Meuxtajean 20
2026-06-28 15:27:41	start	232	Northern San d'Oria zone line	area	proven	69.128	-89.430	-9.000	-108.899	-132.949	-8.500	2	13	64.355	-92.600	0.91		menu	Door:Regine's Magicmart 8; Cevat 10; Regine 16; Rugiette 16; Meuxtajean 20
2026-06-28 15:27:41	start	232	Northern San d'Oria zone line	area	proven	69.128	-89.430	-9.000	-108.899	-132.949	-8.500	2	13	64.355	-92.600	0.91		menu	Door:Regine's Magicmart 8; Cevat 10; Regine 16; Rugiette 16; Meuxtajean 20
2026-06-28 15:27:41	start	232	Northern San d'Oria zone line	area	proven	69.128	-89.430	-9.000	-108.899	-132.949	-8.500	2	13	64.355	-92.600	0.91		menu	Door:Regine's Magicmart 8; Cevat 10; Regine 16; Rugiette 16; Meuxtajean 20
2026-06-28 15:28:43	collision	232	Northern San d'Oria zone line	area	proven	-82.937	-106.404	-4.000	-108.899	-132.949	-8.500	12	13	-87.347	-114.370	2.32	9.11	Edge contact. You are scraping a wall. Steer away from the wall, then continue. Clearance 2 yalm.	Teilsa 6; Rielle 14; Laucimercen 15; Marquie 17; Claidie 20
2026-06-28 15:28:51	arrived	232	Northern San d'Oria zone line	area	proven	-103.705	-130.542	-8.000	-108.899	-132.949	-8.500	1	0	-108.899	-132.949	4.57		arrival	Avandale 6; Trion 8; Coullave 9; Pieuje 12; Claidie 13
2026-06-28 15:29:51	start	231	West Ronfaure zone line	area	generated	-125.020	268.287	12.000	-238.702	105.961	-9.433	2	13	-126.637	262.337	2.04		menu	Pepigort 6; Arachagnon 16; Synergy Enthusiast 18; Gulemont 20; Ilgusin 20
2026-06-28 15:29:51	start	231	West Ronfaure zone line	area	generated	-125.020	268.287	12.000	-238.702	105.961	-9.433	2	13	-126.637	262.337	2.04		menu	Pepigort 6; Arachagnon 16; Synergy Enthusiast 18; Gulemont 20; Ilgusin 20
2026-06-28 15:29:51	start	231	West Ronfaure zone line	area	generated	-125.020	268.287	12.000	-238.702	105.961	-9.433	2	13	-126.637	262.337	2.04		menu	Pepigort 6; Arachagnon 16; Synergy Enthusiast 18; Gulemont 20; Ilgusin 20
2026-06-28 15:30:06	blocked	231	West Ronfaure zone line	area	generated	-124.984	265.292	12.000	-238.702	105.961	-9.433	3	14	-126.919	260.646	0.00	5.03	No forward progress. Near wall. Clearance 0 yalm. Route refreshed.	Pepigort 3; Synergy Enthusiast 15; Arachagnon 17; Synergy Furnace 18; Cheupirudaux 19
2026-06-28 15:30:24	blocked	231	West Ronfaure zone line	area	generated	-124.979	265.288	12.000	-238.702	105.961	-9.433	3	14	-127.043	259.901	0.00	5.77	No forward progress. Near wall. Clearance 0 yalm. Route refreshed.	Pepigort 3; Synergy Enthusiast 15; Arachagnon 17; Synergy Furnace 18; Cheupirudaux 19
2026-06-28 15:30:33	zoned	231	West Ronfaure zone line	area	generated	-108.213	-131.685	-8.050	-238.702	105.961	-9.433	1	0	0.000	0.000	1.79		zone change	
2026-06-28 15:31:06	start	231	West Ronfaure zone line	area	generated	-124.843	268.110	12.000	-238.702	105.961	-9.433	2	13	-126.637	262.337	1.79		menu	Pepigort 6; Arachagnon 17; Synergy Enthusiast 17; Gulemont 20; Ilgusin 20
2026-06-28 15:31:06	start	231	West Ronfaure zone line	area	generated	-124.843	268.110	12.000	-238.702	105.961	-9.433	2	13	-126.637	262.337	1.79		menu	Pepigort 6; Arachagnon 17; Synergy Enthusiast 17; Gulemont 20; Ilgusin 20
2026-06-28 15:31:06	start	231	West Ronfaure zone line	area	generated	-124.843	268.110	12.000	-238.702	105.961	-9.433	2	13	-126.637	262.337	1.79		menu	Pepigort 6; Arachagnon 17; Synergy Enthusiast 17; Gulemont 20; Ilgusin 20
2026-06-28 15:32:14	arrived	231	West Ronfaure zone line	area	generated	-235.197	106.133	-4.000	-238.702	105.961	-9.433	4	4	-238.702	105.961	1.19		arrival	Dapraugeant 2
2026-06-28 15:38:57	start	100	Northern San d'Oria zone line z2sa	area	untested	-197.295	414.587	-65.000	-177.516	420.000	-68.461	2	4	-179.200	419.600	0.00		menu	
2026-06-28 15:38:57	start	100	Northern San d'Oria zone line z2sa	area	untested	-197.295	414.587	-65.000	-177.516	420.000	-68.461	2	4	-179.200	419.600	0.00		menu	
2026-06-28 15:38:57	start	100	Northern San d'Oria zone line z2sa	area	untested	-197.295	414.587	-65.000	-177.516	420.000	-68.461	2	4	-179.200	419.600	0.00		menu	
2026-06-28 15:38:57	start	100	Northern San d'Oria zone line z2sa	area	untested	-197.295	414.587	-65.000	-177.516	420.000	-68.461	2	4	-179.200	419.600	0.00		menu	
2026-06-28 15:38:57	start	100	Northern San d'Oria zone line z2sa	area	untested	-197.295	414.587	-65.000	-177.516	420.000	-68.461	2	4	-179.200	419.600	0.00		menu	
2026-06-28 15:39:03	arrived	100	Northern San d'Oria zone line z2sa	area	untested	-183.877	420.459	-65.000	-177.516	420.000	-68.461	1	0	-177.516	420.000	3.28		arrival	
2026-06-28 15:39:40	start	100	Northern San d'Oria zone line z2sa	area	untested	-184.782	414.529	-65.500	-177.516	420.000	-68.461	2	4	-179.200	419.600	0.13		menu	
2026-06-28 15:39:40	start	100	Northern San d'Oria zone line z2sa	area	untested	-184.782	414.529	-65.500	-177.516	420.000	-68.461	2	4	-179.200	419.600	0.13		menu	
2026-06-28 15:39:40	start	100	Northern San d'Oria zone line z2sa	area	untested	-184.782	414.529	-65.500	-177.516	420.000	-68.461	2	4	-179.200	419.600	0.13		menu	
2026-06-28 15:39:40	start	100	Northern San d'Oria zone line z2sa	area	untested	-184.782	414.529	-65.500	-177.516	420.000	-68.461	2	4	-179.200	419.600	0.13		menu	
2026-06-28 15:39:40	start	100	Northern San d'Oria zone line z2sa	area	untested	-184.782	414.529	-65.500	-177.516	420.000	-68.461	2	4	-179.200	419.600	0.13		menu	
2026-06-28 15:39:49	start	100	Northern San d'Oria zone line z2sa	area	untested	-185.800	414.588	-65.500	-177.516	420.000	-68.461	2	4	-179.200	419.600	0.19		menu	
2026-06-28 15:39:49	start	100	Northern San d'Oria zone line z2sa	area	untested	-185.800	414.588	-65.500	-177.516	420.000	-68.461	2	4	-179.200	419.600	0.19		menu	
2026-06-28 15:39:49	start	100	Northern San d'Oria zone line z2sa	area	untested	-185.800	414.588	-65.500	-177.516	420.000	-68.461	2	4	-179.200	419.600	0.19		menu	
2026-06-28 15:39:49	start	100	Northern San d'Oria zone line z2sa	area	untested	-185.800	414.588	-65.500	-177.516	420.000	-68.461	2	4	-179.200	419.600	0.19		menu	
2026-06-28 15:39:49	start	100	Northern San d'Oria zone line z2sa	area	untested	-185.800	414.588	-65.500	-177.516	420.000	-68.461	2	4	-179.200	419.600	0.19		menu	
2026-06-28 15:39:51	unreachable	100	Northern San d'Oria zone line z2s2	area	untested	-185.800	414.588	-65.500	-157.666	379.960	-66.124	1	1	0.000	0.000	0.19		menu start unreachable	
2026-06-28 15:39:51	unreachable	100	Northern San d'Oria zone line z2s2	area	untested	-185.800	414.588	-65.500	-157.666	379.960	-66.124	1	1	0.000	0.000	0.19		menu start unreachable	
2026-06-28 15:39:51	unreachable	100	Northern San d'Oria zone line z2s2	area	untested	-185.800	414.588	-65.500	-157.666	379.960	-66.124	1	1	0.000	0.000	0.19		menu start unreachable	
2026-06-28 15:39:51	unreachable	100	Northern San d'Oria zone line z2s2	area	untested	-185.800	414.588	-65.500	-157.666	379.960	-66.124	1	1	0.000	0.000	0.19		menu start unreachable	
2026-06-28 15:39:53	start	100	Northern San d'Oria zone line z2sa	area	untested	-185.800	414.588	-65.500	-177.516	420.000	-68.461	2	4	-179.200	419.600	0.19		menu	
2026-06-28 15:39:53	start	100	Northern San d'Oria zone line z2sa	area	untested	-185.800	414.588	-65.500	-177.516	420.000	-68.461	2	4	-179.200	419.600	0.19		menu	
2026-06-28 15:39:53	start	100	Northern San d'Oria zone line z2sa	area	untested	-185.800	414.588	-65.500	-177.516	420.000	-68.461	2	4	-179.200	419.600	0.19		menu	
2026-06-28 15:39:53	start	100	Northern San d'Oria zone line z2sa	area	untested	-185.800	414.588	-65.500	-177.516	420.000	-68.461	2	4	-179.200	419.600	0.19		menu	
2026-06-28 15:39:54	arrived	100	Northern San d'Oria zone line z2sa	area	untested	-182.947	414.969	-65.500	-177.516	420.000	-68.461	2	4	-179.825	419.125	0.32		arrival	
2026-06-28 15:40:24	start	100	Northern San d'Oria zone line z2sa	area	untested	-226.667	425.108	-67.500	-177.516	420.000	-68.461	2	4	-219.600	424.000	0.09		menu	
2026-06-28 15:40:25	start	100	Northern San d'Oria zone line z2sa	area	untested	-226.667	425.108	-67.500	-177.516	420.000	-68.461	2	4	-219.600	424.000	0.09		menu	
2026-06-28 15:40:25	start	100	Northern San d'Oria zone line z2sa	area	untested	-226.667	425.108	-67.500	-177.516	420.000	-68.461	2	4	-219.600	424.000	0.09		menu	
2026-06-28 15:40:25	start	100	Northern San d'Oria zone line z2sa	area	untested	-226.667	425.108	-67.500	-177.516	420.000	-68.461	2	4	-219.600	424.000	0.09		menu	
2026-06-28 15:40:40	arrived	100	Northern San d'Oria zone line z2sa	area	untested	-182.179	419.952	-65.000	-177.516	420.000	-68.461	1	0	-177.516	420.000	2.15		arrival	
2026-06-28 15:41:13	start	231	Southern San d'Oria zone line	area	generated	-234.393	106.759	-4.000	-0.107	-36.133	-7.068	2	15	-188.237	102.737	1.46		menu	Dapraugeant 1
2026-06-28 15:41:13	start	231	Southern San d'Oria zone line	area	generated	-234.393	106.759	-4.000	-0.107	-36.133	-7.068	2	15	-188.237	102.737	1.46		menu	Dapraugeant 1
2026-06-28 15:41:13	start	231	Southern San d'Oria zone line	area	generated	-234.393	106.759	-4.000	-0.107	-36.133	-7.068	2	15	-188.237	102.737	1.46		menu	Dapraugeant 1
2026-06-28 15:41:59	collision	231	Southern San d'Oria zone line	area	generated	-71.390	57.355	0.001	-0.107	-36.133	-7.068	10	15	-64.067	58.975	0.00	7.50	Collision detected. You are not moving forward. Turn until the beacon moves off-center, then go forward. Clearance 0 yalm.	Eugballion 10; Taulenne 21; Kasaroro 23; Narsaude 23; Valentione Single 24
2026-06-28 15:42:01	blocked	231	Southern San d'Oria zone line	area	generated	-71.390	57.355	0.001	-0.107	-36.133	-7.068	3	8	-63.894	57.606	0.00	7.50	No forward progress. Near wall. Clearance 0 yalm. Route refreshed.	Eugballion 10; Taulenne 21; Kasaroro 23; Narsaude 23; Valentione Single 24
2026-06-28 15:42:34	arrived	231	Southern San d'Oria zone line	area	generated	-1.136	-29.214	0.000	-0.107	-36.133	-7.068	1	0	-0.107	-36.133	2.90		arrival	Exoroche 2; Phaviane 3; Sochiene 5; Trion 8; Jufaue 17
2026-06-28 15:43:14	start	230	Gondebaud	npc	generated	1.870	54.388	-2.000	123.754	92.125	0.000	2	18	3.476	46.306	1.61		menu	Aubejart 8; Ephauge 9; Destin 11; Varonbiriaux 20
2026-06-28 15:43:14	start	230	Gondebaud	npc	generated	1.870	54.388	-2.000	123.754	92.125	0.000	2	18	3.476	46.306	1.61		menu	Aubejart 8; Ephauge 9; Destin 11; Varonbiriaux 20
2026-06-28 15:43:14	start	230	Gondebaud	npc	generated	1.870	54.388	-2.000	123.754	92.125	0.000	2	18	3.476	46.306	1.61		menu	Aubejart 8; Ephauge 9; Destin 11; Varonbiriaux 20
2026-06-28 15:44:08	arrived	230	Gondebaud	npc	generated	116.690	91.992	0.000	123.754	92.125	0.000	17	18	120.649	95.809	0.51		arrival	Mystic Retriever 6; Gondebaud 7; Amutiyaal 7; Shard of Sunlight 10; Atelloune 10
2026-06-28 15:49:24	start	230	East Ronfaure zone line	area	generated	120.643	93.819	0.000	113.458	-57.351	-4.079	3	9	115.476	89.906	0.12		menu	Mystic Retriever 2; Gondebaud 4; Varchet 5; Shard of Sunlight 5; Bryher 6
2026-06-28 15:49:24	start	230	East Ronfaure zone line	area	generated	120.643	93.819	0.000	113.458	-57.351	-4.079	3	9	115.476	89.906	0.12		menu	Mystic Retriever 2; Gondebaud 4; Varchet 5; Shard of Sunlight 5; Bryher 6
2026-06-28 15:49:24	start	230	East Ronfaure zone line	area	generated	120.643	93.819	0.000	113.458	-57.351	-4.079	3	9	115.476	89.906	0.12		menu	Mystic Retriever 2; Gondebaud 4; Varchet 5; Shard of Sunlight 5; Bryher 6
2026-06-28 15:49:24	start	230	East Ronfaure zone line	area	generated	120.643	93.819	0.000	113.458	-57.351	-4.079	3	9	115.476	89.906	0.12		menu	Mystic Retriever 2; Gondebaud 4; Varchet 5; Shard of Sunlight 5; Bryher 6
2026-06-28 15:49:24	start	230	East Ronfaure zone line	area	generated	120.643	93.819	0.000	113.458	-57.351	-4.079	3	9	115.476	89.906	0.12		menu	Mystic Retriever 2; Gondebaud 4; Varchet 5; Shard of Sunlight 5; Bryher 6
2026-06-28 15:50:09	arrived	230	East Ronfaure zone line	area	generated	110.090	-54.443	0.000	113.458	-57.351	-4.079	1	0	113.458	-57.351	2.37		arrival	Arpevion, T.K. 5; Anxaberoute 6; Drevniy 11; Voidwatch Purveyor 11; Eggsperiment B 12
2026-06-28 15:51:46	start	101	West Ronfaure zone line z2t0	area	untested	83.214	270.944	-62.000	-30.050	140.034	-58.027	2	9	87.600	266.400	1.77		menu	August 2; Koru-Moru 6; Croteillard 6; Tenzen 9; Rayochindot 10
2026-06-28 15:51:46	start	101	West Ronfaure zone line z2t0	area	untested	83.214	270.944	-62.000	-30.050	140.034	-58.027	2	9	87.600	266.400	1.77		menu	August 2; Koru-Moru 6; Croteillard 6; Tenzen 9; Rayochindot 10
2026-06-28 15:51:46	start	101	West Ronfaure zone line z2t0	area	untested	83.214	270.944	-62.000	-30.050	140.034	-58.027	2	9	87.600	266.400	1.77		menu	August 2; Koru-Moru 6; Croteillard 6; Tenzen 9; Rayochindot 10
2026-06-28 15:51:46	start	101	West Ronfaure zone line z2t0	area	untested	83.214	270.944	-62.000	-30.050	140.034	-58.027	2	9	87.600	266.400	1.77		menu	August 2; Koru-Moru 6; Croteillard 6; Tenzen 9; Rayochindot 10
2026-06-28 15:52:39	arrived	101	West Ronfaure zone line z2t0	area	untested	-26.207	137.933	-49.804	-30.050	140.034	-58.027	1	0	-30.050	140.034	3.54		arrival	August 6; Koru-Moru 10; Tenzen 14
2026-06-28 15:53:41	start	100	La Theine Plateau zone line	area	untested	-24.427	140.000	-49.750	-560.415	-613.176	-10.328	2	47	-134.400	164.800	5.20		menu	August 1; Koru-Moru 3; Tenzen 4; Tunnel Worm 22
2026-06-28 15:53:41	start	100	La Theine Plateau zone line	area	untested	-24.427	140.000	-49.750	-560.415	-613.176	-10.328	2	47	-134.400	164.800	5.20		menu	August 1; Koru-Moru 3; Tenzen 4; Tunnel Worm 22
2026-06-28 15:53:41	start	100	La Theine Plateau zone line	area	untested	-24.427	140.000	-49.750	-560.415	-613.176	-10.328	2	47	-134.400	164.800	5.20		menu	August 1; Koru-Moru 3; Tenzen 4; Tunnel Worm 22
2026-06-28 15:53:41	start	100	La Theine Plateau zone line	area	untested	-24.427	140.000	-49.750	-560.415	-613.176	-10.328	2	47	-134.400	164.800	5.20		menu	August 1; Koru-Moru 3; Tenzen 4; Tunnel Worm 22
2026-06-28 16:09:19	start	100	Survival Guide	object	untested	-24.427	140.000	-49.701	-452.571	-217.970	-19.807	2	26	-134.400	164.800	5.20		menu	
2026-06-28 16:09:19	start	100	Survival Guide	object	untested	-24.427	140.000	-49.701	-452.571	-217.970	-19.807	2	26	-134.400	164.800	5.20		menu	
2026-06-28 16:12:35	collision	100	Survival Guide	object	untested	-435.537	-99.250	-21.853	-452.571	-217.970	-19.807	18	26	-438.584	-106.103	0.07	7.50	Collision detected. You are not moving forward. Turn until the beacon moves off-center, then go forward. Clearance 0 yalm.	Tenzen 1; August 3; Koru-Moru 6; Carrion Worm 6; Forest Hare 7
2026-06-28 16:13:34	arrived	100	Survival Guide	object	untested	-453.057	-220.333	-20.211	-452.571	-217.970	-19.807	26	26	-452.571	-217.970	0.14		arrival	Survival Guide 2; Kyanta-Pakyanta, W.W. 3; Yoshihiro, I.M. 3; Doladepaiton, R.K. 3; Field Manual 4
2026-06-28 16:15:46	start	100	La Theine Plateau zone line	area	untested	-451.022	-219.644	-19.814	-560.415	-613.176	-10.328	2	13	-453.200	-227.600	2.18		menu	Kyanta-Pakyanta, W.W. 1; Doladepaiton, R.K. 1; Yoshihiro, I.M. 1; Tenzen 1; August 2
2026-06-28 16:15:46	start	100	La Theine Plateau zone line	area	untested	-451.022	-219.644	-19.814	-560.415	-613.176	-10.328	2	13	-453.200	-227.600	2.18		menu	Kyanta-Pakyanta, W.W. 1; Doladepaiton, R.K. 1; Yoshihiro, I.M. 1; Tenzen 1; August 2
2026-06-28 16:17:27	arrived	100	La Theine Plateau zone line	area	untested	-558.163	-608.081	0.500	-560.415	-613.176	-10.328	1	0	-560.415	-613.176	9.35		arrival	Tenzen 6; August 8; Koru-Moru 12
2026-06-28 16:18:02	start	102	Survival Guide	object	untested	-556.603	680.591	0.000	775.000	-18.000	28.500	2	56	-591.600	597.200	6.22		menu	
2026-06-28 16:18:02	start	102	Survival Guide	object	untested	-556.603	680.591	0.000	775.000	-18.000	28.500	2	56	-591.600	597.200	6.22		menu	
2026-06-28 16:18:02	start	102	Survival Guide	object	untested	-556.603	680.591	0.000	775.000	-18.000	28.500	2	56	-591.600	597.200	6.22		menu	
2026-06-28 16:19:19	collision	102	Survival Guide	object	untested	-588.508	558.860	-4.316	775.000	-18.000	28.500	7	56	-591.406	551.942	0.06	7.50	Collision detected. You are not moving forward. Turn until the beacon moves off-center, then go forward. Clearance 0 yalm.	August 1; Koru-Moru 4; Tenzen 7
2026-06-28 16:21:15	blocked	102	Survival Guide	object	untested	-484.853	426.416	-5.857	775.000	-18.000	28.500	2	48	-479.239	433.450	5.50	9.00	No forward progress. Wall clearance 6 yalms. Route refreshed.	August 1; Tenzen 1; Strolling Sapling 2; Koru-Moru 3
2026-06-28 16:21:34	blocked	102	Survival Guide	object	untested	-484.853	426.416	-5.857	775.000	-18.000	28.500	2	48	-479.239	433.450	5.50	9.00	No forward progress. Wall clearance 6 yalms. Route refreshed.	August 1; Tenzen 1; Strolling Sapling 2; Koru-Moru 3
2026-06-28 16:21:52	blocked	102	Survival Guide	object	untested	-484.853	426.416	-5.857	775.000	-18.000	28.500	2	48	-479.239	433.450	5.50	9.00	No forward progress. Wall clearance 6 yalms. Route refreshed.	August 1; Tenzen 1; Strolling Sapling 2; Koru-Moru 3; Steppe Hare 10
2026-06-28 16:22:31	blocked	102	Survival Guide	object	untested	-435.073	405.784	-7.867	775.000	-18.000	28.500	2	44	-430.936	397.466	20.14	9.29	No forward progress. Wall clearance 20 yalms. Route refreshed.	August 1; Koru-Moru 5; Tenzen 8
2026-06-28 16:23:31	blocked	102	Survival Guide	object	untested	-324.978	376.161	8.724	775.000	-18.000	28.500	2	38	-316.992	380.314	11.67	9.00	No forward progress. Wall clearance 12 yalms. Route refreshed.	August 1; Tenzen 5; Koru-Moru 5; Goblin Ambusher 13
2026-06-28 16:24:39	start	230	Northern San d'Oria zone line	area	proven	112.088	79.911	0.000	0.620	54.388	-2.049	2	13	93.876	32.306	3.03		menu	Amutiyaal 7; Babban's Progeny 9; Atelloune 12; Varchet 12; Darach 15
2026-06-28 16:24:39	start	230	Northern San d'Oria zone line	area	proven	112.088	79.911	0.000	0.620	54.388	-2.049	2	13	93.876	32.306	3.03		menu	Amutiyaal 7; Babban's Progeny 9; Atelloune 12; Varchet 12; Darach 14
2026-06-28 16:25:45	arrived	230	Northern San d'Oria zone line	area	proven	-0.382	48.618	-2.000	0.620	54.388	-2.049	9	9	0.539	53.553	2.94		arrival	Ephauge 3; Aubejart 4; Destin 5; Azera 14; Varonbiriaux 14
2026-06-28 16:26:10	start	231	Southern San d'Oria zone line	area	generated	1.882	-32.466	0.000	-0.107	-36.133	-7.068	1	0	-0.107	-36.133	1.48		menu	Exoroche 3; Sochiene 5; Phaviane 7; Trion 12; Jufaue 17
2026-06-28 16:26:10	start	231	Southern San d'Oria zone line	area	generated	1.882	-32.466	0.000	-0.107	-36.133	-7.068	1	0	-0.107	-36.133	1.48		menu	Exoroche 3; Sochiene 5; Phaviane 7; Trion 12; Jufaue 17
2026-06-28 16:26:10	start	231	Southern San d'Oria zone line	area	generated	1.882	-32.466	0.000	-0.107	-36.133	-7.068	1	0	-0.107	-36.133	1.48		menu	Exoroche 3; Sochiene 5; Phaviane 7; Trion 12; Jufaue 17
2026-06-28 16:26:10	start	231	Southern San d'Oria zone line	area	generated	1.882	-32.466	0.000	-0.107	-36.133	-7.068	1	0	-0.107	-36.133	1.48		menu	Exoroche 3; Sochiene 5; Phaviane 7; Trion 12; Jufaue 17
2026-06-28 16:26:11	start	231	Southern San d'Oria zone line	area	generated	1.882	-32.466	0.000	-0.107	-36.133	-7.068	1	0	-0.107	-36.133	1.48		menu	Exoroche 3; Sochiene 5; Phaviane 7; Trion 12; Jufaue 17
2026-06-28 16:26:19	arrived	231	Southern San d'Oria zone line	area	generated	1.882	-32.466	0.000	-0.107	-36.133	-7.068	1	0	-0.107	-36.133	1.48		arrival	Exoroche 3; Sochiene 5; Phaviane 7; Trion 12; Jufaue 17
2026-06-28 17:13:09	start	231	West Ronfaure zone line	area	generated	1.257	-32.467	0.000	-252.158	43.913	1.663	2	18	-10.237	-7.663	2.11		menu	Exoroche 2; Sochiene 5; Phaviane 7; Trion 12; Jufaue 18
2026-06-28 17:13:09	start	231	West Ronfaure zone line	area	generated	1.257	-32.467	0.000	-252.158	43.913	1.663	2	18	-10.237	-7.663	2.11		menu	Exoroche 2; Sochiene 5; Phaviane 7; Trion 12; Jufaue 18
2026-06-28 17:13:09	start	231	West Ronfaure zone line	area	generated	1.257	-32.467	0.000	-252.158	43.913	1.663	2	18	-10.237	-7.663	2.11		menu	Exoroche 2; Sochiene 5; Phaviane 7; Trion 12; Jufaue 18
2026-06-28 17:16:26	start	231	West Ronfaure zone line	area	generated	-0.117	-30.470	0.000	-252.158	43.913	1.663	2	18	-10.237	-7.663	3.68		menu	Phaviane 5; Sochiene 5; Trion 10; Jufaue 17; Durogg 19
2026-06-28 17:16:26	start	231	West Ronfaure zone line	area	generated	-0.117	-30.470	0.000	-252.158	43.913	1.663	2	18	-10.237	-7.663	3.68		menu	Phaviane 5; Sochiene 5; Trion 10; Jufaue 17; Durogg 19
2026-06-28 17:16:26	start	231	West Ronfaure zone line	area	generated	-0.117	-30.470	0.000	-252.158	43.913	1.663	2	18	-10.237	-7.663	3.68		menu	Phaviane 5; Sochiene 5; Trion 10; Jufaue 17; Durogg 19
2026-06-28 17:16:26	start	231	West Ronfaure zone line	area	generated	-0.117	-30.470	0.000	-252.158	43.913	1.663	2	18	-10.237	-7.663	3.68		menu	Phaviane 5; Sochiene 5; Trion 10; Jufaue 17; Durogg 19
2026-06-28 17:17:58	arrived	231	West Ronfaure zone line	area	generated	-246.063	42.948	7.000	-252.158	43.913	1.663	1	0	-252.158	43.913	2.21		arrival	Achantere, T.K. 2; Rodaillece 4; Eggsperiment U 8; Eggsperiment B 10; Eggsperiment N 10
2026-06-28 17:18:42	start	100	La Theine Plateau zone line	area	untested	-172.185	379.997	-62.000	-560.415	-613.176	-10.328	2	43	-196.800	373.600	3.63		menu	Gachemage 5; Adalefont 5
2026-06-28 17:18:42	start	100	La Theine Plateau zone line	area	untested	-172.185	379.997	-62.000	-560.415	-613.176	-10.328	2	43	-196.800	373.600	3.63		menu	Gachemage 5; Adalefont 5
2026-06-28 17:24:56	blocked	100	La Theine Plateau zone line	area	untested	-301.840	-231.282	-19.698	-560.415	-613.176	-10.328	2	20	-306.175	-239.324	6.48	9.14	No forward progress. Wall clearance 6 yalms. Route refreshed.	August 2; Koru-Moru 6; Tenzen 7; Scarab Beetle 13; Enchanted Bones 14
2026-06-28 17:27:28	arrived	100	La Theine Plateau zone line	area	untested	-556.510	-608.395	0.500	-560.415	-613.176	-10.328	1	0	-560.415	-613.176	8.34		arrival	August 14; Tenzen 14; Koru-Moru 14
2026-06-28 17:37:30	start	102	Survival Guide	object	untested	-564.478	680.591	-0.237	775.000	-18.000	28.500	2	55	-592.400	595.200	4.63		menu	August 2; Tenzen 2; Koru-Moru 3; Field Manual 23
2026-06-28 17:37:30	start	102	Survival Guide	object	untested	-564.478	680.591	-0.237	775.000	-18.000	28.500	2	55	-592.400	595.200	4.63		menu	August 2; Tenzen 2; Koru-Moru 3; Field Manual 23
2026-06-28 17:37:30	start	102	Survival Guide	object	untested	-564.478	680.591	-0.237	775.000	-18.000	28.500	2	55	-592.400	595.200	4.63		menu	August 2; Tenzen 2; Koru-Moru 3; Field Manual 23
2026-06-28 17:37:30	start	102	Survival Guide	object	untested	-564.478	680.591	-0.237	775.000	-18.000	28.500	2	55	-592.400	595.200	4.63		menu	August 2; Tenzen 2; Koru-Moru 3; Field Manual 23
2026-06-28 17:38:29	blocked	102	Survival Guide	object	untested	-578.909	536.339	-3.943	775.000	-18.000	28.500	2	48	-573.074	532.274	2.58	7.11	No forward progress. Wall clearance 3 yalms. Route refreshed.	August 2; Tenzen 5; Koru-Moru 7
2026-06-28 17:39:07	blocked	102	Survival Guide	object	untested	-502.809	480.785	-3.824	775.000	-18.000	28.500	2	46	-495.230	475.834	7.87	9.05	No forward progress. Wall clearance 8 yalms. Route refreshed.	August 2; Tenzen 4; Koru-Moru 6
2026-06-28 17:41:13	blocked	102	Survival Guide	object	untested	-484.452	328.845	-7.762	775.000	-18.000	28.500	2	39	-483.036	319.948	3.64	9.01	No forward progress. Wall clearance 4 yalms. Route refreshed.	August 1; Tenzen 3; Koru-Moru 4; Steppe Hare 19
2026-06-28 17:43:33	blocked	102	Survival Guide	object	untested	-389.576	142.989	8.400	775.000	-18.000	28.500	2	27	-380.780	141.083	14.78	9.00	No forward progress. Wall clearance 15 yalms. Route refreshed.	Huge Wasp 1; August 1; Tenzen 2; Koru-Moru 3; Goblin Thug 18
2026-06-28 17:43:52	blocked	102	Survival Guide	object	untested	-389.576	142.989	8.400	775.000	-18.000	28.500	2	27	-380.780	141.083	14.78	9.00	No forward progress. Wall clearance 15 yalms. Route refreshed.	Huge Wasp 1; August 1; Tenzen 2; Koru-Moru 3; Goblin Thug 18
2026-06-28 17:44:10	blocked	102	Survival Guide	object	untested	-389.576	142.989	8.400	775.000	-18.000	28.500	2	27	-380.780	141.083	14.78	9.00	No forward progress. Wall clearance 15 yalms. Route refreshed.	Huge Wasp 1; August 1; Tenzen 2; Koru-Moru 3; Goblin Thug 18
2026-06-28 17:44:28	blocked	102	Survival Guide	object	untested	-389.576	142.989	8.400	775.000	-18.000	28.500	2	27	-380.780	141.083	14.78	9.00	No forward progress. Wall clearance 15 yalms. Route refreshed.	Huge Wasp 1; August 1; Tenzen 2; Koru-Moru 3; Goblin Thug 18
2026-06-28 17:51:04	blocked	102	Survival Guide	object	untested	415.456	24.616	24.083	775.000	-18.000	28.500	3	12	413.572	31.876	0.00	7.50	No forward progress. Near wall. Clearance 0 yalm. Route refreshed.	August 2; Tenzen 3; Otherworldly Rimester 5; Koru-Moru 5; Ergon Locus ??? 6
2026-06-28 17:51:23	blocked	102	Survival Guide	object	untested	415.153	15.504	24.000	775.000	-18.000	28.500	2	19	422.115	18.294	0.00	7.50	No forward progress. Near wall. Clearance 0 yalm. Route refreshed.	August 1; Tenzen 6; Telepoint 7; Koru-Moru 8; Otherworldly Rimester 14
2026-06-28 17:52:11	start	102	Telepoint	npc	untested	418.269	13.676	24.000	420.000	20.000	19.104	4	10	410.800	22.400	0.00		menu	August 2; Tenzen 6; Koru-Moru 6; Telepoint 7; Ergon Locus ??? 15
2026-06-28 17:52:11	start	102	Telepoint	npc	untested	418.269	13.676	24.000	420.000	20.000	19.104	4	10	410.800	22.400	0.00		menu	August 2; Tenzen 6; Koru-Moru 6; Telepoint 7; Ergon Locus ??? 15
2026-06-28 17:52:11	start	102	Telepoint	npc	untested	418.269	13.676	24.000	420.000	20.000	19.104	4	10	410.800	22.400	0.00		menu	August 2; Tenzen 6; Koru-Moru 6; Telepoint 7; Ergon Locus ??? 15
2026-06-28 17:52:11	start	102	Telepoint	npc	untested	418.269	13.676	24.000	420.000	20.000	19.104	4	10	410.800	22.400	0.00		menu	August 2; Tenzen 6; Koru-Moru 6; Telepoint 7; Ergon Locus ??? 15
2026-06-28 17:52:13	arrived	102	Telepoint	npc	untested	418.269	13.676	24.000	420.000	20.000	19.104	4	10	411.014	11.774	0.00		arrival	August 2; Tenzen 6; Koru-Moru 6; Telepoint 7; Ergon Locus ??? 15
2026-06-28 17:52:45	start	102	Telepoint	npc	untested	396.517	6.723	24.000	420.000	20.000	19.104	2	5	415.600	40.800	2.50		menu	August 1; Tenzen 3; Debug 4; Koru-Moru 5; Nickael 6
2026-06-28 17:52:45	start	102	Telepoint	npc	untested	396.517	6.723	24.000	420.000	20.000	19.104	2	5	415.600	40.800	2.50		menu	August 1; Tenzen 3; Debug 4; Koru-Moru 5; Nickael 6
2026-06-28 17:52:45	start	102	Telepoint	npc	untested	396.517	6.723	24.000	420.000	20.000	19.104	2	5	415.600	40.800	2.50		menu	August 1; Tenzen 3; Debug 4; Koru-Moru 5; Nickael 6
2026-06-28 17:53:14	arrived	102	Telepoint	npc	untested	413.519	21.428	24.105	420.000	20.000	19.104	4	5	420.965	20.527	0.05		arrival	August 1; Tenzen 3; Koru-Moru 4; Telepoint 7; Otherworldly Rimester 8
2026-06-28 17:55:36	start	102	Telepoint	npc	untested	406.940	0.699	24.000	420.000	20.000	19.104	2	7	409.600	24.800	0.30		menu	August 2; Tenzen 3; Koru-Moru 4; Debug 11; Nickael 11
2026-06-28 17:55:36	start	102	Telepoint	npc	untested	406.940	0.699	24.000	420.000	20.000	19.104	2	7	409.600	24.800	0.30		menu	August 2; Tenzen 3; Koru-Moru 4; Debug 11; Nickael 11
2026-06-28 17:55:36	start	102	Telepoint	npc	untested	406.940	0.699	24.000	420.000	20.000	19.104	2	7	409.600	24.800	0.30		menu	August 2; Tenzen 3; Koru-Moru 4; Debug 11; Nickael 11
2026-06-28 17:56:17	collision	102	Telepoint	npc	untested	414.813	36.286	24.677	420.000	20.000	19.104	6	7	409.682	30.816	0.00	7.50	Collision detected. You are not moving forward. Turn until the beacon moves off-center, then go forward. Clearance 0 yalm.	August 1; Tenzen 5; Otherworldly Rimester 7; Koru-Moru 7; Ergon Locus ??? 9
2026-06-28 17:56:18	blocked	102	Telepoint	npc	untested	414.813	36.286	24.677	420.000	20.000	19.104	5	6	408.009	33.131	0.00	7.50	No forward progress. Near wall. Clearance 0 yalm. Route refreshed.	August 1; Tenzen 5; Otherworldly Rimester 7; Koru-Moru 7; Ergon Locus ??? 9
2026-06-28 17:56:35	collision	102	Telepoint	npc	untested	413.222	28.686	24.283	420.000	20.000	19.104	5	6	419.592	22.600	1.58	8.81	Edge contact. You are scraping a wall. Steer away from the wall, then continue. Clearance 2 yalm.	Koru-Moru 1; August 1; Otherworldly Rimester 2; Tenzen 3; Ergon Locus ??? 7
2026-06-28 17:56:39	arrived	102	Telepoint	npc	untested	415.980	26.085	24.154	420.000	20.000	19.104	5	6	419.747	21.615	0.36		arrival	August 2; Tenzen 2; Koru-Moru 3; Otherworldly Rimester 4; Ergon Locus ??? 5
2026-06-28 17:57:36	start	102	Survival Guide	object	untested	414.256	29.934	24.251	775.000	-18.000	28.500	4	15	423.200	28.400	0.54		menu	Otherworldly Rimester 1; August 2; Tenzen 5; Koru-Moru 5; Ergon Locus ??? 6
2026-06-28 17:57:36	start	102	Survival Guide	object	untested	414.256	29.934	24.251	775.000	-18.000	28.500	4	15	423.200	28.400	0.54		menu	Otherworldly Rimester 1; August 2; Tenzen 5; Koru-Moru 5; Ergon Locus ??? 6
2026-06-28 17:57:36	start	102	Survival Guide	object	untested	414.256	29.934	24.251	775.000	-18.000	28.500	4	15	423.200	28.400	0.54		menu	Otherworldly Rimester 1; August 2; Tenzen 5; Koru-Moru 5; Ergon Locus ??? 6
2026-06-28 17:57:36	start	102	Survival Guide	object	untested	414.256	29.934	24.251	775.000	-18.000	28.500	4	15	423.200	28.400	0.54		menu	Otherworldly Rimester 1; August 2; Tenzen 5; Koru-Moru 5; Ergon Locus ??? 6
2026-06-28 17:58:00	blocked	102	Survival Guide	object	untested	422.398	26.270	24.156	775.000	-18.000	28.500	2	11	428.226	30.991	0.00	7.50	No forward progress. Near wall. Clearance 0 yalm. Route refreshed.	August 2; Ergon Locus ??? 3; Tenzen 4; Koru-Moru 6; Telepoint 7
2026-06-28 17:58:09	blocked	102	Survival Guide	object	untested	421.869	26.744	24.209	775.000	-18.000	28.500	2	11	427.255	27.460	0.35	5.43	No forward progress. Near wall. Clearance 0 yalm. Route refreshed.	August 1; Tenzen 2; Ergon Locus ??? 2; Koru-Moru 4; Telepoint 7
2026-06-28 17:59:45	arrived	102	Survival Guide	object	untested	772.093	-16.856	29.128	775.000	-18.000	28.500	11	11	772.644	-22.446	4.17		arrival	August 1; Southpaw 3; Survival Guide 3; Tenzen 4; Koru-Moru 6
2026-06-28 18:01:12	start	102	Telepoint	npc	untested	774.809	-17.944	28.465	420.000	20.000	19.104	2	12	740.000	20.800	2.52		menu	August 1; Tenzen 5; Koru-Moru 6
2026-06-28 18:01:12	start	102	Telepoint	npc	untested	774.809	-17.944	28.465	420.000	20.000	19.104	2	12	740.000	20.800	2.52		menu	August 1; Tenzen 5; Koru-Moru 6
2026-06-28 18:01:12	start	102	Telepoint	npc	untested	774.809	-17.944	28.465	420.000	20.000	19.104	2	12	740.000	20.800	2.52		menu	August 1; Tenzen 5; Koru-Moru 6
2026-06-28 18:01:12	start	102	Telepoint	npc	untested	774.809	-17.944	28.465	420.000	20.000	19.104	2	12	740.000	20.800	2.52		menu	August 1; Tenzen 5; Koru-Moru 6
2026-06-28 18:03:01	collision	102	Telepoint	npc	untested	425.216	31.589	24.274	420.000	20.000	19.104	11	12	419.392	36.315	0.02	7.50	Collision detected. You are not moving forward. Turn until the beacon moves off-center, then go forward. Clearance 0 yalm.	August 1; Tenzen 2; Koru-Moru 4; Ergon Locus ??? 6; Otherworldly Rimester 10
2026-06-28 18:03:02	blocked	102	Telepoint	npc	untested	425.216	31.589	24.274	420.000	20.000	19.104	2	6	420.763	34.817	0.02	5.50	No forward progress. Near wall. Clearance 0 yalm. Route refreshed.	August 1; Tenzen 2; Koru-Moru 4; Ergon Locus ??? 6; Otherworldly Rimester 10
2026-06-28 18:03:19	collision	102	Telepoint	npc	untested	425.057	32.046	24.290	420.000	20.000	19.104	5	6	420.199	37.760	0.00	7.50	Collision detected. You are not moving forward. Turn until the beacon moves off-center, then go forward. Clearance 0 yalm.	August 2; Tenzen 4; Koru-Moru 5; Ergon Locus ??? 6; Otherworldly Rimester 10
2026-06-28 18:03:30	collision	102	Telepoint	npc	untested	425.213	31.719	24.275	420.000	20.000	19.104	5	6	420.962	37.898	0.01	7.50	Collision detected. You are not moving forward. Turn until the beacon moves off-center, then go forward. Clearance 0 yalm.	August 1; Tenzen 1; Koru-Moru 3; Ergon Locus ??? 6; Otherworldly Rimester 10
2026-06-28 18:03:33	blocked	102	Telepoint	npc	untested	425.216	32.523	24.322	420.000	20.000	19.104	2	6	419.882	37.796	0.02	7.50	No forward progress. Near wall. Clearance 0 yalm. Route refreshed.	August 1; Tenzen 2; Koru-Moru 4; Ergon Locus ??? 6; Otherworldly Rimester 10
2026-06-28 18:03:46	collision	102	Telepoint	npc	untested	425.810	29.095	24.106	420.000	20.000	19.104	5	6	421.180	34.996	0.61	7.50	Collision detected. You are not moving forward. Turn until the beacon moves off-center, then go forward. Clearance 1 yalm.	August 2; Tenzen 2; Ergon Locus ??? 5; Otherworldly Rimester 10; Telepoint 11
2026-06-28 18:03:48	blocked	102	Telepoint	npc	untested	425.810	29.095	24.106	420.000	20.000	19.104	2	6	421.180	34.996	0.61	7.50	No forward progress. Near wall. Clearance 1 yalm. Route refreshed.	August 2; Tenzen 2; Ergon Locus ??? 5; Otherworldly Rimester 10; Telepoint 11
2026-06-28 18:03:50	start	102	Shattered Telepoint	npc	untested	425.810	29.095	24.106	340.000	-60.000	19.104	4	12	411.200	26.800	0.61		menu	August 2; Tenzen 2; Ergon Locus ??? 5; Otherworldly Rimester 10; Telepoint 11
2026-06-28 18:03:50	start	102	Shattered Telepoint	npc	untested	425.810	29.095	24.106	340.000	-60.000	19.104	4	12	411.200	26.800	0.61		menu	August 2; Tenzen 2; Ergon Locus ??? 5; Otherworldly Rimester 10; Telepoint 11
2026-06-28 18:03:50	start	102	Shattered Telepoint	npc	untested	425.810	29.095	24.106	340.000	-60.000	19.104	4	12	411.200	26.800	0.61		menu	August 2; Tenzen 2; Ergon Locus ??? 5; Otherworldly Rimester 10; Telepoint 11
2026-06-28 18:04:38	arrived	102	Shattered Telepoint	npc	untested	334.024	-56.596	24.055	340.000	-60.000	19.104	11	12	338.580	-59.773	0.39		arrival	August 2; Tenzen 3; Koru-Moru 3; Shattered Telepoint 7; Cid 16
2026-06-28 23:52:43	start	102	Telepoint	npc	untested	285.450	-55.278	22.945	420.000	20.000	19.104	2	5	415.600	40.800	16.23		menu	
2026-06-28 23:52:43	start	102	Telepoint	npc	untested	285.450	-55.278	22.945	420.000	20.000	19.104	2	5	415.600	40.800	16.23		menu	
2026-06-28 23:52:43	start	102	Telepoint	npc	untested	285.450	-55.278	22.945	420.000	20.000	19.104	2	5	415.600	40.800	16.23		menu	
2026-06-28 23:52:43	start	102	Telepoint	npc	untested	285.450	-55.278	22.945	420.000	20.000	19.104	2	5	415.600	40.800	16.23		menu	
2026-06-28 23:54:19	arrived	102	Telepoint	npc	untested	416.124	25.525	24.100	420.000	20.000	19.104	4	5	419.836	21.046	0.00		arrival	August 3; Otherworldly Rimester 4; Koru-Moru 5; Ergon Locus ??? 5; Telepoint 7
2026-06-29 00:02:09	start	102	Telepoint	enemy	observed	439.915	45.388	24.068	420.000	20.000	19.104	2	5	424.400	40.800	15.96		menu	August 2; Koru-Moru 6; Tenzen 10; Orcish Fodder 15
2026-06-29 00:02:09	start	102	Telepoint	enemy	observed	439.915	45.388	24.068	420.000	20.000	19.104	2	5	424.400	40.800	15.96		menu	August 2; Koru-Moru 6; Tenzen 10; Orcish Fodder 15
2026-06-29 00:02:09	start	102	Telepoint	enemy	observed	439.915	45.388	24.068	420.000	20.000	19.104	2	5	424.400	40.800	15.96		menu	August 2; Koru-Moru 6; Tenzen 10; Orcish Fodder 15; Akbaba 25
2026-06-29 00:02:09	start	102	Telepoint	enemy	observed	439.915	45.388	24.068	420.000	20.000	19.104	2	5	424.400	40.800	15.96		menu	August 2; Koru-Moru 6; Tenzen 10; Orcish Fodder 15; Akbaba 25
2026-06-29 00:02:38	collision	102	Telepoint	enemy	observed	425.169	30.335	24.229	420.000	20.000	19.104	4	5	420.099	35.861	0.00	7.50	Collision detected. You are not moving forward. Turn until the beacon moves off-center, then go forward. Clearance 0 yalm.	August 1; Tenzen 2; Ergon Locus ??? 5; Otherworldly Rimester 10; Telepoint 12
2026-06-29 00:02:41	blocked	102	Telepoint	enemy	observed	425.032	32.934	24.381	420.000	20.000	19.104	2	6	427.663	30.626	0.00	3.50	No forward progress. Near wall. Clearance 0 yalm. Route refreshed.	August 2; Koru-Moru 3; Tenzen 5; Ergon Locus ??? 6; Otherworldly Rimester 10
2026-06-29 00:03:02	start	102	Telepoint	npc	observed	425.075	32.765	24.360	416.124	25.525	24.100	3	5	416.400	26.000	0.00		menu	August 1; Koru-Moru 2; Tenzen 3; Ergon Locus ??? 6; Otherworldly Rimester 10
2026-06-29 00:03:02	start	102	Telepoint	npc	observed	425.075	32.765	24.360	416.124	25.525	24.100	3	5	416.400	26.000	0.00		menu	August 1; Koru-Moru 2; Tenzen 3; Ergon Locus ??? 6; Otherworldly Rimester 10
2026-06-29 00:03:02	start	102	Telepoint	npc	observed	425.075	32.765	24.360	416.124	25.525	24.100	3	5	416.400	26.000	0.00		menu	August 1; Koru-Moru 2; Tenzen 3; Ergon Locus ??? 6; Otherworldly Rimester 10
2026-06-29 00:03:02	start	102	Telepoint	npc	observed	425.075	32.765	24.360	416.124	25.525	24.100	3	5	416.400	26.000	0.00		menu	August 1; Koru-Moru 2; Tenzen 3; Ergon Locus ??? 6; Otherworldly Rimester 10
2026-06-29 00:03:36	blocked	102	Telepoint	npc	observed	420.857	49.261	24.558	416.124	25.525	24.100	2	6	424.424	40.998	9.15	9.00	No forward progress. Wall clearance 9 yalms. Route refreshed.	August 1; Koru-Moru 4; Tenzen 7; Otherworldly Rimester 20; Ergon Locus ??? 21
2026-06-29 00:03:52	arrived	102	Telepoint	npc	observed	416.291	25.497	24.110	416.124	25.525	24.100	6	6	416.124	25.525	0.00		arrival	Otherworldly Rimester 4; August 4; Ergon Locus ??? 5; Koru-Moru 6; Telepoint 7
2026-06-29 00:04:11	start	102	Telepoint	enemy	observed	417.071	29.362	24.360	420.000	20.000	19.104	2	8	423.200	28.400	0.00		menu	August 1; Otherworldly Rimester 2; Tenzen 2; Koru-Moru 3; Ergon Locus ??? 3
2026-06-29 00:04:11	start	102	Telepoint	enemy	observed	417.071	29.362	24.360	420.000	20.000	19.104	2	8	423.200	28.400	0.00		menu	August 1; Otherworldly Rimester 2; Tenzen 2; Koru-Moru 3; Ergon Locus ??? 3
2026-06-29 00:04:11	start	102	Telepoint	enemy	observed	417.071	29.362	24.360	420.000	20.000	19.104	2	8	423.200	28.400	0.00		menu	August 1; Otherworldly Rimester 2; Tenzen 2; Koru-Moru 3; Ergon Locus ??? 3
2026-06-29 00:04:11	start	102	Telepoint	enemy	observed	417.071	29.362	24.360	420.000	20.000	19.104	2	8	423.200	28.400	0.00		menu	August 1; Otherworldly Rimester 2; Tenzen 2; Koru-Moru 3; Ergon Locus ??? 3
2026-06-29 00:04:16	arrived	102	Telepoint	enemy	observed	422.482	26.051	24.148	420.000	20.000	19.104	7	8	420.211	21.346	0.00		arrival	Ergon Locus ??? 3; August 5; Tenzen 6; Telepoint 7; Koru-Moru 8
