survey_id	zone	node_id	sequence	x	z	y	event	label	neighbors	source	confidence
20260712-170700-z102	102	1	1	-559.850	677.532	0.000	start	start	2	live-route-recording-20260712-170700-z102	proven
20260712-170700-z102	102	2	2	-561.033	675.675	0.015	point		1,3	live-route-recording-20260712-170700-z102	proven
20260712-170700-z102	102	3	3	-562.221	673.983	0.100	point		2,4	live-route-recording-20260712-170700-z102	proven
20260712-170700-z102	102	4	4	-564.151	671.898	0.115	point		3,5	live-route-recording-20260712-170700-z102	proven
20260712-170700-z102	102	5	5	-565.507	670.711	-0.246	point		4,6	live-route-recording-20260712-170700-z102	proven
20260712-170700-z102	102	6	6	-567.667	668.910	-0.836	point		5,7	live-route-recording-20260712-170700-z102	proven
20260712-170700-z102	102	7	7	-569.394	667.441	-1.528	point		6,8	live-route-recording-20260712-170700-z102	proven
20260712-170700-z102	102	8	8	-571.610	665.335	-2.309	point		7,9	live-route-recording-20260712-170700-z102	proven
20260712-170700-z102	102	9	9	-573.073	663.910	-2.786	point		8,10	live-route-recording-20260712-170700-z102	proven
20260712-170700-z102	102	10	10	-575.277	661.856	-3.669	point		9,11	live-route-recording-20260712-170700-z102	proven
20260712-170700-z102	102	11	11	-575.766	660.518	-3.840	point		10,12	live-route-recording-20260712-170700-z102	proven
20260712-170700-z102	102	12	12	-575.137	658.325	-2.988	point		11,13	live-route-recording-20260712-170700-z102	proven
20260712-170700-z102	102	13	13	-576.007	659.404	-3.687	point		12,14	live-route-recording-20260712-170700-z102	proven
20260712-170700-z102	102	14	14	-575.731	659.836	-3.764	mark	field manual	13,15	live-route-recording-20260712-170700-z102	proven
20260712-170700-z102	102	15	15	-574.743	658.751	-2.860	point		14,16	live-route-recording-20260712-170700-z102	proven
20260712-170700-z102	102	16	16	-573.366	656.560	-1.652	point		15,17	live-route-recording-20260712-170700-z102	proven
20260712-170700-z102	102	17	17	-572.146	654.591	-0.961	point		16,18	live-route-recording-20260712-170700-z102	proven
20260712-170700-z102	102	18	18	-570.384	652.096	-0.759	point		17,19	live-route-recording-20260712-170700-z102	proven
20260712-170700-z102	102	19	19	-569.193	650.619	-0.377	point		18,20	live-route-recording-20260712-170700-z102	proven
20260712-170700-z102	102	20	20	-567.207	648.242	-0.145	point		19,21	live-route-recording-20260712-170700-z102	proven
20260712-170700-z102	102	21	21	-565.897	646.685	0.135	point		20,22	live-route-recording-20260712-170700-z102	proven
20260712-170700-z102	102	22	22	-563.914	644.329	0.010	point		21,23	live-route-recording-20260712-170700-z102	proven
20260712-170700-z102	102	23	23	-562.348	642.470	0.000	point		22,24	live-route-recording-20260712-170700-z102	proven
20260712-170700-z102	102	24	24	-560.515	640.291	0.000	point		23,25	live-route-recording-20260712-170700-z102	proven
20260712-170700-z102	102	25	25	-560.382	640.134	0.000	mark	cavernous maw	24,26	live-route-recording-20260712-170700-z102	proven
20260712-170700-z102	102	26	26	-561.358	638.775	0.000	point		25,27	live-route-recording-20260712-170700-z102	proven
20260712-170700-z102	102	27	27	-563.082	638.059	0.000	point		26,28	live-route-recording-20260712-170700-z102	proven
20260712-170700-z102	102	28	28	-564.939	637.365	0.046	point		27,29	live-route-recording-20260712-170700-z102	proven
20260712-170700-z102	102	29	29	-567.748	636.073	0.157	point		28,30	live-route-recording-20260712-170700-z102	proven
20260712-170700-z102	102	30	30	-569.584	635.154	-0.017	point		29,31	live-route-recording-20260712-170700-z102	proven
20260712-170700-z102	102	31	31	-572.334	633.742	-0.327	point		30,32	live-route-recording-20260712-170700-z102	proven
20260712-170700-z102	102	32	32	-574.896	632.421	-0.775	point		31,33	live-route-recording-20260712-170700-z102	proven
20260712-170700-z102	102	33	33	-577.041	631.313	-1.294	point		32,34	live-route-recording-20260712-170700-z102	proven
20260712-170700-z102	102	34	34	-579.776	629.901	-1.731	point		33,35	live-route-recording-20260712-170700-z102	proven
20260712-170700-z102	102	35	35	-581.584	628.967	-1.747	point		34,36	live-route-recording-20260712-170700-z102	proven
20260712-170700-z102	102	36	36	-584.090	627.458	-1.627	point		35,37	live-route-recording-20260712-170700-z102	proven
20260712-170700-z102	102	37	37	-585.166	626.009	-1.633	point		36,38	live-route-recording-20260712-170700-z102	proven
20260712-170700-z102	102	38	38	-586.435	623.340	-1.746	point		37,39	live-route-recording-20260712-170700-z102	proven
20260712-170700-z102	102	39	39	-587.292	621.242	-1.587	point		38,40	live-route-recording-20260712-170700-z102	proven
20260712-170700-z102	102	40	40	-588.388	618.502	-1.645	point		39,41	live-route-recording-20260712-170700-z102	proven
20260712-170700-z102	102	41	41	-589.147	616.600	-1.832	point		40,42	live-route-recording-20260712-170700-z102	proven
20260712-170700-z102	102	42	42	-590.280	613.754	-1.551	point		41,43	live-route-recording-20260712-170700-z102	proven
20260712-170700-z102	102	43	43	-591.040	611.846	-1.477	point		42,44	live-route-recording-20260712-170700-z102	proven
20260712-170700-z102	102	44	44	-592.140	609.083	-1.060	point		43,45	live-route-recording-20260712-170700-z102	proven
20260712-170700-z102	102	45	45	-593.048	606.803	-0.823	point		44,46	live-route-recording-20260712-170700-z102	proven
20260712-170700-z102	102	46	46	-594.185	603.949	-0.750	point		45,47	live-route-recording-20260712-170700-z102	proven
20260712-170700-z102	102	47	47	-594.928	602.084	-0.460	point		46,48	live-route-recording-20260712-170700-z102	proven
20260712-170700-z102	102	48	48	-596.060	599.240	-0.039	point		47,49	live-route-recording-20260712-170700-z102	proven
20260712-170700-z102	102	49	49	-596.820	597.331	0.000	point		48,50	live-route-recording-20260712-170700-z102	proven
20260712-170700-z102	102	50	50	-597.959	594.472	0.075	point		49,51	live-route-recording-20260712-170700-z102	proven
20260712-170700-z102	102	51	51	-598.851	592.231	0.187	point		50,52	live-route-recording-20260712-170700-z102	proven
20260712-170700-z102	102	52	52	-599.674	590.166	0.291	point		51,53	live-route-recording-20260712-170700-z102	proven
20260712-170700-z102	102	53	53	-600.815	587.299	0.413	point		52,54	live-route-recording-20260712-170700-z102	proven
20260712-170700-z102	102	54	54	-601.574	585.392	0.525	point		53,55	live-route-recording-20260712-170700-z102	proven
20260712-170700-z102	102	55	55	-602.711	582.532	0.349	point		54,56	live-route-recording-20260712-170700-z102	proven
20260712-170700-z102	102	56	56	-603.667	579.788	0.279	point		55,57	live-route-recording-20260712-170700-z102	proven
20260712-170700-z102	102	57	57	-604.226	577.446	0.078	point		56,58	live-route-recording-20260712-170700-z102	proven
20260712-170700-z102	102	58	58	-604.606	574.371	-0.110	point		57,59	live-route-recording-20260712-170700-z102	proven
20260712-170700-z102	102	59	59	-604.526	572.326	-0.316	point		58,60	live-route-recording-20260712-170700-z102	proven
20260712-170700-z102	102	60	60	-604.176	569.249	-0.535	point		59,61	live-route-recording-20260712-170700-z102	proven
20260712-170700-z102	102	61	61	-603.906	567.209	-0.508	point		60,62	live-route-recording-20260712-170700-z102	proven
20260712-170700-z102	102	62	62	-603.435	564.178	-0.202	point		61,63	live-route-recording-20260712-170700-z102	proven
20260712-170700-z102	102	63	63	-602.841	561.680	-0.112	point		62,64	live-route-recording-20260712-170700-z102	proven
20260712-170700-z102	102	64	64	-602.233	559.536	-0.036	point		63,65	live-route-recording-20260712-170700-z102	proven
20260712-170700-z102	102	65	65	-601.366	556.560	0.000	point		64,66	live-route-recording-20260712-170700-z102	proven
20260712-170700-z102	102	66	66	-600.736	554.419	0.030	point		65,67	live-route-recording-20260712-170700-z102	proven
20260712-170700-z102	102	67	67	-599.842	551.468	0.226	point		66,68	live-route-recording-20260712-170700-z102	proven
20260712-170700-z102	102	68	68	-599.146	549.532	0.322	point		67,69	live-route-recording-20260712-170700-z102	proven
20260712-170700-z102	102	69	69	-597.990	546.895	0.506	point		68,70	live-route-recording-20260712-170700-z102	proven
20260712-170700-z102	102	70	70	-597.130	545.044	0.691	point		69,71	live-route-recording-20260712-170700-z102	proven
20260712-170700-z102	102	71	71	-595.818	542.241	0.751	point		70,72	live-route-recording-20260712-170700-z102	proven
20260712-170700-z102	102	72	72	-594.951	540.392	0.501	point		71,73	live-route-recording-20260712-170700-z102	proven
20260712-170700-z102	102	73	73	-593.656	537.632	-0.043	point		72,74	live-route-recording-20260712-170700-z102	proven
20260712-170700-z102	102	74	74	-592.426	535.009	-0.495	point		73,75	live-route-recording-20260712-170700-z102	proven
20260712-170700-z102	102	75	75	-591.401	532.824	-0.879	point		74,76	live-route-recording-20260712-170700-z102	proven
20260712-170700-z102	102	76	76	-590.106	530.064	-0.517	point		75,77	live-route-recording-20260712-170700-z102	proven
20260712-170700-z102	102	77	77	-589.236	528.209	-0.239	point		76,78	live-route-recording-20260712-170700-z102	proven
20260712-170700-z102	102	78	78	-587.914	525.462	0.172	point		77,79	live-route-recording-20260712-170700-z102	proven
20260712-170700-z102	102	79	79	-586.893	523.706	0.507	point		78,80	live-route-recording-20260712-170700-z102	proven
20260712-170700-z102	102	80	80	-585.149	521.162	0.681	point		79,81	live-route-recording-20260712-170700-z102	proven
20260712-170700-z102	102	81	81	-583.679	519.226	0.815	point		80,82	live-route-recording-20260712-170700-z102	proven
20260712-170700-z102	102	82	82	-582.188	517.584	0.890	point		81,83	live-route-recording-20260712-170700-z102	proven
20260712-170700-z102	102	83	83	-580.011	515.393	1.019	point		82,84	live-route-recording-20260712-170700-z102	proven
20260712-170700-z102	102	84	84	-578.546	513.948	0.921	point		83,85	live-route-recording-20260712-170700-z102	proven
20260712-170700-z102	102	85	85	-576.332	511.776	0.769	point		84,86	live-route-recording-20260712-170700-z102	proven
20260712-170700-z102	102	86	86	-574.251	509.735	0.741	point		85,87	live-route-recording-20260712-170700-z102	proven
20260712-170700-z102	102	87	87	-572.511	508.017	0.747	point		86,88	live-route-recording-20260712-170700-z102	proven
20260712-170700-z102	102	88	88	-570.527	505.650	0.702	point		87,89	live-route-recording-20260712-170700-z102	proven
20260712-170700-z102	102	89	89	-569.306	504.005	0.398	point		88,90	live-route-recording-20260712-170700-z102	proven
20260712-170700-z102	102	90	90	-567.410	501.609	0.499	point		89,91	live-route-recording-20260712-170700-z102	proven
20260712-170700-z102	102	91	91	-566.098	500.017	0.748	point		90,92	live-route-recording-20260712-170700-z102	proven
20260712-170700-z102	102	92	92	-564.117	497.629	0.861	point		91,93	live-route-recording-20260712-170700-z102	proven
20260712-170700-z102	102	93	93	-562.538	495.729	0.769	point		92,94	live-route-recording-20260712-170700-z102	proven
20260712-170700-z102	102	94	94	-560.574	493.366	0.532	point		93,95	live-route-recording-20260712-170700-z102	proven
20260712-170700-z102	102	95	95	-559.254	491.777	0.374	point		94,96	live-route-recording-20260712-170700-z102	proven
20260712-170700-z102	102	96	96	-558.206	490.516	0.325	point		95,97	live-route-recording-20260712-170700-z102	proven
20260712-170700-z102	102	97	97	-556.894	488.938	0.246	point		96,98	live-route-recording-20260712-170700-z102	proven
20260712-170700-z102	102	98	98	-554.926	486.570	0.180	point		97,99	live-route-recording-20260712-170700-z102	proven
20260712-170700-z102	102	99	99	-553.355	484.678	0.164	point		98,100	live-route-recording-20260712-170700-z102	proven
20260712-170700-z102	102	100	100	-552.033	483.088	0.197	point		99,101	live-route-recording-20260712-170700-z102	proven
20260712-170700-z102	102	101	101	-549.950	480.582	0.301	point		100,102	live-route-recording-20260712-170700-z102	proven
20260712-170700-z102	102	102	102	-548.628	478.991	0.368	point		101,103	live-route-recording-20260712-170700-z102	proven
20260712-170700-z102	102	103	103	-546.660	476.623	0.530	point		102,104	live-route-recording-20260712-170700-z102	proven
20260712-170700-z102	102	104	104	-544.797	474.381	0.546	point		103,105	live-route-recording-20260712-170700-z102	proven
20260712-170700-z102	102	105	105	-543.236	472.503	0.571	point		104,106	live-route-recording-20260712-170700-z102	proven
20260712-170700-z102	102	106	106	-541.271	470.139	0.707	point		105,107	live-route-recording-20260712-170700-z102	proven
20260712-170700-z102	102	107	107	-539.956	468.557	0.584	point		106,108	live-route-recording-20260712-170700-z102	proven
20260712-170700-z102	102	108	108	-537.984	466.185	0.317	point		107,109	live-route-recording-20260712-170700-z102	proven
20260712-170700-z102	102	109	109	-536.634	464.635	0.135	point		108,110	live-route-recording-20260712-170700-z102	proven
20260712-170700-z102	102	110	110	-534.397	462.536	0.322	point		109,111	live-route-recording-20260712-170700-z102	proven
20260712-170700-z102	102	111	111	-532.522	460.975	0.503	point		110,112	live-route-recording-20260712-170700-z102	proven
20260712-170700-z102	102	112	112	-530.112	459.039	0.435	point		111,113	live-route-recording-20260712-170700-z102	proven
20260712-170700-z102	102	113	113	-528.496	457.749	0.311	point		112,114	live-route-recording-20260712-170700-z102	proven
20260712-170700-z102	102	114	114	-526.075	455.818	0.426	point		113,115	live-route-recording-20260712-170700-z102	proven
20260712-170700-z102	102	115	115	-524.468	454.537	0.561	point		114,116	live-route-recording-20260712-170700-z102	proven
20260712-170700-z102	102	116	116	-522.055	452.613	0.457	point		115,117	live-route-recording-20260712-170700-z102	proven
20260712-170700-z102	102	117	117	-520.137	451.083	0.349	point		116,118	live-route-recording-20260712-170700-z102	proven
20260712-170700-z102	102	118	118	-518.792	450.011	0.329	point		117,119	live-route-recording-20260712-170700-z102	proven
20260712-170700-z102	102	119	119	-515.854	447.668	0.409	point		118,120	live-route-recording-20260712-170700-z102	proven
20260712-170700-z102	102	120	120	-514.268	446.404	-0.050	point		119,121	live-route-recording-20260712-170700-z102	proven
20260712-170700-z102	102	121	121	-511.902	444.518	-0.535	point		120,122	live-route-recording-20260712-170700-z102	proven
20260712-170700-z102	102	122	122	-510.061	443.049	-1.012	point		121,123	live-route-recording-20260712-170700-z102	proven
20260712-170700-z102	102	123	123	-507.716	441.179	-2.025	point		122,124	live-route-recording-20260712-170700-z102	proven
20260712-170700-z102	102	124	124	-506.226	439.991	-2.758	point		123,125	live-route-recording-20260712-170700-z102	proven
20260712-170700-z102	102	125	125	-504.144	438.331	-2.960	point		124,126	live-route-recording-20260712-170700-z102	proven
20260712-170700-z102	102	126	126	-502.745	437.211	-3.247	point		125,127	live-route-recording-20260712-170700-z102	proven
20260712-170700-z102	102	127	127	-501.034	435.794	-3.649	point		126,128	live-route-recording-20260712-170700-z102	proven
20260712-170700-z102	102	128	128	-499.409	434.409	-4.236	point		127,129	live-route-recording-20260712-170700-z102	proven
20260712-170700-z102	102	129	129	-497.021	432.524	-4.898	point		128,130	live-route-recording-20260712-170700-z102	proven
20260712-170700-z102	102	130	130	-495.334	431.340	-5.355	point		129,131	live-route-recording-20260712-170700-z102	proven
20260712-170700-z102	102	131	131	-492.704	429.692	-5.715	point		130,132	live-route-recording-20260712-170700-z102	proven
20260712-170700-z102	102	132	132	-491.787	428.941	-5.579	point		131,133	live-route-recording-20260712-170700-z102	proven
20260712-170700-z102	102	133	133	-489.651	427.621	-5.725	point		132,134	live-route-recording-20260712-170700-z102	proven
20260712-170700-z102	102	134	134	-487.540	426.469	-5.844	point		133,135	live-route-recording-20260712-170700-z102	proven
20260712-170700-z102	102	135	135	-484.799	425.112	-5.532	point		134,136	live-route-recording-20260712-170700-z102	proven
20260712-170700-z102	102	136	136	-482.918	424.262	-5.359	point		135,137	live-route-recording-20260712-170700-z102	proven
20260712-170700-z102	102	137	137	-480.073	423.054	-5.286	point		136,138	live-route-recording-20260712-170700-z102	proven
20260712-170700-z102	102	138	138	-478.176	422.276	-5.330	point		137,139	live-route-recording-20260712-170700-z102	proven
20260712-170700-z102	102	139	139	-475.319	421.129	-5.070	point		138,140	live-route-recording-20260712-170700-z102	proven
20260712-170700-z102	102	140	140	-473.053	420.235	-5.007	point		139,141	live-route-recording-20260712-170700-z102	proven
20260712-170700-z102	102	141	141	-470.204	419.121	-4.847	point		140,142	live-route-recording-20260712-170700-z102	proven
20260712-170700-z102	102	142	142	-468.286	418.375	-4.715	point		141,143	live-route-recording-20260712-170700-z102	proven
20260712-170700-z102	102	143	143	-465.425	417.267	-4.539	point		142,144	live-route-recording-20260712-170700-z102	proven
20260712-170700-z102	102	144	144	-463.533	416.535	-4.799	point		143,145	live-route-recording-20260712-170700-z102	proven
20260712-170700-z102	102	145	145	-460.707	415.443	-5.367	point		144,146	live-route-recording-20260712-170700-z102	proven
20260712-170700-z102	102	146	146	-458.449	414.571	-5.878	point		145,147	live-route-recording-20260712-170700-z102	proven
20260712-170700-z102	102	147	147	-455.585	413.466	-6.386	point		146,148	live-route-recording-20260712-170700-z102	proven
20260712-170700-z102	102	148	148	-453.674	412.728	-6.535	point		147,149	live-route-recording-20260712-170700-z102	proven
20260712-170700-z102	102	149	149	-450.799	411.619	-6.897	point		148,150	live-route-recording-20260712-170700-z102	proven
20260712-170700-z102	102	150	150	-448.887	410.882	-7.301	point		149,151	live-route-recording-20260712-170700-z102	proven
20260712-170700-z102	102	151	151	-446.010	409.773	-7.463	point		150,152	live-route-recording-20260712-170700-z102	proven
20260712-170700-z102	102	152	152	-443.747	408.900	-7.521	point		151,153	live-route-recording-20260712-170700-z102	proven
20260712-170700-z102	102	153	153	-440.858	407.786	-7.771	point		152,154	live-route-recording-20260712-170700-z102	proven
20260712-170700-z102	102	154	154	-438.918	407.038	-7.849	point		153,155	live-route-recording-20260712-170700-z102	proven
20260712-170700-z102	102	155	155	-436.051	405.928	-7.908	point		154,156	live-route-recording-20260712-170700-z102	proven
20260712-170700-z102	102	156	156	-434.150	405.149	-7.852	point		155,157	live-route-recording-20260712-170700-z102	proven
20260712-170700-z102	102	157	157	-431.327	403.866	-7.767	point		156,158	live-route-recording-20260712-170700-z102	proven
20260712-170700-z102	102	158	158	-429.148	402.781	-7.658	point		157,159	live-route-recording-20260712-170700-z102	proven
20260712-170700-z102	102	159	159	-426.433	401.341	-7.448	point		158,160	live-route-recording-20260712-170700-z102	proven
20260712-170700-z102	102	160	160	-424.626	400.351	-7.267	point		159,161	live-route-recording-20260712-170700-z102	proven
20260712-170700-z102	102	161	161	-421.930	398.847	-7.328	point		160,162	live-route-recording-20260712-170700-z102	proven
20260712-170700-z102	102	162	162	-420.133	397.832	-7.431	point		161,163	live-route-recording-20260712-170700-z102	proven
20260712-170700-z102	102	163	163	-417.467	396.316	-7.549	point		162,164	live-route-recording-20260712-170700-z102	proven
20260712-170700-z102	102	164	164	-415.356	395.110	-7.659	point		163,165	live-route-recording-20260712-170700-z102	proven
20260712-170700-z102	102	165	165	-412.674	393.573	-7.876	point		164,166	live-route-recording-20260712-170700-z102	proven
20260712-170700-z102	102	166	166	-410.880	392.544	-7.843	point		165,167	live-route-recording-20260712-170700-z102	proven
20260712-170700-z102	102	167	167	-408.203	391.006	-7.357	point		166,168	live-route-recording-20260712-170700-z102	proven
20260712-170700-z102	102	168	168	-406.425	389.985	-7.298	point		167,169	live-route-recording-20260712-170700-z102	proven
20260712-170700-z102	102	169	169	-403.752	388.448	-7.305	point		168,170	live-route-recording-20260712-170700-z102	proven
20260712-170700-z102	102	170	170	-401.644	387.239	-7.388	point		169,171	live-route-recording-20260712-170700-z102	proven
20260712-170700-z102	102	171	171	-398.931	385.776	-7.382	point		170,172	live-route-recording-20260712-170700-z102	proven
20260712-170700-z102	102	172	172	-397.076	384.923	-7.296	point		171,173	live-route-recording-20260712-170700-z102	proven
20260712-170700-z102	102	173	173	-394.182	383.857	-7.110	point		172,174	live-route-recording-20260712-170700-z102	proven
20260712-170700-z102	102	174	174	-392.197	383.318	-7.014	point		173,175	live-route-recording-20260712-170700-z102	proven
20260712-170700-z102	102	175	175	-389.182	382.761	-6.924	point		174,176	live-route-recording-20260712-170700-z102	proven
20260712-170700-z102	102	176	176	-386.808	382.472	-6.698	point		175,177	live-route-recording-20260712-170700-z102	proven
20260712-170700-z102	102	177	177	-383.831	382.226	-5.985	point		176,178	live-route-recording-20260712-170700-z102	proven
20260712-170700-z102	102	178	178	-381.894	382.111	-5.770	point		177,179	live-route-recording-20260712-170700-z102	proven
20260712-170700-z102	102	179	179	-379.049	381.986	-5.084	point		178,180	live-route-recording-20260712-170700-z102	proven
20260712-170700-z102	102	180	180	-377.021	381.917	-3.843	point		179,181	live-route-recording-20260712-170700-z102	proven
20260712-170700-z102	102	181	181	-373.988	381.831	-3.239	point		180,182	live-route-recording-20260712-170700-z102	proven
20260712-170700-z102	102	182	182	-371.580	381.775	-3.036	point		181,183	live-route-recording-20260712-170700-z102	proven
20260712-170700-z102	102	183	183	-368.509	381.711	-2.438	point		182,184	live-route-recording-20260712-170700-z102	proven
20260712-170700-z102	102	184	184	-366.467	381.673	-2.543	point		183,185	live-route-recording-20260712-170700-z102	proven
20260712-170700-z102	102	185	185	-363.421	381.620	-2.318	point		184,186	live-route-recording-20260712-170700-z102	proven
20260712-170700-z102	102	186	186	-361.368	381.586	-1.830	point		185,187	live-route-recording-20260712-170700-z102	proven
20260712-170700-z102	102	187	187	-358.282	381.550	-1.838	point		186,188	live-route-recording-20260712-170700-z102	proven
20260712-170700-z102	102	188	188	-355.885	381.563	-1.671	point		187,189	live-route-recording-20260712-170700-z102	proven
20260712-170700-z102	102	189	189	-352.954	381.643	-1.304	point		188,190	live-route-recording-20260712-170700-z102	proven
20260712-170700-z102	102	190	190	-351.020	381.767	-0.879	point		189,191	live-route-recording-20260712-170700-z102	proven
20260712-170700-z102	102	191	191	-347.652	381.486	0.902	point		190,192	live-route-recording-20260712-170700-z102	proven
20260712-170700-z102	102	192	192	-345.674	381.936	1.278	point		191,193	live-route-recording-20260712-170700-z102	proven
20260712-170700-z102	102	193	193	-342.674	382.592	1.881	point		192,194	live-route-recording-20260712-170700-z102	proven
20260712-170700-z102	102	194	194	-340.608	383.031	2.221	point		193,195	live-route-recording-20260712-170700-z102	proven
20260712-170700-z102	102	195	195	-338.195	383.534	2.353	point		194,196	live-route-recording-20260712-170700-z102	proven
20260712-170700-z102	102	196	196	-336.564	383.870	2.374	point		195,197	live-route-recording-20260712-170700-z102	proven
20260712-170700-z102	102	197	197	-333.717	384.335	7.459	point		196,198	live-route-recording-20260712-170700-z102	proven
20260712-170700-z102	102	198	198	-331.709	384.771	7.720	point		197,199,4012	live-route-recording-20260712-170700-z102	proven
20260712-170700-z102	102	199	199	-328.693	385.414	7.973	point		198,200	live-route-recording-20260712-170700-z102	proven
20260712-170700-z102	102	200	200	-326.310	385.947	8.263	point		199,201	live-route-recording-20260712-170700-z102	proven
20260712-170700-z102	102	201	201	-323.326	386.744	8.521	point		200,202	live-route-recording-20260712-170700-z102	proven
20260712-170700-z102	102	202	202	-321.354	387.353	8.461	point		201,203	live-route-recording-20260712-170700-z102	proven
20260712-170700-z102	102	203	203	-318.431	388.360	8.381	point		202,204	live-route-recording-20260712-170700-z102	proven
20260712-170700-z102	102	204	204	-316.497	389.078	8.345	point		203,205	live-route-recording-20260712-170700-z102	proven
20260712-170700-z102	102	205	205	-313.627	390.208	8.080	point		204,206	live-route-recording-20260712-170700-z102	proven
20260712-170700-z102	102	206	206	-311.343	391.144	8.000	point		205,207	live-route-recording-20260712-170700-z102	proven
20260712-170700-z102	102	207	207	-308.516	392.328	8.002	point		206,208	live-route-recording-20260712-170700-z102	proven
20260712-170700-z102	102	208	208	-306.623	393.132	8.306	point		207,209	live-route-recording-20260712-170700-z102	proven
20260712-170700-z102	102	209	209	-304.731	393.942	8.619	point		208,210	live-route-recording-20260712-170700-z102	proven
20260712-170700-z102	102	210	210	-301.743	395.231	8.967	point		209,211	live-route-recording-20260712-170700-z102	proven
20260712-170700-z102	102	211	211	-299.083	396.383	8.953	point		210,212	live-route-recording-20260712-170700-z102	proven
20260712-170700-z102	102	212	212	-296.823	397.288	8.840	point		211,213	live-route-recording-20260712-170700-z102	proven
20260712-170700-z102	102	213	213	-293.838	398.033	8.580	point		212,214	live-route-recording-20260712-170700-z102	proven
20260712-170700-z102	102	214	214	-291.791	398.152	8.375	point		213,215	live-route-recording-20260712-170700-z102	proven
20260712-170700-z102	102	215	215	-288.762	397.672	8.237	point		214,216	live-route-recording-20260712-170700-z102	proven
20260712-170700-z102	102	216	216	-286.853	396.895	8.142	point		215,217	live-route-recording-20260712-170700-z102	proven
20260712-170700-z102	102	217	217	-284.404	395.034	8.123	point		216,218	live-route-recording-20260712-170700-z102	proven
20260712-170700-z102	102	218	218	-282.944	393.079	8.256	point		217,219	live-route-recording-20260712-170700-z102	proven
20260712-170700-z102	102	219	219	-282.068	390.144	8.419	point		218,220	live-route-recording-20260712-170700-z102	proven
20260712-170700-z102	102	220	220	-282.088	388.097	8.386	point		219,221	live-route-recording-20260712-170700-z102	proven
20260712-170700-z102	102	221	221	-282.645	385.075	8.688	point		220,222	live-route-recording-20260712-170700-z102	proven
20260712-170700-z102	102	222	222	-283.175	383.096	8.844	point		221,223	live-route-recording-20260712-170700-z102	proven
20260712-170700-z102	102	223	223	-283.738	380.096	9.215	point		222,224	live-route-recording-20260712-170700-z102	proven
20260712-170700-z102	102	224	224	-283.928	377.673	9.126	point		223,225	live-route-recording-20260712-170700-z102	proven
20260712-170700-z102	102	225	225	-284.047	374.615	8.809	point		224,226	live-route-recording-20260712-170700-z102	proven
20260712-170700-z102	102	226	226	-284.094	372.571	8.474	point		225,227	live-route-recording-20260712-170700-z102	proven
20260712-170700-z102	102	227	227	-284.142	369.494	8.274	point		226,228	live-route-recording-20260712-170700-z102	proven
20260712-170700-z102	102	228	228	-284.101	367.447	8.171	point		227,229	live-route-recording-20260712-170700-z102	proven
20260712-170700-z102	102	229	229	-283.699	364.391	8.019	point		228,230	live-route-recording-20260712-170700-z102	proven
20260712-170700-z102	102	230	230	-283.263	361.991	8.000	point		229,231	live-route-recording-20260712-170700-z102	proven
20260712-170700-z102	102	231	231	-282.679	358.956	8.000	point		230,232	live-route-recording-20260712-170700-z102	proven
20260712-170700-z102	102	232	232	-282.286	356.934	8.000	point		231,233	live-route-recording-20260712-170700-z102	proven
20260712-170700-z102	102	233	233	-281.861	354.744	8.062	point		232,234	live-route-recording-20260712-170700-z102	proven
20260712-170700-z102	102	234	234	-281.276	351.736	8.401	point		233,235	live-route-recording-20260712-170700-z102	proven
20260712-170700-z102	102	235	235	-280.720	348.880	8.457	point		234,236	live-route-recording-20260712-170700-z102	proven
20260712-170700-z102	102	236	236	-280.252	346.473	8.549	point		235,237	live-route-recording-20260712-170700-z102	proven
20260712-170700-z102	102	237	237	-279.830	344.304	8.730	point		236,238	live-route-recording-20260712-170700-z102	proven
20260712-170700-z102	102	238	238	-279.293	341.099	8.944	point		237,239	live-route-recording-20260712-170700-z102	proven
20260712-170700-z102	102	239	239	-279.177	338.865	8.942	point		238,240	live-route-recording-20260712-170700-z102	proven
20260712-170700-z102	102	240	240	-279.270	335.789	8.775	point		239,241	live-route-recording-20260712-170700-z102	proven
20260712-170700-z102	102	241	241	-279.395	333.573	8.553	point		240,242	live-route-recording-20260712-170700-z102	proven
20260712-170700-z102	102	242	242	-279.593	330.300	8.314	point		241,243	live-route-recording-20260712-170700-z102	proven
20260712-170700-z102	102	243	243	-279.719	328.246	8.211	point		242,244	live-route-recording-20260712-170700-z102	proven
20260712-170700-z102	102	244	244	-279.909	325.144	8.043	point		243,245	live-route-recording-20260712-170700-z102	proven
20260712-170700-z102	102	245	245	-280.036	323.073	8.000	point		244,246	live-route-recording-20260712-170700-z102	proven
20260712-170700-z102	102	246	246	-280.172	320.853	8.000	point		245,247	live-route-recording-20260712-170700-z102	proven
20260712-170700-z102	102	247	247	-280.371	317.610	8.037	point		246,248	live-route-recording-20260712-170700-z102	proven
20260712-170700-z102	102	248	248	-280.559	314.542	8.149	point		247,249	live-route-recording-20260712-170700-z102	proven
20260712-170700-z102	102	249	249	-280.684	312.495	8.271	point		248,250	live-route-recording-20260712-170700-z102	proven
20260712-170700-z102	102	250	250	-280.872	309.437	8.453	point		249,251	live-route-recording-20260712-170700-z102	proven
20260712-170700-z102	102	251	251	-280.997	307.393	8.506	point		250,252	live-route-recording-20260712-170700-z102	proven
20260712-170700-z102	102	252	252	-281.127	304.303	8.806	point		251,253	live-route-recording-20260712-170700-z102	proven
20260712-170700-z102	102	253	253	-281.126	302.247	8.919	point		252,254	live-route-recording-20260712-170700-z102	proven
20260712-170700-z102	102	254	254	-281.039	299.125	9.062	point		253,255	live-route-recording-20260712-170700-z102	proven
20260712-170700-z102	102	255	255	-280.953	296.906	8.938	point		254,256	live-route-recording-20260712-170700-z102	proven
20260712-170700-z102	102	256	256	-280.831	293.818	8.639	point		255,257	live-route-recording-20260712-170700-z102	proven
20260712-170700-z102	102	257	257	-280.839	291.741	8.484	point		256,258	live-route-recording-20260712-170700-z102	proven
20260712-170700-z102	102	258	258	-281.134	288.674	8.345	point		257,259	live-route-recording-20260712-170700-z102	proven
20260712-170700-z102	102	259	259	-281.701	286.004	8.255	point		258,260	live-route-recording-20260712-170700-z102	proven
20260712-170700-z102	102	260	260	-282.733	284.390	8.198	point		259,261	live-route-recording-20260712-170700-z102	proven
20260712-170700-z102	102	261	261	-284.149	283.399	8.258	point		260,262	live-route-recording-20260712-170700-z102	proven
20260712-170700-z102	102	262	262	-286.149	283.260	8.821	point		261,263	live-route-recording-20260712-170700-z102	proven
20260712-170700-z102	102	263	263	-287.469	284.344	9.236	point		262,264	live-route-recording-20260712-170700-z102	proven
20260712-170700-z102	102	264	264	-288.672	286.518	9.893	point		263,265	live-route-recording-20260712-170700-z102	proven
20260712-170700-z102	102	265	265	-289.072	288.706	10.421	point		264,266,550	live-route-recording-20260712-170700-z102	proven
20260712-170700-z102	102	266	266	-289.219	290.376	10.967	point		265,267	live-route-recording-20260712-170700-z102	proven
20260712-170700-z102	102	267	267	-289.681	293.085	11.649	point		266,268	live-route-recording-20260712-170700-z102	proven
20260712-170700-z102	102	268	268	-290.069	295.039	12.065	point		267,269	live-route-recording-20260712-170700-z102	proven
20260712-170700-z102	102	269	269	-290.672	298.016	12.718	point		268,270	live-route-recording-20260712-170700-z102	proven
20260712-170700-z102	102	270	270	-291.060	299.926	13.184	point		269,271	live-route-recording-20260712-170700-z102	proven
20260712-170700-z102	102	271	271	-291.640	302.778	14.109	point		270,272	live-route-recording-20260712-170700-z102	proven
20260712-170700-z102	102	272	272	-292.035	304.717	14.712	point		271,273	live-route-recording-20260712-170700-z102	proven
20260712-170700-z102	102	273	273	-292.616	307.640	15.503	point		272,274	live-route-recording-20260712-170700-z102	proven
20260712-170700-z102	102	274	274	-292.898	310.447	16.172	point		273,275	live-route-recording-20260712-170700-z102	proven
20260712-170700-z102	102	275	275	-292.967	312.822	16.735	point		274,276	live-route-recording-20260712-170700-z102	proven
20260712-170700-z102	102	276	276	-292.961	315.821	17.206	point		275,277,538	live-route-recording-20260712-170700-z102	proven
20260712-170700-z102	102	277	277	-292.770	317.753	17.897	point		276,278	live-route-recording-20260712-170700-z102	proven
20260712-170700-z102	102	278	278	-292.401	320.738	18.661	point		277,279	live-route-recording-20260712-170700-z102	proven
20260712-170700-z102	102	279	279	-292.313	322.754	19.040	point		278,280	live-route-recording-20260712-170700-z102	proven
20260712-170700-z102	102	280	280	-292.219	325.726	19.765	point		279,281	live-route-recording-20260712-170700-z102	proven
20260712-170700-z102	102	281	281	-291.989	328.081	20.296	point		280,282	live-route-recording-20260712-170700-z102	proven
20260712-170700-z102	102	282	282	-291.581	331.079	20.873	point		281,283	live-route-recording-20260712-170700-z102	proven
20260712-170700-z102	102	283	283	-291.375	333.137	21.356	point		282,284	live-route-recording-20260712-170700-z102	proven
20260712-170700-z102	102	284	284	-291.478	335.258	22.433	point		283,285,528	live-route-recording-20260712-170700-z102	proven
20260712-170700-z102	102	285	285	-291.924	338.444	23.101	point		284,286	live-route-recording-20260712-170700-z102	proven
20260712-170700-z102	102	286	286	-292.442	341.091	23.500	point		285,287,525	live-route-recording-20260712-170700-z102	proven
20260712-170700-z102	102	287	287	-293.062	343.402	23.853	point		286,288,524	live-route-recording-20260712-170700-z102	proven
20260712-170700-z102	102	288	288	-294.611	345.969	24.375	point		287,289	live-route-recording-20260712-170700-z102	proven
20260712-170700-z102	102	289	289	-295.812	346.866	24.961	point		288,290	live-route-recording-20260712-170700-z102	proven
20260712-170700-z102	102	290	290	-298.323	346.685	25.508	point		289,291	live-route-recording-20260712-170700-z102	proven
20260712-170700-z102	102	291	291	-299.417	346.128	25.833	point		290,292	live-route-recording-20260712-170700-z102	proven
20260712-170700-z102	102	292	292	-300.705	344.005	26.458	point		291,293	live-route-recording-20260712-170700-z102	proven
20260712-170700-z102	102	293	293	-301.189	342.047	26.946	point		292,294	live-route-recording-20260712-170700-z102	proven
20260712-170700-z102	102	294	294	-301.915	339.148	27.680	point		293,295	live-route-recording-20260712-170700-z102	proven
20260712-170700-z102	102	295	295	-302.439	337.230	28.061	point		294,296	live-route-recording-20260712-170700-z102	proven
20260712-170700-z102	102	296	296	-303.246	334.363	28.777	point		295,297,513	live-route-recording-20260712-170700-z102	proven
20260712-170700-z102	102	297	297	-303.837	332.278	29.261	point		296,298	live-route-recording-20260712-170700-z102	proven
20260712-170700-z102	102	298	298	-304.667	329.556	29.678	point		297,299,511	live-route-recording-20260712-170700-z102	proven
20260712-170700-z102	102	299	299	-305.623	327.148	29.995	point		298,300	live-route-recording-20260712-170700-z102	proven
20260712-170700-z102	102	300	300	-306.524	325.126	29.932	point		299,301	live-route-recording-20260712-170700-z102	proven
20260712-170700-z102	102	301	301	-307.794	322.346	30.076	point		300,302,508	live-route-recording-20260712-170700-z102	proven
20260712-170700-z102	102	302	302	-308.646	320.494	30.179	point		301,303	live-route-recording-20260712-170700-z102	proven
20260712-170700-z102	102	303	303	-309.855	317.736	30.662	point		302,304	live-route-recording-20260712-170700-z102	proven
20260712-170700-z102	102	304	304	-310.454	315.112	31.120	point		303,305	live-route-recording-20260712-170700-z102	proven
20260712-170700-z102	102	305	305	-310.412	312.788	31.459	point		304,306	live-route-recording-20260712-170700-z102	proven
20260712-170700-z102	102	306	306	-310.143	310.830	31.845	point		305,307	live-route-recording-20260712-170700-z102	proven
20260712-170700-z102	102	307	307	-309.759	307.994	32.604	point		306,308	live-route-recording-20260712-170700-z102	proven
20260712-170700-z102	102	308	308	-309.668	306.258	33.527	point		307,309	live-route-recording-20260712-170700-z102	proven
20260712-170700-z102	102	309	309	-309.847	303.492	34.868	point		308,310	live-route-recording-20260712-170700-z102	proven
20260712-170700-z102	102	310	310	-310.141	301.549	35.485	point		309,311	live-route-recording-20260712-170700-z102	proven
20260712-170700-z102	102	311	311	-310.574	298.208	36.314	point		310,312	live-route-recording-20260712-170700-z102	proven
20260712-170700-z102	102	312	312	-310.693	296.208	36.777	point		311,313	live-route-recording-20260712-170700-z102	proven
20260712-170700-z102	102	313	313	-311.041	293.218	37.270	point		312,314	live-route-recording-20260712-170700-z102	proven
20260712-170700-z102	102	314	314	-311.729	291.339	37.611	point		313,315	live-route-recording-20260712-170700-z102	proven
20260712-170700-z102	102	315	315	-313.155	288.708	38.361	point		314,316	live-route-recording-20260712-170700-z102	proven
20260712-170700-z102	102	316	316	-314.189	286.956	38.537	point		315,317	live-route-recording-20260712-170700-z102	proven
20260712-170700-z102	102	317	317	-315.656	285.177	38.599	point		316,318	live-route-recording-20260712-170700-z102	proven
20260712-170700-z102	102	318	318	-317.994	283.785	38.643	point		317,319	live-route-recording-20260712-170700-z102	proven
20260712-170700-z102	102	319	319	-319.741	282.951	38.750	point		318,320	live-route-recording-20260712-170700-z102	proven
20260712-170700-z102	102	320	320	-322.553	281.658	38.750	point		319,321	live-route-recording-20260712-170700-z102	proven
20260712-170700-z102	102	321	321	-324.421	280.805	38.780	point		320,322	live-route-recording-20260712-170700-z102	proven
20260712-170700-z102	102	322	322	-327.230	279.523	38.910	point		321,323,488	live-route-recording-20260712-170700-z102	proven
20260712-170700-z102	102	323	323	-329.479	278.497	39.022	point		322,324,487	live-route-recording-20260712-170700-z102	proven
20260712-170700-z102	102	324	324	-331.343	277.647	39.115	point		323,325	live-route-recording-20260712-170700-z102	proven
20260712-170700-z102	102	325	325	-334.147	276.369	39.360	point		324,326	live-route-recording-20260712-170700-z102	proven
20260712-170700-z102	102	326	326	-336.029	275.510	39.435	point		325,327	live-route-recording-20260712-170700-z102	proven
20260712-170700-z102	102	327	327	-338.845	274.226	39.344	point		326,328	live-route-recording-20260712-170700-z102	proven
20260712-170700-z102	102	328	328	-340.717	273.372	39.243	point		327,329	live-route-recording-20260712-170700-z102	proven
20260712-170700-z102	102	329	329	-343.739	271.893	38.923	point		328,330	live-route-recording-20260712-170700-z102	proven
20260712-170700-z102	102	330	330	-345.355	270.660	38.541	point		329,331	live-route-recording-20260712-170700-z102	proven
20260712-170700-z102	102	331	331	-346.877	269.227	38.213	point		330,332	live-route-recording-20260712-170700-z102	proven
20260712-170700-z102	102	332	332	-349.014	266.812	38.160	point		331,333	live-route-recording-20260712-170700-z102	proven
20260712-170700-z102	102	333	333	-350.088	265.072	38.351	point		332,334	live-route-recording-20260712-170700-z102	proven
20260712-170700-z102	102	334	334	-351.331	262.278	38.593	point		333,335	live-route-recording-20260712-170700-z102	proven
20260712-170700-z102	102	335	335	-351.925	260.666	38.705	point		334,336	live-route-recording-20260712-170700-z102	proven
20260712-170700-z102	102	336	336	-353.010	257.505	38.717	point		335,337	live-route-recording-20260712-170700-z102	proven
20260712-170700-z102	102	337	337	-353.660	255.569	38.748	point		336,338	live-route-recording-20260712-170700-z102	proven
20260712-170700-z102	102	338	338	-354.636	252.651	38.884	point		337,339	live-route-recording-20260712-170700-z102	proven
20260712-170700-z102	102	339	339	-355.291	250.689	38.924	point		338,340	live-route-recording-20260712-170700-z102	proven
20260712-170700-z102	102	340	340	-356.265	247.774	38.937	point		339,341	live-route-recording-20260712-170700-z102	proven
20260712-170700-z102	102	341	341	-356.901	245.822	38.840	point		340,342	live-route-recording-20260712-170700-z102	proven
20260712-170700-z102	102	342	342	-357.527	243.476	38.750	point		341,343	live-route-recording-20260712-170700-z102	proven
20260712-170700-z102	102	343	343	-358.213	240.453	38.750	point		342,344	live-route-recording-20260712-170700-z102	proven
20260712-170700-z102	102	344	344	-358.657	238.447	38.767	point		343,345	live-route-recording-20260712-170700-z102	proven
20260712-170700-z102	102	345	345	-359.218	235.419	38.679	point		344,346	live-route-recording-20260712-170700-z102	proven
20260712-170700-z102	102	346	346	-359.570	233.391	38.821	point		345,347	live-route-recording-20260712-170700-z102	proven
20260712-170700-z102	102	347	347	-360.092	230.354	39.035	point		346,348	live-route-recording-20260712-170700-z102	proven
20260712-170700-z102	102	348	348	-360.499	227.978	39.189	point		347,349	live-route-recording-20260712-170700-z102	proven
20260712-170700-z102	102	349	349	-360.990	224.939	39.544	point		348,350	live-route-recording-20260712-170700-z102	proven
20260712-170700-z102	102	350	350	-361.193	222.890	39.564	point		349,351	live-route-recording-20260712-170700-z102	proven
20260712-170700-z102	102	351	351	-361.205	219.804	39.690	point		350,352	live-route-recording-20260712-170700-z102	proven
20260712-170700-z102	102	352	352	-361.141	217.731	39.636	point		351,353	live-route-recording-20260712-170700-z102	proven
20260712-170700-z102	102	353	353	-361.008	214.640	39.410	point		352,354	live-route-recording-20260712-170700-z102	proven
20260712-170700-z102	102	354	354	-360.666	212.549	39.199	point		353,355	live-route-recording-20260712-170700-z102	proven
20260712-170700-z102	102	355	355	-359.650	209.899	39.043	point		354,356	live-route-recording-20260712-170700-z102	proven
20260712-170700-z102	102	356	356	-358.607	208.542	38.975	point		355,357	live-route-recording-20260712-170700-z102	proven
20260712-170700-z102	102	357	357	-356.423	206.905	38.908	point		356,358	live-route-recording-20260712-170700-z102	proven
20260712-170700-z102	102	358	358	-353.937	205.044	38.915	point		357,359	live-route-recording-20260712-170700-z102	proven
20260712-170700-z102	102	359	359	-351.997	203.559	38.948	point		358,360	live-route-recording-20260712-170700-z102	proven
20260712-170700-z102	102	360	360	-349.569	201.677	39.069	point		359,361	live-route-recording-20260712-170700-z102	proven
20260712-170700-z102	102	361	361	-347.939	200.433	39.150	point		360,362	live-route-recording-20260712-170700-z102	proven
20260712-170700-z102	102	362	362	-345.396	198.688	39.406	point		361,363	live-route-recording-20260712-170700-z102	proven
20260712-170700-z102	102	363	363	-343.622	197.637	39.569	point		362,364	live-route-recording-20260712-170700-z102	proven
20260712-170700-z102	102	364	364	-340.883	196.226	39.705	point		363,365	live-route-recording-20260712-170700-z102	proven
20260712-170700-z102	102	365	365	-338.672	195.231	39.512	point		364,366	live-route-recording-20260712-170700-z102	proven
20260712-170700-z102	102	366	366	-335.909	193.899	39.108	point		365,367	live-route-recording-20260712-170700-z102	proven
20260712-170700-z102	102	367	367	-334.124	192.907	38.915	point		366,368	live-route-recording-20260712-170700-z102	proven
20260712-170700-z102	102	368	368	-331.570	191.193	38.662	point		367,369	live-route-recording-20260712-170700-z102	proven
20260712-170700-z102	102	369	369	-330.136	189.718	38.748	point		368,370	live-route-recording-20260712-170700-z102	proven
20260712-170700-z102	102	370	370	-328.576	187.082	38.775	point		369,371	live-route-recording-20260712-170700-z102	proven
20260712-170700-z102	102	371	371	-327.570	184.659	39.051	point		370,372	live-route-recording-20260712-170700-z102	proven
20260712-170700-z102	102	372	372	-326.798	182.569	39.211	point		371,373	live-route-recording-20260712-170700-z102	proven
20260712-170700-z102	102	373	373	-325.761	179.653	39.387	point		372,374	live-route-recording-20260712-170700-z102	proven
20260712-170700-z102	102	374	374	-325.022	177.549	39.421	point		373,375	live-route-recording-20260712-170700-z102	proven
20260712-170700-z102	102	375	375	-324.006	174.650	39.392	point		374,376,438	live-route-recording-20260712-170700-z102	proven
20260712-170700-z102	102	376	376	-323.332	172.723	39.217	point		375,377	live-route-recording-20260712-170700-z102	proven
20260712-170700-z102	102	377	377	-322.246	169.831	39.039	point		376,378	live-route-recording-20260712-170700-z102	proven
20260712-170700-z102	102	378	378	-321.390	167.966	38.946	point		377,379	live-route-recording-20260712-170700-z102	proven
20260712-170700-z102	102	379	379	-319.857	165.264	38.812	point		378,380	live-route-recording-20260712-170700-z102	proven
20260712-170700-z102	102	380	380	-318.732	163.533	38.750	point		379,381	live-route-recording-20260712-170700-z102	proven
20260712-170700-z102	102	381	381	-317.014	160.965	38.750	point		380,382	live-route-recording-20260712-170700-z102	proven
20260712-170700-z102	102	382	382	-315.484	158.692	38.723	point		381,383,431	live-route-recording-20260712-170700-z102	proven
20260712-170700-z102	102	383	383	-314.134	156.687	38.628	point		382,384	live-route-recording-20260712-170700-z102	proven
20260712-170700-z102	102	384	384	-312.436	154.166	38.115	point		383,385	live-route-recording-20260712-170700-z102	proven
20260712-170700-z102	102	385	385	-311.317	152.505	37.636	point		384,386	live-route-recording-20260712-170700-z102	proven
20260712-170700-z102	102	386	386	-309.592	150.030	36.954	point		385,387	live-route-recording-20260712-170700-z102	proven
20260712-170700-z102	102	387	387	-308.200	148.621	36.481	point		386,388	live-route-recording-20260712-170700-z102	proven
20260712-170700-z102	102	388	388	-305.769	147.045	35.129	point		387,389	live-route-recording-20260712-170700-z102	proven
20260712-170700-z102	102	389	389	-303.679	146.100	34.092	point		388,390	live-route-recording-20260712-170700-z102	proven
20260712-170700-z102	102	390	390	-301.009	145.292	32.671	point		389,391	live-route-recording-20260712-170700-z102	proven
20260712-170700-z102	102	391	391	-299.261	144.869	31.665	point		390,392	live-route-recording-20260712-170700-z102	proven
20260712-170700-z102	102	392	392	-296.425	144.235	30.482	point		391,393	live-route-recording-20260712-170700-z102	proven
20260712-170700-z102	102	393	393	-294.535	143.822	29.717	point		392,394	live-route-recording-20260712-170700-z102	proven
20260712-170700-z102	102	394	394	-291.680	143.200	28.620	point		393,395	live-route-recording-20260712-170700-z102	proven
20260712-170700-z102	102	395	395	-289.378	142.700	27.750	point		394,396	live-route-recording-20260712-170700-z102	proven
20260712-170700-z102	102	396	396	-286.438	142.035	26.908	point		395,397	live-route-recording-20260712-170700-z102	proven
20260712-170700-z102	102	397	397	-284.497	141.508	26.449	point		396,398	live-route-recording-20260712-170700-z102	proven
20260712-170700-z102	102	398	398	-281.603	140.587	25.900	point		397,399	live-route-recording-20260712-170700-z102	proven
20260712-170700-z102	102	399	399	-279.683	139.994	25.615	point		398,400	live-route-recording-20260712-170700-z102	proven
20260712-170700-z102	102	400	400	-276.869	139.120	24.687	point		399,401	live-route-recording-20260712-170700-z102	proven
20260712-170700-z102	102	401	401	-274.658	138.293	23.912	point		400,402	live-route-recording-20260712-170700-z102	proven
20260712-170700-z102	102	402	402	-271.892	137.122	23.262	point		401,403	live-route-recording-20260712-170700-z102	proven
20260712-170700-z102	102	403	403	-270.005	136.292	22.686	point		402,404	live-route-recording-20260712-170700-z102	proven
20260712-170700-z102	102	404	404	-268.146	135.469	22.363	point		403,405	live-route-recording-20260712-170700-z102	proven
20260712-170700-z102	102	405	405	-265.347	134.223	21.863	point		404,406	live-route-recording-20260712-170700-z102	proven
20260712-170700-z102	102	406	406	-262.690	133.034	21.583	point		405,407	live-route-recording-20260712-170700-z102	proven
20260712-170700-z102	102	407	407	-264.195	133.898	21.622	point		406,408	live-route-recording-20260712-170700-z102	proven
20260712-170700-z102	102	408	408	-267.089	135.446	22.178	point		407,409	live-route-recording-20260712-170700-z102	proven
20260712-170700-z102	102	409	409	-268.793	136.241	22.322	point		408,410	live-route-recording-20260712-170700-z102	proven
20260712-170700-z102	102	410	410	-271.508	137.397	23.139	point		409,411	live-route-recording-20260712-170700-z102	proven
20260712-170700-z102	102	411	411	-273.356	138.169	23.627	point		410,412	live-route-recording-20260712-170700-z102	proven
20260712-170700-z102	102	412	412	-275.167	138.922	24.126	point		411,413	live-route-recording-20260712-170700-z102	proven
20260712-170700-z102	102	413	413	-278.017	140.118	25.185	point		412,414	live-route-recording-20260712-170700-z102	proven
20260712-170700-z102	102	414	414	-279.322	140.681	25.505	point		413,415	live-route-recording-20260712-170700-z102	proven
20260712-170700-z102	102	415	415	-280.464	141.057	25.716	point		414,416	live-route-recording-20260712-170700-z102	proven
20260712-170700-z102	102	416	416	-283.223	141.617	26.202	point		415,417	live-route-recording-20260712-170700-z102	proven
20260712-170700-z102	102	417	417	-285.173	142.043	26.635	point		416,418	live-route-recording-20260712-170700-z102	proven
20260712-170700-z102	102	418	418	-288.032	142.807	27.281	point		417,419	live-route-recording-20260712-170700-z102	proven
20260712-170700-z102	102	419	419	-290.602	143.543	28.260	point		418,420	live-route-recording-20260712-170700-z102	proven
20260712-170700-z102	102	420	420	-292.777	144.172	29.106	point		419,421	live-route-recording-20260712-170700-z102	proven
20260712-170700-z102	102	421	421	-294.776	144.750	29.752	point		420,422	live-route-recording-20260712-170700-z102	proven
20260712-170700-z102	102	422	422	-297.602	145.684	30.963	point		421,423	live-route-recording-20260712-170700-z102	proven
20260712-170700-z102	102	423	423	-299.281	146.428	31.671	point		422,424	live-route-recording-20260712-170700-z102	proven
20260712-170700-z102	102	424	424	-301.028	147.287	32.714	point		423,425	live-route-recording-20260712-170700-z102	proven
20260712-170700-z102	102	425	425	-303.549	148.555	34.241	point		424,426	live-route-recording-20260712-170700-z102	proven
20260712-170700-z102	102	426	426	-306.416	149.545	35.741	point		425,427	live-route-recording-20260712-170700-z102	proven
20260712-170700-z102	102	427	427	-308.045	150.610	36.578	point		426,428	live-route-recording-20260712-170700-z102	proven
20260712-170700-z102	102	428	428	-310.395	152.434	37.405	point		427,429	live-route-recording-20260712-170700-z102	proven
20260712-170700-z102	102	429	429	-311.790	153.870	37.971	point		428,430	live-route-recording-20260712-170700-z102	proven
20260712-170700-z102	102	430	430	-313.628	156.326	38.549	point		429,431	live-route-recording-20260712-170700-z102	proven
20260712-170700-z102	102	431	431	-315.059	158.666	38.702	point		382,430,432	live-route-recording-20260712-170700-z102	proven
20260712-170700-z102	102	432	432	-316.187	160.824	38.750	point		431,433	live-route-recording-20260712-170700-z102	proven
20260712-170700-z102	102	433	433	-317.515	163.614	38.750	point		432,434	live-route-recording-20260712-170700-z102	proven
20260712-170700-z102	102	434	434	-318.427	165.458	38.822	point		433,435	live-route-recording-20260712-170700-z102	proven
20260712-170700-z102	102	435	435	-319.896	168.173	38.957	point		434,436	live-route-recording-20260712-170700-z102	proven
20260712-170700-z102	102	436	436	-320.914	169.967	39.046	point		435,437	live-route-recording-20260712-170700-z102	proven
20260712-170700-z102	102	437	437	-322.452	172.637	39.208	point		436,438	live-route-recording-20260712-170700-z102	proven
20260712-170700-z102	102	438	438	-323.750	174.740	39.420	point		375,437,439	live-route-recording-20260712-170700-z102	proven
20260712-170700-z102	102	439	439	-325.116	176.719	39.354	point		438,440	live-route-recording-20260712-170700-z102	proven
20260712-170700-z102	102	440	440	-326.530	178.635	39.190	point		439,441	live-route-recording-20260712-170700-z102	proven
20260712-170700-z102	102	441	441	-328.419	181.018	38.828	point		440,442	live-route-recording-20260712-170700-z102	proven
20260712-170700-z102	102	442	442	-330.199	183.075	38.271	point		441,443	live-route-recording-20260712-170700-z102	proven
20260712-170700-z102	102	443	443	-331.865	184.826	37.823	point		442,444	live-route-recording-20260712-170700-z102	proven
20260712-170700-z102	102	444	444	-334.012	187.020	37.720	point		443,445	live-route-recording-20260712-170700-z102	proven
20260712-170700-z102	102	445	445	-335.416	188.497	38.033	point		444,446	live-route-recording-20260712-170700-z102	proven
20260712-170700-z102	102	446	446	-337.494	190.711	38.462	point		445,447	live-route-recording-20260712-170700-z102	proven
20260712-170700-z102	102	447	447	-339.034	192.298	38.794	point		446,448	live-route-recording-20260712-170700-z102	proven
20260712-170700-z102	102	448	448	-341.107	194.339	39.251	point		447,449	live-route-recording-20260712-170700-z102	proven
20260712-170700-z102	102	449	449	-342.865	196.021	39.583	point		448,450	live-route-recording-20260712-170700-z102	proven
20260712-170700-z102	102	450	450	-345.098	198.118	39.436	point		449,451	live-route-recording-20260712-170700-z102	proven
20260712-170700-z102	102	451	451	-346.616	199.527	39.283	point		450,452	live-route-recording-20260712-170700-z102	proven
20260712-170700-z102	102	452	452	-348.877	201.614	39.104	point		451,453	live-route-recording-20260712-170700-z102	proven
20260712-170700-z102	102	453	453	-350.372	203.023	39.029	point		452,454	live-route-recording-20260712-170700-z102	proven
20260712-170700-z102	102	454	454	-352.471	205.296	38.906	point		453,455	live-route-recording-20260712-170700-z102	proven
20260712-170700-z102	102	455	455	-354.000	207.195	38.888	point		454,456	live-route-recording-20260712-170700-z102	proven
20260712-170700-z102	102	456	456	-355.823	209.684	39.022	point		455,457	live-route-recording-20260712-170700-z102	proven
20260712-170700-z102	102	457	457	-356.956	211.392	39.117	point		456,458	live-route-recording-20260712-170700-z102	proven
20260712-170700-z102	102	458	458	-358.376	214.114	39.357	point		457,459	live-route-recording-20260712-170700-z102	proven
20260712-170700-z102	102	459	459	-359.144	216.014	39.419	point		458,460	live-route-recording-20260712-170700-z102	proven
20260712-170700-z102	102	460	460	-359.936	219.004	39.681	point		459,461	live-route-recording-20260712-170700-z102	proven
20260712-170700-z102	102	461	461	-360.311	221.407	39.664	point		460,462	live-route-recording-20260712-170700-z102	proven
20260712-170700-z102	102	462	462	-360.499	223.625	39.545	point		461,463	live-route-recording-20260712-170700-z102	proven
20260712-170700-z102	102	463	463	-360.474	226.682	39.317	point		462,464	live-route-recording-20260712-170700-z102	proven
20260712-170700-z102	102	464	464	-360.237	228.723	39.130	point		463,465	live-route-recording-20260712-170700-z102	proven
20260712-170700-z102	102	465	465	-359.622	231.748	38.909	point		464,466	live-route-recording-20260712-170700-z102	proven
20260712-170700-z102	102	466	466	-358.833	234.545	38.654	point		465,467	live-route-recording-20260712-170700-z102	proven
20260712-170700-z102	102	467	467	-358.055	236.894	38.774	point		466,468	live-route-recording-20260712-170700-z102	proven
20260712-170700-z102	102	468	468	-357.029	239.808	38.750	point		467,469	live-route-recording-20260712-170700-z102	proven
20260712-170700-z102	102	469	469	-356.335	241.748	38.750	point		468,470	live-route-recording-20260712-170700-z102	proven
20260712-170700-z102	102	470	470	-355.292	244.646	38.745	point		469,471	live-route-recording-20260712-170700-z102	proven
20260712-170700-z102	102	471	471	-354.598	246.576	38.791	point		470,472	live-route-recording-20260712-170700-z102	proven
20260712-170700-z102	102	472	472	-353.552	249.480	38.516	point		471,473	live-route-recording-20260712-170700-z102	proven
20260712-170700-z102	102	473	473	-352.731	251.757	38.390	point		472,474	live-route-recording-20260712-170700-z102	proven
20260712-170700-z102	102	474	474	-351.691	254.646	38.161	point		473,475	live-route-recording-20260712-170700-z102	proven
20260712-170700-z102	102	475	475	-350.996	256.573	38.112	point		474,476	live-route-recording-20260712-170700-z102	proven
20260712-170700-z102	102	476	476	-349.949	259.474	38.245	point		475,477	live-route-recording-20260712-170700-z102	proven
20260712-170700-z102	102	477	477	-349.183	261.388	38.145	point		476,478	live-route-recording-20260712-170700-z102	proven
20260712-170700-z102	102	478	478	-347.646	264.035	37.843	point		477,479	live-route-recording-20260712-170700-z102	proven
20260712-170700-z102	102	479	479	-346.141	265.899	37.498	point		478,480	live-route-recording-20260712-170700-z102	proven
20260712-170700-z102	102	480	480	-343.906	268.024	37.716	point		479,481	live-route-recording-20260712-170700-z102	proven
20260712-170700-z102	102	481	481	-342.358	269.306	38.118	point		480,482	live-route-recording-20260712-170700-z102	proven
20260712-170700-z102	102	482	482	-339.864	271.067	38.752	point		481,483	live-route-recording-20260712-170700-z102	proven
20260712-170700-z102	102	483	483	-338.140	272.157	38.897	point		482,484	live-route-recording-20260712-170700-z102	proven
20260712-170700-z102	102	484	484	-335.538	273.844	39.052	point		483,485	live-route-recording-20260712-170700-z102	proven
20260712-170700-z102	102	485	485	-333.492	275.242	39.126	point		484,486	live-route-recording-20260712-170700-z102	proven
20260712-170700-z102	102	486	486	-331.799	276.423	39.124	point		485,487	live-route-recording-20260712-170700-z102	proven
20260712-170700-z102	102	487	487	-329.270	278.194	39.011	point		323,486,488	live-route-recording-20260712-170700-z102	proven
20260712-170700-z102	102	488	488	-327.568	279.387	38.927	point		322,487,489	live-route-recording-20260712-170700-z102	proven
20260712-170700-z102	102	489	489	-325.028	281.170	38.815	point		488,490	live-route-recording-20260712-170700-z102	proven
20260712-170700-z102	102	490	490	-323.334	282.358	38.771	point		489,491	live-route-recording-20260712-170700-z102	proven
20260712-170700-z102	102	491	491	-320.465	284.371	38.773	point		490,492	live-route-recording-20260712-170700-z102	proven
20260712-170700-z102	102	492	492	-318.782	285.552	38.768	point		491,493	live-route-recording-20260712-170700-z102	proven
20260712-170700-z102	102	493	493	-316.962	286.829	38.741	point		492,494	live-route-recording-20260712-170700-z102	proven
20260712-170700-z102	102	494	494	-314.398	288.837	38.579	point		493,495	live-route-recording-20260712-170700-z102	proven
20260712-170700-z102	102	495	495	-313.132	290.380	38.259	point		494,496	live-route-recording-20260712-170700-z102	proven
20260712-170700-z102	102	496	496	-311.898	292.988	37.405	point		495,497	live-route-recording-20260712-170700-z102	proven
20260712-170700-z102	102	497	497	-311.391	294.731	37.065	point		496,498	live-route-recording-20260712-170700-z102	proven
20260712-170700-z102	102	498	498	-310.982	297.728	36.469	point		497,499	live-route-recording-20260712-170700-z102	proven
20260712-170700-z102	102	499	499	-310.946	299.734	36.027	point		498,500	live-route-recording-20260712-170700-z102	proven
20260712-170700-z102	102	500	500	-311.039	302.719	35.267	point		499,501	live-route-recording-20260712-170700-z102	proven
20260712-170700-z102	102	501	501	-311.141	304.646	34.567	point		500,502	live-route-recording-20260712-170700-z102	proven
20260712-170700-z102	102	502	502	-311.405	307.522	33.283	point		501,503	live-route-recording-20260712-170700-z102	proven
20260712-170700-z102	102	503	503	-311.712	309.844	32.529	point		502,504	live-route-recording-20260712-170700-z102	proven
20260712-170700-z102	102	504	504	-311.802	312.851	31.748	point		503,505	live-route-recording-20260712-170700-z102	proven
20260712-170700-z102	102	505	505	-311.493	314.862	31.380	point		504,506	live-route-recording-20260712-170700-z102	proven
20260712-170700-z102	102	506	506	-310.468	317.728	30.801	point		505,507	live-route-recording-20260712-170700-z102	proven
20260712-170700-z102	102	507	507	-309.510	319.514	30.367	point		506,508	live-route-recording-20260712-170700-z102	proven
20260712-170700-z102	102	508	508	-307.837	322.118	30.064	point		301,507,509	live-route-recording-20260712-170700-z102	proven
20260712-170700-z102	102	509	509	-306.623	324.234	29.790	point		508,510	live-route-recording-20260712-170700-z102	proven
20260712-170700-z102	102	510	510	-305.774	326.276	29.868	point		509,511	live-route-recording-20260712-170700-z102	proven
20260712-170700-z102	102	511	511	-304.780	329.187	29.738	point		298,510,512	live-route-recording-20260712-170700-z102	proven
20260712-170700-z102	102	512	512	-304.290	331.182	29.466	point		511,513	live-route-recording-20260712-170700-z102	proven
20260712-170700-z102	102	513	513	-303.678	334.174	28.936	point		296,512,514	live-route-recording-20260712-170700-z102	proven
20260712-170700-z102	102	514	514	-303.290	336.159	28.516	point		513,515	live-route-recording-20260712-170700-z102	proven
20260712-170700-z102	102	515	515	-302.938	337.967	28.077	point		514,516	live-route-recording-20260712-170700-z102	proven
20260712-170700-z102	102	516	516	-302.164	341.258	27.300	point		515,517	live-route-recording-20260712-170700-z102	proven
20260712-170700-z102	102	517	517	-301.471	343.148	26.766	point		516,518	live-route-recording-20260712-170700-z102	proven
20260712-170700-z102	102	518	518	-300.334	345.957	26.148	point		517,519	live-route-recording-20260712-170700-z102	proven
20260712-170700-z102	102	519	519	-299.456	347.786	25.765	point		518,520	live-route-recording-20260712-170700-z102	proven
20260712-170700-z102	102	520	520	-297.829	349.233	25.479	point		519,521	live-route-recording-20260712-170700-z102	proven
20260712-170700-z102	102	521	521	-296.680	349.328	25.138	point		520,522	live-route-recording-20260712-170700-z102	proven
20260712-170700-z102	102	522	522	-294.931	347.522	24.652	point		521,523	live-route-recording-20260712-170700-z102	proven
20260712-170700-z102	102	523	523	-294.066	345.659	24.245	point		522,524	live-route-recording-20260712-170700-z102	proven
20260712-170700-z102	102	524	524	-292.927	342.944	23.781	point		287,523,525	live-route-recording-20260712-170700-z102	proven
20260712-170700-z102	102	525	525	-292.159	341.066	23.441	point		286,524,526	live-route-recording-20260712-170700-z102	proven
20260712-170700-z102	102	526	526	-291.291	338.263	22.953	point		525,527	live-route-recording-20260712-170700-z102	proven
20260712-170700-z102	102	527	527	-291.358	336.929	22.809	point		526,528	live-route-recording-20260712-170700-z102	proven
20260712-170700-z102	102	528	528	-291.970	335.302	22.549	point		284,527,529	live-route-recording-20260712-170700-z102	proven
20260712-170700-z102	102	529	529	-293.606	333.761	22.393	point		528,530	live-route-recording-20260712-170700-z102	proven
20260712-170700-z102	102	530	530	-294.991	332.803	22.196	point		529,531	live-route-recording-20260712-170700-z102	proven
20260712-170700-z102	102	531	531	-296.160	332.044	22.016	point		530,532	live-route-recording-20260712-170700-z102	proven
20260712-170700-z102	102	532	532	-296.188	330.688	21.711	point		531,533	live-route-recording-20260712-170700-z102	proven
20260712-170700-z102	102	533	533	-295.850	328.142	20.902	point		532,534	live-route-recording-20260712-170700-z102	proven
20260712-170700-z102	102	534	534	-295.373	326.027	20.101	point		533,535	live-route-recording-20260712-170700-z102	proven
20260712-170700-z102	102	535	535	-294.772	323.779	19.220	point		534,536	live-route-recording-20260712-170700-z102	proven
20260712-170700-z102	102	536	536	-293.945	320.878	18.629	point		535,537	live-route-recording-20260712-170700-z102	proven
20260712-170700-z102	102	537	537	-293.411	318.936	18.101	point		536,538	live-route-recording-20260712-170700-z102	proven
20260712-170700-z102	102	538	538	-293.255	316.213	17.143	point		276,537,539	live-route-recording-20260712-170700-z102	proven
20260712-170700-z102	102	539	539	-293.822	313.835	16.831	point		538,540	live-route-recording-20260712-170700-z102	proven
20260712-170700-z102	102	540	540	-294.582	311.584	16.306	point		539,541	live-route-recording-20260712-170700-z102	proven
20260712-170700-z102	102	541	541	-295.359	308.665	15.677	point		540,542	live-route-recording-20260712-170700-z102	proven
20260712-170700-z102	102	542	542	-295.203	306.675	15.174	point		541,543	live-route-recording-20260712-170700-z102	proven
20260712-170700-z102	102	543	543	-294.470	304.632	14.630	point		542,544	live-route-recording-20260712-170700-z102	proven
20260712-170700-z102	102	544	544	-293.245	301.905	13.795	point		543,545	live-route-recording-20260712-170700-z102	proven
20260712-170700-z102	102	545	545	-292.494	299.802	13.319	point		544,546	live-route-recording-20260712-170700-z102	proven
20260712-170700-z102	102	546	546	-291.793	297.531	12.773	point		545,547	live-route-recording-20260712-170700-z102	proven
20260712-170700-z102	102	547	547	-291.183	295.435	12.259	point		546,548	live-route-recording-20260712-170700-z102	proven
20260712-170700-z102	102	548	548	-290.258	292.198	11.703	point		547,549	live-route-recording-20260712-170700-z102	proven
20260712-170700-z102	102	549	549	-289.721	290.311	11.106	point		548,550	live-route-recording-20260712-170700-z102	proven
20260712-170700-z102	102	550	550	-289.181	288.410	10.368	point		265,549,551	live-route-recording-20260712-170700-z102	proven
20260712-170700-z102	102	551	551	-288.304	285.325	9.614	point		550,552	live-route-recording-20260712-170700-z102	proven
20260712-170700-z102	102	552	552	-287.489	282.456	9.200	point		551,553	live-route-recording-20260712-170700-z102	proven
20260712-170700-z102	102	553	553	-287.206	281.294	9.120	point		552,554	live-route-recording-20260712-170700-z102	proven
20260712-170700-z102	102	554	554	-286.956	279.743	9.052	point		553,555	live-route-recording-20260712-170700-z102	proven
20260712-170700-z102	102	555	555	-286.838	276.910	9.019	point		554,556	live-route-recording-20260712-170700-z102	proven
20260712-170700-z102	102	556	556	-286.788	274.849	9.039	point		555,557	live-route-recording-20260712-170700-z102	proven
20260712-170700-z102	102	557	557	-286.551	271.771	8.984	point		556,558	live-route-recording-20260712-170700-z102	proven
20260712-170700-z102	102	558	558	-286.356	269.726	9.061	point		557,559	live-route-recording-20260712-170700-z102	proven
20260712-170700-z102	102	559	559	-286.029	266.646	9.039	point		558,560	live-route-recording-20260712-170700-z102	proven
20260712-170700-z102	102	560	560	-285.597	264.213	9.129	point		559,561	live-route-recording-20260712-170700-z102	proven
20260712-170700-z102	102	561	561	-285.127	262.216	8.957	point		560,562	live-route-recording-20260712-170700-z102	proven
20260712-170700-z102	102	562	562	-284.382	259.225	8.978	point		561,563	live-route-recording-20260712-170700-z102	proven
20260712-170700-z102	102	563	563	-283.838	257.081	8.844	point		562,564	live-route-recording-20260712-170700-z102	proven
20260712-170700-z102	102	564	564	-283.034	253.929	8.589	point		563,565	live-route-recording-20260712-170700-z102	proven
20260712-170700-z102	102	565	565	-282.484	251.769	8.373	point		564,566	live-route-recording-20260712-170700-z102	proven
20260712-170700-z102	102	566	566	-281.702	248.701	8.234	point		565,567	live-route-recording-20260712-170700-z102	proven
20260712-170700-z102	102	567	567	-281.216	246.798	8.139	point		566,568	live-route-recording-20260712-170700-z102	proven
20260712-170700-z102	102	568	568	-280.455	243.811	7.990	point		567,569	live-route-recording-20260712-170700-z102	proven
20260712-170700-z102	102	569	569	-279.904	241.650	8.000	point		568,570	live-route-recording-20260712-170700-z102	proven
20260712-170700-z102	102	570	570	-279.394	239.649	8.000	point		569,571	live-route-recording-20260712-170700-z102	proven
20260712-170700-z102	102	571	571	-278.575	236.436	8.000	point		570,572	live-route-recording-20260712-170700-z102	proven
20260712-170700-z102	102	572	572	-278.008	234.210	8.088	point		571,573	live-route-recording-20260712-170700-z102	proven
20260712-170700-z102	102	573	573	-277.122	230.886	8.255	point		572,574	live-route-recording-20260712-170700-z102	proven
20260712-170700-z102	102	574	574	-276.384	228.955	8.351	point		573,575	live-route-recording-20260712-170700-z102	proven
20260712-170700-z102	102	575	575	-275.457	226.928	8.200	point		574,576	live-route-recording-20260712-170700-z102	proven
20260712-170700-z102	102	576	576	-274.032	224.008	7.892	point		575,577	live-route-recording-20260712-170700-z102	proven
20260712-170700-z102	102	577	577	-272.805	221.705	7.555	point		576,578	live-route-recording-20260712-170700-z102	proven
20260712-170700-z102	102	578	578	-271.619	219.554	7.226	point		577,579	live-route-recording-20260712-170700-z102	proven
20260712-170700-z102	102	579	579	-270.532	217.595	7.116	point		578,580	live-route-recording-20260712-170700-z102	proven
20260712-170700-z102	102	580	580	-269.038	214.906	6.745	point		579,581	live-route-recording-20260712-170700-z102	proven
20260712-170700-z102	102	581	581	-267.961	212.967	6.842	point		580,582	live-route-recording-20260712-170700-z102	proven
20260712-170700-z102	102	582	582	-266.531	210.263	7.343	point		581,583	live-route-recording-20260712-170700-z102	proven
20260712-170700-z102	102	583	583	-265.582	208.285	7.595	point		582,584	live-route-recording-20260712-170700-z102	proven
20260712-170700-z102	102	584	584	-264.749	206.457	8.023	point		583,585	live-route-recording-20260712-170700-z102	proven
20260712-170700-z102	102	585	585	-263.384	203.352	8.830	point		584,586	live-route-recording-20260712-170700-z102	proven
20260712-170700-z102	102	586	586	-262.495	201.296	8.874	point		585,587	live-route-recording-20260712-170700-z102	proven
20260712-170700-z102	102	587	587	-261.618	199.258	8.870	point		586,588	live-route-recording-20260712-170700-z102	proven
20260712-170700-z102	102	588	588	-260.326	196.247	8.746	point		587,589	live-route-recording-20260712-170700-z102	proven
20260712-170700-z102	102	589	589	-259.516	194.360	8.614	point		588,590	live-route-recording-20260712-170700-z102	proven
20260712-170700-z102	102	590	590	-258.569	192.151	8.392	point		589,591	live-route-recording-20260712-170700-z102	proven
20260712-170700-z102	102	591	591	-257.282	189.151	8.450	point		590,592	live-route-recording-20260712-170700-z102	proven
20260712-170700-z102	102	592	592	-256.405	187.107	8.451	point		591,593	live-route-recording-20260712-170700-z102	proven
20260712-170700-z102	102	593	593	-255.596	185.218	8.430	point		592,594	live-route-recording-20260712-170700-z102	proven
20260712-170700-z102	102	594	594	-254.380	182.383	8.429	point		593,595	live-route-recording-20260712-170700-z102	proven
20260712-170700-z102	102	595	595	-253.572	180.499	8.433	point		594,596	live-route-recording-20260712-170700-z102	proven
20260712-170700-z102	102	596	596	-252.354	177.659	8.409	point		595,597	live-route-recording-20260712-170700-z102	proven
20260712-170700-z102	102	597	597	-251.541	175.761	8.400	point		596,598	live-route-recording-20260712-170700-z102	proven
20260712-170700-z102	102	598	598	-250.318	172.908	8.477	point		597,599	live-route-recording-20260712-170700-z102	proven
20260712-170700-z102	102	599	599	-249.510	171.010	8.436	point		598,600	live-route-recording-20260712-170700-z102	proven
20260712-170700-z102	102	600	600	-248.389	168.135	8.257	point		599,601	live-route-recording-20260712-170700-z102	proven
20260712-170700-z102	102	601	601	-247.741	166.195	8.305	point		600,602	live-route-recording-20260712-170700-z102	proven
20260712-170700-z102	102	602	602	-246.695	162.899	8.298	point		601,603	live-route-recording-20260712-170700-z102	proven
20260712-170700-z102	102	603	603	-246.081	160.938	8.160	point		602,604	live-route-recording-20260712-170700-z102	proven
20260712-170700-z102	102	604	604	-245.162	157.999	8.057	point		603,605	live-route-recording-20260712-170700-z102	proven
20260712-170700-z102	102	605	605	-244.543	156.019	8.026	point		604,606	live-route-recording-20260712-170700-z102	proven
20260712-170700-z102	102	606	606	-243.877	153.889	8.104	point		605,607	live-route-recording-20260712-170700-z102	proven
20260712-170700-z102	102	607	607	-242.956	150.943	8.252	point		606,608	live-route-recording-20260712-170700-z102	proven
20260712-170700-z102	102	608	608	-242.396	149.151	8.341	point		607,609	live-route-recording-20260712-170700-z102	proven
20260712-170700-z102	102	609	609	-241.360	145.860	8.610	point		608,610	live-route-recording-20260712-170700-z102	proven
20260712-170700-z102	102	610	610	-240.655	143.938	8.802	point		609,611	live-route-recording-20260712-170700-z102	proven
20260712-170700-z102	102	611	611	-238.876	141.447	8.927	point		610,612	live-route-recording-20260712-170700-z102	proven
20260712-170700-z102	102	612	612	-237.372	140.063	8.996	point		611,613	live-route-recording-20260712-170700-z102	proven
20260712-170700-z102	102	613	613	-235.055	138.145	8.471	point		612,614	live-route-recording-20260712-170700-z102	proven
20260712-170700-z102	102	614	614	-233.363	137.062	7.868	point		613,615	live-route-recording-20260712-170700-z102	proven
20260712-170700-z102	102	615	615	-231.212	135.879	7.277	point		614,616	live-route-recording-20260712-170700-z102	proven
20260712-170700-z102	102	616	616	-228.513	134.453	6.766	point		615,617	live-route-recording-20260712-170700-z102	proven
20260712-170700-z102	102	617	617	-226.699	133.501	6.869	point		616,618	live-route-recording-20260712-170700-z102	proven
20260712-170700-z102	102	618	618	-223.960	132.067	6.887	point		617,619	live-route-recording-20260712-170700-z102	proven
20260712-170700-z102	102	619	619	-221.983	131.032	7.056	point		618,620	live-route-recording-20260712-170700-z102	proven
20260712-170700-z102	102	620	620	-219.535	129.751	7.013	point		619,621	live-route-recording-20260712-170700-z102	proven
20260712-170700-z102	102	621	621	-217.721	128.831	7.049	point		620,622	live-route-recording-20260712-170700-z102	proven
20260712-170700-z102	102	622	622	-214.863	127.718	7.360	point		621,623	live-route-recording-20260712-170700-z102	proven
20260712-170700-z102	102	623	623	-212.737	127.068	7.431	point		622,624	live-route-recording-20260712-170700-z102	proven
20260712-170700-z102	102	624	624	-210.752	126.510	7.501	point		623,625,4270	live-route-recording-20260712-170700-z102	proven
20260712-170700-z102	102	625	625	-207.773	125.692	7.644	point		624,626	live-route-recording-20260712-170700-z102	proven
20260712-170700-z102	102	626	626	-204.976	124.928	7.710	point		625,627	live-route-recording-20260712-170700-z102	proven
20260712-170700-z102	102	627	627	-202.748	124.320	7.823	point		626,628	live-route-recording-20260712-170700-z102	proven
20260712-170700-z102	102	628	628	-199.784	123.518	8.000	point		627,629	live-route-recording-20260712-170700-z102	proven
20260712-170700-z102	102	629	629	-197.783	123.029	8.000	point		628,630	live-route-recording-20260712-170700-z102	proven
20260712-170700-z102	102	630	630	-194.713	122.651	8.063	point		629,631	live-route-recording-20260712-170700-z102	proven
20260712-170700-z102	102	631	631	-192.661	122.603	8.166	point		630,632	live-route-recording-20260712-170700-z102	proven
20260712-170700-z102	102	632	632	-189.581	122.651	8.320	point		631,633	live-route-recording-20260712-170700-z102	proven
20260712-170700-z102	102	633	633	-187.101	122.807	8.486	point		632,634	live-route-recording-20260712-170700-z102	proven
20260712-170700-z102	102	634	634	-184.052	123.215	8.791	point		633,635	live-route-recording-20260712-170700-z102	proven
20260712-170700-z102	102	635	635	-182.016	123.546	8.898	point		634,636	live-route-recording-20260712-170700-z102	proven
20260712-170700-z102	102	636	636	-178.981	124.115	8.839	point		635,637	live-route-recording-20260712-170700-z102	proven
20260712-170700-z102	102	637	637	-176.844	124.685	8.517	point		636,638	live-route-recording-20260712-170700-z102	proven
20260712-170700-z102	102	638	638	-174.074	125.539	8.113	point		637,639	live-route-recording-20260712-170700-z102	proven
20260712-170700-z102	102	639	639	-171.802	126.266	7.674	point		638,640	live-route-recording-20260712-170700-z102	proven
20260712-170700-z102	102	640	640	-168.871	127.209	7.865	point		639,641	live-route-recording-20260712-170700-z102	proven
20260712-170700-z102	102	641	641	-166.906	127.841	7.912	point		640,642	live-route-recording-20260712-170700-z102	proven
20260712-170700-z102	102	642	642	-163.965	128.788	8.238	point		641,643	live-route-recording-20260712-170700-z102	proven
20260712-170700-z102	102	643	643	-162.005	129.419	8.270	point		642,644	live-route-recording-20260712-170700-z102	proven
20260712-170700-z102	102	644	644	-159.074	130.363	8.340	point		643,645	live-route-recording-20260712-170700-z102	proven
20260712-170700-z102	102	645	645	-156.764	131.107	8.435	point		644,646	live-route-recording-20260712-170700-z102	proven
20260712-170700-z102	102	646	646	-153.820	132.055	8.346	point		645,647	live-route-recording-20260712-170700-z102	proven
20260712-170700-z102	102	647	647	-151.869	132.683	8.152	point		646,648	live-route-recording-20260712-170700-z102	proven
20260712-170700-z102	102	648	648	-148.921	133.632	8.003	point		647,649	live-route-recording-20260712-170700-z102	proven
20260712-170700-z102	102	649	649	-146.966	134.261	7.937	point		648,650	live-route-recording-20260712-170700-z102	proven
20260712-170700-z102	102	650	650	-144.043	135.154	7.961	point		649,651	live-route-recording-20260712-170700-z102	proven
20260712-170700-z102	102	651	651	-141.831	135.583	8.776	point		650,652	live-route-recording-20260712-170700-z102	proven
20260712-170700-z102	102	652	652	-138.837	135.835	9.521	point		651,653	live-route-recording-20260712-170700-z102	proven
20260712-170700-z102	102	653	653	-136.610	135.929	9.688	point		652,654	live-route-recording-20260712-170700-z102	proven
20260712-170700-z102	102	654	654	-134.549	136.042	9.609	point		653,655	live-route-recording-20260712-170700-z102	proven
20260712-170700-z102	102	655	655	-131.488	136.351	9.521	point		654,656	live-route-recording-20260712-170700-z102	proven
20260712-170700-z102	102	656	656	-128.618	136.806	9.833	point		655,657	live-route-recording-20260712-170700-z102	proven
20260712-170700-z102	102	657	657	-126.201	137.311	10.205	point		656,658	live-route-recording-20260712-170700-z102	proven
20260712-170700-z102	102	658	658	-123.230	138.004	10.694	point		657,659	live-route-recording-20260712-170700-z102	proven
20260712-170700-z102	102	659	659	-121.254	138.478	10.927	point		658,660	live-route-recording-20260712-170700-z102	proven
20260712-170700-z102	102	660	660	-119.289	138.953	11.294	point		659,661	live-route-recording-20260712-170700-z102	proven
20260712-170700-z102	102	661	661	-116.174	139.708	11.840	point		660,662	live-route-recording-20260712-170700-z102	proven
20260712-170700-z102	102	662	662	-113.442	140.352	12.409	point		661,663	live-route-recording-20260712-170700-z102	proven
20260712-170700-z102	102	663	663	-111.156	140.804	13.033	point		662,664	live-route-recording-20260712-170700-z102	proven
20260712-170700-z102	102	664	664	-109.027	141.106	13.781	point		663,665	live-route-recording-20260712-170700-z102	proven
20260712-170700-z102	102	665	665	-105.962	141.524	14.097	point		664,666	live-route-recording-20260712-170700-z102	proven
20260712-170700-z102	102	666	666	-103.932	141.854	14.294	point		665,667	live-route-recording-20260712-170700-z102	proven
20260712-170700-z102	102	667	667	-100.810	142.490	14.435	point		666,668	live-route-recording-20260712-170700-z102	proven
20260712-170700-z102	102	668	668	-98.873	142.936	15.143	point		667,669	live-route-recording-20260712-170700-z102	proven
20260712-170700-z102	102	669	669	-95.828	143.664	15.661	point		668,670	live-route-recording-20260712-170700-z102	proven
20260712-170700-z102	102	670	670	-92.854	144.387	15.975	point		669,671	live-route-recording-20260712-170700-z102	proven
20260712-170700-z102	102	671	671	-90.861	144.876	16.091	point		670,672	live-route-recording-20260712-170700-z102	proven
20260712-170700-z102	102	672	672	-88.711	145.439	16.225	point		671,673	live-route-recording-20260712-170700-z102	proven
20260712-170700-z102	102	673	673	-85.756	146.372	16.388	point		672,674	live-route-recording-20260712-170700-z102	proven
20260712-170700-z102	102	674	674	-82.976	147.281	16.378	point		673,675	live-route-recording-20260712-170700-z102	proven
20260712-170700-z102	102	675	675	-80.439	148.012	16.406	point		674,676	live-route-recording-20260712-170700-z102	proven
20260712-170700-z102	102	676	676	-78.453	148.536	16.372	point		675,677	live-route-recording-20260712-170700-z102	proven
20260712-170700-z102	102	677	677	-75.487	149.289	16.232	point		676,678	live-route-recording-20260712-170700-z102	proven
20260712-170700-z102	102	678	678	-73.496	149.794	15.954	point		677,679	live-route-recording-20260712-170700-z102	proven
20260712-170700-z102	102	679	679	-70.535	150.657	15.914	point		678,680	live-route-recording-20260712-170700-z102	proven
20260712-170700-z102	102	680	680	-67.832	151.644	16.067	point		679,681	live-route-recording-20260712-170700-z102	proven
20260712-170700-z102	102	681	681	-65.654	152.497	16.621	point		680,682	live-route-recording-20260712-170700-z102	proven
20260712-170700-z102	102	682	682	-62.793	153.638	17.105	point		681,683	live-route-recording-20260712-170700-z102	proven
20260712-170700-z102	102	683	683	-60.851	154.317	17.052	point		682,684	live-route-recording-20260712-170700-z102	proven
20260712-170700-z102	102	684	684	-57.876	155.097	16.893	point		683,685	live-route-recording-20260712-170700-z102	proven
20260712-170700-z102	102	685	685	-55.859	155.508	16.804	point		684,686	live-route-recording-20260712-170700-z102	proven
20260712-170700-z102	102	686	686	-52.830	156.057	16.475	point		685,687	live-route-recording-20260712-170700-z102	proven
20260712-170700-z102	102	687	687	-50.408	156.465	16.319	point		686,688	live-route-recording-20260712-170700-z102	proven
20260712-170700-z102	102	688	688	-47.329	156.868	16.165	point		687,689	live-route-recording-20260712-170700-z102	proven
20260712-170700-z102	102	689	689	-45.282	157.029	16.063	point		688,690	live-route-recording-20260712-170700-z102	proven
20260712-170700-z102	102	690	690	-42.195	157.173	16.000	point		689,691	live-route-recording-20260712-170700-z102	proven
20260712-170700-z102	102	691	691	-40.133	157.239	15.990	point		690,692	live-route-recording-20260712-170700-z102	proven
20260712-170700-z102	102	692	692	-37.056	157.324	16.166	point		691,693	live-route-recording-20260712-170700-z102	proven
20260712-170700-z102	102	693	693	-34.614	157.350	16.232	point		692,694	live-route-recording-20260712-170700-z102	proven
20260712-170700-z102	102	694	694	-31.529	157.203	16.367	point		693,695	live-route-recording-20260712-170700-z102	proven
20260712-170700-z102	102	695	695	-29.488	156.981	16.356	point		694,696	live-route-recording-20260712-170700-z102	proven
20260712-170700-z102	102	696	696	-27.467	156.662	16.449	point		695,697	live-route-recording-20260712-170700-z102	proven
20260712-170700-z102	102	697	697	-24.253	156.271	16.770	point		696,698	live-route-recording-20260712-170700-z102	proven
20260712-170700-z102	102	698	698	-21.353	156.163	16.931	point		697,699	live-route-recording-20260712-170700-z102	proven
20260712-170700-z102	102	699	699	-18.901	156.208	16.944	point		698,700	live-route-recording-20260712-170700-z102	proven
20260712-170700-z102	102	700	700	-15.826	156.488	16.790	point		699,701	live-route-recording-20260712-170700-z102	proven
20260712-170700-z102	102	701	701	-13.792	156.778	16.855	point		700,702	live-route-recording-20260712-170700-z102	proven
20260712-170700-z102	102	702	702	-11.592	157.107	16.734	point		701,703	live-route-recording-20260712-170700-z102	proven
20260712-170700-z102	102	703	703	-8.538	157.459	16.537	point		702,704	live-route-recording-20260712-170700-z102	proven
20260712-170700-z102	102	704	704	-5.639	157.721	16.359	point		703,705	live-route-recording-20260712-170700-z102	proven
20260712-170700-z102	102	705	705	-3.188	157.920	16.254	point		704,706	live-route-recording-20260712-170700-z102	proven
20260712-170700-z102	102	706	706	-0.970	158.093	16.232	point		705,707	live-route-recording-20260712-170700-z102	proven
20260712-170700-z102	102	707	707	2.111	158.330	16.202	point		706,708	live-route-recording-20260712-170700-z102	proven
20260712-170700-z102	102	708	708	4.174	158.488	16.183	point		707,709	live-route-recording-20260712-170700-z102	proven
20260712-170700-z102	102	709	709	7.242	158.723	16.314	point		708,710	live-route-recording-20260712-170700-z102	proven
20260712-170700-z102	102	710	710	9.299	158.881	16.397	point		709,711	live-route-recording-20260712-170700-z102	proven
20260712-170700-z102	102	711	711	12.615	159.135	16.559	point		710,712	live-route-recording-20260712-170700-z102	proven
20260712-170700-z102	102	712	712	14.676	159.293	16.745	point		711,713	live-route-recording-20260712-170700-z102	proven
20260712-170700-z102	102	713	713	16.712	159.448	16.897	point		712,714	live-route-recording-20260712-170700-z102	proven
20260712-170700-z102	102	714	714	19.970	159.698	17.028	point		713,715	live-route-recording-20260712-170700-z102	proven
20260712-170700-z102	102	715	715	22.023	159.856	16.878	point		714,716	live-route-recording-20260712-170700-z102	proven
20260712-170700-z102	102	716	716	25.086	160.093	16.669	point		715,717	live-route-recording-20260712-170700-z102	proven
20260712-170700-z102	102	717	717	27.359	160.338	16.473	point		716,718	live-route-recording-20260712-170700-z102	proven
20260712-170700-z102	102	718	718	30.432	160.808	16.372	point		717,719	live-route-recording-20260712-170700-z102	proven
20260712-170700-z102	102	719	719	32.456	161.156	16.281	point		718,720	live-route-recording-20260712-170700-z102	proven
20260712-170700-z102	102	720	720	35.515	161.698	16.141	point		719,721	live-route-recording-20260712-170700-z102	proven
20260712-170700-z102	102	721	721	37.548	162.060	16.127	point		720,722	live-route-recording-20260712-170700-z102	proven
20260712-170700-z102	102	722	722	40.590	162.604	16.161	point		721,723	live-route-recording-20260712-170700-z102	proven
20260712-170700-z102	102	723	723	43.036	163.042	16.188	point		722,724	live-route-recording-20260712-170700-z102	proven
20260712-170700-z102	102	724	724	45.049	163.403	16.198	point		723,725,779	live-route-recording-20260712-170700-z102	proven
20260712-170700-z102	102	725	725	48.245	163.975	16.173	point		724,726	live-route-recording-20260712-170700-z102	proven
20260712-170700-z102	102	726	726	50.255	164.335	16.312	point		725,727	live-route-recording-20260712-170700-z102	proven
20260712-170700-z102	102	727	727	53.257	164.873	16.704	point		726,728	live-route-recording-20260712-170700-z102	proven
20260712-170700-z102	102	728	728	55.424	165.261	17.013	point		727,729	live-route-recording-20260712-170700-z102	proven
20260712-170700-z102	102	729	729	57.490	165.630	17.164	point		728,730	live-route-recording-20260712-170700-z102	proven
20260712-170700-z102	102	730	730	60.852	166.233	17.291	point		729,731	live-route-recording-20260712-170700-z102	proven
20260712-170700-z102	102	731	731	62.871	166.594	17.142	point		730,732	live-route-recording-20260712-170700-z102	proven
20260712-170700-z102	102	732	732	65.910	167.138	16.903	point		731,733	live-route-recording-20260712-170700-z102	proven
20260712-170700-z102	102	733	733	67.944	167.502	16.705	point		732,734	live-route-recording-20260712-170700-z102	proven
20260712-170700-z102	102	734	734	70.977	168.046	16.563	point		733,735	live-route-recording-20260712-170700-z102	proven
20260712-170700-z102	102	735	735	72.649	168.386	16.435	point		734,736	live-route-recording-20260712-170700-z102	proven
20260712-170700-z102	102	736	736	75.860	169.662	16.282	point		735,737	live-route-recording-20260712-170700-z102	proven
20260712-170700-z102	102	737	737	77.614	170.740	16.336	point		736,738	live-route-recording-20260712-170700-z102	proven
20260712-170700-z102	102	738	738	80.001	172.691	16.465	point		737,739	live-route-recording-20260712-170700-z102	proven
20260712-170700-z102	102	739	739	81.430	174.174	16.613	point		738,740	live-route-recording-20260712-170700-z102	proven
20260712-170700-z102	102	740	740	83.441	176.510	16.824	point		739,741	live-route-recording-20260712-170700-z102	proven
20260712-170700-z102	102	741	741	84.595	178.191	16.640	point		740,742	live-route-recording-20260712-170700-z102	proven
20260712-170700-z102	102	742	742	85.859	180.236	16.262	point		741,743	live-route-recording-20260712-170700-z102	proven
20260712-170700-z102	102	743	743	87.442	182.865	15.670	point		742,744	live-route-recording-20260712-170700-z102	proven
20260712-170700-z102	102	744	744	88.496	184.626	15.509	point		743,745	live-route-recording-20260712-170700-z102	proven
20260712-170700-z102	102	745	745	90.076	187.265	15.354	point		744,746	live-route-recording-20260712-170700-z102	proven
20260712-170700-z102	102	746	746	91.005	188.818	15.173	point		745,747	live-route-recording-20260712-170700-z102	proven
20260712-170700-z102	102	747	747	89.983	190.212	15.515	point		746,748	live-route-recording-20260712-170700-z102	proven
20260712-170700-z102	102	748	748	87.257	190.999	15.874	point		747,749	live-route-recording-20260712-170700-z102	proven
20260712-170700-z102	102	749	749	85.219	191.484	16.075	point		748,750	live-route-recording-20260712-170700-z102	proven
20260712-170700-z102	102	750	750	83.221	191.955	16.201	point		749,751	live-route-recording-20260712-170700-z102	proven
20260712-170700-z102	102	751	751	80.209	192.663	16.166	point		750,752	live-route-recording-20260712-170700-z102	proven
20260712-170700-z102	102	752	752	77.335	193.273	16.131	point		751,753	live-route-recording-20260712-170700-z102	proven
20260712-170700-z102	102	753	753	75.212	193.545	16.432	point		752,754	live-route-recording-20260712-170700-z102	proven
20260712-170700-z102	102	754	754	73.029	194.402	17.104	point		753,755	live-route-recording-20260712-170700-z102	proven
20260712-170700-z102	102	755	755	71.405	195.829	17.515	point		754,756	live-route-recording-20260712-170700-z102	proven
20260712-170700-z102	102	756	756	70.011	197.271	17.908	point		755,757	live-route-recording-20260712-170700-z102	proven
20260712-170700-z102	102	757	757	68.342	198.650	18.379	point		756,758	live-route-recording-20260712-170700-z102	proven
20260712-170700-z102	102	758	758	66.699	199.007	18.726	point		757,759	live-route-recording-20260712-170700-z102	proven
20260712-170700-z102	102	759	759	65.492	198.153	18.838	point		758,760	live-route-recording-20260712-170700-z102	proven
20260712-170700-z102	102	760	760	65.160	196.368	18.881	point		759,761	live-route-recording-20260712-170700-z102	proven
20260712-170700-z102	102	761	761	65.267	193.479	18.898	point		760,762	live-route-recording-20260712-170700-z102	proven
20260712-170700-z102	102	762	762	65.403	191.479	18.969	point		761,763	live-route-recording-20260712-170700-z102	proven
20260712-170700-z102	102	763	763	65.628	188.307	19.655	point		762,764	live-route-recording-20260712-170700-z102	proven
20260712-170700-z102	102	764	764	65.772	186.246	19.763	point		763,765	live-route-recording-20260712-170700-z102	proven
20260712-170700-z102	102	765	765	65.870	183.100	19.756	point		764,766	live-route-recording-20260712-170700-z102	proven
20260712-170700-z102	102	766	766	65.848	181.116	19.917	point		765,767	live-route-recording-20260712-170700-z102	proven
20260712-170700-z102	102	767	767	65.862	178.128	19.954	point		766,768	live-route-recording-20260712-170700-z102	proven
20260712-170700-z102	102	768	768	65.472	176.925	19.961	point		767,769	live-route-recording-20260712-170700-z102	proven
20260712-170700-z102	102	769	769	64.397	176.524	20.529	point		768,770	live-route-recording-20260712-170700-z102	proven
20260712-170700-z102	102	770	770	61.982	176.447	20.877	point		769,771	live-route-recording-20260712-170700-z102	proven
20260712-170700-z102	102	771	771	59.620	176.216	20.523	point		770,772	live-route-recording-20260712-170700-z102	proven
20260712-170700-z102	102	772	772	58.055	175.269	19.894	point		771,773	live-route-recording-20260712-170700-z102	proven
20260712-170700-z102	102	773	773	55.850	173.298	18.719	point		772,774	live-route-recording-20260712-170700-z102	proven
20260712-170700-z102	102	774	774	54.327	171.701	18.469	point		773,775	live-route-recording-20260712-170700-z102	proven
20260712-170700-z102	102	775	775	52.942	170.208	18.089	point		774,776	live-route-recording-20260712-170700-z102	proven
20260712-170700-z102	102	776	776	50.857	167.950	17.532	point		775,777	live-route-recording-20260712-170700-z102	proven
20260712-170700-z102	102	777	777	49.293	166.389	17.026	point		776,778	live-route-recording-20260712-170700-z102	proven
20260712-170700-z102	102	778	778	46.849	164.584	16.346	point		777,779	live-route-recording-20260712-170700-z102	proven
20260712-170700-z102	102	779	779	45.001	163.682	16.216	point		724,778,780	live-route-recording-20260712-170700-z102	proven
20260712-170700-z102	102	780	780	41.976	163.078	16.191	point		779,781	live-route-recording-20260712-170700-z102	proven
20260712-170700-z102	102	781	781	39.927	163.208	16.199	point		780,782	live-route-recording-20260712-170700-z102	proven
20260712-170700-z102	102	782	782	37.185	164.004	16.218	point		781,783	live-route-recording-20260712-170700-z102	proven
20260712-170700-z102	102	783	783	35.349	164.651	16.476	point		782,784	live-route-recording-20260712-170700-z102	proven
20260712-170700-z102	102	784	784	32.611	165.819	17.101	point		783,785	live-route-recording-20260712-170700-z102	proven
20260712-170700-z102	102	785	785	30.949	166.672	17.724	point		784,786	live-route-recording-20260712-170700-z102	proven
20260712-170700-z102	102	786	786	28.448	167.924	18.901	point		785,787	live-route-recording-20260712-170700-z102	proven
20260712-170700-z102	102	787	787	26.677	168.783	19.518	point		786,788	live-route-recording-20260712-170700-z102	proven
20260712-170700-z102	102	788	788	23.957	169.998	20.281	point		787,789	live-route-recording-20260712-170700-z102	proven
20260712-170700-z102	102	789	789	21.687	170.818	20.788	point		788,790	live-route-recording-20260712-170700-z102	proven
20260712-170700-z102	102	790	790	19.829	171.414	21.264	point		789,791	live-route-recording-20260712-170700-z102	proven
20260712-170700-z102	102	791	791	16.714	172.372	22.265	point		790,792	live-route-recording-20260712-170700-z102	proven
20260712-170700-z102	102	792	792	18.587	172.519	21.653	point		791,793	live-route-recording-20260712-170700-z102	proven
20260712-170700-z102	102	793	793	19.917	171.723	21.212	point		792,794	live-route-recording-20260712-170700-z102	proven
20260712-170700-z102	102	794	794	22.748	170.682	20.585	point		793,795,888	live-route-recording-20260712-170700-z102	proven
20260712-170700-z102	102	795	795	24.706	170.215	20.141	point		794,796	live-route-recording-20260712-170700-z102	proven
20260712-170700-z102	102	796	796	27.403	170.029	19.686	point		795,797	live-route-recording-20260712-170700-z102	proven
20260712-170700-z102	102	797	797	29.253	170.005	19.305	point		796,798	live-route-recording-20260712-170700-z102	proven
20260712-170700-z102	102	798	798	32.316	169.447	18.305	point		797,799	live-route-recording-20260712-170700-z102	proven
20260712-170700-z102	102	799	799	33.787	168.942	17.938	point		798,800	live-route-recording-20260712-170700-z102	proven
20260712-170700-z102	102	800	800	34.072	168.835	17.859	mark	ordelle cave ravine zone 2	799,801	live-route-recording-20260712-170700-z102	proven
20260712-170700-z102	102	801	801	32.534	169.192	18.198	point		800,802	live-route-recording-20260712-170700-z102	proven
20260712-170700-z102	102	802	802	30.798	169.607	18.737	point		801,803	live-route-recording-20260712-170700-z102	proven
20260712-170700-z102	102	803	803	28.833	169.995	19.402	point		802,804	live-route-recording-20260712-170700-z102	proven
20260712-170700-z102	102	804	804	25.845	170.504	19.922	point		803,805	live-route-recording-20260712-170700-z102	proven
20260712-170700-z102	102	805	805	23.887	170.835	20.405	point		804,806	live-route-recording-20260712-170700-z102	proven
20260712-170700-z102	102	806	806	20.937	171.437	20.996	point		805,807	live-route-recording-20260712-170700-z102	proven
20260712-170700-z102	102	807	807	19.054	171.906	21.514	point		806,808	live-route-recording-20260712-170700-z102	proven
20260712-170700-z102	102	808	808	16.069	172.702	22.465	point		807,809	live-route-recording-20260712-170700-z102	proven
20260712-170700-z102	102	809	809	13.935	173.272	23.054	point		808,810	live-route-recording-20260712-170700-z102	proven
20260712-170700-z102	102	810	810	12.002	173.718	23.574	point		809,811	live-route-recording-20260712-170700-z102	proven
20260712-170700-z102	102	811	811	9.034	174.182	24.182	point		810,812	live-route-recording-20260712-170700-z102	proven
20260712-170700-z102	102	812	812	7.016	174.340	24.575	point		811,813	live-route-recording-20260712-170700-z102	proven
20260712-170700-z102	102	813	813	4.027	174.289	25.113	point		812,814	live-route-recording-20260712-170700-z102	proven
20260712-170700-z102	102	814	814	2.081	174.153	25.773	point		813,815	live-route-recording-20260712-170700-z102	proven
20260712-170700-z102	102	815	815	-1.219	173.868	26.712	point		814,816	live-route-recording-20260712-170700-z102	proven
20260712-170700-z102	102	816	816	-3.232	173.686	27.124	point		815,817	live-route-recording-20260712-170700-z102	proven
20260712-170700-z102	102	817	817	-6.116	173.423	28.068	point		816,818	live-route-recording-20260712-170700-z102	proven
20260712-170700-z102	102	818	818	-8.109	173.242	28.523	point		817,819	live-route-recording-20260712-170700-z102	proven
20260712-170700-z102	102	819	819	-11.087	172.974	29.108	point		818,820	live-route-recording-20260712-170700-z102	proven
20260712-170700-z102	102	820	820	-12.943	172.903	29.592	point		819,821	live-route-recording-20260712-170700-z102	proven
20260712-170700-z102	102	821	821	-15.095	173.100	30.717	point		820,822	live-route-recording-20260712-170700-z102	proven
20260712-170700-z102	102	822	822	-18.475	173.499	31.447	point		821,823	live-route-recording-20260712-170700-z102	proven
20260712-170700-z102	102	823	823	-20.431	174.032	31.784	point		822,824	live-route-recording-20260712-170700-z102	proven
20260712-170700-z102	102	824	824	-23.446	175.111	32.253	point		823,825	live-route-recording-20260712-170700-z102	proven
20260712-170700-z102	102	825	825	-25.257	175.800	32.548	point		824,826	live-route-recording-20260712-170700-z102	proven
20260712-170700-z102	102	826	826	-28.106	176.896	33.364	point		825,827	live-route-recording-20260712-170700-z102	proven
20260712-170700-z102	102	827	827	-29.869	177.576	33.400	point		826,828	live-route-recording-20260712-170700-z102	proven
20260712-170700-z102	102	828	828	-32.314	178.519	33.493	point		827,829	live-route-recording-20260712-170700-z102	proven
20260712-170700-z102	102	829	829	-35.231	179.482	33.931	point		828,830	live-route-recording-20260712-170700-z102	proven
20260712-170700-z102	102	830	830	-37.267	179.742	33.976	point		829,831	live-route-recording-20260712-170700-z102	proven
20260712-170700-z102	102	831	831	-40.323	179.604	33.575	point		830,832	live-route-recording-20260712-170700-z102	proven
20260712-170700-z102	102	832	832	-42.430	179.170	32.937	point		831,833	live-route-recording-20260712-170700-z102	proven
20260712-170700-z102	102	833	833	-44.939	178.341	32.039	point		832,834	live-route-recording-20260712-170700-z102	proven
20260712-170700-z102	102	834	834	-47.163	177.500	31.509	point		833,835	live-route-recording-20260712-170700-z102	proven
20260712-170700-z102	102	835	835	-50.006	176.505	30.612	point		834,836	live-route-recording-20260712-170700-z102	proven
20260712-170700-z102	102	836	836	-51.869	175.669	30.360	point		835,837	live-route-recording-20260712-170700-z102	proven
20260712-170700-z102	102	837	837	-54.482	174.116	29.880	point		836,838	live-route-recording-20260712-170700-z102	proven
20260712-170700-z102	102	838	838	-55.818	172.900	29.773	point		837,839	live-route-recording-20260712-170700-z102	proven
20260712-170700-z102	102	839	839	-57.642	170.689	30.362	point		838,840	live-route-recording-20260712-170700-z102	proven
20260712-170700-z102	102	840	840	-58.936	168.637	30.708	point		839,841	live-route-recording-20260712-170700-z102	proven
20260712-170700-z102	102	841	841	-60.130	165.850	31.122	point		840,842	live-route-recording-20260712-170700-z102	proven
20260712-170700-z102	102	842	842	-60.774	163.941	31.449	point		841,843	live-route-recording-20260712-170700-z102	proven
20260712-170700-z102	102	843	843	-61.149	160.917	31.881	point		842,844	live-route-recording-20260712-170700-z102	proven
20260712-170700-z102	102	844	844	-61.123	159.327	32.000	point		843,845	live-route-recording-20260712-170700-z102	proven
20260712-170700-z102	102	845	845	-61.117	159.123	32.000	mark	ordelles caves zone 2	844,846	live-route-recording-20260712-170700-z102	proven
20260712-170700-z102	102	846	846	-59.376	161.590	31.868	point		845,847	live-route-recording-20260712-170700-z102	proven
20260712-170700-z102	102	847	847	-58.724	163.509	31.612	point		846,848	live-route-recording-20260712-170700-z102	proven
20260712-170700-z102	102	848	848	-57.841	166.456	31.209	point		847,849	live-route-recording-20260712-170700-z102	proven
20260712-170700-z102	102	849	849	-57.260	168.423	31.002	point		848,850	live-route-recording-20260712-170700-z102	proven
20260712-170700-z102	102	850	850	-56.133	171.064	30.376	point		849,851	live-route-recording-20260712-170700-z102	proven
20260712-170700-z102	102	851	851	-55.025	172.301	29.880	point		850,852	live-route-recording-20260712-170700-z102	proven
20260712-170700-z102	102	852	852	-52.674	174.227	30.210	point		851,853	live-route-recording-20260712-170700-z102	proven
20260712-170700-z102	102	853	853	-50.787	175.255	30.627	point		852,854	live-route-recording-20260712-170700-z102	proven
20260712-170700-z102	102	854	854	-48.031	176.397	31.295	point		853,855	live-route-recording-20260712-170700-z102	proven
20260712-170700-z102	102	855	855	-46.172	177.130	31.755	point		854,856	live-route-recording-20260712-170700-z102	proven
20260712-170700-z102	102	856	856	-43.440	178.180	32.485	point		855,857	live-route-recording-20260712-170700-z102	proven
20260712-170700-z102	102	857	857	-41.560	178.667	33.172	point		856,858	live-route-recording-20260712-170700-z102	proven
20260712-170700-z102	102	858	858	-38.534	178.934	33.864	point		857,859	live-route-recording-20260712-170700-z102	proven
20260712-170700-z102	102	859	859	-36.106	179.007	33.948	point		858,860	live-route-recording-20260712-170700-z102	proven
20260712-170700-z102	102	860	860	-33.052	179.040	33.730	point		859,861	live-route-recording-20260712-170700-z102	proven
20260712-170700-z102	102	861	861	-31.012	178.883	33.582	point		860,862	live-route-recording-20260712-170700-z102	proven
20260712-170700-z102	102	862	862	-29.593	178.246	33.535	point		861,863	live-route-recording-20260712-170700-z102	proven
20260712-170700-z102	102	863	863	-27.987	176.193	33.164	point		862,864	live-route-recording-20260712-170700-z102	proven
20260712-170700-z102	102	864	864	-26.254	173.966	32.274	point		863,865	live-route-recording-20260712-170700-z102	proven
20260712-170700-z102	102	865	865	-25.055	172.627	31.776	point		864,866	live-route-recording-20260712-170700-z102	proven
20260712-170700-z102	102	866	866	-21.962	170.518	31.207	point		865,867	live-route-recording-20260712-170700-z102	proven
20260712-170700-z102	102	867	867	-20.258	169.663	30.852	point		866,868	live-route-recording-20260712-170700-z102	proven
20260712-170700-z102	102	868	868	-18.191	169.280	30.536	point		867,869	live-route-recording-20260712-170700-z102	proven
20260712-170700-z102	102	869	869	-16.369	169.860	30.443	point		868,870	live-route-recording-20260712-170700-z102	proven
20260712-170700-z102	102	870	870	-14.658	171.971	30.335	point		869,871	live-route-recording-20260712-170700-z102	proven
20260712-170700-z102	102	871	871	-13.929	173.351	30.391	point		870,872	live-route-recording-20260712-170700-z102	proven
20260712-170700-z102	102	872	872	-12.847	175.017	30.249	point		871,873	live-route-recording-20260712-170700-z102	proven
20260712-170700-z102	102	873	873	-11.412	176.159	29.827	point		872,874	live-route-recording-20260712-170700-z102	proven
20260712-170700-z102	102	874	874	-9.468	175.728	29.291	point		873,875	live-route-recording-20260712-170700-z102	proven
20260712-170700-z102	102	875	875	-7.261	174.897	28.602	point		874,876	live-route-recording-20260712-170700-z102	proven
20260712-170700-z102	102	876	876	-4.648	173.556	27.496	point		875,877	live-route-recording-20260712-170700-z102	proven
20260712-170700-z102	102	877	877	-2.788	172.756	27.045	point		876,878	live-route-recording-20260712-170700-z102	proven
20260712-170700-z102	102	878	878	0.353	172.718	26.332	point		877,879	live-route-recording-20260712-170700-z102	proven
20260712-170700-z102	102	879	879	2.225	172.985	25.876	point		878,880	live-route-recording-20260712-170700-z102	proven
20260712-170700-z102	102	880	880	4.675	172.694	25.140	point		879,881	live-route-recording-20260712-170700-z102	proven
20260712-170700-z102	102	881	881	6.790	172.470	24.853	point		880,882	live-route-recording-20260712-170700-z102	proven
20260712-170700-z102	102	882	882	9.791	172.407	24.158	point		881,883	live-route-recording-20260712-170700-z102	proven
20260712-170700-z102	102	883	883	11.563	172.398	23.691	point		882,884	live-route-recording-20260712-170700-z102	proven
20260712-170700-z102	102	884	884	12.914	172.352	23.358	point		883,885	live-route-recording-20260712-170700-z102	proven
20260712-170700-z102	102	885	885	15.765	171.933	22.584	point		884,886	live-route-recording-20260712-170700-z102	proven
20260712-170700-z102	102	886	886	17.857	171.459	21.903	point		885,887	live-route-recording-20260712-170700-z102	proven
20260712-170700-z102	102	887	887	20.819	170.720	20.930	point		886,888	live-route-recording-20260712-170700-z102	proven
20260712-170700-z102	102	888	888	22.786	170.282	20.528	point		794,887,889	live-route-recording-20260712-170700-z102	proven
20260712-170700-z102	102	889	889	25.759	169.664	19.835	point		888,890	live-route-recording-20260712-170700-z102	proven
20260712-170700-z102	102	890	890	27.870	169.124	19.413	point		889,891	live-route-recording-20260712-170700-z102	proven
20260712-170700-z102	102	891	891	30.761	168.438	18.382	point		890,892	live-route-recording-20260712-170700-z102	proven
20260712-170700-z102	102	892	892	32.740	168.015	17.800	point		891,893	live-route-recording-20260712-170700-z102	proven
20260712-170700-z102	102	893	893	34.340	167.686	17.486	point		892,894	live-route-recording-20260712-170700-z102	proven
20260712-170700-z102	102	894	894	35.932	167.351	17.161	point		893,895	live-route-recording-20260712-170700-z102	proven
20260712-170700-z102	102	895	895	38.529	166.790	17.003	point		894,896	live-route-recording-20260712-170700-z102	proven
20260712-170700-z102	102	896	896	40.699	166.330	16.875	point		895,897	live-route-recording-20260712-170700-z102	proven
20260712-170700-z102	102	897	897	43.736	165.715	16.701	point		896,898	live-route-recording-20260712-170700-z102	proven
20260712-170700-z102	102	898	898	45.777	165.545	16.632	point		897,899	live-route-recording-20260712-170700-z102	proven
20260712-170700-z102	102	899	899	48.696	165.598	16.745	point		898,900	live-route-recording-20260712-170700-z102	proven
20260712-170700-z102	102	900	900	50.739	165.685	16.768	point		899,901	live-route-recording-20260712-170700-z102	proven
20260712-170700-z102	102	901	901	53.679	165.873	16.983	point		900,902	live-route-recording-20260712-170700-z102	proven
20260712-170700-z102	102	902	902	55.781	166.354	17.309	point		901,903	live-route-recording-20260712-170700-z102	proven
20260712-170700-z102	102	903	903	58.572	167.315	17.564	point		902,904	live-route-recording-20260712-170700-z102	proven
20260712-170700-z102	102	904	904	60.507	168.014	17.668	point		903,905	live-route-recording-20260712-170700-z102	proven
20260712-170700-z102	102	905	905	63.408	169.073	17.504	point		904,906	live-route-recording-20260712-170700-z102	proven
20260712-170700-z102	102	906	906	65.346	169.782	17.395	point		905,907	live-route-recording-20260712-170700-z102	proven
20260712-170700-z102	102	907	907	68.279	170.718	17.204	point		906,908	live-route-recording-20260712-170700-z102	proven
20260712-170700-z102	102	908	908	69.745	170.736	17.022	point		907,909	live-route-recording-20260712-170700-z102	proven
20260712-170700-z102	102	909	909	71.627	169.054	16.647	point		908,910	live-route-recording-20260712-170700-z102	proven
20260712-170700-z102	102	910	910	72.605	167.260	16.394	point		909,911	live-route-recording-20260712-170700-z102	proven
20260712-170700-z102	102	911	911	73.573	164.466	16.143	point		910,912	live-route-recording-20260712-170700-z102	proven
20260712-170700-z102	102	912	912	73.855	162.545	16.106	point		911,913	live-route-recording-20260712-170700-z102	proven
20260712-170700-z102	102	913	913	73.899	159.474	16.135	point		912,914	live-route-recording-20260712-170700-z102	proven
20260712-170700-z102	102	914	914	73.776	157.107	16.289	point		913,915	live-route-recording-20260712-170700-z102	proven
20260712-170700-z102	102	915	915	73.620	154.879	16.311	point		914,916	live-route-recording-20260712-170700-z102	proven
20260712-170700-z102	102	916	916	73.380	151.615	16.318	point		915,917	live-route-recording-20260712-170700-z102	proven
20260712-170700-z102	102	917	917	73.227	149.561	16.310	point		916,918	live-route-recording-20260712-170700-z102	proven
20260712-170700-z102	102	918	918	72.998	146.484	16.380	point		917,919	live-route-recording-20260712-170700-z102	proven
20260712-170700-z102	102	919	919	72.825	143.754	16.559	point		918,920	live-route-recording-20260712-170700-z102	proven
20260712-170700-z102	102	920	920	72.752	141.350	16.554	point		919,921	live-route-recording-20260712-170700-z102	proven
20260712-170700-z102	102	921	921	72.723	138.270	16.615	point		920,922	live-route-recording-20260712-170700-z102	proven
20260712-170700-z102	102	922	922	72.714	136.214	16.744	point		921,923	live-route-recording-20260712-170700-z102	proven
20260712-170700-z102	102	923	923	72.704	133.130	16.936	point		922,924	live-route-recording-20260712-170700-z102	proven
20260712-170700-z102	102	924	924	72.697	131.078	17.038	point		923,925	live-route-recording-20260712-170700-z102	proven
20260712-170700-z102	102	925	925	72.687	127.985	17.143	point		924,926	live-route-recording-20260712-170700-z102	proven
20260712-170700-z102	102	926	926	72.679	125.538	17.450	point		925,927	live-route-recording-20260712-170700-z102	proven
20260712-170700-z102	102	927	927	72.669	122.450	17.501	point		926,928	live-route-recording-20260712-170700-z102	proven
20260712-170700-z102	102	928	928	72.662	120.377	17.503	point		927,929	live-route-recording-20260712-170700-z102	proven
20260712-170700-z102	102	929	929	72.677	118.143	17.498	point		928,930	live-route-recording-20260712-170700-z102	proven
20260712-170700-z102	102	930	930	72.983	114.726	17.403	point		929,931	live-route-recording-20260712-170700-z102	proven
20260712-170700-z102	102	931	931	73.362	112.693	17.283	point		930,932	live-route-recording-20260712-170700-z102	proven
20260712-170700-z102	102	932	932	74.064	109.334	16.714	point		931,933	live-route-recording-20260712-170700-z102	proven
20260712-170700-z102	102	933	933	74.526	107.162	16.500	point		932,934	live-route-recording-20260712-170700-z102	proven
20260712-170700-z102	102	934	934	74.989	104.993	16.618	point		933,935	live-route-recording-20260712-170700-z102	proven
20260712-170700-z102	102	935	935	75.620	102.037	16.866	point		934,936	live-route-recording-20260712-170700-z102	proven
20260712-170700-z102	102	936	936	76.085	99.859	16.992	point		935,937	live-route-recording-20260712-170700-z102	proven
20260712-170700-z102	102	937	937	76.585	97.519	16.875	point		936,938	live-route-recording-20260712-170700-z102	proven
20260712-170700-z102	102	938	938	77.122	94.583	16.654	point		937,939	live-route-recording-20260712-170700-z102	proven
20260712-170700-z102	102	939	939	77.398	92.555	16.451	point		938,940	live-route-recording-20260712-170700-z102	proven
20260712-170700-z102	102	940	940	77.758	89.498	16.320	point		939,941	live-route-recording-20260712-170700-z102	proven
20260712-170700-z102	102	941	941	77.984	87.462	16.296	point		940,942	live-route-recording-20260712-170700-z102	proven
20260712-170700-z102	102	942	942	78.323	84.389	16.122	point		941,943	live-route-recording-20260712-170700-z102	proven
20260712-170700-z102	102	943	943	78.643	81.483	16.083	point		942,944	live-route-recording-20260712-170700-z102	proven
20260712-170700-z102	102	944	944	78.895	79.197	16.000	point		943,945	live-route-recording-20260712-170700-z102	proven
20260712-170700-z102	102	945	945	79.246	76.128	15.990	point		944,946	live-route-recording-20260712-170700-z102	proven
20260712-170700-z102	102	946	946	79.535	74.102	16.200	point		945,947	live-route-recording-20260712-170700-z102	proven
20260712-170700-z102	102	947	947	80.052	71.186	16.748	point		946,948	live-route-recording-20260712-170700-z102	proven
20260712-170700-z102	102	948	948	80.340	69.304	17.453	point		947,949	live-route-recording-20260712-170700-z102	proven
20260712-170700-z102	102	949	949	80.703	66.309	18.205	point		948,950	live-route-recording-20260712-170700-z102	proven
20260712-170700-z102	102	950	950	80.980	63.921	18.503	point		949,951	live-route-recording-20260712-170700-z102	proven
20260712-170700-z102	102	951	951	81.251	61.946	18.988	point		950,952	live-route-recording-20260712-170700-z102	proven
20260712-170700-z102	102	952	952	81.872	58.689	19.802	point		951,953	live-route-recording-20260712-170700-z102	proven
20260712-170700-z102	102	953	953	82.347	56.426	20.367	point		952,954	live-route-recording-20260712-170700-z102	proven
20260712-170700-z102	102	954	954	82.749	54.545	20.988	point		953,955	live-route-recording-20260712-170700-z102	proven
20260712-170700-z102	102	955	955	83.353	51.729	22.043	point		954,956	live-route-recording-20260712-170700-z102	proven
20260712-170700-z102	102	956	956	83.965	48.885	23.106	point		955,957	live-route-recording-20260712-170700-z102	proven
20260712-170700-z102	102	957	957	84.431	46.715	23.491	point		956,958	live-route-recording-20260712-170700-z102	proven
20260712-170700-z102	102	958	958	84.899	44.541	23.579	point		957,959	live-route-recording-20260712-170700-z102	proven
20260712-170700-z102	102	959	959	85.546	41.529	23.362	point		958,960	live-route-recording-20260712-170700-z102	proven
20260712-170700-z102	102	960	960	86.014	39.357	23.187	point		959,961	live-route-recording-20260712-170700-z102	proven
20260712-170700-z102	102	961	961	86.702	36.158	22.922	point		960,962	live-route-recording-20260712-170700-z102	proven
20260712-170700-z102	102	962	962	87.211	33.787	22.813	point		961,963	live-route-recording-20260712-170700-z102	proven
20260712-170700-z102	102	963	963	87.859	30.773	22.778	point		962,964	live-route-recording-20260712-170700-z102	proven
20260712-170700-z102	102	964	964	88.329	28.592	22.828	point		963,965	live-route-recording-20260712-170700-z102	proven
20260712-170700-z102	102	965	965	88.797	26.414	22.643	point		964,966	live-route-recording-20260712-170700-z102	proven
20260712-170700-z102	102	966	966	89.524	23.235	22.233	point		965,967	live-route-recording-20260712-170700-z102	proven
20260712-170700-z102	102	967	967	90.258	21.314	22.053	point		966,968	live-route-recording-20260712-170700-z102	proven
20260712-170700-z102	102	968	968	91.880	18.660	21.831	point		967,969	live-route-recording-20260712-170700-z102	proven
20260712-170700-z102	102	969	969	93.196	16.871	21.926	point		968,970	live-route-recording-20260712-170700-z102	proven
20260712-170700-z102	102	970	970	95.055	14.472	22.189	point		969,971	live-route-recording-20260712-170700-z102	proven
20260712-170700-z102	102	971	971	96.289	12.907	22.560	point		970,972	live-route-recording-20260712-170700-z102	proven
20260712-170700-z102	102	972	972	98.214	10.525	23.150	point		971,973	live-route-recording-20260712-170700-z102	proven
20260712-170700-z102	102	973	973	100.223	8.669	23.310	point		972,974	live-route-recording-20260712-170700-z102	proven
20260712-170700-z102	102	974	974	102.276	7.448	23.601	point		973,975	live-route-recording-20260712-170700-z102	proven
20260712-170700-z102	102	975	975	105.173	6.399	23.776	point		974,976	live-route-recording-20260712-170700-z102	proven
20260712-170700-z102	102	976	976	107.329	5.858	23.810	point		975,977	live-route-recording-20260712-170700-z102	proven
20260712-170700-z102	102	977	977	109.335	5.385	23.852	point		976,978	live-route-recording-20260712-170700-z102	proven
20260712-170700-z102	102	978	978	112.350	4.685	23.939	point		977,979	live-route-recording-20260712-170700-z102	proven
20260712-170700-z102	102	979	979	115.193	4.026	23.994	point		978,980	live-route-recording-20260712-170700-z102	proven
20260712-170700-z102	102	980	980	117.595	3.471	24.000	point		979,981	live-route-recording-20260712-170700-z102	proven
20260712-170700-z102	102	981	981	120.626	2.905	24.000	point		980,982	live-route-recording-20260712-170700-z102	proven
20260712-170700-z102	102	982	982	122.676	2.704	24.000	point		981,983	live-route-recording-20260712-170700-z102	proven
20260712-170700-z102	102	983	983	125.754	2.550	24.087	point		982,984	live-route-recording-20260712-170700-z102	proven
20260712-170700-z102	102	984	984	127.810	2.488	24.189	point		983,985	live-route-recording-20260712-170700-z102	proven
20260712-170700-z102	102	985	985	130.890	2.409	24.343	point		984,986	live-route-recording-20260712-170700-z102	proven
20260712-170700-z102	102	986	986	133.318	2.348	24.528	point		985,987	live-route-recording-20260712-170700-z102	proven
20260712-170700-z102	102	987	987	136.396	2.275	24.819	point		986,988	live-route-recording-20260712-170700-z102	proven
20260712-170700-z102	102	988	988	138.463	2.283	24.922	point		987,989	live-route-recording-20260712-170700-z102	proven
20260712-170700-z102	102	989	989	141.542	2.431	24.922	point		988,990	live-route-recording-20260712-170700-z102	proven
20260712-170700-z102	102	990	990	143.588	2.575	24.820	point		989,991	live-route-recording-20260712-170700-z102	proven
20260712-170700-z102	102	991	991	146.655	2.808	24.530	point		990,992	live-route-recording-20260712-170700-z102	proven
20260712-170700-z102	102	992	992	149.069	2.994	24.346	point		991,993	live-route-recording-20260712-170700-z102	proven
20260712-170700-z102	102	993	993	152.145	3.239	24.192	point		992,994	live-route-recording-20260712-170700-z102	proven
20260712-170700-z102	102	994	994	154.188	3.483	24.090	point		993,995	live-route-recording-20260712-170700-z102	proven
20260712-170700-z102	102	995	995	157.225	4.073	24.000	point		994,996	live-route-recording-20260712-170700-z102	proven
20260712-170700-z102	102	996	996	159.394	4.563	24.027	point		995,997	live-route-recording-20260712-170700-z102	proven
20260712-170700-z102	102	997	997	162.236	5.224	24.198	point		996,998	live-route-recording-20260712-170700-z102	proven
20260712-170700-z102	102	998	998	164.624	5.782	24.322	point		997,999	live-route-recording-20260712-170700-z102	proven
20260712-170700-z102	102	999	999	166.954	6.328	24.338	point		998,1000	live-route-recording-20260712-170700-z102	proven
20260712-170700-z102	102	1000	1000	170.128	7.071	24.373	point		999,1001	live-route-recording-20260712-170700-z102	proven
20260712-170700-z102	102	1001	1001	172.150	7.544	24.354	point		1000,1002	live-route-recording-20260712-170700-z102	proven
20260712-170700-z102	102	1002	1002	175.136	8.244	24.647	point		1001,1003	live-route-recording-20260712-170700-z102	proven
20260712-170700-z102	102	1003	1003	177.146	8.715	24.724	point		1002,1004	live-route-recording-20260712-170700-z102	proven
20260712-170700-z102	102	1004	1004	180.500	9.500	24.646	point		1003,1005	live-route-recording-20260712-170700-z102	proven
20260712-170700-z102	102	1005	1005	182.662	10.006	24.470	point		1004,1006	live-route-recording-20260712-170700-z102	proven
20260712-170700-z102	102	1006	1006	184.653	10.473	24.258	point		1005,1007	live-route-recording-20260712-170700-z102	proven
20260712-170700-z102	102	1007	1007	187.675	11.180	24.158	point		1006,1008	live-route-recording-20260712-170700-z102	proven
20260712-170700-z102	102	1008	1008	189.658	11.645	24.394	point		1007,1009	live-route-recording-20260712-170700-z102	proven
20260712-170700-z102	102	1009	1009	192.642	12.343	24.657	point		1008,1010	live-route-recording-20260712-170700-z102	proven
20260712-170700-z102	102	1010	1010	195.641	13.046	24.233	point		1009,1011	live-route-recording-20260712-170700-z102	proven
20260712-170700-z102	102	1011	1011	197.628	13.511	24.397	point		1010,1012	live-route-recording-20260712-170700-z102	proven
20260712-170700-z102	102	1012	1012	200.602	14.208	24.569	point		1011,1013	live-route-recording-20260712-170700-z102	proven
20260712-170700-z102	102	1013	1013	202.611	14.678	24.465	point		1012,1014	live-route-recording-20260712-170700-z102	proven
20260712-170700-z102	102	1014	1014	205.585	15.375	24.246	point		1013,1015	live-route-recording-20260712-170700-z102	proven
20260712-170700-z102	102	1015	1015	208.251	15.999	23.830	point		1014,1016	live-route-recording-20260712-170700-z102	proven
20260712-170700-z102	102	1016	1016	210.582	16.545	23.721	point		1015,1017	live-route-recording-20260712-170700-z102	proven
20260712-170700-z102	102	1017	1017	213.587	17.249	23.665	point		1016,1018	live-route-recording-20260712-170700-z102	proven
20260712-170700-z102	102	1018	1018	215.588	17.718	23.799	point		1017,1019	live-route-recording-20260712-170700-z102	proven
20260712-170700-z102	102	1019	1019	217.761	18.226	23.945	point		1018,1020	live-route-recording-20260712-170700-z102	proven
20260712-170700-z102	102	1020	1020	220.748	18.813	24.034	point		1019,1021	live-route-recording-20260712-170700-z102	proven
20260712-170700-z102	102	1021	1021	223.609	19.083	24.617	point		1020,1022	live-route-recording-20260712-170700-z102	proven
20260712-170700-z102	102	1022	1022	226.046	19.296	24.759	point		1021,1023	live-route-recording-20260712-170700-z102	proven
20260712-170700-z102	102	1023	1023	229.102	19.740	24.791	point		1022,1024	live-route-recording-20260712-170700-z102	proven
20260712-170700-z102	102	1024	1024	231.128	20.070	24.701	point		1023,1025	live-route-recording-20260712-170700-z102	proven
20260712-170700-z102	102	1025	1025	234.165	20.577	24.493	point		1024,1026	live-route-recording-20260712-170700-z102	proven
20260712-170700-z102	102	1026	1026	236.198	20.919	24.335	point		1025,1027	live-route-recording-20260712-170700-z102	proven
20260712-170700-z102	102	1027	1027	239.208	21.426	24.764	point		1026,1028	live-route-recording-20260712-170700-z102	proven
20260712-170700-z102	102	1028	1028	241.586	21.826	24.908	point		1027,1029	live-route-recording-20260712-170700-z102	proven
20260712-170700-z102	102	1029	1029	244.628	22.338	24.872	point		1028,1030	live-route-recording-20260712-170700-z102	proven
20260712-170700-z102	102	1030	1030	246.649	22.679	24.816	point		1029,1031	live-route-recording-20260712-170700-z102	proven
20260712-170700-z102	102	1031	1031	249.711	23.195	24.847	point		1030,1032	live-route-recording-20260712-170700-z102	proven
20260712-170700-z102	102	1032	1032	251.740	23.537	24.806	point		1031,1033	live-route-recording-20260712-170700-z102	proven
20260712-170700-z102	102	1033	1033	254.757	24.045	24.303	point		1032,1034	live-route-recording-20260712-170700-z102	proven
20260712-170700-z102	102	1034	1034	257.120	24.443	24.159	point		1033,1035	live-route-recording-20260712-170700-z102	proven
20260712-170700-z102	102	1035	1035	260.153	24.954	24.198	point		1034,1036	live-route-recording-20260712-170700-z102	proven
20260712-170700-z102	102	1036	1036	262.188	25.296	24.061	point		1035,1037	live-route-recording-20260712-170700-z102	proven
20260712-170700-z102	102	1037	1037	265.229	25.809	23.910	point		1036,1038	live-route-recording-20260712-170700-z102	proven
20260712-170700-z102	102	1038	1038	267.243	26.148	23.673	point		1037,1039	live-route-recording-20260712-170700-z102	proven
20260712-170700-z102	102	1039	1039	270.287	26.661	23.318	point		1038,1040	live-route-recording-20260712-170700-z102	proven
20260712-170700-z102	102	1040	1040	272.828	27.089	23.058	point		1039,1041	live-route-recording-20260712-170700-z102	proven
20260712-170700-z102	102	1041	1041	275.022	27.459	23.014	point		1040,1042	live-route-recording-20260712-170700-z102	proven
20260712-170700-z102	102	1042	1042	278.048	27.969	22.990	point		1041,1043	live-route-recording-20260712-170700-z102	proven
20260712-170700-z102	102	1043	1043	280.084	28.311	23.032	point		1042,1044	live-route-recording-20260712-170700-z102	proven
20260712-170700-z102	102	1044	1044	283.282	28.850	23.305	point		1043,1045	live-route-recording-20260712-170700-z102	proven
20260712-170700-z102	102	1045	1045	285.305	29.190	23.469	point		1044,1046	live-route-recording-20260712-170700-z102	proven
20260712-170700-z102	102	1046	1046	288.377	29.708	23.301	point		1045,1047	live-route-recording-20260712-170700-z102	proven
20260712-170700-z102	102	1047	1047	290.573	30.078	23.245	point		1046,1048	live-route-recording-20260712-170700-z102	proven
20260712-170700-z102	102	1048	1048	293.615	30.590	23.419	point		1047,1049	live-route-recording-20260712-170700-z102	proven
20260712-170700-z102	102	1049	1049	295.799	30.958	23.334	point		1048,1050	live-route-recording-20260712-170700-z102	proven
20260712-170700-z102	102	1050	1050	298.818	31.467	23.291	point		1049,1051	live-route-recording-20260712-170700-z102	proven
20260712-170700-z102	102	1051	1051	300.837	31.807	23.099	point		1050,1052	live-route-recording-20260712-170700-z102	proven
20260712-170700-z102	102	1052	1052	303.898	32.323	22.860	point		1051,1053	live-route-recording-20260712-170700-z102	proven
20260712-170700-z102	102	1053	1053	305.928	32.665	22.923	point		1052,1054	live-route-recording-20260712-170700-z102	proven
20260712-170700-z102	102	1054	1054	308.961	33.176	23.130	point		1053,1055	live-route-recording-20260712-170700-z102	proven
20260712-170700-z102	102	1055	1055	311.136	33.542	23.435	point		1054,1056	live-route-recording-20260712-170700-z102	proven
20260712-170700-z102	102	1056	1056	314.175	34.054	23.689	point		1055,1057	live-route-recording-20260712-170700-z102	proven
20260712-170700-z102	102	1057	1057	316.878	34.509	23.926	point		1056,1058	live-route-recording-20260712-170700-z102	proven
20260712-170700-z102	102	1058	1058	319.283	34.914	23.986	point		1057,1059	live-route-recording-20260712-170700-z102	proven
20260712-170700-z102	102	1059	1059	322.330	35.427	24.028	point		1058,1060	live-route-recording-20260712-170700-z102	proven
20260712-170700-z102	102	1060	1060	324.360	35.769	23.992	point		1059,1061	live-route-recording-20260712-170700-z102	proven
20260712-170700-z102	102	1061	1061	327.403	36.282	24.169	point		1060,1062	live-route-recording-20260712-170700-z102	proven
20260712-170700-z102	102	1062	1062	329.427	36.622	24.270	point		1061,1063	live-route-recording-20260712-170700-z102	proven
20260712-170700-z102	102	1063	1063	332.497	37.010	24.446	point		1062,1064	live-route-recording-20260712-170700-z102	proven
20260712-170700-z102	102	1064	1064	334.896	37.163	24.685	point		1063,1065	live-route-recording-20260712-170700-z102	proven
20260712-170700-z102	102	1065	1065	337.980	37.258	24.898	point		1064,1066	live-route-recording-20260712-170700-z102	proven
20260712-170700-z102	102	1066	1066	340.043	37.335	24.997	point		1065,1067	live-route-recording-20260712-170700-z102	proven
20260712-170700-z102	102	1067	1067	342.263	37.505	24.886	point		1066,1068	live-route-recording-20260712-170700-z102	proven
20260712-170700-z102	102	1068	1068	345.326	37.822	24.663	point		1067,1069	live-route-recording-20260712-170700-z102	proven
20260712-170700-z102	102	1069	1069	348.214	38.145	24.375	point		1068,1070	live-route-recording-20260712-170700-z102	proven
20260712-170700-z102	102	1070	1070	350.665	38.423	24.266	point		1069,1071	live-route-recording-20260712-170700-z102	proven
20260712-170700-z102	102	1071	1071	353.741	38.773	24.112	point		1070,1072	live-route-recording-20260712-170700-z102	proven
20260712-170700-z102	102	1072	1072	355.792	39.007	24.000	point		1071,1073	live-route-recording-20260712-170700-z102	proven
20260712-170700-z102	102	1073	1073	358.868	39.357	24.000	point		1072,1074	live-route-recording-20260712-170700-z102	proven
20260712-170700-z102	102	1074	1074	360.925	39.592	24.000	point		1073,1075	live-route-recording-20260712-170700-z102	proven
20260712-170700-z102	102	1075	1075	363.999	39.943	23.999	point		1074,1076	live-route-recording-20260712-170700-z102	proven
20260712-170700-z102	102	1076	1076	366.401	40.217	24.104	point		1075,1077	live-route-recording-20260712-170700-z102	proven
20260712-170700-z102	102	1077	1077	369.478	40.568	24.236	point		1076,1078	live-route-recording-20260712-170700-z102	proven
20260712-170700-z102	102	1078	1078	371.519	40.800	24.323	point		1077,1079	live-route-recording-20260712-170700-z102	proven
20260712-170700-z102	102	1079	1079	374.581	41.150	24.424	point		1078,1080	live-route-recording-20260712-170700-z102	proven
20260712-170700-z102	102	1080	1080	376.631	41.384	24.556	point		1079,1081	live-route-recording-20260712-170700-z102	proven
20260712-170700-z102	102	1081	1081	379.693	41.733	24.644	point		1080,1082	live-route-recording-20260712-170700-z102	proven
20260712-170700-z102	102	1082	1082	382.086	42.006	24.767	point		1081,1083	live-route-recording-20260712-170700-z102	proven
20260712-170700-z102	102	1083	1083	385.139	42.355	24.533	point		1082,1084	live-route-recording-20260712-170700-z102	proven
20260712-170700-z102	102	1084	1084	387.187	42.588	24.314	point		1083,1085	live-route-recording-20260712-170700-z102	proven
20260712-170700-z102	102	1085	1085	390.237	42.936	24.102	point		1084,1086	live-route-recording-20260712-170700-z102	proven
20260712-170700-z102	102	1086	1086	392.271	43.168	23.986	point		1085,1087	live-route-recording-20260712-170700-z102	proven
20260712-170700-z102	102	1087	1087	395.347	43.485	23.839	point		1086,1088	live-route-recording-20260712-170700-z102	proven
20260712-170700-z102	102	1088	1088	397.777	43.636	23.789	point		1087,1089	live-route-recording-20260712-170700-z102	proven
20260712-170700-z102	102	1089	1089	400.865	43.730	23.765	point		1088,1090	live-route-recording-20260712-170700-z102	proven
20260712-170700-z102	102	1090	1090	402.939	43.768	23.763	point		1089,1091	live-route-recording-20260712-170700-z102	proven
20260712-170700-z102	102	1091	1091	406.011	43.813	23.982	point		1090,1092	live-route-recording-20260712-170700-z102	proven
20260712-170700-z102	102	1092	1092	408.235	43.842	24.205	point		1091,1093	live-route-recording-20260712-170700-z102	proven
20260712-170700-z102	102	1093	1093	411.160	43.880	24.357	point		1092,1094,1476	live-route-recording-20260712-170700-z102	proven
20260712-170700-z102	102	1094	1094	413.593	43.912	24.555	point		1093,1095	live-route-recording-20260712-170700-z102	proven
20260712-170700-z102	102	1095	1095	416.674	43.949	24.833	point		1094,1096	live-route-recording-20260712-170700-z102	proven
20260712-170700-z102	102	1096	1096	418.736	43.906	24.936	point		1095,1097	live-route-recording-20260712-170700-z102	proven
20260712-170700-z102	102	1097	1097	420.427	43.759	24.978	point		1096,1098	live-route-recording-20260712-170700-z102	proven
20260712-170700-z102	102	1098	1098	420.712	43.468	24.963	mark	telepoint stairs	1097,1099	live-route-recording-20260712-170700-z102	proven
20260712-170700-z102	102	1099	1099	420.603	41.388	24.969	point		1098,1100	live-route-recording-20260712-170700-z102	proven
20260712-170700-z102	102	1100	1100	420.379	39.646	24.354	point		1099,1101	live-route-recording-20260712-170700-z102	proven
20260712-170700-z102	102	1101	1101	420.238	37.285	23.186	point		1100,1102	live-route-recording-20260712-170700-z102	proven
20260712-170700-z102	102	1102	1102	420.197	35.711	22.382	point		1101,1103	live-route-recording-20260712-170700-z102	proven
20260712-170700-z102	102	1103	1103	420.155	33.559	21.354	point		1102,1104	live-route-recording-20260712-170700-z102	proven
20260712-170700-z102	102	1104	1104	420.128	32.001	20.604	point		1103,1105	live-route-recording-20260712-170700-z102	proven
20260712-170700-z102	102	1105	1105	420.086	29.465	19.604	point		1104,1106	live-route-recording-20260712-170700-z102	proven
20260712-170700-z102	102	1106	1106	420.039	26.552	19.213	point		1105,1107	live-route-recording-20260712-170700-z102	proven
20260712-170700-z102	102	1107	1107	420.003	24.251	19.104	point		1106,1108	live-route-recording-20260712-170700-z102	proven
20260712-170700-z102	102	1108	1108	419.955	21.181	19.104	point		1107,1109	live-route-recording-20260712-170700-z102	proven
20260712-170700-z102	102	1109	1109	419.941	20.321	19.104	mark	holla telecrystal	1108,1110	live-route-recording-20260712-170700-z102	proven
20260712-170700-z102	102	1110	1110	419.592	22.256	19.104	point		1109,1111	live-route-recording-20260712-170700-z102	proven
20260712-170700-z102	102	1111	1111	419.313	24.175	19.104	point		1110,1112	live-route-recording-20260712-170700-z102	proven
20260712-170700-z102	102	1112	1112	419.167	26.959	19.349	point		1111,1113	live-route-recording-20260712-170700-z102	proven
20260712-170700-z102	102	1113	1113	419.179	28.883	19.604	point		1112,1114	live-route-recording-20260712-170700-z102	proven
20260712-170700-z102	102	1114	1114	419.346	31.555	20.354	point		1113,1115	live-route-recording-20260712-170700-z102	proven
20260712-170700-z102	102	1115	1115	419.507	33.596	21.354	point		1114,1116	live-route-recording-20260712-170700-z102	proven
20260712-170700-z102	102	1116	1116	419.725	36.228	22.604	point		1115,1117	live-route-recording-20260712-170700-z102	proven
20260712-170700-z102	102	1117	1117	419.879	38.057	23.604	point		1116,1118	live-route-recording-20260712-170700-z102	proven
20260712-170700-z102	102	1118	1118	420.119	40.909	24.527	point		1117,1119	live-route-recording-20260712-170700-z102	proven
20260712-170700-z102	102	1119	1119	421.399	41.742	24.929	point		1118,1120	live-route-recording-20260712-170700-z102	proven
20260712-170700-z102	102	1120	1120	424.423	41.943	24.754	point		1119,1121	live-route-recording-20260712-170700-z102	proven
20260712-170700-z102	102	1121	1121	427.158	42.056	24.480	point		1120,1122	live-route-recording-20260712-170700-z102	proven
20260712-170700-z102	102	1122	1122	429.344	42.189	24.332	point		1121,1123	live-route-recording-20260712-170700-z102	proven
20260712-170700-z102	102	1123	1123	431.371	42.470	24.230	point		1122,1124	live-route-recording-20260712-170700-z102	proven
20260712-170700-z102	102	1124	1124	434.550	43.177	24.071	point		1123,1125	live-route-recording-20260712-170700-z102	proven
20260712-170700-z102	102	1125	1125	436.541	43.662	24.000	point		1124,1126	live-route-recording-20260712-170700-z102	proven
20260712-170700-z102	102	1126	1126	439.515	44.403	24.019	point		1125,1127	live-route-recording-20260712-170700-z102	proven
20260712-170700-z102	102	1127	1127	442.337	45.110	24.054	point		1126,1128	live-route-recording-20260712-170700-z102	proven
20260712-170700-z102	102	1128	1128	444.700	45.703	24.287	point		1127,1129	live-route-recording-20260712-170700-z102	proven
20260712-170700-z102	102	1129	1129	447.683	46.451	24.563	point		1128,1130	live-route-recording-20260712-170700-z102	proven
20260712-170700-z102	102	1130	1130	449.815	46.985	24.421	point		1129,1131	live-route-recording-20260712-170700-z102	proven
20260712-170700-z102	102	1131	1131	451.788	47.479	23.965	point		1130,1132	live-route-recording-20260712-170700-z102	proven
20260712-170700-z102	102	1132	1132	454.783	48.230	23.809	point		1131,1133	live-route-recording-20260712-170700-z102	proven
20260712-170700-z102	102	1133	1133	457.530	48.918	24.189	point		1132,1134	live-route-recording-20260712-170700-z102	proven
20260712-170700-z102	102	1134	1134	459.861	49.503	24.714	point		1133,1135	live-route-recording-20260712-170700-z102	proven
20260712-170700-z102	102	1135	1135	462.020	50.038	24.743	point		1134,1136	live-route-recording-20260712-170700-z102	proven
20260712-170700-z102	102	1136	1136	464.991	50.567	25.048	point		1135,1137	live-route-recording-20260712-170700-z102	proven
20260712-170700-z102	102	1137	1137	467.002	50.745	25.467	point		1136,1138	live-route-recording-20260712-170700-z102	proven
20260712-170700-z102	102	1138	1138	470.091	50.893	25.636	point		1137,1139	live-route-recording-20260712-170700-z102	proven
20260712-170700-z102	102	1139	1139	472.945	50.982	25.309	point		1138,1140	live-route-recording-20260712-170700-z102	proven
20260712-170700-z102	102	1140	1140	475.297	51.050	24.662	point		1139,1141	live-route-recording-20260712-170700-z102	proven
20260712-170700-z102	102	1141	1141	478.386	51.049	24.392	point		1140,1142	live-route-recording-20260712-170700-z102	proven
20260712-170700-z102	102	1142	1142	480.430	50.761	24.347	point		1141,1143	live-route-recording-20260712-170700-z102	proven
20260712-170700-z102	102	1143	1143	483.446	50.225	24.456	point		1142,1144	live-route-recording-20260712-170700-z102	proven
20260712-170700-z102	102	1144	1144	485.402	50.176	24.871	point		1143,1145	live-route-recording-20260712-170700-z102	proven
20260712-170700-z102	102	1145	1145	488.421	50.503	25.649	point		1144,1146	live-route-recording-20260712-170700-z102	proven
20260712-170700-z102	102	1146	1146	490.831	50.883	25.649	point		1145,1147	live-route-recording-20260712-170700-z102	proven
20260712-170700-z102	102	1147	1147	493.807	51.399	25.281	point		1146,1148	live-route-recording-20260712-170700-z102	proven
20260712-170700-z102	102	1148	1148	495.774	51.749	24.882	point		1147,1149	live-route-recording-20260712-170700-z102	proven
20260712-170700-z102	102	1149	1149	498.672	52.360	23.975	point		1148,1150	live-route-recording-20260712-170700-z102	proven
20260712-170700-z102	102	1150	1150	500.627	52.901	23.489	point		1149,1151	live-route-recording-20260712-170700-z102	proven
20260712-170700-z102	102	1151	1151	503.572	53.828	23.096	point		1150,1152	live-route-recording-20260712-170700-z102	proven
20260712-170700-z102	102	1152	1152	505.867	54.581	23.433	point		1151,1153	live-route-recording-20260712-170700-z102	proven
20260712-170700-z102	102	1153	1153	508.753	55.542	23.966	point		1152,1154	live-route-recording-20260712-170700-z102	proven
20260712-170700-z102	102	1154	1154	510.695	56.192	24.177	point		1153,1155	live-route-recording-20260712-170700-z102	proven
20260712-170700-z102	102	1155	1155	513.643	57.122	24.384	point		1154,1156	live-route-recording-20260712-170700-z102	proven
20260712-170700-z102	102	1156	1156	515.649	57.648	24.320	point		1155,1157	live-route-recording-20260712-170700-z102	proven
20260712-170700-z102	102	1157	1157	518.611	58.422	24.601	point		1156,1158	live-route-recording-20260712-170700-z102	proven
20260712-170700-z102	102	1158	1158	520.939	59.111	24.831	point		1157,1159	live-route-recording-20260712-170700-z102	proven
20260712-170700-z102	102	1159	1159	522.891	59.732	24.618	point		1158,1160	live-route-recording-20260712-170700-z102	proven
20260712-170700-z102	102	1160	1160	525.979	60.751	24.700	point		1159,1161	live-route-recording-20260712-170700-z102	proven
20260712-170700-z102	102	1161	1161	527.926	61.400	24.800	point		1160,1162	live-route-recording-20260712-170700-z102	proven
20260712-170700-z102	102	1162	1162	530.844	62.375	24.427	point		1161,1163	live-route-recording-20260712-170700-z102	proven
20260712-170700-z102	102	1163	1163	533.602	63.299	24.212	point		1162,1164	live-route-recording-20260712-170700-z102	proven
20260712-170700-z102	102	1164	1164	535.905	64.070	24.390	point		1163,1165	live-route-recording-20260712-170700-z102	proven
20260712-170700-z102	102	1165	1165	538.822	65.046	24.585	point		1164,1166	live-route-recording-20260712-170700-z102	proven
20260712-170700-z102	102	1166	1166	540.778	65.701	24.713	point		1165,1167	live-route-recording-20260712-170700-z102	proven
20260712-170700-z102	102	1167	1167	543.698	66.680	24.420	point		1166,1168	live-route-recording-20260712-170700-z102	proven
20260712-170700-z102	102	1168	1168	545.655	67.335	24.362	point		1167,1169	live-route-recording-20260712-170700-z102	proven
20260712-170700-z102	102	1169	1169	548.569	68.310	24.229	point		1168,1170	live-route-recording-20260712-170700-z102	proven
20260712-170700-z102	102	1170	1170	550.911	69.095	24.180	point		1169,1171	live-route-recording-20260712-170700-z102	proven
20260712-170700-z102	102	1171	1171	553.011	69.798	24.173	point		1170,1172	live-route-recording-20260712-170700-z102	proven
20260712-170700-z102	102	1172	1172	556.248	70.882	24.255	point		1171,1173	live-route-recording-20260712-170700-z102	proven
20260712-170700-z102	102	1173	1173	558.353	71.586	24.220	point		1172,1174	live-route-recording-20260712-170700-z102	proven
20260712-170700-z102	102	1174	1174	560.471	72.296	24.184	point		1173,1175	live-route-recording-20260712-170700-z102	proven
20260712-170700-z102	102	1175	1175	563.558	73.329	24.132	point		1174,1176	live-route-recording-20260712-170700-z102	proven
20260712-170700-z102	102	1176	1176	565.867	74.103	24.186	point		1175,1177	live-route-recording-20260712-170700-z102	proven
20260712-170700-z102	102	1177	1177	567.989	74.813	24.078	point		1176,1178	live-route-recording-20260712-170700-z102	proven
20260712-170700-z102	102	1178	1178	570.905	75.789	24.320	point		1177,1179	live-route-recording-20260712-170700-z102	proven
20260712-170700-z102	102	1179	1179	572.846	76.439	24.480	point		1178,1180	live-route-recording-20260712-170700-z102	proven
20260712-170700-z102	102	1180	1180	575.774	77.420	24.773	point		1179,1181	live-route-recording-20260712-170700-z102	proven
20260712-170700-z102	102	1181	1181	578.541	78.346	24.926	point		1180,1182	live-route-recording-20260712-170700-z102	proven
20260712-170700-z102	102	1182	1182	580.851	79.095	24.956	point		1181,1183	live-route-recording-20260712-170700-z102	proven
20260712-170700-z102	102	1183	1183	583.860	79.772	24.806	point		1182,1184	live-route-recording-20260712-170700-z102	proven
20260712-170700-z102	102	1184	1184	585.908	79.931	24.605	point		1183,1185	live-route-recording-20260712-170700-z102	proven
20260712-170700-z102	102	1185	1185	588.996	79.928	24.349	point		1184,1186	live-route-recording-20260712-170700-z102	proven
20260712-170700-z102	102	1186	1186	591.058	79.890	24.246	point		1185,1187	live-route-recording-20260712-170700-z102	proven
20260712-170700-z102	102	1187	1187	594.153	79.970	24.091	point		1186,1188	live-route-recording-20260712-170700-z102	proven
20260712-170700-z102	102	1188	1188	596.566	80.151	24.000	point		1187,1189	live-route-recording-20260712-170700-z102	proven
20260712-170700-z102	102	1189	1189	599.627	80.441	24.000	point		1188,1190	live-route-recording-20260712-170700-z102	proven
20260712-170700-z102	102	1190	1190	601.672	80.647	24.000	point		1189,1191	live-route-recording-20260712-170700-z102	proven
20260712-170700-z102	102	1191	1191	604.727	80.960	23.958	point		1190,1192	live-route-recording-20260712-170700-z102	proven
20260712-170700-z102	102	1192	1192	606.924	81.187	24.204	point		1191,1193	live-route-recording-20260712-170700-z102	proven
20260712-170700-z102	102	1193	1193	609.419	81.445	24.787	point		1192,1194	live-route-recording-20260712-170700-z102	proven
20260712-170700-z102	102	1194	1194	611.694	81.681	25.606	point		1193,1195	live-route-recording-20260712-170700-z102	proven
20260712-170700-z102	102	1195	1195	614.730	81.996	26.079	point		1194,1196	live-route-recording-20260712-170700-z102	proven
20260712-170700-z102	102	1196	1196	616.726	82.202	26.374	point		1195,1197	live-route-recording-20260712-170700-z102	proven
20260712-170700-z102	102	1197	1197	618.707	82.407	26.844	point		1196,1198	live-route-recording-20260712-170700-z102	proven
20260712-170700-z102	102	1198	1198	621.914	82.715	27.812	point		1197,1199	live-route-recording-20260712-170700-z102	proven
20260712-170700-z102	102	1199	1199	624.542	82.643	28.610	point		1198,1200	live-route-recording-20260712-170700-z102	proven
20260712-170700-z102	102	1200	1200	626.835	82.260	29.215	point		1199,1201	live-route-recording-20260712-170700-z102	proven
20260712-170700-z102	102	1201	1201	628.985	81.759	30.085	point		1200,1202	live-route-recording-20260712-170700-z102	proven
20260712-170700-z102	102	1202	1202	631.827	81.036	31.236	point		1201,1203	live-route-recording-20260712-170700-z102	proven
20260712-170700-z102	102	1203	1203	633.978	80.559	31.664	point		1202,1204	live-route-recording-20260712-170700-z102	proven
20260712-170700-z102	102	1204	1204	637.038	80.053	32.000	point		1203,1205	live-route-recording-20260712-170700-z102	proven
20260712-170700-z102	102	1205	1205	639.075	79.780	32.000	point		1204,1206	live-route-recording-20260712-170700-z102	proven
20260712-170700-z102	102	1206	1206	642.162	79.396	32.000	point		1205,1207	live-route-recording-20260712-170700-z102	proven
20260712-170700-z102	102	1207	1207	644.196	79.152	32.000	point		1206,1208	live-route-recording-20260712-170700-z102	proven
20260712-170700-z102	102	1208	1208	647.261	78.790	32.162	point		1207,1209	live-route-recording-20260712-170700-z102	proven
20260712-170700-z102	102	1209	1209	649.319	78.548	32.265	point		1208,1210	live-route-recording-20260712-170700-z102	proven
20260712-170700-z102	102	1210	1210	652.398	78.187	32.436	point		1209,1211	live-route-recording-20260712-170700-z102	proven
20260712-170700-z102	102	1211	1211	655.286	77.848	32.724	point		1210,1212	live-route-recording-20260712-170700-z102	proven
20260712-170700-z102	102	1212	1212	657.671	77.569	32.883	point		1211,1213	live-route-recording-20260712-170700-z102	proven
20260712-170700-z102	102	1213	1213	660.750	77.216	32.961	point		1212,1214	live-route-recording-20260712-170700-z102	proven
20260712-170700-z102	102	1214	1214	662.788	77.032	32.860	point		1213,1215	live-route-recording-20260712-170700-z102	proven
20260712-170700-z102	102	1215	1215	665.162	76.868	32.680	point		1214,1216	live-route-recording-20260712-170700-z102	proven
20260712-170700-z102	102	1216	1216	668.418	76.694	32.378	point		1215,1217	live-route-recording-20260712-170700-z102	proven
20260712-170700-z102	102	1217	1217	670.648	76.591	32.267	point		1216,1218	live-route-recording-20260712-170700-z102	proven
20260712-170700-z102	102	1218	1218	673.772	76.452	32.110	point		1217,1219	live-route-recording-20260712-170700-z102	proven
20260712-170700-z102	102	1219	1219	675.828	76.334	32.000	point		1218,1220	live-route-recording-20260712-170700-z102	proven
20260712-170700-z102	102	1220	1220	679.048	75.912	31.909	point		1219,1221	live-route-recording-20260712-170700-z102	proven
20260712-170700-z102	102	1221	1221	681.246	75.546	31.772	point		1220,1222	live-route-recording-20260712-170700-z102	proven
20260712-170700-z102	102	1222	1222	683.275	75.190	31.639	point		1221,1223	live-route-recording-20260712-170700-z102	proven
20260712-170700-z102	102	1223	1223	686.309	74.638	31.669	point		1222,1224	live-route-recording-20260712-170700-z102	proven
20260712-170700-z102	102	1224	1224	689.326	74.025	31.614	point		1223,1225	live-route-recording-20260712-170700-z102	proven
20260712-170700-z102	102	1225	1225	691.285	73.426	31.505	point		1224,1226	live-route-recording-20260712-170700-z102	proven
20260712-170700-z102	102	1226	1226	694.107	72.243	31.298	point		1225,1227	live-route-recording-20260712-170700-z102	proven
20260712-170700-z102	102	1227	1227	695.937	71.327	31.037	point		1226,1228	live-route-recording-20260712-170700-z102	proven
20260712-170700-z102	102	1228	1228	698.636	69.838	30.710	point		1227,1229,1347	live-route-recording-20260712-170700-z102	proven
20260712-170700-z102	102	1229	1229	701.027	68.448	30.834	point		1228,1230	live-route-recording-20260712-170700-z102	proven
20260712-170700-z102	102	1230	1230	703.086	67.184	30.544	point		1229,1231,1345	live-route-recording-20260712-170700-z102	proven
20260712-170700-z102	102	1231	1231	705.630	65.439	30.363	point		1230,1232	live-route-recording-20260712-170700-z102	proven
20260712-170700-z102	102	1232	1232	707.259	64.229	30.370	point		1231,1233	live-route-recording-20260712-170700-z102	proven
20260712-170700-z102	102	1233	1233	709.635	62.376	30.806	point		1232,1234	live-route-recording-20260712-170700-z102	proven
20260712-170700-z102	102	1234	1234	711.193	61.127	31.243	point		1233,1235	live-route-recording-20260712-170700-z102	proven
20260712-170700-z102	102	1235	1235	713.520	59.236	31.917	point		1234,1236	live-route-recording-20260712-170700-z102	proven
20260712-170700-z102	102	1236	1236	715.368	57.723	32.565	point		1235,1237	live-route-recording-20260712-170700-z102	proven
20260712-170700-z102	102	1237	1237	717.559	55.920	32.788	point		1236,1238	live-route-recording-20260712-170700-z102	proven
20260712-170700-z102	102	1238	1238	719.273	54.508	32.647	point		1237,1239	live-route-recording-20260712-170700-z102	proven
20260712-170700-z102	102	1239	1239	720.856	53.202	32.516	point		1238,1240	live-route-recording-20260712-170700-z102	proven
20260712-170700-z102	102	1240	1240	723.230	51.243	32.361	point		1239,1241	live-route-recording-20260712-170700-z102	proven
20260712-170700-z102	102	1241	1241	725.478	49.386	32.120	point		1240,1242	live-route-recording-20260712-170700-z102	proven
20260712-170700-z102	102	1242	1242	727.336	47.852	31.862	point		1241,1243	live-route-recording-20260712-170700-z102	proven
20260712-170700-z102	102	1243	1243	729.654	45.854	31.992	point		1242,1244	live-route-recording-20260712-170700-z102	proven
20260712-170700-z102	102	1244	1244	731.144	44.448	32.279	point		1243,1245	live-route-recording-20260712-170700-z102	proven
20260712-170700-z102	102	1245	1245	733.334	42.278	32.529	point		1244,1246	live-route-recording-20260712-170700-z102	proven
20260712-170700-z102	102	1246	1246	734.746	40.785	32.670	point		1245,1247	live-route-recording-20260712-170700-z102	proven
20260712-170700-z102	102	1247	1247	736.737	38.413	32.836	point		1246,1248	live-route-recording-20260712-170700-z102	proven
20260712-170700-z102	102	1248	1248	738.205	36.495	32.909	point		1247,1249	live-route-recording-20260712-170700-z102	proven
20260712-170700-z102	102	1249	1249	739.978	34.083	32.250	point		1248,1250	live-route-recording-20260712-170700-z102	proven
20260712-170700-z102	102	1250	1250	741.163	32.451	31.647	point		1249,1251	live-route-recording-20260712-170700-z102	proven
20260712-170700-z102	102	1251	1251	742.963	29.960	31.318	point		1250,1252	live-route-recording-20260712-170700-z102	proven
20260712-170700-z102	102	1252	1252	744.154	28.307	31.132	point		1251,1253	live-route-recording-20260712-170700-z102	proven
20260712-170700-z102	102	1253	1253	745.942	25.826	30.617	point		1252,1254	live-route-recording-20260712-170700-z102	proven
20260712-170700-z102	102	1254	1254	747.352	23.839	30.285	point		1253,1255	live-route-recording-20260712-170700-z102	proven
20260712-170700-z102	102	1255	1255	749.024	21.252	30.186	point		1254,1256	live-route-recording-20260712-170700-z102	proven
20260712-170700-z102	102	1256	1256	750.043	19.492	30.299	point		1255,1257	live-route-recording-20260712-170700-z102	proven
20260712-170700-z102	102	1257	1257	751.470	16.843	30.770	point		1256,1258	live-route-recording-20260712-170700-z102	proven
20260712-170700-z102	102	1258	1258	752.408	15.041	31.218	point		1257,1259	live-route-recording-20260712-170700-z102	proven
20260712-170700-z102	102	1259	1259	753.807	12.315	31.692	point		1258,1260	live-route-recording-20260712-170700-z102	proven
20260712-170700-z102	102	1260	1260	754.901	10.170	31.935	point		1259,1261	live-route-recording-20260712-170700-z102	proven
20260712-170700-z102	102	1261	1261	756.305	7.408	32.169	point		1260,1262	live-route-recording-20260712-170700-z102	proven
20260712-170700-z102	102	1262	1262	757.233	5.582	32.078	point		1261,1263	live-route-recording-20260712-170700-z102	proven
20260712-170700-z102	102	1263	1263	758.633	2.827	32.000	point		1262,1264	live-route-recording-20260712-170700-z102	proven
20260712-170700-z102	102	1264	1264	759.567	0.991	32.000	point		1263,1265	live-route-recording-20260712-170700-z102	proven
20260712-170700-z102	102	1265	1265	760.961	-1.755	32.000	point		1264,1266	live-route-recording-20260712-170700-z102	proven
20260712-170700-z102	102	1266	1266	762.059	-3.916	31.995	point		1265,1267	live-route-recording-20260712-170700-z102	proven
20260712-170700-z102	102	1267	1267	763.070	-5.908	32.094	point		1266,1268	live-route-recording-20260712-170700-z102	proven
20260712-170700-z102	102	1268	1268	764.505	-8.644	32.019	point		1267,1269	live-route-recording-20260712-170700-z102	proven
20260712-170700-z102	102	1269	1269	765.621	-10.364	31.786	point		1268,1270	live-route-recording-20260712-170700-z102	proven
20260712-170700-z102	102	1270	1270	767.642	-12.820	31.243	point		1269,1271	live-route-recording-20260712-170700-z102	proven
20260712-170700-z102	102	1271	1271	769.420	-14.715	30.278	point		1270,1272	live-route-recording-20260712-170700-z102	proven
20260712-170700-z102	102	1272	1272	771.179	-16.254	29.306	point		1271,1273	live-route-recording-20260712-170700-z102	proven
20260712-170700-z102	102	1273	1273	773.733	-17.928	28.838	point		1272,1274	live-route-recording-20260712-170700-z102	proven
20260712-170700-z102	102	1274	1274	774.446	-18.499	28.736	mark	survival guide	1273,1275	live-route-recording-20260712-170700-z102	proven
20260712-170700-z102	102	1275	1275	775.656	-19.457	28.579	point		1274,1276	live-route-recording-20260712-170700-z102	proven
20260712-170700-z102	102	1276	1276	777.299	-21.484	28.497	point		1275,1277	live-route-recording-20260712-170700-z102	proven
20260712-170700-z102	102	1277	1277	778.846	-23.656	28.417	point		1276,1278	live-route-recording-20260712-170700-z102	proven
20260712-170700-z102	102	1278	1278	780.098	-25.435	28.840	point		1277,1279	live-route-recording-20260712-170700-z102	proven
20260712-170700-z102	102	1279	1279	781.714	-27.734	29.954	point		1278,1280	live-route-recording-20260712-170700-z102	proven
20260712-170700-z102	102	1280	1280	782.862	-29.368	30.264	point		1279,1281	live-route-recording-20260712-170700-z102	proven
20260712-170700-z102	102	1281	1281	784.592	-31.742	31.171	point		1280,1282	live-route-recording-20260712-170700-z102	proven
20260712-170700-z102	102	1282	1282	785.943	-33.227	31.608	point		1281,1283	live-route-recording-20260712-170700-z102	proven
20260712-170700-z102	102	1283	1283	788.240	-35.212	32.095	point		1282,1284	live-route-recording-20260712-170700-z102	proven
20260712-170700-z102	102	1284	1284	790.128	-36.684	32.293	point		1283,1285	live-route-recording-20260712-170700-z102	proven
20260712-170700-z102	102	1285	1285	792.594	-38.542	32.169	point		1284,1286	live-route-recording-20260712-170700-z102	proven
20260712-170700-z102	102	1286	1286	794.389	-39.542	32.080	point		1285,1287	live-route-recording-20260712-170700-z102	proven
20260712-170700-z102	102	1287	1287	797.318	-40.497	32.000	point		1286,1288	live-route-recording-20260712-170700-z102	proven
20260712-170700-z102	102	1288	1288	798.253	-40.721	32.000	mark	jugner forest zone line	1287,1289	live-route-recording-20260712-170700-z102	proven
20260712-170700-z102	102	1289	1289	796.267	-39.451	31.986	point		1288,1290	live-route-recording-20260712-170700-z102	proven
20260712-170700-z102	102	1290	1290	794.321	-38.387	32.083	point		1289,1291	live-route-recording-20260712-170700-z102	proven
20260712-170700-z102	102	1291	1291	791.862	-37.052	32.206	point		1290,1292	live-route-recording-20260712-170700-z102	proven
20260712-170700-z102	102	1292	1292	789.938	-36.007	32.264	point		1291,1293	live-route-recording-20260712-170700-z102	proven
20260712-170700-z102	102	1293	1293	787.233	-34.538	31.942	point		1292,1294	live-route-recording-20260712-170700-z102	proven
20260712-170700-z102	102	1294	1294	785.429	-33.559	31.738	point		1293,1295	live-route-recording-20260712-170700-z102	proven
20260712-170700-z102	102	1295	1295	783.607	-32.569	31.551	point		1294,1296	live-route-recording-20260712-170700-z102	proven
20260712-170700-z102	102	1296	1296	780.603	-30.938	31.153	point		1295,1297	live-route-recording-20260712-170700-z102	proven
20260712-170700-z102	102	1297	1297	778.187	-29.625	31.187	point		1296,1298	live-route-recording-20260712-170700-z102	proven
20260712-170700-z102	102	1298	1298	776.044	-28.462	31.144	point		1297,1299	live-route-recording-20260712-170700-z102	proven
20260712-170700-z102	102	1299	1299	773.439	-26.824	30.902	point		1298,1300	live-route-recording-20260712-170700-z102	proven
20260712-170700-z102	102	1300	1300	772.026	-25.339	30.707	point		1299,1301	live-route-recording-20260712-170700-z102	proven
20260712-170700-z102	102	1301	1301	770.380	-22.771	30.923	point		1300,1302	live-route-recording-20260712-170700-z102	proven
20260712-170700-z102	102	1302	1302	769.363	-20.999	30.909	point		1301,1303	live-route-recording-20260712-170700-z102	proven
20260712-170700-z102	102	1303	1303	767.883	-18.382	31.238	point		1302,1304	live-route-recording-20260712-170700-z102	proven
20260712-170700-z102	102	1304	1304	766.723	-16.317	31.600	point		1303,1305	live-route-recording-20260712-170700-z102	proven
20260712-170700-z102	102	1305	1305	765.415	-13.566	31.885	point		1304,1306	live-route-recording-20260712-170700-z102	proven
20260712-170700-z102	102	1306	1306	764.596	-11.691	32.164	point		1305,1307	live-route-recording-20260712-170700-z102	proven
20260712-170700-z102	102	1307	1307	763.265	-8.908	32.244	point		1306,1308	live-route-recording-20260712-170700-z102	proven
20260712-170700-z102	102	1308	1308	762.342	-7.057	32.152	point		1307,1309	live-route-recording-20260712-170700-z102	proven
20260712-170700-z102	102	1309	1309	760.955	-4.293	32.000	point		1308,1310	live-route-recording-20260712-170700-z102	proven
20260712-170700-z102	102	1310	1310	759.871	-2.135	32.000	point		1309,1311	live-route-recording-20260712-170700-z102	proven
20260712-170700-z102	102	1311	1311	758.479	0.624	32.000	point		1310,1312	live-route-recording-20260712-170700-z102	proven
20260712-170700-z102	102	1312	1312	757.511	2.441	32.000	point		1311,1313	live-route-recording-20260712-170700-z102	proven
20260712-170700-z102	102	1313	1313	755.775	4.975	31.906	point		1312,1314	live-route-recording-20260712-170700-z102	proven
20260712-170700-z102	102	1314	1314	754.533	6.588	31.514	point		1313,1315	live-route-recording-20260712-170700-z102	proven
20260712-170700-z102	102	1315	1315	752.628	9.006	30.940	point		1314,1316	live-route-recording-20260712-170700-z102	proven
20260712-170700-z102	102	1316	1316	751.032	11.027	30.445	point		1315,1317	live-route-recording-20260712-170700-z102	proven
20260712-170700-z102	102	1317	1317	749.854	12.518	29.968	point		1316,1318	live-route-recording-20260712-170700-z102	proven
20260712-170700-z102	102	1318	1318	748.125	14.704	28.999	point		1317,1319	live-route-recording-20260712-170700-z102	proven
20260712-170700-z102	102	1319	1319	746.848	16.320	28.574	point		1318,1320	live-route-recording-20260712-170700-z102	proven
20260712-170700-z102	102	1320	1320	745.090	18.544	28.595	point		1319,1321	live-route-recording-20260712-170700-z102	proven
20260712-170700-z102	102	1321	1321	743.355	20.738	28.566	point		1320,1322	live-route-recording-20260712-170700-z102	proven
20260712-170700-z102	102	1322	1322	741.994	22.460	28.457	point		1321,1323	live-route-recording-20260712-170700-z102	proven
20260712-170700-z102	102	1323	1323	740.159	24.782	28.490	point		1322,1324	live-route-recording-20260712-170700-z102	proven
20260712-170700-z102	102	1324	1324	739.009	26.237	29.139	point		1323,1325	live-route-recording-20260712-170700-z102	proven
20260712-170700-z102	102	1325	1325	737.205	28.520	30.085	point		1324,1326	live-route-recording-20260712-170700-z102	proven
20260712-170700-z102	102	1326	1326	735.989	30.059	30.518	point		1325,1327	live-route-recording-20260712-170700-z102	proven
20260712-170700-z102	102	1327	1327	734.142	32.394	31.349	point		1326,1328	live-route-recording-20260712-170700-z102	proven
20260712-170700-z102	102	1328	1328	732.672	34.254	31.845	point		1327,1329	live-route-recording-20260712-170700-z102	proven
20260712-170700-z102	102	1329	1329	730.775	36.654	32.338	point		1328,1330	live-route-recording-20260712-170700-z102	proven
20260712-170700-z102	102	1330	1330	729.488	38.281	32.273	point		1329,1331	live-route-recording-20260712-170700-z102	proven
20260712-170700-z102	102	1331	1331	727.573	40.703	32.178	point		1330,1332	live-route-recording-20260712-170700-z102	proven
20260712-170700-z102	102	1332	1332	726.191	42.451	32.109	point		1331,1333	live-route-recording-20260712-170700-z102	proven
20260712-170700-z102	102	1333	1333	724.377	44.745	32.054	point		1332,1334	live-route-recording-20260712-170700-z102	proven
20260712-170700-z102	102	1334	1334	722.874	46.646	32.131	point		1333,1335	live-route-recording-20260712-170700-z102	proven
20260712-170700-z102	102	1335	1335	720.959	49.067	32.252	point		1334,1336	live-route-recording-20260712-170700-z102	proven
20260712-170700-z102	102	1336	1336	719.682	50.682	32.333	point		1335,1337	live-route-recording-20260712-170700-z102	proven
20260712-170700-z102	102	1337	1337	717.779	53.089	32.505	point		1336,1338	live-route-recording-20260712-170700-z102	proven
20260712-170700-z102	102	1338	1338	716.502	54.704	32.666	point		1337,1339	live-route-recording-20260712-170700-z102	proven
20260712-170700-z102	102	1339	1339	714.603	57.101	32.220	point		1338,1340	live-route-recording-20260712-170700-z102	proven
20260712-170700-z102	102	1340	1340	713.015	58.900	31.690	point		1339,1341	live-route-recording-20260712-170700-z102	proven
20260712-170700-z102	102	1341	1341	710.727	60.928	30.930	point		1340,1342	live-route-recording-20260712-170700-z102	proven
20260712-170700-z102	102	1342	1342	708.976	62.307	30.466	point		1341,1343	live-route-recording-20260712-170700-z102	proven
20260712-170700-z102	102	1343	1343	707.206	63.659	30.196	point		1342,1344	live-route-recording-20260712-170700-z102	proven
20260712-170700-z102	102	1344	1344	704.628	65.612	30.129	point		1343,1345	live-route-recording-20260712-170700-z102	proven
20260712-170700-z102	102	1345	1345	702.865	66.945	30.420	point		1230,1344,1346	live-route-recording-20260712-170700-z102	proven
20260712-170700-z102	102	1346	1346	700.350	68.846	30.853	point		1345,1347	live-route-recording-20260712-170700-z102	proven
20260712-170700-z102	102	1347	1347	698.703	70.091	30.784	point		1228,1346,1348	live-route-recording-20260712-170700-z102	proven
20260712-170700-z102	102	1348	1348	696.282	71.921	31.294	point		1347,1349	live-route-recording-20260712-170700-z102	proven
20260712-170700-z102	102	1349	1349	694.521	73.253	31.645	point		1348,1350	live-route-recording-20260712-170700-z102	proven
20260712-170700-z102	102	1350	1350	692.766	74.578	31.953	point		1349,1351	live-route-recording-20260712-170700-z102	proven
20260712-170700-z102	102	1351	1351	690.298	76.440	32.314	point		1350,1352	live-route-recording-20260712-170700-z102	proven
20260712-170700-z102	102	1352	1352	687.541	78.211	32.176	point		1351,1353	live-route-recording-20260712-170700-z102	proven
20260712-170700-z102	102	1353	1353	685.445	79.016	32.071	point		1352,1354	live-route-recording-20260712-170700-z102	proven
20260712-170700-z102	102	1354	1354	683.419	79.506	32.000	point		1353,1355	live-route-recording-20260712-170700-z102	proven
20260712-170700-z102	102	1355	1355	680.003	79.969	32.000	point		1354,1356	live-route-recording-20260712-170700-z102	proven
20260712-170700-z102	102	1356	1356	677.770	80.066	32.000	point		1355,1357	live-route-recording-20260712-170700-z102	proven
20260712-170700-z102	102	1357	1357	674.848	80.090	32.049	point		1356,1358	live-route-recording-20260712-170700-z102	proven
20260712-170700-z102	102	1358	1358	672.382	80.070	32.174	point		1357,1359	live-route-recording-20260712-170700-z102	proven
20260712-170700-z102	102	1359	1359	670.150	80.035	32.288	point		1358,1360	live-route-recording-20260712-170700-z102	proven
20260712-170700-z102	102	1360	1360	667.083	79.977	32.477	point		1359,1361	live-route-recording-20260712-170700-z102	proven
20260712-170700-z102	102	1361	1361	665.037	79.936	32.692	point		1360,1362	live-route-recording-20260712-170700-z102	proven
20260712-170700-z102	102	1362	1362	661.781	79.869	32.910	point		1361,1363	live-route-recording-20260712-170700-z102	proven
20260712-170700-z102	102	1363	1363	659.029	79.812	32.950	point		1362,1364	live-route-recording-20260712-170700-z102	proven
20260712-170700-z102	102	1364	1364	656.623	79.761	32.830	point		1363,1365	live-route-recording-20260712-170700-z102	proven
20260712-170700-z102	102	1365	1365	653.552	79.697	32.551	point		1364,1366	live-route-recording-20260712-170700-z102	proven
20260712-170700-z102	102	1366	1366	651.508	79.654	32.374	point		1365,1367	live-route-recording-20260712-170700-z102	proven
20260712-170700-z102	102	1367	1367	648.428	79.590	32.220	point		1366,1368	live-route-recording-20260712-170700-z102	proven
20260712-170700-z102	102	1368	1368	646.356	79.546	32.117	point		1367,1369	live-route-recording-20260712-170700-z102	proven
20260712-170700-z102	102	1369	1369	643.279	79.482	32.000	point		1368,1370	live-route-recording-20260712-170700-z102	proven
20260712-170700-z102	102	1370	1370	640.973	79.440	32.000	point		1369,1371	live-route-recording-20260712-170700-z102	proven
20260712-170700-z102	102	1371	1371	637.885	79.485	32.000	point		1370,1372	live-route-recording-20260712-170700-z102	proven
20260712-170700-z102	102	1372	1372	635.831	79.574	31.972	point		1371,1373	live-route-recording-20260712-170700-z102	proven
20260712-170700-z102	102	1373	1373	633.799	79.696	31.718	point		1372,1374	live-route-recording-20260712-170700-z102	proven
20260712-170700-z102	102	1374	1374	630.706	79.915	30.957	point		1373,1375	live-route-recording-20260712-170700-z102	proven
20260712-170700-z102	102	1375	1375	627.976	80.104	29.913	point		1374,1376	live-route-recording-20260712-170700-z102	proven
20260712-170700-z102	102	1376	1376	625.648	80.178	29.032	point		1375,1377	live-route-recording-20260712-170700-z102	proven
20260712-170700-z102	102	1377	1377	623.319	80.022	28.304	point		1376,1378	live-route-recording-20260712-170700-z102	proven
20260712-170700-z102	102	1378	1378	620.192	79.495	27.522	point		1377,1379	live-route-recording-20260712-170700-z102	proven
20260712-170700-z102	102	1379	1379	618.243	79.006	27.035	point		1378,1380	live-route-recording-20260712-170700-z102	proven
20260712-170700-z102	102	1380	1380	615.307	78.195	26.407	point		1379,1381	live-route-recording-20260712-170700-z102	proven
20260712-170700-z102	102	1381	1381	613.330	77.635	26.160	point		1380,1382	live-route-recording-20260712-170700-z102	proven
20260712-170700-z102	102	1382	1382	610.255	76.791	25.288	point		1381,1383	live-route-recording-20260712-170700-z102	proven
20260712-170700-z102	102	1383	1383	608.128	76.345	24.509	point		1382,1384	live-route-recording-20260712-170700-z102	proven
20260712-170700-z102	102	1384	1384	605.111	75.843	24.017	point		1383,1385	live-route-recording-20260712-170700-z102	proven
20260712-170700-z102	102	1385	1385	603.071	75.541	23.769	point		1384,1386	live-route-recording-20260712-170700-z102	proven
20260712-170700-z102	102	1386	1386	600.007	75.116	23.610	point		1385,1387	live-route-recording-20260712-170700-z102	proven
20260712-170700-z102	102	1387	1387	597.970	74.846	23.509	point		1386,1388	live-route-recording-20260712-170700-z102	proven
20260712-170700-z102	102	1388	1388	594.877	74.445	23.414	point		1387,1389	live-route-recording-20260712-170700-z102	proven
20260712-170700-z102	102	1389	1389	592.846	74.186	23.394	point		1388,1390	live-route-recording-20260712-170700-z102	proven
20260712-170700-z102	102	1390	1390	589.781	73.796	23.571	point		1389,1391	live-route-recording-20260712-170700-z102	proven
20260712-170700-z102	102	1391	1391	587.743	73.537	23.612	point		1390,1392	live-route-recording-20260712-170700-z102	proven
20260712-170700-z102	102	1392	1392	584.681	73.146	23.438	point		1391,1393	live-route-recording-20260712-170700-z102	proven
20260712-170700-z102	102	1393	1393	581.841	72.439	23.390	point		1392,1394	live-route-recording-20260712-170700-z102	proven
20260712-170700-z102	102	1394	1394	579.555	71.584	23.205	point		1393,1395	live-route-recording-20260712-170700-z102	proven
20260712-170700-z102	102	1395	1395	576.837	70.442	23.107	point		1394,1396	live-route-recording-20260712-170700-z102	proven
20260712-170700-z102	102	1396	1396	574.961	69.606	22.871	point		1395,1397	live-route-recording-20260712-170700-z102	proven
20260712-170700-z102	102	1397	1397	572.173	68.332	22.908	point		1396,1398	live-route-recording-20260712-170700-z102	proven
20260712-170700-z102	102	1398	1398	570.337	67.480	23.288	point		1397,1399	live-route-recording-20260712-170700-z102	proven
20260712-170700-z102	102	1399	1399	567.701	65.980	23.684	point		1398,1400	live-route-recording-20260712-170700-z102	proven
20260712-170700-z102	102	1400	1400	565.942	64.440	24.167	point		1399,1401	live-route-recording-20260712-170700-z102	proven
20260712-170700-z102	102	1401	1401	564.638	62.914	24.561	point		1400,1402	live-route-recording-20260712-170700-z102	proven
20260712-170700-z102	102	1402	1402	562.728	60.282	24.985	point		1401,1403	live-route-recording-20260712-170700-z102	proven
20260712-170700-z102	102	1403	1403	561.569	58.569	24.927	point		1402,1404	live-route-recording-20260712-170700-z102	proven
20260712-170700-z102	102	1404	1404	559.948	56.091	24.790	point		1403,1405	live-route-recording-20260712-170700-z102	proven
20260712-170700-z102	102	1405	1405	558.098	54.181	24.481	point		1404,1406	live-route-recording-20260712-170700-z102	proven
20260712-170700-z102	102	1406	1406	556.709	53.474	24.455	point		1405,1407	live-route-recording-20260712-170700-z102	proven
20260712-170700-z102	102	1407	1407	553.834	52.802	24.434	point		1406,1408	live-route-recording-20260712-170700-z102	proven
20260712-170700-z102	102	1408	1408	551.772	52.712	24.482	point		1407,1409	live-route-recording-20260712-170700-z102	proven
20260712-170700-z102	102	1409	1409	548.680	52.840	24.479	point		1408,1410	live-route-recording-20260712-170700-z102	proven
20260712-170700-z102	102	1410	1410	546.868	52.964	24.418	point		1409,1411	live-route-recording-20260712-170700-z102	proven
20260712-170700-z102	102	1411	1411	543.782	53.182	24.334	point		1410,1412	live-route-recording-20260712-170700-z102	proven
20260712-170700-z102	102	1412	1412	541.385	53.353	24.285	point		1411,1413	live-route-recording-20260712-170700-z102	proven
20260712-170700-z102	102	1413	1413	538.322	53.571	24.113	point		1412,1414	live-route-recording-20260712-170700-z102	proven
20260712-170700-z102	102	1414	1414	536.269	53.717	24.256	point		1413,1415	live-route-recording-20260712-170700-z102	proven
20260712-170700-z102	102	1415	1415	534.059	53.874	24.447	point		1414,1416	live-route-recording-20260712-170700-z102	proven
20260712-170700-z102	102	1416	1416	530.994	54.092	24.250	point		1415,1417	live-route-recording-20260712-170700-z102	proven
20260712-170700-z102	102	1417	1417	528.085	54.300	23.921	point		1416,1418	live-route-recording-20260712-170700-z102	proven
20260712-170700-z102	102	1418	1418	525.659	54.472	24.035	point		1417,1419	live-route-recording-20260712-170700-z102	proven
20260712-170700-z102	102	1419	1419	522.612	54.689	24.499	point		1418,1420	live-route-recording-20260712-170700-z102	proven
20260712-170700-z102	102	1420	1420	520.565	54.835	24.679	point		1419,1421	live-route-recording-20260712-170700-z102	proven
20260712-170700-z102	102	1421	1421	517.513	55.052	24.398	point		1420,1422	live-route-recording-20260712-170700-z102	proven
20260712-170700-z102	102	1422	1422	515.449	55.200	24.052	point		1421,1423	live-route-recording-20260712-170700-z102	proven
20260712-170700-z102	102	1423	1423	512.368	55.414	24.299	point		1422,1424	live-route-recording-20260712-170700-z102	proven
20260712-170700-z102	102	1424	1424	509.947	55.471	24.096	point		1423,1425	live-route-recording-20260712-170700-z102	proven
20260712-170700-z102	102	1425	1425	506.925	55.272	23.647	point		1424,1426	live-route-recording-20260712-170700-z102	proven
20260712-170700-z102	102	1426	1426	504.898	55.041	23.169	point		1425,1427	live-route-recording-20260712-170700-z102	proven
20260712-170700-z102	102	1427	1427	501.833	54.645	23.237	point		1426,1428	live-route-recording-20260712-170700-z102	proven
20260712-170700-z102	102	1428	1428	499.698	54.359	23.484	point		1427,1429	live-route-recording-20260712-170700-z102	proven
20260712-170700-z102	102	1429	1429	496.954	53.988	24.432	point		1428,1430	live-route-recording-20260712-170700-z102	proven
20260712-170700-z102	102	1430	1430	494.575	53.666	24.837	point		1429,1431	live-route-recording-20260712-170700-z102	proven
20260712-170700-z102	102	1431	1431	491.548	53.255	25.421	point		1430,1432	live-route-recording-20260712-170700-z102	proven
20260712-170700-z102	102	1432	1432	489.174	52.932	25.479	point		1431,1433	live-route-recording-20260712-170700-z102	proven
20260712-170700-z102	102	1433	1433	487.005	52.638	25.132	point		1432,1434	live-route-recording-20260712-170700-z102	proven
20260712-170700-z102	102	1434	1434	484.998	52.365	24.628	point		1433,1435	live-route-recording-20260712-170700-z102	proven
20260712-170700-z102	102	1435	1435	482.152	51.979	24.451	point		1434,1436	live-route-recording-20260712-170700-z102	proven
20260712-170700-z102	102	1436	1436	479.036	51.555	24.401	point		1435,1437	live-route-recording-20260712-170700-z102	proven
20260712-170700-z102	102	1437	1437	477.005	51.280	24.422	point		1436,1438	live-route-recording-20260712-170700-z102	proven
20260712-170700-z102	102	1438	1438	473.872	50.854	25.054	point		1437,1439	live-route-recording-20260712-170700-z102	proven
20260712-170700-z102	102	1439	1439	471.839	50.578	25.616	point		1438,1440	live-route-recording-20260712-170700-z102	proven
20260712-170700-z102	102	1440	1440	468.782	50.163	25.652	point		1439,1441	live-route-recording-20260712-170700-z102	proven
20260712-170700-z102	102	1441	1441	466.629	49.871	25.402	point		1440,1442	live-route-recording-20260712-170700-z102	proven
20260712-170700-z102	102	1442	1442	463.535	49.454	24.701	point		1441,1443	live-route-recording-20260712-170700-z102	proven
20260712-170700-z102	102	1443	1443	461.313	49.193	24.700	point		1442,1444	live-route-recording-20260712-170700-z102	proven
20260712-170700-z102	102	1444	1444	458.307	48.893	24.361	point		1443,1445	live-route-recording-20260712-170700-z102	proven
20260712-170700-z102	102	1445	1445	456.317	48.432	23.790	point		1444,1446	live-route-recording-20260712-170700-z102	proven
20260712-170700-z102	102	1446	1446	454.018	46.482	24.090	point		1445,1447	live-route-recording-20260712-170700-z102	proven
20260712-170700-z102	102	1447	1447	453.011	44.696	24.385	point		1446,1448	live-route-recording-20260712-170700-z102	proven
20260712-170700-z102	102	1448	1448	452.043	41.752	24.444	point		1447,1449	live-route-recording-20260712-170700-z102	proven
20260712-170700-z102	102	1449	1449	451.775	39.716	24.373	point		1448,1450	live-route-recording-20260712-170700-z102	proven
20260712-170700-z102	102	1450	1450	451.707	36.633	24.384	point		1449,1451	live-route-recording-20260712-170700-z102	proven
20260712-170700-z102	102	1451	1451	451.859	34.576	24.310	point		1450,1452	live-route-recording-20260712-170700-z102	proven
20260712-170700-z102	102	1452	1452	452.435	31.552	24.277	point		1451,1453	live-route-recording-20260712-170700-z102	proven
20260712-170700-z102	102	1453	1453	453.136	28.733	24.509	point		1452,1454	live-route-recording-20260712-170700-z102	proven
20260712-170700-z102	102	1454	1454	453.533	26.591	24.549	point		1453,1455	live-route-recording-20260712-170700-z102	proven
20260712-170700-z102	102	1455	1455	453.598	23.521	24.362	point		1454,1456	live-route-recording-20260712-170700-z102	proven
20260712-170700-z102	102	1456	1456	453.538	22.812	24.308	mark	coobo rental	1455,1457	live-route-recording-20260712-170700-z102	proven
20260712-170700-z102	102	1457	1457	451.798	23.503	24.360	point		1456,1458	live-route-recording-20260712-170700-z102	proven
20260712-170700-z102	102	1458	1458	449.449	25.235	24.206	point		1457,1459	live-route-recording-20260712-170700-z102	proven
20260712-170700-z102	102	1459	1459	447.727	26.536	24.029	point		1458,1460	live-route-recording-20260712-170700-z102	proven
20260712-170700-z102	102	1460	1460	445.344	28.338	24.000	point		1459,1461	live-route-recording-20260712-170700-z102	proven
20260712-170700-z102	102	1461	1461	443.804	29.502	24.000	point		1460,1462	live-route-recording-20260712-170700-z102	proven
20260712-170700-z102	102	1462	1462	441.335	31.368	24.000	point		1461,1463	live-route-recording-20260712-170700-z102	proven
20260712-170700-z102	102	1463	1463	439.728	32.648	24.000	point		1462,1464	live-route-recording-20260712-170700-z102	proven
20260712-170700-z102	102	1464	1464	437.637	34.723	24.000	point		1463,1465	live-route-recording-20260712-170700-z102	proven
20260712-170700-z102	102	1465	1465	436.249	36.235	23.987	point		1464,1466	live-route-recording-20260712-170700-z102	proven
20260712-170700-z102	102	1466	1466	433.973	38.310	24.100	point		1465,1467	live-route-recording-20260712-170700-z102	proven
20260712-170700-z102	102	1467	1467	432.339	39.529	24.182	point		1466,1468	live-route-recording-20260712-170700-z102	proven
20260712-170700-z102	102	1468	1468	429.668	41.058	24.316	point		1467,1469	live-route-recording-20260712-170700-z102	proven
20260712-170700-z102	102	1469	1469	427.808	41.910	24.409	point		1468,1470	live-route-recording-20260712-170700-z102	proven
20260712-170700-z102	102	1470	1470	425.092	43.069	24.687	point		1469,1471	live-route-recording-20260712-170700-z102	proven
20260712-170700-z102	102	1471	1471	422.963	43.886	24.851	point		1470,1472	live-route-recording-20260712-170700-z102	proven
20260712-170700-z102	102	1472	1472	420.903	44.330	24.905	point		1471,1473	live-route-recording-20260712-170700-z102	proven
20260712-170700-z102	102	1473	1473	417.956	44.582	24.824	point		1472,1474	live-route-recording-20260712-170700-z102	proven
20260712-170700-z102	102	1474	1474	415.892	44.608	24.674	point		1473,1475	live-route-recording-20260712-170700-z102	proven
20260712-170700-z102	102	1475	1475	412.749	44.161	24.432	point		1474,1476	live-route-recording-20260712-170700-z102	proven
20260712-170700-z102	102	1476	1476	411.058	43.508	24.352	point		1093,1475,1477	live-route-recording-20260712-170700-z102	proven
20260712-170700-z102	102	1477	1477	408.430	42.077	24.220	point		1476,1478	live-route-recording-20260712-170700-z102	proven
20260712-170700-z102	102	1478	1478	406.677	40.999	24.133	point		1477,1479	live-route-recording-20260712-170700-z102	proven
20260712-170700-z102	102	1479	1479	404.078	39.349	24.000	point		1478,1480	live-route-recording-20260712-170700-z102	proven
20260712-170700-z102	102	1480	1480	402.353	38.243	24.000	point		1479,1481	live-route-recording-20260712-170700-z102	proven
20260712-170700-z102	102	1481	1481	399.760	36.580	24.000	point		1480,1482	live-route-recording-20260712-170700-z102	proven
20260712-170700-z102	102	1482	1482	397.311	35.009	24.000	point		1481,1483	live-route-recording-20260712-170700-z102	proven
20260712-170700-z102	102	1483	1483	395.246	33.675	24.037	point		1482,1484	live-route-recording-20260712-170700-z102	proven
20260712-170700-z102	102	1484	1484	392.738	31.856	23.992	point		1483,1485	live-route-recording-20260712-170700-z102	proven
20260712-170700-z102	102	1485	1485	391.162	30.524	24.041	point		1484,1486	live-route-recording-20260712-170700-z102	proven
20260712-170700-z102	102	1486	1486	388.751	28.629	24.288	point		1485,1487	live-route-recording-20260712-170700-z102	proven
20260712-170700-z102	102	1487	1487	387.053	27.470	24.491	point		1486,1488	live-route-recording-20260712-170700-z102	proven
20260712-170700-z102	102	1488	1488	385.681	26.575	24.627	point		1487,1489	live-route-recording-20260712-170700-z102	proven
20260712-170700-z102	102	1489	1489	384.078	25.549	24.551	point		1488,1490	live-route-recording-20260712-170700-z102	proven
20260712-170700-z102	102	1490	1490	382.209	24.354	24.393	point		1489,1491	live-route-recording-20260712-170700-z102	proven
20260712-170700-z102	102	1491	1491	379.719	22.737	24.236	point		1490,1492	live-route-recording-20260712-170700-z102	proven
20260712-170700-z102	102	1492	1492	378.036	21.554	24.165	point		1491,1493	live-route-recording-20260712-170700-z102	proven
20260712-170700-z102	102	1493	1493	375.567	19.665	24.021	point		1492,1494	live-route-recording-20260712-170700-z102	proven
20260712-170700-z102	102	1494	1494	373.428	17.972	24.098	point		1493,1495	live-route-recording-20260712-170700-z102	proven
20260712-170700-z102	102	1495	1495	371.523	16.457	24.033	point		1494,1496	live-route-recording-20260712-170700-z102	proven
20260712-170700-z102	102	1496	1496	369.117	14.541	24.188	point		1495,1497	live-route-recording-20260712-170700-z102	proven
20260712-170700-z102	102	1497	1497	367.521	13.224	24.051	point		1496,1498	live-route-recording-20260712-170700-z102	proven
20260712-170700-z102	102	1498	1498	365.877	11.732	24.000	point		1497,1499	live-route-recording-20260712-170700-z102	proven
20260712-170700-z102	102	1499	1499	363.655	9.600	24.000	point		1498,1500	live-route-recording-20260712-170700-z102	proven
20260712-170700-z102	102	1500	1500	361.567	7.558	24.000	point		1499,1501	live-route-recording-20260712-170700-z102	proven
20260712-170700-z102	102	1501	1501	359.839	5.863	24.000	point		1500,1502	live-route-recording-20260712-170700-z102	proven
20260712-170700-z102	102	1502	1502	357.634	3.699	24.000	point		1501,1503	live-route-recording-20260712-170700-z102	proven
20260712-170700-z102	102	1503	1503	356.190	2.258	24.000	point		1502,1504	live-route-recording-20260712-170700-z102	proven
20260712-170700-z102	102	1504	1504	354.207	-0.077	24.000	point		1503,1505	live-route-recording-20260712-170700-z102	proven
20260712-170700-z102	102	1505	1505	352.981	-1.726	24.000	point		1504,1506	live-route-recording-20260712-170700-z102	proven
20260712-170700-z102	102	1506	1506	351.223	-4.249	24.000	point		1505,1507	live-route-recording-20260712-170700-z102	proven
20260712-170700-z102	102	1507	1507	349.779	-6.258	24.000	point		1506,1508	live-route-recording-20260712-170700-z102	proven
20260712-170700-z102	102	1508	1508	348.504	-7.889	24.000	point		1507,1509	live-route-recording-20260712-170700-z102	proven
20260712-170700-z102	102	1509	1509	346.443	-10.411	24.114	point		1508,1510	live-route-recording-20260712-170700-z102	proven
20260712-170700-z102	102	1510	1510	345.129	-11.996	23.998	point		1509,1511	live-route-recording-20260712-170700-z102	proven
20260712-170700-z102	102	1511	1511	343.151	-14.376	24.041	point		1510,1512	live-route-recording-20260712-170700-z102	proven
20260712-170700-z102	102	1512	1512	341.837	-15.955	23.999	point		1511,1513	live-route-recording-20260712-170700-z102	proven
20260712-170700-z102	102	1513	1513	339.728	-18.490	24.062	point		1512,1514	live-route-recording-20260712-170700-z102	proven
20260712-170700-z102	102	1514	1514	338.416	-20.066	24.178	point		1513,1515	live-route-recording-20260712-170700-z102	proven
20260712-170700-z102	102	1515	1515	336.442	-22.438	24.361	point		1514,1516	live-route-recording-20260712-170700-z102	proven
20260712-170700-z102	102	1516	1516	335.014	-24.155	24.494	point		1515,1517	live-route-recording-20260712-170700-z102	proven
20260712-170700-z102	102	1517	1517	333.707	-25.733	24.622	point		1516,1518	live-route-recording-20260712-170700-z102	proven
20260712-170700-z102	102	1518	1518	331.854	-28.189	24.354	point		1517,1519	live-route-recording-20260712-170700-z102	proven
20260712-170700-z102	102	1519	1519	330.641	-30.077	24.119	point		1518,1520	live-route-recording-20260712-170700-z102	proven
20260712-170700-z102	102	1520	1520	328.872	-32.603	24.000	point		1519,1521	live-route-recording-20260712-170700-z102	proven
20260712-170700-z102	102	1521	1521	327.640	-34.240	24.017	point		1520,1522	live-route-recording-20260712-170700-z102	proven
20260712-170700-z102	102	1522	1522	325.866	-36.751	24.000	point		1521,1523	live-route-recording-20260712-170700-z102	proven
20260712-170700-z102	102	1523	1523	324.705	-38.459	24.000	point		1522,1524	live-route-recording-20260712-170700-z102	proven
20260712-170700-z102	102	1524	1524	322.978	-41.021	24.000	point		1523,1525	live-route-recording-20260712-170700-z102	proven
20260712-170700-z102	102	1525	1525	321.609	-43.028	24.000	point		1524,1526	live-route-recording-20260712-170700-z102	proven
20260712-170700-z102	102	1526	1526	320.387	-44.672	24.033	point		1525,1527	live-route-recording-20260712-170700-z102	proven
20260712-170700-z102	102	1527	1527	318.426	-47.051	24.151	point		1526,1528	live-route-recording-20260712-170700-z102	proven
20260712-170700-z102	102	1528	1528	317.474	-48.603	24.229	point		1527,1529	live-route-recording-20260712-170700-z102	proven
20260712-170700-z102	102	1529	1529	316.375	-51.369	24.367	point		1528,1530	live-route-recording-20260712-170700-z102	proven
20260712-170700-z102	102	1530	1530	315.693	-53.297	24.480	point		1529,1531	live-route-recording-20260712-170700-z102	proven
20260712-170700-z102	102	1531	1531	314.798	-55.965	24.633	point		1530,1532	live-route-recording-20260712-170700-z102	proven
20260712-170700-z102	102	1532	1532	314.654	-57.407	24.692	point		1531,1533	live-route-recording-20260712-170700-z102	proven
20260712-170700-z102	102	1533	1533	315.189	-58.917	24.832	point		1532,1534	live-route-recording-20260712-170700-z102	proven
20260712-170700-z102	102	1534	1534	317.090	-60.502	24.974	point		1533,1535	live-route-recording-20260712-170700-z102	proven
20260712-170700-z102	102	1535	1535	317.987	-61.097	24.944	point		1534,1536	live-route-recording-20260712-170700-z102	proven
20260712-170700-z102	102	1536	1536	318.081	-61.136	24.942	mark	stairs to shattered telepoint	1535,1537	live-route-recording-20260712-170700-z102	proven
20260712-170700-z102	102	1537	1537	320.432	-61.304	24.354	point		1536,1538	live-route-recording-20260712-170700-z102	proven
20260712-170700-z102	102	1538	1538	322.793	-61.221	23.354	point		1537,1539	live-route-recording-20260712-170700-z102	proven
20260712-170700-z102	102	1539	1539	324.354	-61.158	22.354	point		1538,1540	live-route-recording-20260712-170700-z102	proven
20260712-170700-z102	102	1540	1540	326.498	-61.072	21.354	point		1539,1541	live-route-recording-20260712-170700-z102	proven
20260712-170700-z102	102	1541	1541	328.064	-61.009	20.604	point		1540,1542	live-route-recording-20260712-170700-z102	proven
20260712-170700-z102	102	1542	1542	330.584	-60.907	19.604	point		1541,1543	live-route-recording-20260712-170700-z102	proven
20260712-170700-z102	102	1543	1543	333.020	-60.757	19.361	point		1542,1544	live-route-recording-20260712-170700-z102	proven
20260712-170700-z102	102	1544	1544	335.116	-60.537	19.104	point		1543,1545	live-route-recording-20260712-170700-z102	proven
20260712-170700-z102	102	1545	1545	337.839	-60.230	19.104	point		1544,1546	live-route-recording-20260712-170700-z102	proven
20260712-170700-z102	102	1546	1546	337.889	-60.225	19.104	mark	shattered telepoint holla	1545,1547	live-route-recording-20260712-170700-z102	proven
20260712-170700-z102	102	1547	1547	335.197	-60.015	19.104	point		1546,1548	live-route-recording-20260712-170700-z102	proven
20260712-170700-z102	102	1548	1548	332.296	-59.779	19.527	point		1547,1549	live-route-recording-20260712-170700-z102	proven
20260712-170700-z102	102	1549	1549	329.738	-59.651	19.795	point		1548,1550	live-route-recording-20260712-170700-z102	proven
20260712-170700-z102	102	1550	1550	327.755	-59.611	20.604	point		1549,1551	live-route-recording-20260712-170700-z102	proven
20260712-170700-z102	102	1551	1551	325.147	-59.601	22.031	point		1550,1552	live-route-recording-20260712-170700-z102	proven
20260712-170700-z102	102	1552	1552	323.395	-59.683	22.854	point		1551,1553	live-route-recording-20260712-170700-z102	proven
20260712-170700-z102	102	1553	1553	320.685	-59.947	24.240	point		1552,1554	live-route-recording-20260712-170700-z102	proven
20260712-170700-z102	102	1554	1554	319.100	-60.162	24.528	point		1553,1555	live-route-recording-20260712-170700-z102	proven
20260712-170700-z102	102	1555	1555	316.415	-60.846	24.957	point		1554,1556	live-route-recording-20260712-170700-z102	proven
20260712-170700-z102	102	1556	1556	317.553	-63.611	24.818	point		1555,1557	live-route-recording-20260712-170700-z102	proven
20260712-170700-z102	102	1557	1557	318.920	-65.839	24.612	point		1556,1558	live-route-recording-20260712-170700-z102	proven
20260712-170700-z102	102	1558	1558	320.092	-67.814	24.408	point		1557,1559	live-route-recording-20260712-170700-z102	proven
20260712-170700-z102	102	1559	1559	321.654	-70.471	24.275	point		1558,1560	live-route-recording-20260712-170700-z102	proven
20260712-170700-z102	102	1560	1560	322.645	-72.160	24.191	point		1559,1561	live-route-recording-20260712-170700-z102	proven
20260712-170700-z102	102	1561	1561	324.252	-74.801	24.045	point		1560,1562	live-route-recording-20260712-170700-z102	proven
20260712-170700-z102	102	1562	1562	325.402	-76.503	24.000	point		1561,1563	live-route-recording-20260712-170700-z102	proven
20260712-170700-z102	102	1563	1563	327.217	-79.023	24.000	point		1562,1564	live-route-recording-20260712-170700-z102	proven
20260712-170700-z102	102	1564	1564	328.664	-81.000	24.000	point		1563,1565	live-route-recording-20260712-170700-z102	proven
20260712-170700-z102	102	1565	1565	330.496	-83.501	24.000	point		1564,1566	live-route-recording-20260712-170700-z102	proven
20260712-170700-z102	102	1566	1566	331.820	-85.307	24.000	point		1565,1567	live-route-recording-20260712-170700-z102	proven
20260712-170700-z102	102	1567	1567	333.038	-86.968	24.000	point		1566,1568	live-route-recording-20260712-170700-z102	proven
20260712-170700-z102	102	1568	1568	334.856	-89.448	24.206	point		1567,1569	live-route-recording-20260712-170700-z102	proven
20260712-170700-z102	102	1569	1569	336.580	-91.800	24.354	point		1568,1570	live-route-recording-20260712-170700-z102	proven
20260712-170700-z102	102	1570	1570	338.031	-93.779	24.231	point		1569,1571	live-route-recording-20260712-170700-z102	proven
20260712-170700-z102	102	1571	1571	339.861	-96.275	24.383	point		1570,1572	live-route-recording-20260712-170700-z102	proven
20260712-170700-z102	102	1572	1572	341.070	-97.924	24.142	point		1571,1573	live-route-recording-20260712-170700-z102	proven
20260712-170700-z102	102	1573	1573	342.894	-100.411	24.089	point		1572,1574	live-route-recording-20260712-170700-z102	proven
20260712-170700-z102	102	1574	1574	344.118	-102.080	24.045	point		1573,1575	live-route-recording-20260712-170700-z102	proven
20260712-170700-z102	102	1575	1575	345.936	-104.560	24.000	point		1574,1576	live-route-recording-20260712-170700-z102	proven
20260712-170700-z102	102	1576	1576	347.384	-106.536	24.000	point		1575,1577	live-route-recording-20260712-170700-z102	proven
20260712-170700-z102	102	1577	1577	349.214	-109.032	24.000	point		1576,1578	live-route-recording-20260712-170700-z102	proven
20260712-170700-z102	102	1578	1578	350.429	-110.684	24.000	point		1577,1579	live-route-recording-20260712-170700-z102	proven
20260712-170700-z102	102	1579	1579	352.341	-113.104	24.000	point		1578,1580	live-route-recording-20260712-170700-z102	proven
20260712-170700-z102	102	1580	1580	353.704	-114.648	24.000	point		1579,1581	live-route-recording-20260712-170700-z102	proven
20260712-170700-z102	102	1581	1581	355.801	-116.924	24.000	point		1580,1582	live-route-recording-20260712-170700-z102	proven
20260712-170700-z102	102	1582	1582	357.504	-118.706	24.000	point		1581,1583	live-route-recording-20260712-170700-z102	proven
20260712-170700-z102	102	1583	1583	359.658	-120.894	24.000	point		1582,1584	live-route-recording-20260712-170700-z102	proven
20260712-170700-z102	102	1584	1584	361.230	-122.467	24.000	point		1583,1585	live-route-recording-20260712-170700-z102	proven
20260712-170700-z102	102	1585	1585	362.687	-123.917	24.000	point		1584,1586	live-route-recording-20260712-170700-z102	proven
20260712-170700-z102	102	1586	1586	364.869	-126.083	24.000	point		1585,1587	live-route-recording-20260712-170700-z102	proven
20260712-170700-z102	102	1587	1587	366.935	-128.133	24.000	point		1586,1588	live-route-recording-20260712-170700-z102	proven
20260712-170700-z102	102	1588	1588	368.657	-129.841	24.000	point		1587,1589	live-route-recording-20260712-170700-z102	proven
20260712-170700-z102	102	1589	1589	370.233	-131.404	24.000	point		1588,1590	live-route-recording-20260712-170700-z102	proven
20260712-170700-z102	102	1590	1590	372.544	-133.696	24.000	point		1589,1591	live-route-recording-20260712-170700-z102	proven
20260712-170700-z102	102	1591	1591	374.124	-135.262	24.000	point		1590,1592	live-route-recording-20260712-170700-z102	proven
20260712-170700-z102	102	1592	1592	376.332	-137.452	24.008	point		1591,1593	live-route-recording-20260712-170700-z102	proven
20260712-170700-z102	102	1593	1593	377.633	-138.741	24.041	point		1592,1594	live-route-recording-20260712-170700-z102	proven
20260712-170700-z102	102	1594	1594	379.856	-140.945	24.133	point		1593,1595	live-route-recording-20260712-170700-z102	proven
20260712-170700-z102	102	1595	1595	381.427	-142.503	24.329	point		1594,1596	live-route-recording-20260712-170700-z102	proven
20260712-170700-z102	102	1596	1596	383.616	-144.674	24.463	point		1595,1597	live-route-recording-20260712-170700-z102	proven
20260712-170700-z102	102	1597	1597	385.200	-146.244	24.620	point		1596,1598	live-route-recording-20260712-170700-z102	proven
20260712-170700-z102	102	1598	1598	387.384	-148.410	24.457	point		1597,1599	live-route-recording-20260712-170700-z102	proven
20260712-170700-z102	102	1599	1599	388.836	-149.849	24.219	point		1598,1600	live-route-recording-20260712-170700-z102	proven
20260712-170700-z102	102	1600	1600	390.966	-151.961	24.048	point		1599,1601	live-route-recording-20260712-170700-z102	proven
20260712-170700-z102	102	1601	1601	392.435	-153.418	24.070	point		1600,1602	live-route-recording-20260712-170700-z102	proven
20260712-170700-z102	102	1602	1602	394.628	-155.592	24.068	point		1601,1603	live-route-recording-20260712-170700-z102	proven
20260712-170700-z102	102	1603	1603	396.087	-157.039	23.995	point		1602,1604	live-route-recording-20260712-170700-z102	proven
20260712-170700-z102	102	1604	1604	398.277	-159.211	24.000	point		1603,1605	live-route-recording-20260712-170700-z102	proven
20260712-170700-z102	102	1605	1605	400.351	-161.267	24.000	point		1604,1606	live-route-recording-20260712-170700-z102	proven
20260712-170700-z102	102	1606	1606	402.148	-162.916	24.000	point		1605,1607	live-route-recording-20260712-170700-z102	proven
20260712-170700-z102	102	1607	1607	404.615	-164.732	24.155	point		1606,1608	live-route-recording-20260712-170700-z102	proven
20260712-170700-z102	102	1608	1608	406.307	-165.774	24.458	point		1607,1609	live-route-recording-20260712-170700-z102	proven
20260712-170700-z102	102	1609	1609	408.956	-166.745	25.251	point		1608,1610	live-route-recording-20260712-170700-z102	proven
20260712-170700-z102	102	1610	1610	410.984	-167.065	25.353	point		1609,1611	live-route-recording-20260712-170700-z102	proven
20260712-170700-z102	102	1611	1611	413.904	-167.190	24.842	point		1610,1612	live-route-recording-20260712-170700-z102	proven
20260712-170700-z102	102	1612	1612	415.783	-166.900	24.604	point		1611,1613	live-route-recording-20260712-170700-z102	proven
20260712-170700-z102	102	1613	1613	418.433	-165.900	24.623	point		1612,1614	live-route-recording-20260712-170700-z102	proven
20260712-170700-z102	102	1614	1614	419.908	-164.907	24.341	point		1613,1615	live-route-recording-20260712-170700-z102	proven
20260712-170700-z102	102	1615	1615	420.829	-162.808	24.509	point		1614,1616	live-route-recording-20260712-170700-z102	proven
20260712-170700-z102	102	1616	1616	421.006	-161.567	24.751	point		1615,1617	live-route-recording-20260712-170700-z102	proven
20260712-170700-z102	102	1617	1617	421.017	-161.466	24.771	mark	stairs dimensional portal	1616,1618	live-route-recording-20260712-170700-z102	proven
20260712-170700-z102	102	1618	1618	421.118	-160.069	24.354	point		1617,1619	live-route-recording-20260712-170700-z102	proven
20260712-170700-z102	102	1619	1619	421.147	-158.558	23.854	point		1618,1620	live-route-recording-20260712-170700-z102	proven
20260712-170700-z102	102	1620	1620	421.002	-156.242	22.604	point		1619,1621	live-route-recording-20260712-170700-z102	proven
20260712-170700-z102	102	1621	1621	420.949	-154.804	21.854	point		1620,1622	live-route-recording-20260712-170700-z102	proven
20260712-170700-z102	102	1622	1622	420.893	-152.408	20.686	point		1621,1623	live-route-recording-20260712-170700-z102	proven
20260712-170700-z102	102	1623	1623	420.721	-150.327	19.604	point		1622,1624	live-route-recording-20260712-170700-z102	proven
20260712-170700-z102	102	1624	1624	420.463	-147.943	19.538	point		1623,1625	live-route-recording-20260712-170700-z102	proven
20260712-170700-z102	102	1625	1625	420.240	-145.101	19.104	point		1624,1626	live-route-recording-20260712-170700-z102	proven
20260712-170700-z102	102	1626	1626	420.123	-143.044	19.104	point		1625,1627	live-route-recording-20260712-170700-z102	proven
20260712-170700-z102	102	1627	1627	420.067	-142.036	19.104	point		1626,1628	live-route-recording-20260712-170700-z102	proven
20260712-170700-z102	102	1628	1628	420.067	-142.036	19.104	mark	dimensional portal	1627,1629	live-route-recording-20260712-170700-z102	proven
20260712-170700-z102	102	1629	1629	419.893	-144.869	19.104	point		1628,1630	live-route-recording-20260712-170700-z102	proven
20260712-170700-z102	102	1630	1630	419.753	-147.908	19.517	point		1629,1631	live-route-recording-20260712-170700-z102	proven
20260712-170700-z102	102	1631	1631	419.591	-149.868	19.604	point		1630,1632	live-route-recording-20260712-170700-z102	proven
20260712-170700-z102	102	1632	1632	419.303	-152.523	20.772	point		1631,1633	live-route-recording-20260712-170700-z102	proven
20260712-170700-z102	102	1633	1633	419.054	-154.645	21.854	point		1632,1634	live-route-recording-20260712-170700-z102	proven
20260712-170700-z102	102	1634	1634	418.867	-157.379	23.251	point		1633,1635	live-route-recording-20260712-170700-z102	proven
20260712-170700-z102	102	1635	1635	418.860	-159.369	24.201	point		1634,1636	live-route-recording-20260712-170700-z102	proven
20260712-170700-z102	102	1636	1636	418.953	-162.202	24.519	point		1635,1637	live-route-recording-20260712-170700-z102	proven
20260712-170700-z102	102	1637	1637	419.064	-164.250	24.358	point		1636,1638	live-route-recording-20260712-170700-z102	proven
20260712-170700-z102	102	1638	1638	419.162	-165.963	24.538	point		1637,1639	live-route-recording-20260712-170700-z102	proven
20260712-170700-z102	102	1639	1639	419.025	-168.532	24.661	point		1638,1640	live-route-recording-20260712-170700-z102	proven
20260712-170700-z102	102	1640	1640	418.577	-170.549	24.787	point		1639,1641	live-route-recording-20260712-170700-z102	proven
20260712-170700-z102	102	1641	1641	417.550	-173.458	24.891	point		1640,1642	live-route-recording-20260712-170700-z102	proven
20260712-170700-z102	102	1642	1642	416.972	-175.385	24.819	point		1641,1643	live-route-recording-20260712-170700-z102	proven
20260712-170700-z102	102	1643	1643	416.641	-178.318	23.982	point		1642,1644	live-route-recording-20260712-170700-z102	proven
20260712-170700-z102	102	1644	1644	417.127	-181.182	23.500	point		1643,1645	live-route-recording-20260712-170700-z102	proven
20260712-170700-z102	102	1645	1645	417.984	-183.419	23.509	point		1644,1646	live-route-recording-20260712-170700-z102	proven
20260712-170700-z102	102	1646	1646	419.479	-186.068	24.174	point		1645,1647	live-route-recording-20260712-170700-z102	proven
20260712-170700-z102	102	1647	1647	420.618	-187.784	24.238	point		1646,1648	live-route-recording-20260712-170700-z102	proven
20260712-170700-z102	102	1648	1648	422.397	-190.318	24.069	point		1647,1649	live-route-recording-20260712-170700-z102	proven
20260712-170700-z102	102	1649	1649	423.594	-191.985	23.917	point		1648,1650	live-route-recording-20260712-170700-z102	proven
20260712-170700-z102	102	1650	1650	425.402	-194.476	24.255	point		1649,1651	live-route-recording-20260712-170700-z102	proven
20260712-170700-z102	102	1651	1651	426.820	-196.423	24.489	point		1650,1652	live-route-recording-20260712-170700-z102	proven
20260712-170700-z102	102	1652	1652	428.635	-198.909	24.394	point		1651,1653	live-route-recording-20260712-170700-z102	proven
20260712-170700-z102	102	1653	1653	429.829	-200.544	24.191	point		1652,1654	live-route-recording-20260712-170700-z102	proven
20260712-170700-z102	102	1654	1654	431.636	-203.017	23.637	point		1653,1655	live-route-recording-20260712-170700-z102	proven
20260712-170700-z102	102	1655	1655	432.946	-204.811	23.372	point		1654,1656	live-route-recording-20260712-170700-z102	proven
20260712-170700-z102	102	1656	1656	434.659	-207.156	23.297	point		1655,1657	live-route-recording-20260712-170700-z102	proven
20260712-170700-z102	102	1657	1657	436.081	-209.101	23.356	point		1656,1658	live-route-recording-20260712-170700-z102	proven
20260712-170700-z102	102	1658	1658	437.899	-211.590	23.045	point		1657,1659	live-route-recording-20260712-170700-z102	proven
20260712-170700-z102	102	1659	1659	439.114	-213.253	23.000	point		1658,1660	live-route-recording-20260712-170700-z102	proven
20260712-170700-z102	102	1660	1660	440.940	-215.753	22.963	point		1659,1661	live-route-recording-20260712-170700-z102	proven
20260712-170700-z102	102	1661	1661	442.148	-217.406	23.169	point		1660,1662	live-route-recording-20260712-170700-z102	proven
20260712-170700-z102	102	1662	1662	443.965	-219.893	23.457	point		1661,1663	live-route-recording-20260712-170700-z102	proven
20260712-170700-z102	102	1663	1663	445.398	-221.855	23.460	point		1662,1664	live-route-recording-20260712-170700-z102	proven
20260712-170700-z102	102	1664	1664	447.186	-224.385	23.524	point		1663,1665	live-route-recording-20260712-170700-z102	proven
20260712-170700-z102	102	1665	1665	448.283	-226.134	23.575	point		1664,1666	live-route-recording-20260712-170700-z102	proven
20260712-170700-z102	102	1666	1666	449.789	-228.815	23.510	point		1665,1667	live-route-recording-20260712-170700-z102	proven
20260712-170700-z102	102	1667	1667	450.759	-230.634	23.694	point		1666,1668	live-route-recording-20260712-170700-z102	proven
20260712-170700-z102	102	1668	1668	452.179	-233.346	23.879	point		1667,1669	live-route-recording-20260712-170700-z102	proven
20260712-170700-z102	102	1669	1669	453.295	-235.494	24.220	point		1668,1670	live-route-recording-20260712-170700-z102	proven
20260712-170700-z102	102	1670	1670	454.706	-238.219	24.553	point		1669,1671	live-route-recording-20260712-170700-z102	proven
20260712-170700-z102	102	1671	1671	455.646	-240.036	24.760	point		1670,1672	live-route-recording-20260712-170700-z102	proven
20260712-170700-z102	102	1672	1672	457.062	-242.772	24.852	point		1671,1673	live-route-recording-20260712-170700-z102	proven
20260712-170700-z102	102	1673	1673	457.979	-244.545	24.647	point		1672,1674	live-route-recording-20260712-170700-z102	proven
20260712-170700-z102	102	1674	1674	459.365	-247.225	23.749	point		1673,1675	live-route-recording-20260712-170700-z102	proven
20260712-170700-z102	102	1675	1675	460.457	-249.335	23.277	point		1674,1676	live-route-recording-20260712-170700-z102	proven
20260712-170700-z102	102	1676	1676	461.846	-252.022	22.754	point		1675,1677	live-route-recording-20260712-170700-z102	proven
20260712-170700-z102	102	1677	1677	462.755	-253.778	22.109	point		1676,1678	live-route-recording-20260712-170700-z102	proven
20260712-170700-z102	102	1678	1678	464.043	-256.269	21.244	point		1677,1679	live-route-recording-20260712-170700-z102	proven
20260712-170700-z102	102	1679	1679	465.013	-258.145	21.185	point		1678,1680	live-route-recording-20260712-170700-z102	proven
20260712-170700-z102	102	1680	1680	466.357	-260.743	21.072	point		1679,1681	live-route-recording-20260712-170700-z102	proven
20260712-170700-z102	102	1681	1681	467.561	-263.073	21.018	point		1680,1682	live-route-recording-20260712-170700-z102	proven
20260712-170700-z102	102	1682	1682	468.479	-264.847	21.166	point		1681,1683	live-route-recording-20260712-170700-z102	proven
20260712-170700-z102	102	1683	1683	469.941	-267.674	22.011	point		1682,1684	live-route-recording-20260712-170700-z102	proven
20260712-170700-z102	102	1684	1684	470.876	-269.481	22.283	point		1683,1685	live-route-recording-20260712-170700-z102	proven
20260712-170700-z102	102	1685	1685	472.280	-272.197	22.655	point		1684,1686	live-route-recording-20260712-170700-z102	proven
20260712-170700-z102	102	1686	1686	473.529	-274.611	23.080	point		1685,1687	live-route-recording-20260712-170700-z102	proven
20260712-170700-z102	102	1687	1687	474.617	-276.751	23.421	point		1686,1688	live-route-recording-20260712-170700-z102	proven
20260712-170700-z102	102	1688	1688	475.898	-279.549	23.900	point		1687,1689	live-route-recording-20260712-170700-z102	proven
20260712-170700-z102	102	1689	1689	476.595	-281.476	24.000	point		1688,1690	live-route-recording-20260712-170700-z102	proven
20260712-170700-z102	102	1690	1690	477.365	-284.460	24.022	point		1689,1691	live-route-recording-20260712-170700-z102	proven
20260712-170700-z102	102	1691	1691	477.741	-286.478	24.123	point		1690,1692	live-route-recording-20260712-170700-z102	proven
20260712-170700-z102	102	1692	1692	478.103	-289.540	24.276	point		1691,1693	live-route-recording-20260712-170700-z102	proven
20260712-170700-z102	102	1693	1693	478.097	-291.972	24.393	point		1692,1694	live-route-recording-20260712-170700-z102	proven
20260712-170700-z102	102	1694	1694	477.806	-295.043	24.700	point		1693,1695	live-route-recording-20260712-170700-z102	proven
20260712-170700-z102	102	1695	1695	477.478	-297.073	24.853	point		1694,1696	live-route-recording-20260712-170700-z102	proven
20260712-170700-z102	102	1696	1696	476.874	-300.107	24.994	point		1695,1697	live-route-recording-20260712-170700-z102	proven
20260712-170700-z102	102	1697	1697	476.427	-302.120	24.893	point		1696,1698	live-route-recording-20260712-170700-z102	proven
20260712-170700-z102	102	1698	1698	475.731	-305.123	24.633	point		1697,1699	live-route-recording-20260712-170700-z102	proven
20260712-170700-z102	102	1699	1699	475.133	-307.658	24.289	point		1698,1700	live-route-recording-20260712-170700-z102	proven
20260712-170700-z102	102	1700	1700	474.659	-309.653	24.104	point		1699,1701	live-route-recording-20260712-170700-z102	proven
20260712-170700-z102	102	1701	1701	473.886	-312.642	24.048	point		1700,1702	live-route-recording-20260712-170700-z102	proven
20260712-170700-z102	102	1702	1702	473.293	-314.624	24.184	point		1701,1703	live-route-recording-20260712-170700-z102	proven
20260712-170700-z102	102	1703	1703	472.342	-317.558	24.182	point		1702,1704	live-route-recording-20260712-170700-z102	proven
20260712-170700-z102	102	1704	1704	471.401	-320.328	24.229	point		1703,1705	live-route-recording-20260712-170700-z102	proven
20260712-170700-z102	102	1705	1705	470.605	-322.634	24.269	point		1704,1706	live-route-recording-20260712-170700-z102	proven
20260712-170700-z102	102	1706	1706	469.592	-325.544	24.095	point		1705,1707	live-route-recording-20260712-170700-z102	proven
20260712-170700-z102	102	1707	1707	468.918	-327.477	23.892	point		1706,1708	live-route-recording-20260712-170700-z102	proven
20260712-170700-z102	102	1708	1708	467.902	-330.387	23.581	point		1707,1709	live-route-recording-20260712-170700-z102	proven
20260712-170700-z102	102	1709	1709	467.225	-332.330	23.542	point		1708,1710	live-route-recording-20260712-170700-z102	proven
20260712-170700-z102	102	1710	1710	466.212	-335.233	23.847	point		1709,1711	live-route-recording-20260712-170700-z102	proven
20260712-170700-z102	102	1711	1711	465.398	-337.564	23.748	point		1710,1712	live-route-recording-20260712-170700-z102	proven
20260712-170700-z102	102	1712	1712	464.386	-340.467	23.438	point		1711,1713	live-route-recording-20260712-170700-z102	proven
20260712-170700-z102	102	1713	1713	463.711	-342.404	23.207	point		1712,1714	live-route-recording-20260712-170700-z102	proven
20260712-170700-z102	102	1714	1714	462.694	-345.317	23.076	point		1713,1715	live-route-recording-20260712-170700-z102	proven
20260712-170700-z102	102	1715	1715	462.012	-347.264	23.186	point		1714,1716	live-route-recording-20260712-170700-z102	proven
20260712-170700-z102	102	1716	1716	460.927	-350.141	23.212	point		1715,1717	live-route-recording-20260712-170700-z102	proven
20260712-170700-z102	102	1717	1717	459.932	-352.374	23.193	point		1716,1718	live-route-recording-20260712-170700-z102	proven
20260712-170700-z102	102	1718	1718	458.548	-355.147	23.121	point		1717,1719	live-route-recording-20260712-170700-z102	proven
20260712-170700-z102	102	1719	1719	457.602	-356.966	23.100	point		1718,1720	live-route-recording-20260712-170700-z102	proven
20260712-170700-z102	102	1720	1720	456.167	-359.689	23.000	point		1719,1721	live-route-recording-20260712-170700-z102	proven
20260712-170700-z102	102	1721	1721	455.208	-361.501	23.000	point		1720,1722	live-route-recording-20260712-170700-z102	proven
20260712-170700-z102	102	1722	1722	453.771	-364.210	23.000	point		1721,1723	live-route-recording-20260712-170700-z102	proven
20260712-170700-z102	102	1723	1723	452.631	-366.358	23.295	point		1722,1724	live-route-recording-20260712-170700-z102	proven
20260712-170700-z102	102	1724	1724	451.185	-369.080	23.476	point		1723,1725	live-route-recording-20260712-170700-z102	proven
20260712-170700-z102	102	1725	1725	450.139	-371.048	23.653	point		1724,1726	live-route-recording-20260712-170700-z102	proven
20260712-170700-z102	102	1726	1726	449.171	-372.872	23.693	point		1725,1727	live-route-recording-20260712-170700-z102	proven
20260712-170700-z102	102	1727	1727	447.722	-375.599	23.631	point		1726,1728	live-route-recording-20260712-170700-z102	proven
20260712-170700-z102	102	1728	1728	446.358	-378.169	23.781	point		1727,1729	live-route-recording-20260712-170700-z102	proven
20260712-170700-z102	102	1729	1729	445.198	-380.352	23.922	point		1728,1730	live-route-recording-20260712-170700-z102	proven
20260712-170700-z102	102	1730	1730	444.148	-382.329	24.091	point		1729,1731	live-route-recording-20260712-170700-z102	proven
20260712-170700-z102	102	1731	1731	442.702	-385.052	24.156	point		1730,1732	live-route-recording-20260712-170700-z102	proven
20260712-170700-z102	102	1732	1732	441.733	-386.875	24.262	point		1731,1733	live-route-recording-20260712-170700-z102	proven
20260712-170700-z102	102	1733	1733	440.282	-389.607	24.299	point		1732,1734	live-route-recording-20260712-170700-z102	proven
20260712-170700-z102	102	1734	1734	438.919	-392.175	24.190	point		1733,1735	live-route-recording-20260712-170700-z102	proven
20260712-170700-z102	102	1735	1735	437.773	-394.333	24.082	point		1734,1736	live-route-recording-20260712-170700-z102	proven
20260712-170700-z102	102	1736	1736	436.338	-397.035	24.000	point		1735,1737	live-route-recording-20260712-170700-z102	proven
20260712-170700-z102	102	1737	1737	435.370	-398.858	24.030	point		1736,1738	live-route-recording-20260712-170700-z102	proven
20260712-170700-z102	102	1738	1738	433.927	-401.574	24.103	point		1737,1739	live-route-recording-20260712-170700-z102	proven
20260712-170700-z102	102	1739	1739	432.961	-403.392	24.151	point		1738,1740	live-route-recording-20260712-170700-z102	proven
20260712-170700-z102	102	1740	1740	431.512	-406.119	24.034	point		1739,1741	live-route-recording-20260712-170700-z102	proven
20260712-170700-z102	102	1741	1741	430.375	-408.260	23.847	point		1740,1742	live-route-recording-20260712-170700-z102	proven
20260712-170700-z102	102	1742	1742	428.932	-410.977	23.535	point		1741,1743	live-route-recording-20260712-170700-z102	proven
20260712-170700-z102	102	1743	1743	427.945	-412.770	23.482	point		1742,1744	live-route-recording-20260712-170700-z102	proven
20260712-170700-z102	102	1744	1744	426.311	-415.372	23.842	point		1743,1745	live-route-recording-20260712-170700-z102	proven
20260712-170700-z102	102	1745	1745	425.063	-417.212	23.810	point		1744,1746	live-route-recording-20260712-170700-z102	proven
20260712-170700-z102	102	1746	1746	423.316	-419.542	23.702	point		1745,1747	live-route-recording-20260712-170700-z102	proven
20260712-170700-z102	102	1747	1747	421.786	-421.457	23.581	point		1746,1748	live-route-recording-20260712-170700-z102	proven
20260712-170700-z102	102	1748	1748	419.704	-423.720	23.412	point		1747,1749	live-route-recording-20260712-170700-z102	proven
20260712-170700-z102	102	1749	1749	418.085	-425.024	23.465	point		1748,1750	live-route-recording-20260712-170700-z102	proven
20260712-170700-z102	102	1750	1750	415.439	-426.611	23.490	point		1749,1751	live-route-recording-20260712-170700-z102	proven
20260712-170700-z102	102	1751	1751	413.403	-427.514	23.515	point		1750,1752	live-route-recording-20260712-170700-z102	proven
20260712-170700-z102	102	1752	1752	410.656	-428.477	23.578	point		1751,1753	live-route-recording-20260712-170700-z102	proven
20260712-170700-z102	102	1753	1753	408.374	-429.250	23.845	point		1752,1754	live-route-recording-20260712-170700-z102	proven
20260712-170700-z102	102	1754	1754	405.466	-430.297	24.010	point		1753,1755	live-route-recording-20260712-170700-z102	proven
20260712-170700-z102	102	1755	1755	403.541	-431.015	24.083	point		1754,1756	live-route-recording-20260712-170700-z102	proven
20260712-170700-z102	102	1756	1756	400.651	-432.105	24.141	point		1755,1757	live-route-recording-20260712-170700-z102	proven
20260712-170700-z102	102	1757	1757	398.720	-432.837	24.157	point		1756,1758	live-route-recording-20260712-170700-z102	proven
20260712-170700-z102	102	1758	1758	395.831	-433.932	24.102	point		1757,1759	live-route-recording-20260712-170700-z102	proven
20260712-170700-z102	102	1759	1759	393.555	-434.795	24.180	point		1758,1760	live-route-recording-20260712-170700-z102	proven
20260712-170700-z102	102	1760	1760	390.680	-435.886	24.250	point		1759,1761	live-route-recording-20260712-170700-z102	proven
20260712-170700-z102	102	1761	1761	388.603	-436.673	24.369	point		1760,1762	live-route-recording-20260712-170700-z102	proven
20260712-170700-z102	102	1762	1762	386.695	-437.397	24.526	point		1761,1763	live-route-recording-20260712-170700-z102	proven
20260712-170700-z102	102	1763	1763	383.646	-438.554	24.817	point		1762,1764	live-route-recording-20260712-170700-z102	proven
20260712-170700-z102	102	1764	1764	381.062	-439.534	24.946	point		1763,1765	live-route-recording-20260712-170700-z102	proven
20260712-170700-z102	102	1765	1765	378.754	-440.410	24.845	point		1764,1766	live-route-recording-20260712-170700-z102	proven
20260712-170700-z102	102	1766	1766	376.526	-441.255	24.575	point		1765,1767	live-route-recording-20260712-170700-z102	proven
20260712-170700-z102	102	1767	1767	373.678	-442.335	24.111	point		1766,1768	live-route-recording-20260712-170700-z102	proven
20260712-170700-z102	102	1768	1768	371.455	-443.179	23.761	point		1767,1769	live-route-recording-20260712-170700-z102	proven
20260712-170700-z102	102	1769	1769	369.373	-443.969	23.504	point		1768,1770	live-route-recording-20260712-170700-z102	proven
20260712-170700-z102	102	1770	1770	366.329	-445.124	23.375	point		1769,1771	live-route-recording-20260712-170700-z102	proven
20260712-170700-z102	102	1771	1771	364.085	-445.975	23.595	point		1770,1772	live-route-recording-20260712-170700-z102	proven
20260712-170700-z102	102	1772	1772	362.015	-446.760	23.576	point		1771,1773	live-route-recording-20260712-170700-z102	proven
20260712-170700-z102	102	1773	1773	358.786	-447.985	23.495	point		1772,1774	live-route-recording-20260712-170700-z102	proven
20260712-170700-z102	102	1774	1774	356.688	-448.781	23.396	point		1773,1775	live-route-recording-20260712-170700-z102	proven
20260712-170700-z102	102	1775	1775	354.749	-449.516	23.405	point		1774,1776	live-route-recording-20260712-170700-z102	proven
20260712-170700-z102	102	1776	1776	351.880	-450.605	23.495	point		1775,1777	live-route-recording-20260712-170700-z102	proven
20260712-170700-z102	102	1777	1777	348.768	-451.785	23.512	point		1776,1778	live-route-recording-20260712-170700-z102	proven
20260712-170700-z102	102	1778	1778	346.852	-452.512	23.354	point		1777,1779	live-route-recording-20260712-170700-z102	proven
20260712-170700-z102	102	1779	1779	343.974	-453.604	23.181	point		1778,1780	live-route-recording-20260712-170700-z102	proven
20260712-170700-z102	102	1780	1780	342.055	-454.332	23.029	point		1779,1781	live-route-recording-20260712-170700-z102	proven
20260712-170700-z102	102	1781	1781	339.972	-455.122	23.119	point		1780,1782	live-route-recording-20260712-170700-z102	proven
20260712-170700-z102	102	1782	1782	337.211	-456.170	22.856	point		1781,1783	live-route-recording-20260712-170700-z102	proven
20260712-170700-z102	102	1783	1783	334.365	-457.250	23.441	point		1782,1784	live-route-recording-20260712-170700-z102	proven
20260712-170700-z102	102	1784	1784	332.460	-457.972	23.943	point		1783,1785	live-route-recording-20260712-170700-z102	proven
20260712-170700-z102	102	1785	1785	330.384	-458.759	24.022	point		1784,1786	live-route-recording-20260712-170700-z102	proven
20260712-170700-z102	102	1786	1786	327.491	-459.857	23.963	point		1785,1787	live-route-recording-20260712-170700-z102	proven
20260712-170700-z102	102	1787	1787	325.590	-460.579	23.640	point		1786,1788	live-route-recording-20260712-170700-z102	proven
20260712-170700-z102	102	1788	1788	322.709	-461.672	23.285	point		1787,1789	live-route-recording-20260712-170700-z102	proven
20260712-170700-z102	102	1789	1789	320.734	-462.421	23.191	point		1788,1790	live-route-recording-20260712-170700-z102	proven
20260712-170700-z102	102	1790	1790	317.830	-463.523	23.053	point		1789,1791	live-route-recording-20260712-170700-z102	proven
20260712-170700-z102	102	1791	1791	315.906	-464.253	23.278	point		1790,1792	live-route-recording-20260712-170700-z102	proven
20260712-170700-z102	102	1792	1792	313.032	-465.343	23.297	point		1791,1793	live-route-recording-20260712-170700-z102	proven
20260712-170700-z102	102	1793	1793	311.111	-466.072	23.539	point		1792,1794	live-route-recording-20260712-170700-z102	proven
20260712-170700-z102	102	1794	1794	308.229	-467.165	23.043	point		1793,1795	live-route-recording-20260712-170700-z102	proven
20260712-170700-z102	102	1795	1795	306.122	-467.965	23.319	point		1794,1796	live-route-recording-20260712-170700-z102	proven
20260712-170700-z102	102	1796	1796	303.237	-469.059	23.567	point		1795,1797	live-route-recording-20260712-170700-z102	proven
20260712-170700-z102	102	1797	1797	301.343	-469.778	23.766	point		1796,1798	live-route-recording-20260712-170700-z102	proven
20260712-170700-z102	102	1798	1798	298.591	-470.822	23.875	point		1797,1799	live-route-recording-20260712-170700-z102	proven
20260712-170700-z102	102	1799	1799	296.694	-471.542	23.522	point		1798,1800	live-route-recording-20260712-170700-z102	proven
20260712-170700-z102	102	1800	1800	293.809	-472.631	23.156	point		1799,1801	live-route-recording-20260712-170700-z102	proven
20260712-170700-z102	102	1801	1801	291.460	-473.465	23.046	point		1800,1802	live-route-recording-20260712-170700-z102	proven
20260712-170700-z102	102	1802	1802	289.490	-474.046	23.109	point		1801,1803	live-route-recording-20260712-170700-z102	proven
20260712-170700-z102	102	1803	1803	286.344	-474.761	23.355	point		1802,1804	live-route-recording-20260712-170700-z102	proven
20260712-170700-z102	102	1804	1804	284.324	-475.141	23.622	point		1803,1805	live-route-recording-20260712-170700-z102	proven
20260712-170700-z102	102	1805	1805	281.279	-475.661	23.727	point		1804,1806	live-route-recording-20260712-170700-z102	proven
20260712-170700-z102	102	1806	1806	279.245	-475.987	23.742	point		1805,1807	live-route-recording-20260712-170700-z102	proven
20260712-170700-z102	102	1807	1807	277.358	-476.280	23.762	point		1806,1808	live-route-recording-20260712-170700-z102	proven
20260712-170700-z102	102	1808	1808	273.933	-476.864	23.661	point		1807,1809	live-route-recording-20260712-170700-z102	proven
20260712-170700-z102	102	1809	1809	271.792	-477.430	23.476	point		1808,1810	live-route-recording-20260712-170700-z102	proven
20260712-170700-z102	102	1810	1810	268.739	-478.590	23.086	point		1809,1811	live-route-recording-20260712-170700-z102	proven
20260712-170700-z102	102	1811	1811	266.681	-479.497	23.000	point		1810,1812	live-route-recording-20260712-170700-z102	proven
20260712-170700-z102	102	1812	1812	264.691	-480.509	23.000	point		1811,1813	live-route-recording-20260712-170700-z102	proven
20260712-170700-z102	102	1813	1813	261.904	-482.016	23.245	point		1812,1814	live-route-recording-20260712-170700-z102	proven
20260712-170700-z102	102	1814	1814	259.951	-483.091	23.342	point		1813,1815	live-route-recording-20260712-170700-z102	proven
20260712-170700-z102	102	1815	1815	258.006	-484.168	23.184	point		1814,1816	live-route-recording-20260712-170700-z102	proven
20260712-170700-z102	102	1816	1816	255.309	-485.665	23.143	point		1815,1817	live-route-recording-20260712-170700-z102	proven
20260712-170700-z102	102	1817	1817	253.475	-486.586	23.126	point		1816,1818	live-route-recording-20260712-170700-z102	proven
20260712-170700-z102	102	1818	1818	250.311	-487.820	23.398	point		1817,1819	live-route-recording-20260712-170700-z102	proven
20260712-170700-z102	102	1819	1819	248.363	-488.467	23.530	point		1818,1820	live-route-recording-20260712-170700-z102	proven
20260712-170700-z102	102	1820	1820	245.989	-489.199	23.579	point		1819,1821	live-route-recording-20260712-170700-z102	proven
20260712-170700-z102	102	1821	1821	243.923	-490.020	23.490	point		1820,1822	live-route-recording-20260712-170700-z102	proven
20260712-170700-z102	102	1822	1822	241.126	-491.327	23.078	point		1821,1823	live-route-recording-20260712-170700-z102	proven
20260712-170700-z102	102	1823	1823	239.076	-492.189	22.970	point		1822,1824	live-route-recording-20260712-170700-z102	proven
20260712-170700-z102	102	1824	1824	236.021	-493.162	23.137	point		1823,1825	live-route-recording-20260712-170700-z102	proven
20260712-170700-z102	102	1825	1825	233.950	-493.702	23.735	point		1824,1826	live-route-recording-20260712-170700-z102	proven
20260712-170700-z102	102	1826	1826	230.940	-494.429	24.525	point		1825,1827	live-route-recording-20260712-170700-z102	proven
20260712-170700-z102	102	1827	1827	228.959	-494.889	24.875	point		1826,1828	live-route-recording-20260712-170700-z102	proven
20260712-170700-z102	102	1828	1828	226.718	-495.402	25.263	point		1827,1829	live-route-recording-20260712-170700-z102	proven
20260712-170700-z102	102	1829	1829	223.867	-496.050	26.206	point		1828,1830	live-route-recording-20260712-170700-z102	proven
20260712-170700-z102	102	1830	1830	221.902	-496.496	26.863	point		1829,1831	live-route-recording-20260712-170700-z102	proven
20260712-170700-z102	102	1831	1831	218.764	-497.205	27.426	point		1830,1832	live-route-recording-20260712-170700-z102	proven
20260712-170700-z102	102	1832	1832	215.772	-497.882	27.963	point		1831,1833	live-route-recording-20260712-170700-z102	proven
20260712-170700-z102	102	1833	1833	213.907	-498.304	28.854	point		1832,1834	live-route-recording-20260712-170700-z102	proven
20260712-170700-z102	102	1834	1834	210.987	-498.965	29.882	point		1833,1835	live-route-recording-20260712-170700-z102	proven
20260712-170700-z102	102	1835	1835	209.022	-499.409	30.324	point		1834,1836	live-route-recording-20260712-170700-z102	proven
20260712-170700-z102	102	1836	1836	206.026	-500.087	30.960	point		1835,1837	live-route-recording-20260712-170700-z102	proven
20260712-170700-z102	102	1837	1837	204.011	-500.543	31.247	point		1836,1838	live-route-recording-20260712-170700-z102	proven
20260712-170700-z102	102	1838	1838	200.941	-501.247	31.338	point		1837,1839	live-route-recording-20260712-170700-z102	proven
20260712-170700-z102	102	1839	1839	198.958	-501.780	31.271	point		1838,1840	live-route-recording-20260712-170700-z102	proven
20260712-170700-z102	102	1840	1840	196.044	-502.718	31.425	point		1839,1841	live-route-recording-20260712-170700-z102	proven
20260712-170700-z102	102	1841	1841	194.105	-503.407	31.604	point		1840,1842	live-route-recording-20260712-170700-z102	proven
20260712-170700-z102	102	1842	1842	191.260	-504.584	31.674	point		1841,1843	live-route-recording-20260712-170700-z102	proven
20260712-170700-z102	102	1843	1843	188.713	-505.997	31.629	point		1842,1844	live-route-recording-20260712-170700-z102	proven
20260712-170700-z102	102	1844	1844	186.666	-507.360	31.645	point		1843,1845	live-route-recording-20260712-170700-z102	proven
20260712-170700-z102	102	1845	1845	184.220	-509.244	31.489	point		1844,1846	live-route-recording-20260712-170700-z102	proven
20260712-170700-z102	102	1846	1846	182.841	-510.758	31.356	point		1845,1847	live-route-recording-20260712-170700-z102	proven
20260712-170700-z102	102	1847	1847	181.489	-513.529	31.264	point		1846,1848	live-route-recording-20260712-170700-z102	proven
20260712-170700-z102	102	1848	1848	180.976	-515.531	31.277	point		1847,1849	live-route-recording-20260712-170700-z102	proven
20260712-170700-z102	102	1849	1849	180.614	-518.598	31.417	point		1848,1850	live-route-recording-20260712-170700-z102	proven
20260712-170700-z102	102	1850	1850	180.489	-521.050	31.432	point		1849,1851	live-route-recording-20260712-170700-z102	proven
20260712-170700-z102	102	1851	1851	180.421	-523.278	31.478	point		1850,1852	live-route-recording-20260712-170700-z102	proven
20260712-170700-z102	102	1852	1852	180.350	-526.338	31.709	point		1851,1853	live-route-recording-20260712-170700-z102	proven
20260712-170700-z102	102	1853	1853	180.307	-528.399	31.909	point		1852,1854	live-route-recording-20260712-170700-z102	proven
20260712-170700-z102	102	1854	1854	180.240	-531.667	31.752	point		1853,1855	live-route-recording-20260712-170700-z102	proven
20260712-170700-z102	102	1855	1855	180.184	-534.409	31.675	point		1854,1856	live-route-recording-20260712-170700-z102	proven
20260712-170700-z102	102	1856	1856	180.135	-536.833	31.600	point		1855,1857	live-route-recording-20260712-170700-z102	proven
20260712-170700-z102	102	1857	1857	180.073	-539.926	31.642	point		1856,1858	live-route-recording-20260712-170700-z102	proven
20260712-170700-z102	102	1858	1858	180.031	-541.966	31.672	point		1857,1859	live-route-recording-20260712-170700-z102	proven
20260712-170700-z102	102	1859	1859	179.969	-545.032	31.837	point		1858,1860	live-route-recording-20260712-170700-z102	proven
20260712-170700-z102	102	1860	1860	179.928	-547.062	32.102	point		1859,1861	live-route-recording-20260712-170700-z102	proven
20260712-170700-z102	102	1861	1861	179.856	-550.149	32.120	point		1860,1862	live-route-recording-20260712-170700-z102	proven
20260712-170700-z102	102	1862	1862	179.729	-552.570	31.937	point		1861,1863	live-route-recording-20260712-170700-z102	proven
20260712-170700-z102	102	1863	1863	179.503	-555.625	31.468	point		1862,1864	live-route-recording-20260712-170700-z102	proven
20260712-170700-z102	102	1864	1864	179.378	-557.681	31.416	point		1863,1865	live-route-recording-20260712-170700-z102	proven
20260712-170700-z102	102	1865	1865	178.792	-560.709	31.342	point		1864,1866	live-route-recording-20260712-170700-z102	proven
20260712-170700-z102	102	1866	1866	178.076	-562.830	31.313	point		1865,1867	live-route-recording-20260712-170700-z102	proven
20260712-170700-z102	102	1867	1867	177.022	-565.552	31.225	point		1866,1868	live-route-recording-20260712-170700-z102	proven
20260712-170700-z102	102	1868	1868	176.150	-567.686	31.260	point		1867,1869	live-route-recording-20260712-170700-z102	proven
20260712-170700-z102	102	1869	1869	175.096	-569.626	31.415	point		1868,1870	live-route-recording-20260712-170700-z102	proven
20260712-170700-z102	102	1870	1870	173.330	-572.341	31.670	point		1869,1871	live-route-recording-20260712-170700-z102	proven
20260712-170700-z102	102	1871	1871	172.260	-573.497	31.616	point		1870,1872	live-route-recording-20260712-170700-z102	proven
20260712-170700-z102	102	1872	1872	169.705	-575.526	31.603	point		1871,1873	live-route-recording-20260712-170700-z102	proven
20260712-170700-z102	102	1873	1873	167.905	-576.842	31.655	point		1872,1874	live-route-recording-20260712-170700-z102	proven
20260712-170700-z102	102	1874	1874	165.543	-578.282	31.592	point		1873,1875	live-route-recording-20260712-170700-z102	proven
20260712-170700-z102	102	1875	1875	163.809	-578.806	31.404	point		1874,1876	live-route-recording-20260712-170700-z102	proven
20260712-170700-z102	102	1876	1876	160.802	-579.674	31.453	point		1875,1877	live-route-recording-20260712-170700-z102	proven
20260712-170700-z102	102	1877	1877	158.921	-580.507	31.430	point		1876,1878	live-route-recording-20260712-170700-z102	proven
20260712-170700-z102	102	1878	1878	156.283	-581.872	31.405	point		1877,1879	live-route-recording-20260712-170700-z102	proven
20260712-170700-z102	102	1879	1879	154.441	-583.100	31.354	point		1878,1880	live-route-recording-20260712-170700-z102	proven
20260712-170700-z102	102	1880	1880	152.177	-584.839	31.416	point		1879,1881	live-route-recording-20260712-170700-z102	proven
20260712-170700-z102	102	1881	1881	150.576	-586.115	31.518	point		1880,1882	live-route-recording-20260712-170700-z102	proven
20260712-170700-z102	102	1882	1882	148.173	-588.042	31.068	point		1881,1883	live-route-recording-20260712-170700-z102	proven
20260712-170700-z102	102	1883	1883	146.623	-589.382	31.194	point		1882,1884	live-route-recording-20260712-170700-z102	proven
20260712-170700-z102	102	1884	1884	144.425	-591.756	31.448	point		1883,1885	live-route-recording-20260712-170700-z102	proven
20260712-170700-z102	102	1885	1885	143.105	-593.298	31.679	point		1884,1886	live-route-recording-20260712-170700-z102	proven
20260712-170700-z102	102	1886	1886	141.138	-595.495	32.107	point		1885,1887	live-route-recording-20260712-170700-z102	proven
20260712-170700-z102	102	1887	1887	139.714	-596.948	32.398	point		1886,1888	live-route-recording-20260712-170700-z102	proven
20260712-170700-z102	102	1888	1888	137.471	-599.034	32.677	point		1887,1889	live-route-recording-20260712-170700-z102	proven
20260712-170700-z102	102	1889	1889	135.938	-600.404	32.790	point		1888,1890	live-route-recording-20260712-170700-z102	proven
20260712-170700-z102	102	1890	1890	133.631	-602.455	32.559	point		1889,1891	live-route-recording-20260712-170700-z102	proven
20260712-170700-z102	102	1891	1891	131.461	-604.381	32.331	point		1890,1892	live-route-recording-20260712-170700-z102	proven
20260712-170700-z102	102	1892	1892	129.748	-605.901	32.097	point		1891,1893	live-route-recording-20260712-170700-z102	proven
20260712-170700-z102	102	1893	1893	127.448	-607.942	31.859	point		1892,1894	live-route-recording-20260712-170700-z102	proven
20260712-170700-z102	102	1894	1894	125.783	-609.418	32.016	point		1893,1895	live-route-recording-20260712-170700-z102	proven
20260712-170700-z102	102	1895	1895	124.254	-610.775	32.289	point		1894,1896	live-route-recording-20260712-170700-z102	proven
20260712-170700-z102	102	1896	1896	121.954	-612.816	32.477	point		1895,1897	live-route-recording-20260712-170700-z102	proven
20260712-170700-z102	102	1897	1897	119.780	-614.743	32.655	point		1896,1898	live-route-recording-20260712-170700-z102	proven
20260712-170700-z102	102	1898	1898	117.988	-616.334	32.423	point		1897,1899	live-route-recording-20260712-170700-z102	proven
20260712-170700-z102	102	1899	1899	115.688	-618.373	32.043	point		1898,1900	live-route-recording-20260712-170700-z102	proven
20260712-170700-z102	102	1900	1900	114.222	-619.673	31.423	point		1899,1901	live-route-recording-20260712-170700-z102	proven
20260712-170700-z102	102	1901	1901	111.951	-621.688	30.920	point		1900,1902	live-route-recording-20260712-170700-z102	proven
20260712-170700-z102	102	1902	1902	110.475	-623.027	31.309	point		1901,1903	live-route-recording-20260712-170700-z102	proven
20260712-170700-z102	102	1903	1903	108.374	-625.209	31.976	point		1902,1904	live-route-recording-20260712-170700-z102	proven
20260712-170700-z102	102	1904	1904	106.875	-627.064	32.272	point		1903,1905	live-route-recording-20260712-170700-z102	proven
20260712-170700-z102	102	1905	1905	105.020	-629.502	32.617	point		1904,1906	live-route-recording-20260712-170700-z102	proven
20260712-170700-z102	102	1906	1906	103.786	-631.143	32.471	point		1905,1907	live-route-recording-20260712-170700-z102	proven
20260712-170700-z102	102	1907	1907	101.951	-633.587	32.858	point		1906,1908	live-route-recording-20260712-170700-z102	proven
20260712-170700-z102	102	1908	1908	100.721	-635.227	32.966	point		1907,1909	live-route-recording-20260712-170700-z102	proven
20260712-170700-z102	102	1909	1909	98.871	-637.693	32.943	point		1908,1910	live-route-recording-20260712-170700-z102	proven
20260712-170700-z102	102	1910	1910	97.408	-639.645	32.869	point		1909,1911	live-route-recording-20260712-170700-z102	proven
20260712-170700-z102	102	1911	1911	95.564	-642.102	32.752	point		1910,1912	live-route-recording-20260712-170700-z102	proven
20260712-170700-z102	102	1912	1912	94.343	-643.730	32.630	point		1911,1913	live-route-recording-20260712-170700-z102	proven
20260712-170700-z102	102	1913	1913	92.538	-646.136	31.783	point		1912,1914	live-route-recording-20260712-170700-z102	proven
20260712-170700-z102	102	1914	1914	91.311	-647.771	31.336	point		1913,1915	live-route-recording-20260712-170700-z102	proven
20260712-170700-z102	102	1915	1915	89.450	-650.253	31.589	point		1914,1916	live-route-recording-20260712-170700-z102	proven
20260712-170700-z102	102	1916	1916	88.005	-652.180	31.736	point		1915,1917	live-route-recording-20260712-170700-z102	proven
20260712-170700-z102	102	1917	1917	86.277	-654.682	32.119	point		1916,1918	live-route-recording-20260712-170700-z102	proven
20260712-170700-z102	102	1918	1918	85.297	-656.451	32.348	point		1917,1919	live-route-recording-20260712-170700-z102	proven
20260712-170700-z102	102	1919	1919	84.031	-659.203	32.890	point		1918,1920	live-route-recording-20260712-170700-z102	proven
20260712-170700-z102	102	1920	1920	83.248	-661.107	32.944	point		1919,1921	live-route-recording-20260712-170700-z102	proven
20260712-170700-z102	102	1921	1921	82.249	-664.034	32.792	point		1920,1922	live-route-recording-20260712-170700-z102	proven
20260712-170700-z102	102	1922	1922	81.614	-666.343	32.562	point		1921,1923	live-route-recording-20260712-170700-z102	proven
20260712-170700-z102	102	1923	1923	80.936	-669.351	32.331	point		1922,1924	live-route-recording-20260712-170700-z102	proven
20260712-170700-z102	102	1924	1924	80.638	-671.396	32.229	point		1923,1925	live-route-recording-20260712-170700-z102	proven
20260712-170700-z102	102	1925	1925	80.326	-674.461	32.076	point		1924,1926	live-route-recording-20260712-170700-z102	proven
20260712-170700-z102	102	1926	1926	80.150	-676.503	32.000	point		1925,1927	live-route-recording-20260712-170700-z102	proven
20260712-170700-z102	102	1927	1927	79.932	-679.591	32.000	point		1926,1928	live-route-recording-20260712-170700-z102	proven
20260712-170700-z102	102	1928	1928	79.926	-681.995	32.000	point		1927,1929	live-route-recording-20260712-170700-z102	proven
20260712-170700-z102	102	1929	1929	80.078	-685.084	32.053	point		1928,1930	live-route-recording-20260712-170700-z102	proven
20260712-170700-z102	102	1930	1930	80.213	-687.142	32.156	point		1929,1931	live-route-recording-20260712-170700-z102	proven
20260712-170700-z102	102	1931	1931	80.360	-689.194	32.259	point		1930,1932	live-route-recording-20260712-170700-z102	proven
20260712-170700-z102	102	1932	1932	80.757	-692.409	32.437	point		1931,1933	live-route-recording-20260712-170700-z102	proven
20260712-170700-z102	102	1933	1933	81.410	-695.220	32.718	point		1932,1934	live-route-recording-20260712-170700-z102	proven
20260712-170700-z102	102	1934	1934	82.061	-697.562	32.877	point		1933,1935	live-route-recording-20260712-170700-z102	proven
20260712-170700-z102	102	1935	1935	83.240	-700.402	32.979	point		1934,1936	live-route-recording-20260712-170700-z102	proven
20260712-170700-z102	102	1936	1936	84.410	-702.246	32.662	point		1935,1937	live-route-recording-20260712-170700-z102	proven
20260712-170700-z102	102	1937	1937	85.583	-703.903	32.229	point		1936,1938	live-route-recording-20260712-170700-z102	proven
20260712-170700-z102	102	1938	1938	87.396	-706.325	31.475	point		1937,1939	live-route-recording-20260712-170700-z102	proven
20260712-170700-z102	102	1939	1939	89.537	-708.277	31.137	point		1938,1940	live-route-recording-20260712-170700-z102	proven
20260712-170700-z102	102	1940	1940	91.646	-709.505	31.250	point		1939,1941	live-route-recording-20260712-170700-z102	proven
20260712-170700-z102	102	1941	1941	94.361	-710.945	31.518	point		1940,1942	live-route-recording-20260712-170700-z102	proven
20260712-170700-z102	102	1942	1942	96.177	-711.895	31.451	point		1941,1943	live-route-recording-20260712-170700-z102	proven
20260712-170700-z102	102	1943	1943	97.962	-712.818	31.759	point		1942,1944	live-route-recording-20260712-170700-z102	proven
20260712-170700-z102	102	1944	1944	100.969	-713.917	32.144	point		1943,1945	live-route-recording-20260712-170700-z102	proven
20260712-170700-z102	102	1945	1945	103.696	-714.485	32.225	point		1944,1946	live-route-recording-20260712-170700-z102	proven
20260712-170700-z102	102	1946	1946	105.988	-714.905	32.159	point		1945,1947	live-route-recording-20260712-170700-z102	proven
20260712-170700-z102	102	1947	1947	109.016	-715.450	32.132	point		1946,1948	live-route-recording-20260712-170700-z102	proven
20260712-170700-z102	102	1948	1948	111.037	-715.812	32.146	point		1947,1949	live-route-recording-20260712-170700-z102	proven
20260712-170700-z102	102	1949	1949	114.086	-716.358	32.095	point		1948,1950	live-route-recording-20260712-170700-z102	proven
20260712-170700-z102	102	1950	1950	116.108	-716.720	31.994	point		1949,1951	live-route-recording-20260712-170700-z102	proven
20260712-170700-z102	102	1951	1951	119.149	-717.264	32.000	point		1950,1952	live-route-recording-20260712-170700-z102	proven
20260712-170700-z102	102	1952	1952	121.536	-717.692	32.000	point		1951,1953	live-route-recording-20260712-170700-z102	proven
20260712-170700-z102	102	1953	1953	124.572	-718.236	32.028	point		1952,1954	live-route-recording-20260712-170700-z102	proven
20260712-170700-z102	102	1954	1954	126.584	-718.612	32.128	point		1953,1955	live-route-recording-20260712-170700-z102	proven
20260712-170700-z102	102	1955	1955	129.568	-719.432	32.277	point		1954,1956	live-route-recording-20260712-170700-z102	proven
20260712-170700-z102	102	1956	1956	131.524	-720.084	32.375	point		1955,1957	live-route-recording-20260712-170700-z102	proven
20260712-170700-z102	102	1957	1957	134.007	-720.599	32.597	point		1956,1958	live-route-recording-20260712-170700-z102	proven
20260712-170700-z102	102	1958	1958	135.904	-720.941	32.786	point		1957,1959	live-route-recording-20260712-170700-z102	proven
20260712-170700-z102	102	1959	1959	138.942	-721.485	32.946	point		1958,1960	live-route-recording-20260712-170700-z102	proven
20260712-170700-z102	102	1960	1960	140.953	-721.845	32.951	point		1959,1961	live-route-recording-20260712-170700-z102	proven
20260712-170700-z102	102	1961	1961	143.990	-722.388	32.797	point		1960,1962	live-route-recording-20260712-170700-z102	proven
20260712-170700-z102	102	1962	1962	146.841	-722.899	32.512	point		1961,1963	live-route-recording-20260712-170700-z102	proven
20260712-170700-z102	102	1963	1963	148.951	-723.430	32.351	point		1962,1964	live-route-recording-20260712-170700-z102	proven
20260712-170700-z102	102	1964	1964	150.793	-724.639	32.153	point		1963,1965	live-route-recording-20260712-170700-z102	proven
20260712-170700-z102	102	1965	1965	151.436	-726.315	31.967	point		1964,1966	live-route-recording-20260712-170700-z102	proven
20260712-170700-z102	102	1966	1966	151.816	-728.871	31.588	point		1965,1967	live-route-recording-20260712-170700-z102	proven
20260712-170700-z102	102	1967	1967	152.126	-730.905	31.357	point		1966,1968	live-route-recording-20260712-170700-z102	proven
20260712-170700-z102	102	1968	1968	152.623	-733.922	31.497	point		1967,1969	live-route-recording-20260712-170700-z102	proven
20260712-170700-z102	102	1969	1969	152.684	-734.285	31.538	mark	valkern dunes zone line	1968,1970	live-route-recording-20260712-170700-z102	proven
20260712-170700-z102	102	1970	1970	151.106	-733.065	31.079	point		1969,1971	live-route-recording-20260712-170700-z102	proven
20260712-170700-z102	102	1971	1971	149.164	-731.664	31.041	point		1970,1972	live-route-recording-20260712-170700-z102	proven
20260712-170700-z102	102	1972	1972	147.363	-730.604	31.236	point		1971,1973	live-route-recording-20260712-170700-z102	proven
20260712-170700-z102	102	1973	1973	144.666	-729.129	31.445	point		1972,1974	live-route-recording-20260712-170700-z102	proven
20260712-170700-z102	102	1974	1974	142.855	-728.159	31.447	point		1973,1975	live-route-recording-20260712-170700-z102	proven
20260712-170700-z102	102	1975	1975	140.187	-726.734	31.947	point		1974,1976	live-route-recording-20260712-170700-z102	proven
20260712-170700-z102	102	1976	1976	138.366	-725.783	32.220	point		1975,1977	live-route-recording-20260712-170700-z102	proven
20260712-170700-z102	102	1977	1977	135.687	-724.878	32.403	point		1976,1978	live-route-recording-20260712-170700-z102	proven
20260712-170700-z102	102	1978	1978	133.689	-724.430	32.362	point		1977,1979	live-route-recording-20260712-170700-z102	proven
20260712-170700-z102	102	1979	1979	130.663	-723.835	32.332	point		1978,1980	live-route-recording-20260712-170700-z102	proven
20260712-170700-z102	102	1980	1980	128.788	-723.344	32.238	point		1979,1981	live-route-recording-20260712-170700-z102	proven
20260712-170700-z102	102	1981	1981	125.838	-722.388	32.091	point		1980,1982	live-route-recording-20260712-170700-z102	proven
20260712-170700-z102	102	1982	1982	123.933	-721.737	31.996	point		1981,1983	live-route-recording-20260712-170700-z102	proven
20260712-170700-z102	102	1983	1983	120.856	-720.675	32.000	point		1982,1984	live-route-recording-20260712-170700-z102	proven
20260712-170700-z102	102	1984	1984	118.905	-720.000	32.000	point		1983,1985	live-route-recording-20260712-170700-z102	proven
20260712-170700-z102	102	1985	1985	115.992	-718.985	31.999	point		1984,1986	live-route-recording-20260712-170700-z102	proven
20260712-170700-z102	102	1986	1986	114.096	-718.176	32.094	point		1985,1987	live-route-recording-20260712-170700-z102	proven
20260712-170700-z102	102	1987	1987	111.357	-716.731	32.231	point		1986,1988	live-route-recording-20260712-170700-z102	proven
20260712-170700-z102	102	1988	1988	109.501	-715.623	32.163	point		1987,1989	live-route-recording-20260712-170700-z102	proven
20260712-170700-z102	102	1989	1989	108.163	-714.587	31.899	point		1988,1990	live-route-recording-20260712-170700-z102	proven
20260712-170700-z102	102	1990	1990	105.923	-712.479	31.371	point		1989,1991	live-route-recording-20260712-170700-z102	proven
20260712-170700-z102	102	1991	1991	104.495	-711.062	30.899	point		1990,1992	live-route-recording-20260712-170700-z102	proven
20260712-170700-z102	102	1992	1992	102.335	-708.890	30.274	point		1991,1993	live-route-recording-20260712-170700-z102	proven
20260712-170700-z102	102	1993	1993	100.901	-707.441	29.932	point		1992,1994	live-route-recording-20260712-170700-z102	proven
20260712-170700-z102	102	1994	1994	98.470	-704.984	29.045	point		1993,1995	live-route-recording-20260712-170700-z102	proven
20260712-170700-z102	102	1995	1995	96.859	-703.356	28.954	point		1994,1996	live-route-recording-20260712-170700-z102	proven
20260712-170700-z102	102	1996	1996	95.410	-701.887	29.100	point		1995,1997	live-route-recording-20260712-170700-z102	proven
20260712-170700-z102	102	1997	1997	93.503	-699.456	29.125	point		1996,1998	live-route-recording-20260712-170700-z102	proven
20260712-170700-z102	102	1998	1998	92.616	-697.593	29.101	point		1997,1999	live-route-recording-20260712-170700-z102	proven
20260712-170700-z102	102	1999	1999	91.570	-694.697	29.157	point		1998,2000	live-route-recording-20260712-170700-z102	proven
20260712-170700-z102	102	2000	2000	91.049	-693.137	29.471	point		1999,2001	live-route-recording-20260712-170700-z102	proven
20260712-170700-z102	102	2001	2001	89.990	-689.925	29.747	point		2000,2002	live-route-recording-20260712-170700-z102	proven
20260712-170700-z102	102	2002	2002	89.351	-687.985	29.939	point		2001,2003	live-route-recording-20260712-170700-z102	proven
20260712-170700-z102	102	2003	2003	88.618	-685.756	30.093	point		2002,2004	live-route-recording-20260712-170700-z102	proven
20260712-170700-z102	102	2004	2004	87.692	-682.891	30.559	point		2003,2005	live-route-recording-20260712-170700-z102	proven
20260712-170700-z102	102	2005	2005	87.147	-680.920	30.762	point		2004,2006	live-route-recording-20260712-170700-z102	proven
20260712-170700-z102	102	2006	2006	86.596	-678.242	30.969	point		2005,2007	live-route-recording-20260712-170700-z102	proven
20260712-170700-z102	102	2007	2007	86.159	-675.717	31.161	point		2006,2008	live-route-recording-20260712-170700-z102	proven
20260712-170700-z102	102	2008	2008	85.662	-672.725	31.628	point		2007,2009	live-route-recording-20260712-170700-z102	proven
20260712-170700-z102	102	2009	2009	85.329	-670.716	31.801	point		2008,2010	live-route-recording-20260712-170700-z102	proven
20260712-170700-z102	102	2010	2010	84.830	-667.699	32.113	point		2009,2011	live-route-recording-20260712-170700-z102	proven
20260712-170700-z102	102	2011	2011	84.501	-665.707	32.397	point		2010,2012	live-route-recording-20260712-170700-z102	proven
20260712-170700-z102	102	2012	2012	84.031	-662.867	32.790	point		2011,2013	live-route-recording-20260712-170700-z102	proven
20260712-170700-z102	102	2013	2013	83.634	-660.469	32.975	point		2012,2014	live-route-recording-20260712-170700-z102	proven
20260712-170700-z102	102	2014	2014	83.134	-657.444	32.871	point		2013,2015	live-route-recording-20260712-170700-z102	proven
20260712-170700-z102	102	2015	2015	82.839	-655.658	32.761	point		2014,2016	live-route-recording-20260712-170700-z102	proven
20260712-170700-z102	102	2016	2016	82.334	-652.631	32.459	point		2015,2017	live-route-recording-20260712-170700-z102	proven
20260712-170700-z102	102	2017	2017	81.923	-650.611	32.329	point		2016,2018	live-route-recording-20260712-170700-z102	proven
20260712-170700-z102	102	2018	2018	81.080	-647.648	32.181	point		2017,2019	live-route-recording-20260712-170700-z102	proven
20260712-170700-z102	102	2019	2019	80.283	-645.371	32.068	point		2018,2020	live-route-recording-20260712-170700-z102	proven
20260712-170700-z102	102	2020	2020	79.193	-642.475	32.000	point		2019,2021	live-route-recording-20260712-170700-z102	proven
20260712-170700-z102	102	2021	2021	78.458	-640.556	32.000	point		2020,2022	live-route-recording-20260712-170700-z102	proven
20260712-170700-z102	102	2022	2022	77.350	-637.678	32.000	point		2021,2023	live-route-recording-20260712-170700-z102	proven
20260712-170700-z102	102	2023	2023	76.550	-635.602	32.019	point		2022,2024	live-route-recording-20260712-170700-z102	proven
20260712-170700-z102	102	2024	2024	75.511	-632.876	31.914	point		2023,2025	live-route-recording-20260712-170700-z102	proven
20260712-170700-z102	102	2025	2025	74.740	-630.583	31.831	point		2024,2026	live-route-recording-20260712-170700-z102	proven
20260712-170700-z102	102	2026	2026	73.996	-627.583	31.748	point		2025,2027	live-route-recording-20260712-170700-z102	proven
20260712-170700-z102	102	2027	2027	73.596	-625.564	31.552	point		2026,2028	live-route-recording-20260712-170700-z102	proven
20260712-170700-z102	102	2028	2028	73.058	-622.528	31.596	point		2027,2029	live-route-recording-20260712-170700-z102	proven
20260712-170700-z102	102	2029	2029	72.712	-620.498	31.611	point		2028,2030	live-route-recording-20260712-170700-z102	proven
20260712-170700-z102	102	2030	2030	72.201	-617.456	31.481	point		2029,2031	live-route-recording-20260712-170700-z102	proven
20260712-170700-z102	102	2031	2031	71.805	-615.090	31.356	point		2030,2032	live-route-recording-20260712-170700-z102	proven
20260712-170700-z102	102	2032	2032	71.298	-612.052	31.141	point		2031,2033	live-route-recording-20260712-170700-z102	proven
20260712-170700-z102	102	2033	2033	70.961	-610.039	31.510	point		2032,2034	live-route-recording-20260712-170700-z102	proven
20260712-170700-z102	102	2034	2034	70.456	-607.013	31.896	point		2033,2035	live-route-recording-20260712-170700-z102	proven
20260712-170700-z102	102	2035	2035	70.116	-604.995	32.133	point		2034,2036	live-route-recording-20260712-170700-z102	proven
20260712-170700-z102	102	2036	2036	69.472	-601.985	32.325	point		2035,2037	live-route-recording-20260712-170700-z102	proven
20260712-170700-z102	102	2037	2037	68.762	-599.658	32.369	point		2036,2038	live-route-recording-20260712-170700-z102	proven
20260712-170700-z102	102	2038	2038	67.712	-596.758	32.438	point		2037,2039	live-route-recording-20260712-170700-z102	proven
20260712-170700-z102	102	2039	2039	66.988	-594.840	32.430	point		2038,2040	live-route-recording-20260712-170700-z102	proven
20260712-170700-z102	102	2040	2040	65.885	-591.976	32.347	point		2039,2041	live-route-recording-20260712-170700-z102	proven
20260712-170700-z102	102	2041	2041	65.144	-590.062	32.123	point		2040,2042	live-route-recording-20260712-170700-z102	proven
20260712-170700-z102	102	2042	2042	64.033	-587.196	31.988	point		2041,2043	live-route-recording-20260712-170700-z102	proven
20260712-170700-z102	102	2043	2043	63.168	-584.967	31.702	point		2042,2044	live-route-recording-20260712-170700-z102	proven
20260712-170700-z102	102	2044	2044	62.428	-583.058	31.362	point		2043,2045	live-route-recording-20260712-170700-z102	proven
20260712-170700-z102	102	2045	2045	61.250	-580.021	29.864	point		2044,2046	live-route-recording-20260712-170700-z102	proven
20260712-170700-z102	102	2046	2046	60.556	-578.229	29.696	point		2045,2047	live-route-recording-20260712-170700-z102	proven
20260712-170700-z102	102	2047	2047	59.446	-575.366	29.400	point		2046,2048	live-route-recording-20260712-170700-z102	proven
20260712-170700-z102	102	2048	2048	58.466	-572.839	28.847	point		2047,2049	live-route-recording-20260712-170700-z102	proven
20260712-170700-z102	102	2049	2049	57.572	-570.532	28.047	point		2048,2050	live-route-recording-20260712-170700-z102	proven
20260712-170700-z102	102	2050	2050	56.839	-568.708	27.298	point		2049,2051	live-route-recording-20260712-170700-z102	proven
20260712-170700-z102	102	2051	2051	55.503	-565.955	26.654	point		2050,2052	live-route-recording-20260712-170700-z102	proven
20260712-170700-z102	102	2052	2052	54.460	-564.193	26.326	point		2051,2053	live-route-recording-20260712-170700-z102	proven
20260712-170700-z102	102	2053	2053	52.724	-561.437	26.063	point		2052,2054	live-route-recording-20260712-170700-z102	proven
20260712-170700-z102	102	2054	2054	51.277	-559.189	25.620	point		2053,2055	live-route-recording-20260712-170700-z102	proven
20260712-170700-z102	102	2055	2055	49.963	-557.237	24.888	point		2054,2056	live-route-recording-20260712-170700-z102	proven
20260712-170700-z102	102	2056	2056	48.084	-554.809	24.375	point		2055,2057	live-route-recording-20260712-170700-z102	proven
20260712-170700-z102	102	2057	2057	46.640	-553.110	24.402	point		2056,2058	live-route-recording-20260712-170700-z102	proven
20260712-170700-z102	102	2058	2058	45.293	-551.573	24.295	point		2057,2059	live-route-recording-20260712-170700-z102	proven
20260712-170700-z102	102	2059	2059	43.247	-549.266	24.278	point		2058,2060	live-route-recording-20260712-170700-z102	proven
20260712-170700-z102	102	2060	2060	41.309	-547.090	24.437	point		2059,2061	live-route-recording-20260712-170700-z102	proven
20260712-170700-z102	102	2061	2061	39.691	-545.276	24.668	point		2060,2062	live-route-recording-20260712-170700-z102	proven
20260712-170700-z102	102	2062	2062	37.617	-542.998	24.849	point		2061,2063	live-route-recording-20260712-170700-z102	proven
20260712-170700-z102	102	2063	2063	36.084	-541.656	24.882	point		2062,2064	live-route-recording-20260712-170700-z102	proven
20260712-170700-z102	102	2064	2064	33.620	-540.023	23.995	point		2063,2065	live-route-recording-20260712-170700-z102	proven
20260712-170700-z102	102	2065	2065	31.865	-539.028	23.386	point		2064,2066	live-route-recording-20260712-170700-z102	proven
20260712-170700-z102	102	2066	2066	29.209	-537.593	22.609	point		2065,2067	live-route-recording-20260712-170700-z102	proven
20260712-170700-z102	102	2067	2067	27.074	-536.456	22.123	point		2066,2068	live-route-recording-20260712-170700-z102	proven
20260712-170700-z102	102	2068	2068	24.357	-535.015	21.755	point		2067,2069	live-route-recording-20260712-170700-z102	proven
20260712-170700-z102	102	2069	2069	22.549	-534.057	21.972	point		2068,2070	live-route-recording-20260712-170700-z102	proven
20260712-170700-z102	102	2070	2070	19.842	-532.623	22.141	point		2069,2071	live-route-recording-20260712-170700-z102	proven
20260712-170700-z102	102	2071	2071	18.257	-531.783	22.259	point		2070,2072	live-route-recording-20260712-170700-z102	proven
20260712-170700-z102	102	2072	2072	15.549	-530.347	22.324	point		2071,2073	live-route-recording-20260712-170700-z102	proven
20260712-170700-z102	102	2073	2073	13.386	-529.201	22.645	point		2072,2074	live-route-recording-20260712-170700-z102	proven
20260712-170700-z102	102	2074	2074	10.713	-527.786	23.121	point		2073,2075	live-route-recording-20260712-170700-z102	proven
20260712-170700-z102	102	2075	2075	8.911	-526.831	23.344	point		2074,2076	live-route-recording-20260712-170700-z102	proven
20260712-170700-z102	102	2076	2076	6.211	-525.401	23.652	point		2075,2077	live-route-recording-20260712-170700-z102	proven
20260712-170700-z102	102	2077	2077	4.396	-524.440	23.819	point		2076,2078	live-route-recording-20260712-170700-z102	proven
20260712-170700-z102	102	2078	2078	2.787	-523.588	24.000	point		2077,2079	live-route-recording-20260712-170700-z102	proven
20260712-170700-z102	102	2079	2079	0.343	-522.295	24.000	point		2078,2080	live-route-recording-20260712-170700-z102	proven
20260712-170700-z102	102	2080	2080	-1.713	-521.206	24.000	point		2079,2081	live-route-recording-20260712-170700-z102	proven
20260712-170700-z102	102	2081	2081	-4.434	-519.766	24.021	point		2080,2082	live-route-recording-20260712-170700-z102	proven
20260712-170700-z102	102	2082	2082	-6.239	-518.810	24.111	point		2081,2083	live-route-recording-20260712-170700-z102	proven
20260712-170700-z102	102	2083	2083	-8.954	-517.372	24.247	point		2082,2084	live-route-recording-20260712-170700-z102	proven
20260712-170700-z102	102	2084	2084	-10.776	-516.393	24.338	point		2083,2085	live-route-recording-20260712-170700-z102	proven
20260712-170700-z102	102	2085	2085	-13.382	-514.743	24.038	point		2084,2086	live-route-recording-20260712-170700-z102	proven
20260712-170700-z102	102	2086	2086	-15.313	-513.243	23.701	point		2085,2087	live-route-recording-20260712-170700-z102	proven
20260712-170700-z102	102	2087	2087	-17.659	-511.315	23.107	point		2086,2088	live-route-recording-20260712-170700-z102	proven
20260712-170700-z102	102	2088	2088	-19.245	-510.001	22.889	point		2087,2089	live-route-recording-20260712-170700-z102	proven
20260712-170700-z102	102	2089	2089	-21.085	-508.474	22.847	point		2088,2090	live-route-recording-20260712-170700-z102	proven
20260712-170700-z102	102	2090	2090	-23.575	-506.389	22.259	point		2089,2091	live-route-recording-20260712-170700-z102	proven
20260712-170700-z102	102	2091	2091	-25.063	-504.966	21.993	point		2090,2092	live-route-recording-20260712-170700-z102	proven
20260712-170700-z102	102	2092	2092	-27.032	-502.548	21.836	point		2091,2093	live-route-recording-20260712-170700-z102	proven
20260712-170700-z102	102	2093	2093	-28.238	-500.898	21.703	point		2092,2094	live-route-recording-20260712-170700-z102	proven
20260712-170700-z102	102	2094	2094	-30.076	-498.346	22.177	point		2093,2095	live-route-recording-20260712-170700-z102	proven
20260712-170700-z102	102	2095	2095	-31.255	-496.608	22.641	point		2094,2096	live-route-recording-20260712-170700-z102	proven
20260712-170700-z102	102	2096	2096	-32.176	-494.858	23.148	point		2095,2097	live-route-recording-20260712-170700-z102	proven
20260712-170700-z102	102	2097	2097	-33.320	-491.854	23.539	point		2096,2098	live-route-recording-20260712-170700-z102	proven
20260712-170700-z102	102	2098	2098	-33.983	-489.080	23.487	point		2097,2099	live-route-recording-20260712-170700-z102	proven
20260712-170700-z102	102	2099	2099	-34.253	-486.873	23.411	point		2098,2100	live-route-recording-20260712-170700-z102	proven
20260712-170700-z102	102	2100	2100	-34.278	-483.770	23.286	point		2099,2101	live-route-recording-20260712-170700-z102	proven
20260712-170700-z102	102	2101	2101	-34.211	-481.715	23.272	point		2100,2102	live-route-recording-20260712-170700-z102	proven
20260712-170700-z102	102	2102	2102	-34.090	-478.630	23.226	point		2101,2103	live-route-recording-20260712-170700-z102	proven
20260712-170700-z102	102	2103	2103	-34.006	-476.555	23.196	point		2102,2104	live-route-recording-20260712-170700-z102	proven
20260712-170700-z102	102	2104	2104	-33.906	-474.085	23.388	point		2103,2105	live-route-recording-20260712-170700-z102	proven
20260712-170700-z102	102	2105	2105	-33.823	-472.023	23.508	point		2104,2106	live-route-recording-20260712-170700-z102	proven
20260712-170700-z102	102	2106	2106	-33.698	-468.947	23.581	point		2105,2107	live-route-recording-20260712-170700-z102	proven
20260712-170700-z102	102	2107	2107	-33.615	-466.891	23.671	point		2106,2108	live-route-recording-20260712-170700-z102	proven
20260712-170700-z102	102	2108	2108	-33.491	-463.815	23.868	point		2107,2109	live-route-recording-20260712-170700-z102	proven
20260712-170700-z102	102	2109	2109	-33.373	-460.910	23.949	point		2108,2110	live-route-recording-20260712-170700-z102	proven
20260712-170700-z102	102	2110	2110	-33.276	-458.493	23.907	point		2109,2111	live-route-recording-20260712-170700-z102	proven
20260712-170700-z102	102	2111	2111	-33.150	-455.391	23.888	point		2110,2112	live-route-recording-20260712-170700-z102	proven
20260712-170700-z102	102	2112	2112	-33.059	-453.348	23.995	point		2111,2113	live-route-recording-20260712-170700-z102	proven
20260712-170700-z102	102	2113	2113	-32.517	-450.552	23.846	point		2112,2114	live-route-recording-20260712-170700-z102	proven
20260712-170700-z102	102	2114	2114	-31.443	-449.241	23.718	point		2113,2115	live-route-recording-20260712-170700-z102	proven
20260712-170700-z102	102	2115	2115	-29.126	-447.225	23.556	point		2114,2116	live-route-recording-20260712-170700-z102	proven
20260712-170700-z102	102	2116	2116	-27.352	-445.831	23.884	point		2115,2117	live-route-recording-20260712-170700-z102	proven
20260712-170700-z102	102	2117	2117	-24.994	-444.412	24.538	point		2116,2118	live-route-recording-20260712-170700-z102	proven
20260712-170700-z102	102	2118	2118	-22.996	-443.437	24.849	point		2117,2119	live-route-recording-20260712-170700-z102	proven
20260712-170700-z102	102	2119	2119	-21.107	-442.648	24.944	point		2118,2120	live-route-recording-20260712-170700-z102	proven
20260712-170700-z102	102	2120	2120	-18.156	-441.712	24.907	point		2119,2121	live-route-recording-20260712-170700-z102	proven
20260712-170700-z102	102	2121	2121	-15.339	-440.950	24.730	point		2120,2122	live-route-recording-20260712-170700-z102	proven
20260712-170700-z102	102	2122	2122	-13.133	-440.364	24.509	point		2121,2123	live-route-recording-20260712-170700-z102	proven
20260712-170700-z102	102	2123	2123	-10.276	-439.610	24.405	point		2122,2124	live-route-recording-20260712-170700-z102	proven
20260712-170700-z102	102	2124	2124	-8.291	-439.085	24.442	point		2123,2125	live-route-recording-20260712-170700-z102	proven
20260712-170700-z102	102	2125	2125	-5.325	-438.301	24.405	point		2124,2126	live-route-recording-20260712-170700-z102	proven
20260712-170700-z102	102	2126	2126	-3.342	-437.777	24.137	point		2125,2127	live-route-recording-20260712-170700-z102	proven
20260712-170700-z102	102	2127	2127	-0.424	-436.797	24.199	point		2126,2128	live-route-recording-20260712-170700-z102	proven
20260712-170700-z102	102	2128	2128	1.708	-435.646	24.316	point		2127,2129	live-route-recording-20260712-170700-z102	proven
20260712-170700-z102	102	2129	2129	4.309	-434.316	24.689	point		2128,2130	live-route-recording-20260712-170700-z102	proven
20260712-170700-z102	102	2130	2130	6.196	-433.646	24.857	point		2129,2131	live-route-recording-20260712-170700-z102	proven
20260712-170700-z102	102	2131	2131	9.192	-432.672	25.460	point		2130,2132	live-route-recording-20260712-170700-z102	proven
20260712-170700-z102	102	2132	2132	11.148	-432.055	25.493	point		2131,2133	live-route-recording-20260712-170700-z102	proven
20260712-170700-z102	102	2133	2133	13.912	-431.186	25.756	point		2132,2134	live-route-recording-20260712-170700-z102	proven
20260712-170700-z102	102	2134	2134	16.198	-430.468	26.034	point		2133,2135	live-route-recording-20260712-170700-z102	proven
20260712-170700-z102	102	2135	2135	19.103	-429.556	26.473	point		2134,2136	live-route-recording-20260712-170700-z102	proven
20260712-170700-z102	102	2136	2136	21.067	-428.940	26.374	point		2135,2137	live-route-recording-20260712-170700-z102	proven
20260712-170700-z102	102	2137	2137	23.881	-428.056	25.897	point		2136,2138	live-route-recording-20260712-170700-z102	proven
20260712-170700-z102	102	2138	2138	25.829	-427.421	25.884	point		2137,2139	live-route-recording-20260712-170700-z102	proven
20260712-170700-z102	102	2139	2139	28.432	-425.805	25.805	point		2138,2140	live-route-recording-20260712-170700-z102	proven
20260712-170700-z102	102	2140	2140	29.961	-424.223	25.624	point		2139,2141	live-route-recording-20260712-170700-z102	proven
20260712-170700-z102	102	2141	2141	31.779	-421.887	25.143	point		2140,2142	live-route-recording-20260712-170700-z102	proven
20260712-170700-z102	102	2142	2142	32.902	-420.175	25.179	point		2141,2143	live-route-recording-20260712-170700-z102	proven
20260712-170700-z102	102	2143	2143	34.528	-417.572	24.923	point		2142,2144	live-route-recording-20260712-170700-z102	proven
20260712-170700-z102	102	2144	2144	35.611	-415.821	24.847	point		2143,2145	live-route-recording-20260712-170700-z102	proven
20260712-170700-z102	102	2145	2145	37.229	-413.201	24.516	point		2144,2146	live-route-recording-20260712-170700-z102	proven
20260712-170700-z102	102	2146	2146	38.514	-411.119	24.355	point		2145,2147	live-route-recording-20260712-170700-z102	proven
20260712-170700-z102	102	2147	2147	39.587	-409.380	24.268	point		2146,2148	live-route-recording-20260712-170700-z102	proven
20260712-170700-z102	102	2148	2148	41.286	-406.589	24.128	point		2147,2149	live-route-recording-20260712-170700-z102	proven
20260712-170700-z102	102	2149	2149	42.268	-404.792	24.039	point		2148,2150	live-route-recording-20260712-170700-z102	proven
20260712-170700-z102	102	2150	2150	43.569	-401.990	24.000	point		2149,2151	live-route-recording-20260712-170700-z102	proven
20260712-170700-z102	102	2151	2151	44.378	-400.097	24.018	point		2150,2152	live-route-recording-20260712-170700-z102	proven
20260712-170700-z102	102	2152	2152	45.624	-397.148	24.080	point		2151,2153	live-route-recording-20260712-170700-z102	proven
20260712-170700-z102	102	2153	2153	46.390	-395.250	24.155	point		2152,2154	live-route-recording-20260712-170700-z102	proven
20260712-170700-z102	102	2154	2154	47.041	-392.594	24.076	point		2153,2155	live-route-recording-20260712-170700-z102	proven
20260712-170700-z102	102	2155	2155	47.332	-390.917	24.091	point		2154,2156	live-route-recording-20260712-170700-z102	proven
20260712-170700-z102	102	2156	2156	48.361	-388.139	24.240	point		2155,2157	live-route-recording-20260712-170700-z102	proven
20260712-170700-z102	102	2157	2157	48.688	-386.719	24.297	point		2156,2158	live-route-recording-20260712-170700-z102	proven
20260712-170700-z102	102	2158	2158	48.570	-384.780	24.370	point		2157,2159	live-route-recording-20260712-170700-z102	proven
20260712-170700-z102	102	2159	2159	48.011	-381.862	24.480	point		2158,2160	live-route-recording-20260712-170700-z102	proven
20260712-170700-z102	102	2160	2160	47.599	-379.845	24.547	point		2159,2161	live-route-recording-20260712-170700-z102	proven
20260712-170700-z102	102	2161	2161	47.455	-376.842	24.451	point		2160,2162	live-route-recording-20260712-170700-z102	proven
20260712-170700-z102	102	2162	2162	47.685	-374.786	24.422	point		2161,2163	live-route-recording-20260712-170700-z102	proven
20260712-170700-z102	102	2163	2163	48.124	-371.704	24.480	point		2162,2164	live-route-recording-20260712-170700-z102	proven
20260712-170700-z102	102	2164	2164	48.592	-369.757	24.358	point		2163,2165	live-route-recording-20260712-170700-z102	proven
20260712-170700-z102	102	2165	2165	49.240	-367.815	24.326	point		2164,2166	live-route-recording-20260712-170700-z102	proven
20260712-170700-z102	102	2166	2166	50.279	-364.920	24.354	point		2165,2167	live-route-recording-20260712-170700-z102	proven
20260712-170700-z102	102	2167	2167	50.998	-363.000	24.159	point		2166,2168	live-route-recording-20260712-170700-z102	proven
20260712-170700-z102	102	2168	2168	52.426	-360.283	24.419	point		2167,2169	live-route-recording-20260712-170700-z102	proven
20260712-170700-z102	102	2169	2169	53.535	-358.700	24.549	point		2168,2170	live-route-recording-20260712-170700-z102	proven
20260712-170700-z102	102	2170	2170	55.465	-356.163	24.742	point		2169,2171	live-route-recording-20260712-170700-z102	proven
20260712-170700-z102	102	2171	2171	56.799	-354.583	24.693	point		2170,2172	live-route-recording-20260712-170700-z102	proven
20260712-170700-z102	102	2172	2172	59.097	-352.530	24.731	point		2171,2173	live-route-recording-20260712-170700-z102	proven
20260712-170700-z102	102	2173	2173	60.657	-351.394	24.812	point		2172,2174	live-route-recording-20260712-170700-z102	proven
20260712-170700-z102	102	2174	2174	63.179	-349.630	24.686	point		2173,2175	live-route-recording-20260712-170700-z102	proven
20260712-170700-z102	102	2175	2175	64.870	-348.456	24.497	point		2174,2176	live-route-recording-20260712-170700-z102	proven
20260712-170700-z102	102	2176	2176	66.562	-347.282	24.382	point		2175,2177	live-route-recording-20260712-170700-z102	proven
20260712-170700-z102	102	2177	2177	69.425	-345.297	24.586	point		2176,2178	live-route-recording-20260712-170700-z102	proven
20260712-170700-z102	102	2178	2178	71.259	-344.026	24.618	point		2177,2179	live-route-recording-20260712-170700-z102	proven
20260712-170700-z102	102	2179	2179	73.719	-342.210	24.985	point		2178,2180	live-route-recording-20260712-170700-z102	proven
20260712-170700-z102	102	2180	2180	74.719	-341.344	25.025	point		2179,2181	live-route-recording-20260712-170700-z102	proven
20260712-170700-z102	102	2181	2181	75.530	-339.375	25.006	point		2180,2182	live-route-recording-20260712-170700-z102	proven
20260712-170700-z102	102	2182	2182	76.010	-337.684	24.879	point		2181,2183	live-route-recording-20260712-170700-z102	proven
20260712-170700-z102	102	2183	2183	76.437	-335.564	24.752	point		2182,2184	live-route-recording-20260712-170700-z102	proven
20260712-170700-z102	102	2184	2184	76.703	-332.758	24.472	point		2183,2185	live-route-recording-20260712-170700-z102	proven
20260712-170700-z102	102	2185	2185	76.178	-331.405	24.294	point		2184,2186	live-route-recording-20260712-170700-z102	proven
20260712-170700-z102	102	2186	2186	74.623	-329.321	24.566	point		2185,2187	live-route-recording-20260712-170700-z102	proven
20260712-170700-z102	102	2187	2187	73.348	-327.706	24.421	point		2186,2188	live-route-recording-20260712-170700-z102	proven
20260712-170700-z102	102	2188	2188	71.328	-325.387	24.614	point		2187,2189	live-route-recording-20260712-170700-z102	proven
20260712-170700-z102	102	2189	2189	69.750	-324.168	24.422	point		2188,2190	live-route-recording-20260712-170700-z102	proven
20260712-170700-z102	102	2190	2190	67.136	-322.517	24.482	point		2189,2191	live-route-recording-20260712-170700-z102	proven
20260712-170700-z102	102	2191	2191	65.387	-321.445	24.657	point		2190,2192	live-route-recording-20260712-170700-z102	proven
20260712-170700-z102	102	2192	2192	62.765	-319.850	24.861	point		2191,2193	live-route-recording-20260712-170700-z102	proven
20260712-170700-z102	102	2193	2193	61.027	-318.766	24.948	point		2192,2194	live-route-recording-20260712-170700-z102	proven
20260712-170700-z102	102	2194	2194	58.902	-316.902	24.944	point		2193,2195	live-route-recording-20260712-170700-z102	proven
20260712-170700-z102	102	2195	2195	57.952	-315.666	24.869	point		2194,2196	live-route-recording-20260712-170700-z102	proven
20260712-170700-z102	102	2196	2196	56.488	-314.426	24.703	point		2195,2197	live-route-recording-20260712-170700-z102	proven
20260712-170700-z102	102	2197	2197	53.916	-312.747	24.554	point		2196,2198	live-route-recording-20260712-170700-z102	proven
20260712-170700-z102	102	2198	2198	52.153	-311.663	24.500	point		2197,2199	live-route-recording-20260712-170700-z102	proven
20260712-170700-z102	102	2199	2199	49.469	-310.123	24.500	point		2198,2200	live-route-recording-20260712-170700-z102	proven
20260712-170700-z102	102	2200	2200	46.839	-308.881	24.471	point		2199,2201	live-route-recording-20260712-170700-z102	proven
20260712-170700-z102	102	2201	2201	44.583	-307.966	24.414	point		2200,2202	live-route-recording-20260712-170700-z102	proven
20260712-170700-z102	102	2202	2202	41.684	-306.900	24.506	point		2201,2203	live-route-recording-20260712-170700-z102	proven
20260712-170700-z102	102	2203	2203	39.753	-306.213	24.558	point		2202,2204	live-route-recording-20260712-170700-z102	proven
20260712-170700-z102	102	2204	2204	36.849	-305.187	24.505	point		2203,2205	live-route-recording-20260712-170700-z102	proven
20260712-170700-z102	102	2205	2205	34.906	-304.504	24.489	point		2204,2206	live-route-recording-20260712-170700-z102	proven
20260712-170700-z102	102	2206	2206	31.996	-303.482	24.418	point		2205,2207	live-route-recording-20260712-170700-z102	proven
20260712-170700-z102	102	2207	2207	29.718	-302.682	24.400	point		2206,2208	live-route-recording-20260712-170700-z102	proven
20260712-170700-z102	102	2208	2208	27.774	-302.000	24.400	point		2207,2209	live-route-recording-20260712-170700-z102	proven
20260712-170700-z102	102	2209	2209	24.543	-300.866	24.459	point		2208,2210	live-route-recording-20260712-170700-z102	proven
20260712-170700-z102	102	2210	2210	22.444	-300.128	24.469	point		2209,2211	live-route-recording-20260712-170700-z102	proven
20260712-170700-z102	102	2211	2211	19.580	-298.948	24.480	point		2210,2212	live-route-recording-20260712-170700-z102	proven
20260712-170700-z102	102	2212	2212	17.603	-297.930	24.401	point		2211,2213	live-route-recording-20260712-170700-z102	proven
20260712-170700-z102	102	2213	2213	14.881	-296.389	24.308	point		2212,2214	live-route-recording-20260712-170700-z102	proven
20260712-170700-z102	102	2214	2214	13.005	-295.182	24.201	point		2213,2215	live-route-recording-20260712-170700-z102	proven
20260712-170700-z102	102	2215	2215	11.510	-293.771	24.151	point		2214,2216	live-route-recording-20260712-170700-z102	proven
20260712-170700-z102	102	2216	2216	9.805	-291.202	24.236	point		2215,2217	live-route-recording-20260712-170700-z102	proven
20260712-170700-z102	102	2217	2217	8.716	-289.270	24.304	point		2216,2218	live-route-recording-20260712-170700-z102	proven
20260712-170700-z102	102	2218	2218	7.015	-286.691	24.308	point		2217,2219	live-route-recording-20260712-170700-z102	proven
20260712-170700-z102	102	2219	2219	5.887	-284.902	24.320	point		2218,2220	live-route-recording-20260712-170700-z102	proven
20260712-170700-z102	102	2220	2220	5.812	-284.162	24.335	mark	cliff path 1 bottom	2219,2221	live-route-recording-20260712-170700-z102	proven
20260712-170700-z102	102	2221	2221	7.781	-283.620	24.412	point		2220,2222	live-route-recording-20260712-170700-z102	proven
20260712-170700-z102	102	2222	2222	8.917	-283.656	24.271	point		2221,2223	live-route-recording-20260712-170700-z102	proven
20260712-170700-z102	102	2223	2223	11.598	-283.920	23.869	point		2222,2224	live-route-recording-20260712-170700-z102	proven
20260712-170700-z102	102	2224	2224	13.513	-283.978	23.490	point		2223,2225	live-route-recording-20260712-170700-z102	proven
20260712-170700-z102	102	2225	2225	16.554	-283.998	22.905	point		2224,2226	live-route-recording-20260712-170700-z102	proven
20260712-170700-z102	102	2226	2226	18.775	-283.975	22.569	point		2225,2227	live-route-recording-20260712-170700-z102	proven
20260712-170700-z102	102	2227	2227	20.567	-283.716	22.354	point		2226,2228	live-route-recording-20260712-170700-z102	proven
20260712-170700-z102	102	2228	2228	22.704	-282.474	22.324	point		2227,2229	live-route-recording-20260712-170700-z102	proven
20260712-170700-z102	102	2229	2229	23.860	-281.241	22.233	point		2228,2230	live-route-recording-20260712-170700-z102	proven
20260712-170700-z102	102	2230	2230	24.456	-279.967	22.156	point		2229,2231	live-route-recording-20260712-170700-z102	proven
20260712-170700-z102	102	2231	2231	22.153	-278.833	21.760	point		2230,2232	live-route-recording-20260712-170700-z102	proven
20260712-170700-z102	102	2232	2232	20.186	-278.238	21.450	point		2231,2233	live-route-recording-20260712-170700-z102	proven
20260712-170700-z102	102	2233	2233	18.103	-277.525	21.135	point		2232,2234	live-route-recording-20260712-170700-z102	proven
20260712-170700-z102	102	2234	2234	15.249	-276.486	20.516	point		2233,2235	live-route-recording-20260712-170700-z102	proven
20260712-170700-z102	102	2235	2235	13.364	-275.762	20.035	point		2234,2236	live-route-recording-20260712-170700-z102	proven
20260712-170700-z102	102	2236	2236	11.112	-274.186	19.690	point		2235,2237	live-route-recording-20260712-170700-z102	proven
20260712-170700-z102	102	2237	2237	10.324	-273.097	19.576	point		2236,2238	live-route-recording-20260712-170700-z102	proven
20260712-170700-z102	102	2238	2238	10.892	-272.041	19.367	point		2237,2239	live-route-recording-20260712-170700-z102	proven
20260712-170700-z102	102	2239	2239	13.155	-270.723	18.648	point		2238,2240	live-route-recording-20260712-170700-z102	proven
20260712-170700-z102	102	2240	2240	14.919	-269.875	17.839	point		2239,2241	live-route-recording-20260712-170700-z102	proven
20260712-170700-z102	102	2241	2241	17.659	-268.782	16.884	point		2240,2242	live-route-recording-20260712-170700-z102	proven
20260712-170700-z102	102	2242	2242	19.349	-268.025	16.415	point		2241,2243	live-route-recording-20260712-170700-z102	proven
20260712-170700-z102	102	2243	2243	21.382	-267.016	15.801	point		2242,2244	live-route-recording-20260712-170700-z102	proven
20260712-170700-z102	102	2244	2244	24.065	-265.624	14.922	point		2243,2245	live-route-recording-20260712-170700-z102	proven
20260712-170700-z102	102	2245	2245	25.928	-264.650	14.688	point		2244,2246	live-route-recording-20260712-170700-z102	proven
20260712-170700-z102	102	2246	2246	28.661	-263.220	14.256	point		2245,2247	live-route-recording-20260712-170700-z102	proven
20260712-170700-z102	102	2247	2247	30.474	-262.281	14.421	point		2246,2248	live-route-recording-20260712-170700-z102	proven
20260712-170700-z102	102	2248	2248	33.132	-261.171	14.728	point		2247,2249	live-route-recording-20260712-170700-z102	proven
20260712-170700-z102	102	2249	2249	35.080	-260.765	14.914	point		2248,2250	live-route-recording-20260712-170700-z102	proven
20260712-170700-z102	102	2250	2250	38.171	-260.578	15.023	point		2249,2251	live-route-recording-20260712-170700-z102	proven
20260712-170700-z102	102	2251	2251	40.239	-260.573	15.009	point		2250,2252	live-route-recording-20260712-170700-z102	proven
20260712-170700-z102	102	2252	2252	43.308	-260.629	14.820	point		2251,2253	live-route-recording-20260712-170700-z102	proven
20260712-170700-z102	102	2253	2253	45.328	-260.676	14.461	point		2252,2254	live-route-recording-20260712-170700-z102	proven
20260712-170700-z102	102	2254	2254	48.364	-260.834	13.693	point		2253,2255	live-route-recording-20260712-170700-z102	proven
20260712-170700-z102	102	2255	2255	50.373	-261.194	13.450	point		2254,2256	live-route-recording-20260712-170700-z102	proven
20260712-170700-z102	102	2256	2256	53.003	-261.829	13.279	point		2255,2257	live-route-recording-20260712-170700-z102	proven
20260712-170700-z102	102	2257	2257	54.950	-262.411	13.556	point		2256,2258	live-route-recording-20260712-170700-z102	proven
20260712-170700-z102	102	2258	2258	57.762	-263.249	13.383	point		2257,2259	live-route-recording-20260712-170700-z102	proven
20260712-170700-z102	102	2259	2259	59.772	-263.575	12.901	point		2258,2260	live-route-recording-20260712-170700-z102	proven
20260712-170700-z102	102	2260	2260	62.699	-263.834	12.217	point		2259,2261	live-route-recording-20260712-170700-z102	proven
20260712-170700-z102	102	2261	2261	64.846	-263.837	11.669	point		2260,2262	live-route-recording-20260712-170700-z102	proven
20260712-170700-z102	102	2262	2262	67.347	-263.099	10.796	point		2261,2263	live-route-recording-20260712-170700-z102	proven
20260712-170700-z102	102	2263	2263	69.017	-261.953	10.354	point		2262,2264	live-route-recording-20260712-170700-z102	proven
20260712-170700-z102	102	2264	2264	70.490	-260.010	9.927	point		2263,2265	live-route-recording-20260712-170700-z102	proven
20260712-170700-z102	102	2265	2265	70.964	-258.143	9.634	point		2264,2266	live-route-recording-20260712-170700-z102	proven
20260712-170700-z102	102	2266	2266	71.103	-256.879	9.453	point		2265,2267	live-route-recording-20260712-170700-z102	proven
20260712-170700-z102	102	2267	2267	71.103	-256.879	9.453	mark	cliff path 1 top	2266,2268	live-route-recording-20260712-170700-z102	proven
20260712-170700-z102	102	2268	2268	72.822	-255.715	9.119	point		2267,2269	live-route-recording-20260712-170700-z102	proven
20260712-170700-z102	102	2269	2269	73.780	-255.294	8.969	point		2268,2270	live-route-recording-20260712-170700-z102	proven
20260712-170700-z102	102	2270	2270	72.862	-255.901	9.128	point		2269,2271	live-route-recording-20260712-170700-z102	proven
20260712-170700-z102	102	2271	2271	73.820	-255.341	8.970	point		2270,2272	live-route-recording-20260712-170700-z102	proven
20260712-170700-z102	102	2272	2272	76.138	-253.527	8.528	point		2271,2273	live-route-recording-20260712-170700-z102	proven
20260712-170700-z102	102	2273	2273	77.546	-252.314	8.427	point		2272,2274	live-route-recording-20260712-170700-z102	proven
20260712-170700-z102	102	2274	2274	79.383	-250.615	8.330	point		2273,2275	live-route-recording-20260712-170700-z102	proven
20260712-170700-z102	102	2275	2275	80.742	-249.077	8.253	point		2274,2276	live-route-recording-20260712-170700-z102	proven
20260712-170700-z102	102	2276	2276	81.616	-247.454	8.172	point		2275,2277	live-route-recording-20260712-170700-z102	proven
20260712-170700-z102	102	2277	2277	82.278	-245.028	8.050	point		2276,2278	live-route-recording-20260712-170700-z102	proven
20260712-170700-z102	102	2278	2278	81.617	-243.356	8.000	point		2277,2279	live-route-recording-20260712-170700-z102	proven
20260712-170700-z102	102	2279	2279	80.275	-242.700	8.000	point		2278,2280	live-route-recording-20260712-170700-z102	proven
20260712-170700-z102	102	2280	2280	78.404	-241.447	8.000	point		2279,2281	live-route-recording-20260712-170700-z102	proven
20260712-170700-z102	102	2281	2281	76.503	-239.011	8.000	point		2280,2282	live-route-recording-20260712-170700-z102	proven
20260712-170700-z102	102	2282	2282	75.200	-237.307	8.093	point		2281,2283	live-route-recording-20260712-170700-z102	proven
20260712-170700-z102	102	2283	2283	73.354	-234.892	8.376	point		2282,2284	live-route-recording-20260712-170700-z102	proven
20260712-170700-z102	102	2284	2284	72.715	-234.056	8.776	point		2283,2285	live-route-recording-20260712-170700-z102	proven
20260712-170700-z102	102	2285	2285	71.611	-232.635	9.421	point		2284,2286	live-route-recording-20260712-170700-z102	proven
20260712-170700-z102	102	2286	2286	70.478	-231.379	9.643	point		2285,2287	live-route-recording-20260712-170700-z102	proven
20260712-170700-z102	102	2287	2287	68.378	-229.464	9.654	point		2286,2288	live-route-recording-20260712-170700-z102	proven
20260712-170700-z102	102	2288	2288	66.637	-228.184	9.402	point		2287,2289	live-route-recording-20260712-170700-z102	proven
20260712-170700-z102	102	2289	2289	64.746	-227.052	8.871	point		2288,2290	live-route-recording-20260712-170700-z102	proven
20260712-170700-z102	102	2290	2290	62.298	-225.396	8.848	point		2289,2291	live-route-recording-20260712-170700-z102	proven
20260712-170700-z102	102	2291	2291	60.660	-224.151	8.799	point		2290,2292	live-route-recording-20260712-170700-z102	proven
20260712-170700-z102	102	2292	2292	58.441	-222.431	8.388	point		2291,2293	live-route-recording-20260712-170700-z102	proven
20260712-170700-z102	102	2293	2293	56.836	-221.181	8.043	point		2292,2294	live-route-recording-20260712-170700-z102	proven
20260712-170700-z102	102	2294	2294	54.445	-219.318	7.839	point		2293,2295	live-route-recording-20260712-170700-z102	proven
20260712-170700-z102	102	2295	2295	52.845	-218.072	7.688	point		2294,2296	live-route-recording-20260712-170700-z102	proven
20260712-170700-z102	102	2296	2296	51.129	-216.670	7.398	point		2295,2297	live-route-recording-20260712-170700-z102	proven
20260712-170700-z102	102	2297	2297	49.739	-214.648	7.262	point		2296,2298	live-route-recording-20260712-170700-z102	proven
20260712-170700-z102	102	2298	2298	49.356	-212.878	7.112	point		2297,2299	live-route-recording-20260712-170700-z102	proven
20260712-170700-z102	102	2299	2299	48.852	-210.279	7.409	point		2298,2300	live-route-recording-20260712-170700-z102	proven
20260712-170700-z102	102	2300	2300	47.946	-208.571	7.804	point		2299,2301	live-route-recording-20260712-170700-z102	proven
20260712-170700-z102	102	2301	2301	45.936	-206.453	8.430	point		2300,2302	live-route-recording-20260712-170700-z102	proven
20260712-170700-z102	102	2302	2302	44.706	-205.485	8.260	point		2301,2303	live-route-recording-20260712-170700-z102	proven
20260712-170700-z102	102	2303	2303	41.863	-203.894	7.980	point		2302,2304	live-route-recording-20260712-170700-z102	proven
20260712-170700-z102	102	2304	2304	40.021	-202.972	8.000	point		2303,2305	live-route-recording-20260712-170700-z102	proven
20260712-170700-z102	102	2305	2305	37.250	-201.606	8.000	point		2304,2306	live-route-recording-20260712-170700-z102	proven
20260712-170700-z102	102	2306	2306	35.360	-200.678	8.031	point		2305,2307	live-route-recording-20260712-170700-z102	proven
20260712-170700-z102	102	2307	2307	33.516	-199.773	8.107	point		2306,2308	live-route-recording-20260712-170700-z102	proven
20260712-170700-z102	102	2308	2308	30.733	-198.409	8.161	point		2307,2309	live-route-recording-20260712-170700-z102	proven
20260712-170700-z102	102	2309	2309	28.879	-197.499	8.197	point		2308,2310	live-route-recording-20260712-170700-z102	proven
20260712-170700-z102	102	2310	2310	26.124	-196.099	8.107	point		2309,2311	live-route-recording-20260712-170700-z102	proven
20260712-170700-z102	102	2311	2311	24.373	-195.037	7.921	point		2310,2312	live-route-recording-20260712-170700-z102	proven
20260712-170700-z102	102	2312	2312	22.667	-193.896	7.823	point		2311,2313	live-route-recording-20260712-170700-z102	proven
20260712-170700-z102	102	2313	2313	19.874	-191.962	7.124	point		2312,2314	live-route-recording-20260712-170700-z102	proven
20260712-170700-z102	102	2314	2314	18.193	-190.791	7.394	point		2313,2315	live-route-recording-20260712-170700-z102	proven
20260712-170700-z102	102	2315	2315	15.669	-189.033	7.597	point		2314,2316	live-route-recording-20260712-170700-z102	proven
20260712-170700-z102	102	2316	2316	13.981	-187.890	7.467	point		2315,2317	live-route-recording-20260712-170700-z102	proven
20260712-170700-z102	102	2317	2317	11.286	-186.438	7.542	point		2316,2318	live-route-recording-20260712-170700-z102	proven
20260712-170700-z102	102	2318	2318	9.384	-185.663	7.629	point		2317,2319	live-route-recording-20260712-170700-z102	proven
20260712-170700-z102	102	2319	2319	6.166	-184.454	7.334	point		2318,2320	live-route-recording-20260712-170700-z102	proven
20260712-170700-z102	102	2320	2320	4.247	-183.743	7.026	point		2319,2321	live-route-recording-20260712-170700-z102	proven
20260712-170700-z102	102	2321	2321	2.154	-182.970	7.122	point		2320,2322	live-route-recording-20260712-170700-z102	proven
20260712-170700-z102	102	2322	2322	-0.783	-181.907	7.255	point		2321,2323	live-route-recording-20260712-170700-z102	proven
20260712-170700-z102	102	2323	2323	-2.917	-181.324	7.432	point		2322,2324	live-route-recording-20260712-170700-z102	proven
20260712-170700-z102	102	2324	2324	-5.825	-180.681	7.584	point		2323,2325	live-route-recording-20260712-170700-z102	proven
20260712-170700-z102	102	2325	2325	-7.812	-180.298	7.902	point		2324,2326	live-route-recording-20260712-170700-z102	proven
20260712-170700-z102	102	2326	2326	-9.617	-180.084	7.887	point		2325,2327	live-route-recording-20260712-170700-z102	proven
20260712-170700-z102	102	2327	2327	-12.869	-179.884	7.769	point		2326,2328	live-route-recording-20260712-170700-z102	proven
20260712-170700-z102	102	2328	2328	-14.924	-179.784	7.655	point		2327,2329	live-route-recording-20260712-170700-z102	proven
20260712-170700-z102	102	2329	2329	-17.995	-179.645	7.625	point		2328,2330	live-route-recording-20260712-170700-z102	proven
20260712-170700-z102	102	2330	2330	-20.747	-179.522	7.655	point		2329,2331	live-route-recording-20260712-170700-z102	proven
20260712-170700-z102	102	2331	2331	-23.163	-179.415	7.703	point		2330,2332	live-route-recording-20260712-170700-z102	proven
20260712-170700-z102	102	2332	2332	-26.236	-179.279	7.944	point		2331,2333	live-route-recording-20260712-170700-z102	proven
20260712-170700-z102	102	2333	2333	-28.294	-179.188	8.116	point		2332,2334	live-route-recording-20260712-170700-z102	proven
20260712-170700-z102	102	2334	2334	-31.386	-179.050	7.971	point		2333,2335	live-route-recording-20260712-170700-z102	proven
20260712-170700-z102	102	2335	2335	-33.441	-178.964	7.706	point		2334,2336	live-route-recording-20260712-170700-z102	proven
20260712-170700-z102	102	2336	2336	-36.529	-178.944	7.362	point		2335,2337	live-route-recording-20260712-170700-z102	proven
20260712-170700-z102	102	2337	2337	-38.986	-179.042	7.374	point		2336,2338	live-route-recording-20260712-170700-z102	proven
20260712-170700-z102	102	2338	2338	-42.051	-179.211	7.389	point		2337,2339	live-route-recording-20260712-170700-z102	proven
20260712-170700-z102	102	2339	2339	-44.100	-179.330	7.213	point		2338,2340	live-route-recording-20260712-170700-z102	proven
20260712-170700-z102	102	2340	2340	-46.682	-179.480	6.777	point		2339,2341	live-route-recording-20260712-170700-z102	proven
20260712-170700-z102	102	2341	2341	-48.597	-179.591	6.459	point		2340,2342	live-route-recording-20260712-170700-z102	proven
20260712-170700-z102	102	2342	2342	-51.599	-179.765	5.844	point		2341,2343	live-route-recording-20260712-170700-z102	proven
20260712-170700-z102	102	2343	2343	-53.870	-179.897	4.750	point		2342,2344	live-route-recording-20260712-170700-z102	proven
20260712-170700-z102	102	2344	2344	-56.829	-180.069	3.605	point		2343,2345	live-route-recording-20260712-170700-z102	proven
20260712-170700-z102	102	2345	2345	-58.852	-180.187	3.248	point		2344,2346	live-route-recording-20260712-170700-z102	proven
20260712-170700-z102	102	2346	2346	-61.909	-180.364	2.733	point		2345,2347	live-route-recording-20260712-170700-z102	proven
20260712-170700-z102	102	2347	2347	-63.941	-180.482	2.386	point		2346,2348	live-route-recording-20260712-170700-z102	proven
20260712-170700-z102	102	2348	2348	-66.949	-180.657	1.674	point		2347,2349	live-route-recording-20260712-170700-z102	proven
20260712-170700-z102	102	2349	2349	-69.385	-180.668	1.214	point		2348,2350	live-route-recording-20260712-170700-z102	proven
20260712-170700-z102	102	2350	2350	-71.412	-180.435	1.008	point		2349,2351	live-route-recording-20260712-170700-z102	proven
20260712-170700-z102	102	2351	2351	-74.398	-179.848	0.450	point		2350,2352	live-route-recording-20260712-170700-z102	proven
20260712-170700-z102	102	2352	2352	-76.332	-179.418	-0.071	point		2351,2353	live-route-recording-20260712-170700-z102	proven
20260712-170700-z102	102	2353	2353	-79.498	-178.691	-0.670	point		2352,2354	live-route-recording-20260712-170700-z102	proven
20260712-170700-z102	102	2354	2354	-81.509	-178.225	-0.728	point		2353,2355	live-route-recording-20260712-170700-z102	proven
20260712-170700-z102	102	2355	2355	-84.752	-177.470	-0.475	point		2354,2356	live-route-recording-20260712-170700-z102	proven
20260712-170700-z102	102	2356	2356	-86.757	-177.003	-0.345	point		2355,2357	live-route-recording-20260712-170700-z102	proven
20260712-170700-z102	102	2357	2357	-89.767	-176.301	-0.442	point		2356,2358	live-route-recording-20260712-170700-z102	proven
20260712-170700-z102	102	2358	2358	-91.776	-175.833	-0.560	point		2357,2359	live-route-recording-20260712-170700-z102	proven
20260712-170700-z102	102	2359	2359	-94.778	-175.133	-0.692	point		2358,2360	live-route-recording-20260712-170700-z102	proven
20260712-170700-z102	102	2360	2360	-96.770	-174.669	-0.838	point		2359,2361	live-route-recording-20260712-170700-z102	proven
20260712-170700-z102	102	2361	2361	-99.169	-174.160	-1.005	point		2360,2362	live-route-recording-20260712-170700-z102	proven
20260712-170700-z102	102	2362	2362	-102.248	-173.699	-0.676	point		2361,2363	live-route-recording-20260712-170700-z102	proven
20260712-170700-z102	102	2363	2363	-104.294	-173.430	-0.541	point		2362,2364	live-route-recording-20260712-170700-z102	proven
20260712-170700-z102	102	2364	2364	-107.354	-172.984	-0.408	point		2363,2365	live-route-recording-20260712-170700-z102	proven
20260712-170700-z102	102	2365	2365	-109.384	-172.665	-0.305	point		2364,2366	live-route-recording-20260712-170700-z102	proven
20260712-170700-z102	102	2366	2366	-112.430	-172.178	0.102	point		2365,2367	live-route-recording-20260712-170700-z102	proven
20260712-170700-z102	102	2367	2367	-114.494	-171.846	0.245	point		2366,2368	live-route-recording-20260712-170700-z102	proven
20260712-170700-z102	102	2368	2368	-117.524	-171.358	0.367	point		2367,2369	live-route-recording-20260712-170700-z102	proven
20260712-170700-z102	102	2369	2369	-119.563	-171.029	0.350	point		2368,2370	live-route-recording-20260712-170700-z102	proven
20260712-170700-z102	102	2370	2370	-122.612	-170.538	0.391	point		2369,2371	live-route-recording-20260712-170700-z102	proven
20260712-170700-z102	102	2371	2371	-124.648	-170.209	0.362	point		2370,2372	live-route-recording-20260712-170700-z102	proven
20260712-170700-z102	102	2372	2372	-127.624	-169.730	-0.232	point		2371,2373	live-route-recording-20260712-170700-z102	proven
20260712-170700-z102	102	2373	2373	-129.273	-169.464	-0.675	point		2372,2374	live-route-recording-20260712-170700-z102	proven
20260712-170700-z102	102	2374	2374	-132.586	-168.930	-1.617	point		2373,2375	live-route-recording-20260712-170700-z102	proven
20260712-170700-z102	102	2375	2375	-134.702	-168.589	-2.204	point		2374,2376	live-route-recording-20260712-170700-z102	proven
20260712-170700-z102	102	2376	2376	-137.596	-168.122	-3.156	point		2375,2377	live-route-recording-20260712-170700-z102	proven
20260712-170700-z102	102	2377	2377	-139.504	-167.814	-3.860	point		2376,2378	live-route-recording-20260712-170700-z102	proven
20260712-170700-z102	102	2378	2378	-142.332	-167.358	-5.160	point		2377,2379	live-route-recording-20260712-170700-z102	proven
20260712-170700-z102	102	2379	2379	-144.150	-167.065	-5.884	point		2378,2380	live-route-recording-20260712-170700-z102	proven
20260712-170700-z102	102	2380	2380	-146.112	-166.749	-6.247	point		2379,2381	live-route-recording-20260712-170700-z102	proven
20260712-170700-z102	102	2381	2381	-149.056	-166.274	-6.966	point		2380,2382	live-route-recording-20260712-170700-z102	proven
20260712-170700-z102	102	2382	2382	-151.048	-165.953	-7.591	point		2381,2383	live-route-recording-20260712-170700-z102	proven
20260712-170700-z102	102	2383	2383	-154.090	-165.463	-8.197	point		2382,2384	live-route-recording-20260712-170700-z102	proven
20260712-170700-z102	102	2384	2384	-156.122	-165.135	-7.876	point		2383,2385	live-route-recording-20260712-170700-z102	proven
20260712-170700-z102	102	2385	2385	-159.187	-164.641	-7.969	point		2384,2386	live-route-recording-20260712-170700-z102	proven
20260712-170700-z102	102	2386	2386	-161.602	-164.257	-8.000	point		2385,2387	live-route-recording-20260712-170700-z102	proven
20260712-170700-z102	102	2387	2387	-163.527	-163.967	-8.003	point		2386,2388	live-route-recording-20260712-170700-z102	proven
20260712-170700-z102	102	2388	2388	-165.459	-163.878	-7.935	point		2387,2389	live-route-recording-20260712-170700-z102	proven
20260712-170700-z102	102	2389	2389	-167.278	-163.845	-7.846	point		2388,2390	live-route-recording-20260712-170700-z102	proven
20260712-170700-z102	102	2390	2390	-170.121	-163.792	-7.695	point		2389,2391	live-route-recording-20260712-170700-z102	proven
20260712-170700-z102	102	2391	2391	-173.032	-163.597	-7.501	point		2390,2392	live-route-recording-20260712-170700-z102	proven
20260712-170700-z102	102	2392	2392	-175.319	-163.280	-7.272	point		2391,2393	live-route-recording-20260712-170700-z102	proven
20260712-170700-z102	102	2393	2393	-178.160	-163.065	-7.093	point		2392,2394	live-route-recording-20260712-170700-z102	proven
20260712-170700-z102	102	2394	2394	-180.223	-163.095	-7.012	point		2393,2395	live-route-recording-20260712-170700-z102	proven
20260712-170700-z102	102	2395	2395	-183.313	-163.194	-7.167	point		2394,2396	live-route-recording-20260712-170700-z102	proven
20260712-170700-z102	102	2396	2396	-185.521	-163.276	-7.356	point		2395,2397	live-route-recording-20260712-170700-z102	proven
20260712-170700-z102	102	2397	2397	-188.425	-163.386	-7.622	point		2396,2398	live-route-recording-20260712-170700-z102	proven
20260712-170700-z102	102	2398	2398	-190.890	-163.480	-7.746	point		2397,2399	live-route-recording-20260712-170700-z102	proven
20260712-170700-z102	102	2399	2399	-193.980	-163.590	-7.900	point		2398,2400	live-route-recording-20260712-170700-z102	proven
20260712-170700-z102	102	2400	2400	-196.037	-163.523	-8.003	point		2399,2401	live-route-recording-20260712-170700-z102	proven
20260712-170700-z102	102	2401	2401	-199.098	-163.152	-8.000	point		2400,2402	live-route-recording-20260712-170700-z102	proven
20260712-170700-z102	102	2402	2402	-201.118	-162.829	-8.000	point		2401,2403	live-route-recording-20260712-170700-z102	proven
20260712-170700-z102	102	2403	2403	-204.040	-162.341	-8.012	point		2402,2404	live-route-recording-20260712-170700-z102	proven
20260712-170700-z102	102	2404	2404	-206.459	-161.935	-8.314	point		2403,2405	live-route-recording-20260712-170700-z102	proven
20260712-170700-z102	102	2405	2405	-209.401	-161.441	-9.083	point		2404,2406	live-route-recording-20260712-170700-z102	proven
20260712-170700-z102	102	2406	2406	-211.318	-161.119	-9.802	point		2405,2407	live-route-recording-20260712-170700-z102	proven
20260712-170700-z102	102	2407	2407	-213.248	-160.794	-10.526	point		2406,2408	live-route-recording-20260712-170700-z102	proven
20260712-170700-z102	102	2408	2408	-216.345	-160.274	-11.612	point		2407,2409	live-route-recording-20260712-170700-z102	proven
20260712-170700-z102	102	2409	2409	-219.166	-159.799	-12.317	point		2408,2410	live-route-recording-20260712-170700-z102	proven
20260712-170700-z102	102	2410	2410	-221.515	-159.404	-12.837	point		2409,2411	live-route-recording-20260712-170700-z102	proven
20260712-170700-z102	102	2411	2411	-224.486	-158.905	-13.648	point		2410,2412	live-route-recording-20260712-170700-z102	proven
20260712-170700-z102	102	2412	2412	-226.496	-158.567	-14.004	point		2411,2413	live-route-recording-20260712-170700-z102	proven
20260712-170700-z102	102	2413	2413	-229.421	-158.075	-14.835	point		2412,2414	live-route-recording-20260712-170700-z102	proven
20260712-170700-z102	102	2414	2414	-231.430	-157.738	-15.384	point		2413,2415	live-route-recording-20260712-170700-z102	proven
20260712-170700-z102	102	2415	2415	-234.457	-157.229	-15.814	point		2414,2416	live-route-recording-20260712-170700-z102	proven
20260712-170700-z102	102	2416	2416	-236.867	-156.824	-16.000	point		2415,2417	live-route-recording-20260712-170700-z102	proven
20260712-170700-z102	102	2417	2417	-239.918	-156.311	-16.000	point		2416,2418	live-route-recording-20260712-170700-z102	proven
20260712-170700-z102	102	2418	2418	-241.952	-155.969	-16.127	point		2417,2419	live-route-recording-20260712-170700-z102	proven
20260712-170700-z102	102	2419	2419	-244.981	-155.460	-16.073	point		2418,2420	live-route-recording-20260712-170700-z102	proven
20260712-170700-z102	102	2420	2420	-247.010	-155.119	-15.777	point		2419,2421	live-route-recording-20260712-170700-z102	proven
20260712-170700-z102	102	2421	2421	-250.044	-154.609	-15.847	point		2420,2422	live-route-recording-20260712-170700-z102	proven
20260712-170700-z102	102	2422	2422	-252.468	-154.201	-15.839	point		2421,2423	live-route-recording-20260712-170700-z102	proven
20260712-170700-z102	102	2423	2423	-255.501	-153.691	-15.880	point		2422,2424	live-route-recording-20260712-170700-z102	proven
20260712-170700-z102	102	2424	2424	-257.715	-153.319	-15.979	point		2423,2425	live-route-recording-20260712-170700-z102	proven
20260712-170700-z102	102	2425	2425	-259.919	-152.992	-15.940	point		2424,2426	live-route-recording-20260712-170700-z102	proven
20260712-170700-z102	102	2426	2426	-262.990	-152.895	-15.909	point		2425,2427	live-route-recording-20260712-170700-z102	proven
20260712-170700-z102	102	2427	2427	-265.726	-153.131	-15.750	point		2426,2428	live-route-recording-20260712-170700-z102	proven
20260712-170700-z102	102	2428	2428	-268.128	-153.423	-15.756	point		2427,2429	live-route-recording-20260712-170700-z102	proven
20260712-170700-z102	102	2429	2429	-271.185	-153.833	-15.709	point		2428,2430	live-route-recording-20260712-170700-z102	proven
20260712-170700-z102	102	2430	2430	-273.220	-154.112	-15.662	point		2429,2431	live-route-recording-20260712-170700-z102	proven
20260712-170700-z102	102	2431	2431	-276.269	-154.532	-15.846	point		2430,2432	live-route-recording-20260712-170700-z102	proven
20260712-170700-z102	102	2432	2432	-278.294	-154.811	-15.942	point		2431,2433	live-route-recording-20260712-170700-z102	proven
20260712-170700-z102	102	2433	2433	-281.350	-155.233	-15.963	point		2432,2434	live-route-recording-20260712-170700-z102	proven
20260712-170700-z102	102	2434	2434	-283.743	-155.564	-15.979	point		2433,2435	live-route-recording-20260712-170700-z102	proven
20260712-170700-z102	102	2435	2435	-285.751	-155.841	-15.330	point		2434,2436	live-route-recording-20260712-170700-z102	proven
20260712-170700-z102	102	2436	2436	-288.536	-156.226	-14.147	point		2435,2437	live-route-recording-20260712-170700-z102	proven
20260712-170700-z102	102	2437	2437	-290.394	-156.482	-13.358	point		2436,2438	live-route-recording-20260712-170700-z102	proven
20260712-170700-z102	102	2438	2438	-293.341	-156.889	-12.274	point		2437,2439	live-route-recording-20260712-170700-z102	proven
20260712-170700-z102	102	2439	2439	-295.904	-157.244	-11.860	point		2438,2440	live-route-recording-20260712-170700-z102	proven
20260712-170700-z102	102	2440	2440	-298.105	-157.669	-10.020	point		2439,2441	live-route-recording-20260712-170700-z102	proven
20260712-170700-z102	102	2441	2441	-301.068	-157.996	-9.002	point		2440,2442	live-route-recording-20260712-170700-z102	proven
20260712-170700-z102	102	2442	2442	-303.140	-158.262	-8.856	point		2441,2443	live-route-recording-20260712-170700-z102	proven
20260712-170700-z102	102	2443	2443	-305.102	-158.516	-7.142	point		2442,2444	live-route-recording-20260712-170700-z102	proven
20260712-170700-z102	102	2444	2444	-308.003	-158.916	-6.690	point		2443,2445	live-route-recording-20260712-170700-z102	proven
20260712-170700-z102	102	2445	2445	-309.958	-159.185	-5.740	point		2444,2446	live-route-recording-20260712-170700-z102	proven
20260712-170700-z102	102	2446	2446	-312.182	-159.485	-5.292	point		2445,2447	live-route-recording-20260712-170700-z102	proven
20260712-170700-z102	102	2447	2447	-313.628	-159.681	-4.892	point		2446,2448	live-route-recording-20260712-170700-z102	proven
20260712-170700-z102	102	2448	2448	-316.567	-160.069	-0.216	point		2447,2449	live-route-recording-20260712-170700-z102	proven
20260712-170700-z102	102	2449	2449	-318.627	-160.355	-0.087	point		2448,2450	live-route-recording-20260712-170700-z102	proven
20260712-170700-z102	102	2450	2450	-321.855	-160.802	0.000	point		2449,2451	live-route-recording-20260712-170700-z102	proven
20260712-170700-z102	102	2451	2451	-324.567	-161.177	0.027	point		2450,2452	live-route-recording-20260712-170700-z102	proven
20260712-170700-z102	102	2452	2452	-326.966	-161.509	0.147	point		2451,2453	live-route-recording-20260712-170700-z102	proven
20260712-170700-z102	102	2453	2453	-330.020	-161.932	0.300	point		2452,2454	live-route-recording-20260712-170700-z102	proven
20260712-170700-z102	102	2454	2454	-332.043	-162.274	0.401	point		2453,2455	live-route-recording-20260712-170700-z102	proven
20260712-170700-z102	102	2455	2455	-335.020	-163.159	0.698	point		2454,2456	live-route-recording-20260712-170700-z102	proven
20260712-170700-z102	102	2456	2456	-336.937	-163.940	0.806	point		2455,2457	live-route-recording-20260712-170700-z102	proven
20260712-170700-z102	102	2457	2457	-339.816	-164.943	0.552	point		2456,2458	live-route-recording-20260712-170700-z102	proven
20260712-170700-z102	102	2458	2458	-342.182	-165.528	0.224	point		2457,2459	live-route-recording-20260712-170700-z102	proven
20260712-170700-z102	102	2459	2459	-345.244	-165.885	0.047	point		2458,2460	live-route-recording-20260712-170700-z102	proven
20260712-170700-z102	102	2460	2460	-347.303	-165.889	-0.130	point		2459,2461	live-route-recording-20260712-170700-z102	proven
20260712-170700-z102	102	2461	2461	-350.368	-165.532	0.127	point		2460,2462	live-route-recording-20260712-170700-z102	proven
20260712-170700-z102	102	2462	2462	-352.321	-164.900	0.134	point		2461,2463	live-route-recording-20260712-170700-z102	proven
20260712-170700-z102	102	2463	2463	-355.054	-163.479	0.046	point		2462,2464	live-route-recording-20260712-170700-z102	proven
20260712-170700-z102	102	2464	2464	-357.117	-162.169	0.000	point		2463,2465	live-route-recording-20260712-170700-z102	proven
20260712-170700-z102	102	2465	2465	-359.656	-160.407	0.000	point		2464,2466	live-route-recording-20260712-170700-z102	proven
20260712-170700-z102	102	2466	2466	-361.331	-159.202	-0.052	point		2465,2467	live-route-recording-20260712-170700-z102	proven
20260712-170700-z102	102	2467	2467	-363.145	-157.880	-0.134	point		2466,2468	live-route-recording-20260712-170700-z102	proven
20260712-170700-z102	102	2468	2468	-365.628	-156.058	-0.168	point		2467,2469	live-route-recording-20260712-170700-z102	proven
20260712-170700-z102	102	2469	2469	-367.970	-154.332	-0.137	point		2468,2470,2872	live-route-recording-20260712-170700-z102	proven
20260712-170700-z102	102	2470	2470	-369.933	-152.901	-0.206	point		2469,2471,2873	live-route-recording-20260712-170700-z102	proven
20260712-170700-z102	102	2471	2471	-372.558	-151.269	-0.285	point		2470,2472,2874	live-route-recording-20260712-170700-z102	proven
20260712-170700-z102	102	2472	2472	-374.431	-150.416	-0.157	point		2471,2473,2875	live-route-recording-20260712-170700-z102	proven
20260712-170700-z102	102	2473	2473	-377.341	-149.379	0.153	point		2472,2474	live-route-recording-20260712-170700-z102	proven
20260712-170700-z102	102	2474	2474	-379.277	-148.667	0.426	point		2473,2475	live-route-recording-20260712-170700-z102	proven
20260712-170700-z102	102	2475	2475	-382.034	-147.300	0.490	point		2474,2476	live-route-recording-20260712-170700-z102	proven
20260712-170700-z102	102	2476	2476	-384.028	-145.918	0.472	point		2475,2477	live-route-recording-20260712-170700-z102	proven
20260712-170700-z102	102	2477	2477	-386.219	-143.745	0.455	point		2476,2478	live-route-recording-20260712-170700-z102	proven
20260712-170700-z102	102	2478	2478	-387.528	-142.153	0.317	point		2477,2479	live-route-recording-20260712-170700-z102	proven
20260712-170700-z102	102	2479	2479	-389.161	-139.524	0.241	point		2478,2480,2882	live-route-recording-20260712-170700-z102	proven
20260712-170700-z102	102	2480	2480	-390.125	-137.717	0.327	point		2479,2481,2883	live-route-recording-20260712-170700-z102	proven
20260712-170700-z102	102	2481	2481	-391.531	-134.977	0.294	point		2480,2482,2884	live-route-recording-20260712-170700-z102	proven
20260712-170700-z102	102	2482	2482	-392.678	-132.604	0.116	point		2481,2483,2885	live-route-recording-20260712-170700-z102	proven
20260712-170700-z102	102	2483	2483	-393.416	-130.714	-0.222	point		2482,2484	live-route-recording-20260712-170700-z102	proven
20260712-170700-z102	102	2484	2484	-394.422	-127.785	-0.554	point		2483,2485	live-route-recording-20260712-170700-z102	proven
20260712-170700-z102	102	2485	2485	-395.113	-125.654	-0.492	point		2484,2486	live-route-recording-20260712-170700-z102	proven
20260712-170700-z102	102	2486	2486	-395.683	-123.331	-0.426	point		2485,2487	live-route-recording-20260712-170700-z102	proven
20260712-170700-z102	102	2487	2487	-396.163	-120.110	-0.241	point		2486,2488,2890	live-route-recording-20260712-170700-z102	proven
20260712-170700-z102	102	2488	2488	-396.407	-118.004	-0.226	point		2487,2489,2891	live-route-recording-20260712-170700-z102	proven
20260712-170700-z102	102	2489	2489	-396.758	-114.932	-0.152	point		2488,2490,2892	live-route-recording-20260712-170700-z102	proven
20260712-170700-z102	102	2490	2490	-397.090	-112.731	-0.021	point		2489,2491,2893	live-route-recording-20260712-170700-z102	proven
20260712-170700-z102	102	2491	2491	-397.580	-109.684	-0.031	point		2490,2492,2894	live-route-recording-20260712-170700-z102	proven
20260712-170700-z102	102	2492	2492	-397.798	-107.659	-0.225	point		2491,2493,2895	live-route-recording-20260712-170700-z102	proven
20260712-170700-z102	102	2493	2493	-398.019	-104.641	0.424	point		2492,2494,2896	live-route-recording-20260712-170700-z102	proven
20260712-170700-z102	102	2494	2494	-398.254	-101.498	0.699	point		2493,2495	live-route-recording-20260712-170700-z102	proven
20260712-170700-z102	102	2495	2495	-398.536	-99.464	0.772	point		2494,2496	live-route-recording-20260712-170700-z102	proven
20260712-170700-z102	102	2496	2496	-398.742	-96.512	0.729	point		2495,2497	live-route-recording-20260712-170700-z102	proven
20260712-170700-z102	102	2497	2497	-398.430	-94.612	0.557	point		2496,2498,2900	live-route-recording-20260712-170700-z102	proven
20260712-170700-z102	102	2498	2498	-397.824	-91.607	0.210	point		2497,2499,2901	live-route-recording-20260712-170700-z102	proven
20260712-170700-z102	102	2499	2499	-397.569	-89.002	0.063	point		2498,2500	live-route-recording-20260712-170700-z102	proven
20260712-170700-z102	102	2500	2500	-397.607	-86.821	-0.033	point		2499,2501	live-route-recording-20260712-170700-z102	proven
20260712-170700-z102	102	2501	2501	-397.574	-83.968	-0.131	point		2500,2502	live-route-recording-20260712-170700-z102	proven
20260712-170700-z102	102	2502	2502	-397.535	-82.510	-0.160	point		2501,2503	live-route-recording-20260712-170700-z102	proven
20260712-170700-z102	102	2503	2503	-398.471	-80.249	-0.097	point		2502,2504	live-route-recording-20260712-170700-z102	proven
20260712-170700-z102	102	2504	2504	-399.721	-78.761	-0.079	point		2503,2505	live-route-recording-20260712-170700-z102	proven
20260712-170700-z102	102	2505	2505	-401.744	-76.941	-0.193	point		2504,2506	live-route-recording-20260712-170700-z102	proven
20260712-170700-z102	102	2506	2506	-403.356	-75.694	-0.426	point		2505,2507,2908	live-route-recording-20260712-170700-z102	proven
20260712-170700-z102	102	2507	2507	-405.805	-73.865	-0.417	point		2506,2508	live-route-recording-20260712-170700-z102	proven
20260712-170700-z102	102	2508	2508	-407.456	-72.637	-0.248	point		2507,2509	live-route-recording-20260712-170700-z102	proven
20260712-170700-z102	102	2509	2509	-409.868	-70.893	-0.315	point		2508,2510	live-route-recording-20260712-170700-z102	proven
20260712-170700-z102	102	2510	2510	-411.733	-69.690	-0.401	point		2509,2511	live-route-recording-20260712-170700-z102	proven
20260712-170700-z102	102	2511	2511	-414.211	-68.184	-0.345	point		2510,2512	live-route-recording-20260712-170700-z102	proven
20260712-170700-z102	102	2512	2512	-416.166	-67.021	-0.370	point		2511,2513	live-route-recording-20260712-170700-z102	proven
20260712-170700-z102	102	2513	2513	-417.923	-65.978	-0.078	point		2512,2514,2915	live-route-recording-20260712-170700-z102	proven
20260712-170700-z102	102	2514	2514	-420.713	-64.324	0.351	point		2513,2515	live-route-recording-20260712-170700-z102	proven
20260712-170700-z102	102	2515	2515	-422.481	-63.273	0.225	point		2514,2516	live-route-recording-20260712-170700-z102	proven
20260712-170700-z102	102	2516	2516	-425.066	-61.577	0.204	point		2515,2517	live-route-recording-20260712-170700-z102	proven
20260712-170700-z102	102	2517	2517	-427.372	-59.797	0.077	point		2516,2518	live-route-recording-20260712-170700-z102	proven
20260712-170700-z102	102	2518	2518	-429.200	-58.249	0.219	point		2517,2519	live-route-recording-20260712-170700-z102	proven
20260712-170700-z102	102	2519	2519	-430.567	-56.867	0.326	point		2518,2520	live-route-recording-20260712-170700-z102	proven
20260712-170700-z102	102	2520	2520	-432.220	-54.550	0.327	point		2519,2521	live-route-recording-20260712-170700-z102	proven
20260712-170700-z102	102	2521	2521	-433.007	-52.793	0.176	point		2520,2522	live-route-recording-20260712-170700-z102	proven
20260712-170700-z102	102	2522	2522	-434.154	-49.942	-0.227	point		2521,2523	live-route-recording-20260712-170700-z102	proven
20260712-170700-z102	102	2523	2523	-435.189	-47.354	-0.343	point		2522,2524	live-route-recording-20260712-170700-z102	proven
20260712-170700-z102	102	2524	2524	-436.155	-45.280	-0.179	point		2523,2525	live-route-recording-20260712-170700-z102	proven
20260712-170700-z102	102	2525	2525	-437.021	-42.581	-0.188	point		2524,2526	live-route-recording-20260712-170700-z102	proven
20260712-170700-z102	102	2526	2526	-437.475	-41.323	-0.159	point		2525,2527	live-route-recording-20260712-170700-z102	proven
20260712-170700-z102	102	2527	2527	-439.504	-39.575	-0.040	point		2526,2528	live-route-recording-20260712-170700-z102	proven
20260712-170700-z102	102	2528	2528	-441.369	-38.692	-0.083	point		2527,2529	live-route-recording-20260712-170700-z102	proven
20260712-170700-z102	102	2529	2529	-443.837	-38.013	-0.584	point		2528,2530	live-route-recording-20260712-170700-z102	proven
20260712-170700-z102	102	2530	2530	-445.859	-37.639	-0.784	point		2529,2531	live-route-recording-20260712-170700-z102	proven
20260712-170700-z102	102	2531	2531	-448.713	-37.067	-0.754	point		2530,2532	live-route-recording-20260712-170700-z102	proven
20260712-170700-z102	102	2532	2532	-450.602	-36.770	0.026	point		2531,2533	live-route-recording-20260712-170700-z102	proven
20260712-170700-z102	102	2533	2533	-453.609	-36.202	0.332	point		2532,2534	live-route-recording-20260712-170700-z102	proven
20260712-170700-z102	102	2534	2534	-455.592	-35.721	0.428	point		2533,2535	live-route-recording-20260712-170700-z102	proven
20260712-170700-z102	102	2535	2535	-458.643	-35.338	0.446	point		2534,2536	live-route-recording-20260712-170700-z102	proven
20260712-170700-z102	102	2536	2536	-460.668	-35.491	0.550	point		2535,2537	live-route-recording-20260712-170700-z102	proven
20260712-170700-z102	102	2537	2537	-463.704	-35.865	0.683	point		2536,2538	live-route-recording-20260712-170700-z102	proven
20260712-170700-z102	102	2538	2538	-465.738	-36.131	0.505	point		2537,2539	live-route-recording-20260712-170700-z102	proven
20260712-170700-z102	102	2539	2539	-468.789	-36.532	0.251	point		2538,2540	live-route-recording-20260712-170700-z102	proven
20260712-170700-z102	102	2540	2540	-470.827	-36.783	0.157	point		2539,2541	live-route-recording-20260712-170700-z102	proven
20260712-170700-z102	102	2541	2541	-473.901	-36.789	-0.034	point		2540,2542	live-route-recording-20260712-170700-z102	proven
20260712-170700-z102	102	2542	2542	-475.934	-36.458	-0.223	point		2541,2543	live-route-recording-20260712-170700-z102	proven
20260712-170700-z102	102	2543	2543	-478.874	-36.106	-0.245	point		2542,2544	live-route-recording-20260712-170700-z102	proven
20260712-170700-z102	102	2544	2544	-480.913	-35.859	-0.359	point		2543,2545	live-route-recording-20260712-170700-z102	proven
20260712-170700-z102	102	2545	2545	-483.788	-35.101	-0.569	point		2544,2546	live-route-recording-20260712-170700-z102	proven
20260712-170700-z102	102	2546	2546	-485.449	-34.518	-0.333	point		2545,2547	live-route-recording-20260712-170700-z102	proven
20260712-170700-z102	102	2547	2547	-488.122	-32.965	-0.203	point		2546,2548	live-route-recording-20260712-170700-z102	proven
20260712-170700-z102	102	2548	2548	-489.941	-31.569	-0.276	point		2547,2549	live-route-recording-20260712-170700-z102	proven
20260712-170700-z102	102	2549	2549	-491.802	-30.062	-0.376	point		2548,2550	live-route-recording-20260712-170700-z102	proven
20260712-170700-z102	102	2550	2550	-494.249	-28.643	-0.317	point		2549,2551	live-route-recording-20260712-170700-z102	proven
20260712-170700-z102	102	2551	2551	-496.028	-27.867	-0.282	point		2550,2552	live-route-recording-20260712-170700-z102	proven
20260712-170700-z102	102	2552	2552	-498.666	-26.577	0.116	point		2551,2553	live-route-recording-20260712-170700-z102	proven
20260712-170700-z102	102	2553	2553	-500.413	-25.669	0.404	point		2552,2554	live-route-recording-20260712-170700-z102	proven
20260712-170700-z102	102	2554	2554	-503.183	-24.211	0.445	point		2553,2555,2956	live-route-recording-20260712-170700-z102	proven
20260712-170700-z102	102	2555	2555	-504.995	-23.226	0.383	point		2554,2556	live-route-recording-20260712-170700-z102	proven
20260712-170700-z102	102	2556	2556	-507.568	-21.510	0.260	point		2555,2557	live-route-recording-20260712-170700-z102	proven
20260712-170700-z102	102	2557	2557	-509.172	-20.148	0.243	point		2556,2558	live-route-recording-20260712-170700-z102	proven
20260712-170700-z102	102	2558	2558	-511.163	-17.944	0.421	point		2557,2559	live-route-recording-20260712-170700-z102	proven
20260712-170700-z102	102	2559	2559	-512.023	-16.285	0.490	point		2558,2560	live-route-recording-20260712-170700-z102	proven
20260712-170700-z102	102	2560	2560	-513.059	-13.624	0.291	point		2559,2561	live-route-recording-20260712-170700-z102	proven
20260712-170700-z102	102	2561	2561	-513.916	-11.582	0.047	point		2560,2562	live-route-recording-20260712-170700-z102	proven
20260712-170700-z102	102	2562	2562	-515.165	-8.746	-0.185	point		2561,2563	live-route-recording-20260712-170700-z102	proven
20260712-170700-z102	102	2563	2563	-516.005	-6.871	-0.140	point		2562,2564	live-route-recording-20260712-170700-z102	proven
20260712-170700-z102	102	2564	2564	-517.131	-4.002	-0.182	point		2563,2565	live-route-recording-20260712-170700-z102	proven
20260712-170700-z102	102	2565	2565	-517.849	-1.477	-0.136	point		2564,2566,2967	live-route-recording-20260712-170700-z102	proven
20260712-170700-z102	102	2566	2566	-518.664	0.104	-0.085	point		2565,2567	live-route-recording-20260712-170700-z102	proven
20260712-170700-z102	102	2567	2567	-520.606	1.609	-0.102	point		2566,2568	live-route-recording-20260712-170700-z102	proven
20260712-170700-z102	102	2568	2568	-522.351	2.054	-0.130	point		2567,2569	live-route-recording-20260712-170700-z102	proven
20260712-170700-z102	102	2569	2569	-525.312	2.161	-0.072	point		2568,2570	live-route-recording-20260712-170700-z102	proven
20260712-170700-z102	102	2570	2570	-527.354	2.138	0.031	point		2569,2571	live-route-recording-20260712-170700-z102	proven
20260712-170700-z102	102	2571	2571	-530.430	2.073	0.069	point		2570,2572	live-route-recording-20260712-170700-z102	proven
20260712-170700-z102	102	2572	2572	-532.571	2.024	0.071	point		2571,2573,2973	live-route-recording-20260712-170700-z102	proven
20260712-170700-z102	102	2573	2573	-534.614	1.977	0.351	point		2572,2574,2974	live-route-recording-20260712-170700-z102	proven
20260712-170700-z102	102	2574	2574	-537.845	1.902	0.615	point		2573,2575,2975	live-route-recording-20260712-170700-z102	proven
20260712-170700-z102	102	2575	2575	-539.907	1.854	0.756	point		2574,2576,2976	live-route-recording-20260712-170700-z102	proven
20260712-170700-z102	102	2576	2576	-542.980	1.783	0.706	point		2575,2577,2977	live-route-recording-20260712-170700-z102	proven
20260712-170700-z102	102	2577	2577	-545.409	1.794	0.541	point		2576,2578	live-route-recording-20260712-170700-z102	proven
20260712-170700-z102	102	2578	2578	-547.600	2.026	0.291	point		2577,2579	live-route-recording-20260712-170700-z102	proven
20260712-170700-z102	102	2579	2579	-550.670	2.386	0.084	point		2578,2580	live-route-recording-20260712-170700-z102	proven
20260712-170700-z102	102	2580	2580	-552.721	2.500	-0.048	point		2579,2581,2981	live-route-recording-20260712-170700-z102	proven
20260712-170700-z102	102	2581	2581	-554.933	2.579	-0.085	point		2580,2582,2982	live-route-recording-20260712-170700-z102	proven
20260712-170700-z102	102	2582	2582	-557.761	2.304	-0.146	point		2581,2583	live-route-recording-20260712-170700-z102	proven
20260712-170700-z102	102	2583	2583	-560.110	1.333	-0.085	point		2582,2584	live-route-recording-20260712-170700-z102	proven
20260712-170700-z102	102	2584	2584	-561.725	-0.084	-0.109	point		2583,2585	live-route-recording-20260712-170700-z102	proven
20260712-170700-z102	102	2585	2585	-563.584	-2.410	-0.226	point		2584,2586	live-route-recording-20260712-170700-z102	proven
20260712-170700-z102	102	2586	2586	-564.691	-3.995	-0.524	point		2585,2587	live-route-recording-20260712-170700-z102	proven
20260712-170700-z102	102	2587	2587	-566.333	-6.586	-0.244	point		2586,2588,2988	live-route-recording-20260712-170700-z102	proven
20260712-170700-z102	102	2588	2588	-567.461	-8.309	-0.224	point		2587,2589	live-route-recording-20260712-170700-z102	proven
20260712-170700-z102	102	2589	2589	-568.926	-10.766	-0.305	point		2588,2590,2990	live-route-recording-20260712-170700-z102	proven
20260712-170700-z102	102	2590	2590	-570.089	-12.875	-0.323	point		2589,2591,2991	live-route-recording-20260712-170700-z102	proven
20260712-170700-z102	102	2591	2591	-571.684	-15.368	-0.302	point		2590,2592	live-route-recording-20260712-170700-z102	proven
20260712-170700-z102	102	2592	2592	-572.763	-17.094	-0.161	point		2591,2593	live-route-recording-20260712-170700-z102	proven
20260712-170700-z102	102	2593	2593	-573.811	-19.010	0.181	point		2592,2594	live-route-recording-20260712-170700-z102	proven
20260712-170700-z102	102	2594	2594	-575.258	-21.607	0.407	point		2593,2595	live-route-recording-20260712-170700-z102	proven
20260712-170700-z102	102	2595	2595	-576.882	-23.749	0.350	point		2594,2596	live-route-recording-20260712-170700-z102	proven
20260712-170700-z102	102	2596	2596	-578.300	-25.370	0.223	point		2595,2597	live-route-recording-20260712-170700-z102	proven
20260712-170700-z102	102	2597	2597	-580.363	-27.681	0.059	point		2596,2598	live-route-recording-20260712-170700-z102	proven
20260712-170700-z102	102	2598	2598	-581.801	-29.143	0.204	point		2597,2599	live-route-recording-20260712-170700-z102	proven
20260712-170700-z102	102	2599	2599	-584.096	-30.792	0.225	point		2598,2600	live-route-recording-20260712-170700-z102	proven
20260712-170700-z102	102	2600	2600	-585.858	-31.855	0.234	point		2599,2601	live-route-recording-20260712-170700-z102	proven
20260712-170700-z102	102	2601	2601	-588.534	-33.366	-0.080	point		2600,2602	live-route-recording-20260712-170700-z102	proven
20260712-170700-z102	102	2602	2602	-590.806	-34.335	-0.331	point		2601,2603	live-route-recording-20260712-170700-z102	proven
20260712-170700-z102	102	2603	2603	-593.745	-35.262	-0.378	point		2602,2604	live-route-recording-20260712-170700-z102	proven
20260712-170700-z102	102	2604	2604	-595.638	-36.046	-0.254	point		2603,2605	live-route-recording-20260712-170700-z102	proven
20260712-170700-z102	102	2605	2605	-597.975	-38.026	-0.125	point		2604,2606	live-route-recording-20260712-170700-z102	proven
20260712-170700-z102	102	2606	2606	-599.148	-39.716	-0.019	point		2605,2607	live-route-recording-20260712-170700-z102	proven
20260712-170700-z102	102	2607	2607	-600.096	-42.523	-0.008	point		2606,2608	live-route-recording-20260712-170700-z102	proven
20260712-170700-z102	102	2608	2608	-600.539	-44.773	-0.141	point		2607,2609	live-route-recording-20260712-170700-z102	proven
20260712-170700-z102	102	2609	2609	-601.084	-47.811	0.022	point		2608,2610,3010	live-route-recording-20260712-170700-z102	proven
20260712-170700-z102	102	2610	2610	-601.445	-49.844	0.199	point		2609,2611	live-route-recording-20260712-170700-z102	proven
20260712-170700-z102	102	2611	2611	-601.981	-52.879	0.366	point		2610,2612,3012	live-route-recording-20260712-170700-z102	proven
20260712-170700-z102	102	2612	2612	-602.336	-54.894	0.546	point		2611,2613	live-route-recording-20260712-170700-z102	proven
20260712-170700-z102	102	2613	2613	-602.872	-57.928	0.725	point		2612,2614,3014	live-route-recording-20260712-170700-z102	proven
20260712-170700-z102	102	2614	2614	-603.324	-60.486	0.768	point		2613,2615	live-route-recording-20260712-170700-z102	proven
20260712-170700-z102	102	2615	2615	-603.686	-62.534	0.719	point		2614,2616	live-route-recording-20260712-170700-z102	proven
20260712-170700-z102	102	2616	2616	-604.185	-65.569	0.462	point		2615,2617	live-route-recording-20260712-170700-z102	proven
20260712-170700-z102	102	2617	2617	-604.281	-67.385	0.217	point		2616,2618	live-route-recording-20260712-170700-z102	proven
20260712-170700-z102	102	2618	2618	-603.942	-69.949	0.111	point		2617,2619	live-route-recording-20260712-170700-z102	proven
20260712-170700-z102	102	2619	2619	-603.452	-72.814	0.039	point		2618,2620	live-route-recording-20260712-170700-z102	proven
20260712-170700-z102	102	2620	2620	-603.018	-75.225	-0.130	point		2619,2621	live-route-recording-20260712-170700-z102	proven
20260712-170700-z102	102	2621	2621	-602.152	-78.034	-0.136	point		2620,2622	live-route-recording-20260712-170700-z102	proven
20260712-170700-z102	102	2622	2622	-600.919	-79.518	-0.059	point		2621,2623	live-route-recording-20260712-170700-z102	proven
20260712-170700-z102	102	2623	2623	-598.610	-81.399	-0.089	point		2622,2624	live-route-recording-20260712-170700-z102	proven
20260712-170700-z102	102	2624	2624	-596.949	-82.624	-0.166	point		2623,2625	live-route-recording-20260712-170700-z102	proven
20260712-170700-z102	102	2625	2625	-594.441	-84.454	-0.197	point		2624,2626	live-route-recording-20260712-170700-z102	proven
20260712-170700-z102	102	2626	2626	-592.557	-85.826	-0.171	point		2625,2627	live-route-recording-20260712-170700-z102	proven
20260712-170700-z102	102	2627	2627	-590.063	-87.639	-0.233	point		2626,2628	live-route-recording-20260712-170700-z102	proven
20260712-170700-z102	102	2628	2628	-588.387	-88.846	-0.300	point		2627,2629	live-route-recording-20260712-170700-z102	proven
20260712-170700-z102	102	2629	2629	-586.643	-89.949	-0.287	point		2628,2630	live-route-recording-20260712-170700-z102	proven
20260712-170700-z102	102	2630	2630	-583.881	-91.444	-0.179	point		2629,2631	live-route-recording-20260712-170700-z102	proven
20260712-170700-z102	102	2631	2631	-581.315	-92.774	0.136	point		2630,2632	live-route-recording-20260712-170700-z102	proven
20260712-170700-z102	102	2632	2632	-579.158	-93.889	0.442	point		2631,2633	live-route-recording-20260712-170700-z102	proven
20260712-170700-z102	102	2633	2633	-577.295	-94.902	0.460	point		2632,2634	live-route-recording-20260712-170700-z102	proven
20260712-170700-z102	102	2634	2634	-574.707	-96.613	0.405	point		2633,2635	live-route-recording-20260712-170700-z102	proven
20260712-170700-z102	102	2635	2635	-573.100	-97.896	0.297	point		2634,2636	live-route-recording-20260712-170700-z102	proven
20260712-170700-z102	102	2636	2636	-571.069	-100.058	0.221	point		2635,2637	live-route-recording-20260712-170700-z102	proven
20260712-170700-z102	102	2637	2637	-569.284	-102.189	0.380	point		2636,2638	live-route-recording-20260712-170700-z102	proven
20260712-170700-z102	102	2638	2638	-568.043	-103.987	0.480	point		2637,2639	live-route-recording-20260712-170700-z102	proven
20260712-170700-z102	102	2639	2639	-567.028	-106.513	0.265	point		2638,2640	live-route-recording-20260712-170700-z102	proven
20260712-170700-z102	102	2640	2640	-566.260	-108.415	0.002	point		2639,2641	live-route-recording-20260712-170700-z102	proven
20260712-170700-z102	102	2641	2641	-565.351	-110.451	-0.167	point		2640,2642	live-route-recording-20260712-170700-z102	proven
20260712-170700-z102	102	2642	2642	-564.069	-113.246	-0.166	point		2641,2643	live-route-recording-20260712-170700-z102	proven
20260712-170700-z102	102	2643	2643	-562.859	-115.755	-0.180	point		2642,2644	live-route-recording-20260712-170700-z102	proven
20260712-170700-z102	102	2644	2644	-561.973	-117.911	-0.125	point		2643,2645	live-route-recording-20260712-170700-z102	proven
20260712-170700-z102	102	2645	2645	-560.923	-120.826	-0.059	point		2644,2646	live-route-recording-20260712-170700-z102	proven
20260712-170700-z102	102	2646	2646	-560.288	-122.660	-0.020	point		2645,2647	live-route-recording-20260712-170700-z102	proven
20260712-170700-z102	102	2647	2647	-559.293	-125.558	0.119	point		2646,2648	live-route-recording-20260712-170700-z102	proven
20260712-170700-z102	102	2648	2648	-558.627	-127.503	0.258	point		2647,2649	live-route-recording-20260712-170700-z102	proven
20260712-170700-z102	102	2649	2649	-557.636	-130.393	-0.041	point		2648,2650	live-route-recording-20260712-170700-z102	proven
20260712-170700-z102	102	2650	2650	-556.862	-132.653	-0.433	point		2649,2651	live-route-recording-20260712-170700-z102	proven
20260712-170700-z102	102	2651	2651	-555.982	-135.593	-0.950	point		2650,2652	live-route-recording-20260712-170700-z102	proven
20260712-170700-z102	102	2652	2652	-555.713	-137.556	-1.207	point		2651,2653,3055	live-route-recording-20260712-170700-z102	proven
20260712-170700-z102	102	2653	2653	-555.617	-139.119	-1.429	point		2652,2654	live-route-recording-20260712-170700-z102	proven
20260712-170700-z102	102	2654	2654	-555.709	-141.079	-1.518	point		2653,2655	live-route-recording-20260712-170700-z102	proven
20260712-170700-z102	102	2655	2655	-556.394	-143.909	-1.598	point		2654,2656	live-route-recording-20260712-170700-z102	proven
20260712-170700-z102	102	2656	2656	-556.965	-145.747	-1.435	point		2655,2657	live-route-recording-20260712-170700-z102	proven
20260712-170700-z102	102	2657	2657	-558.147	-148.395	-1.318	point		2656,2658	live-route-recording-20260712-170700-z102	proven
20260712-170700-z102	102	2658	2658	-558.693	-149.816	-0.732	point		2657,2659	live-route-recording-20260712-170700-z102	proven
20260712-170700-z102	102	2659	2659	-560.052	-152.642	0.162	point		2658,2660	live-route-recording-20260712-170700-z102	proven
20260712-170700-z102	102	2660	2660	-560.946	-154.503	0.013	point		2659,2661	live-route-recording-20260712-170700-z102	proven
20260712-170700-z102	102	2661	2661	-561.866	-157.449	-0.118	point		2660,2662	live-route-recording-20260712-170700-z102	proven
20260712-170700-z102	102	2662	2662	-561.837	-159.557	-0.116	point		2661,2663	live-route-recording-20260712-170700-z102	proven
20260712-170700-z102	102	2663	2663	-560.969	-161.726	-0.062	point		2662,2664	live-route-recording-20260712-170700-z102	proven
20260712-170700-z102	102	2664	2664	-559.534	-162.475	0.000	point		2663,2665	live-route-recording-20260712-170700-z102	proven
20260712-170700-z102	102	2665	2665	-557.693	-162.781	0.000	point		2664,2666	live-route-recording-20260712-170700-z102	proven
20260712-170700-z102	102	2666	2666	-554.626	-163.033	0.068	point		2665,2667	live-route-recording-20260712-170700-z102	proven
20260712-170700-z102	102	2667	2667	-551.876	-163.218	0.205	point		2666,2668	live-route-recording-20260712-170700-z102	proven
20260712-170700-z102	102	2668	2668	-549.459	-163.376	0.326	point		2667,2669	live-route-recording-20260712-170700-z102	proven
20260712-170700-z102	102	2669	2669	-546.379	-163.575	0.558	point		2668,2670	live-route-recording-20260712-170700-z102	proven
20260712-170700-z102	102	2670	2670	-544.332	-163.708	0.763	point		2669,2671	live-route-recording-20260712-170700-z102	proven
20260712-170700-z102	102	2671	2671	-541.251	-163.908	0.859	point		2670,2672	live-route-recording-20260712-170700-z102	proven
20260712-170700-z102	102	2672	2672	-539.198	-164.041	0.665	point		2671,2673	live-route-recording-20260712-170700-z102	proven
20260712-170700-z102	102	2673	2673	-536.136	-164.239	0.431	point		2672,2674	live-route-recording-20260712-170700-z102	proven
20260712-170700-z102	102	2674	2674	-533.823	-164.389	0.339	point		2673,2675	live-route-recording-20260712-170700-z102	proven
20260712-170700-z102	102	2675	2675	-530.753	-164.588	0.012	point		2674,2676	live-route-recording-20260712-170700-z102	proven
20260712-170700-z102	102	2676	2676	-528.688	-164.722	-0.146	point		2675,2677	live-route-recording-20260712-170700-z102	proven
20260712-170700-z102	102	2677	2677	-525.609	-164.955	-0.284	point		2676,2678	live-route-recording-20260712-170700-z102	proven
20260712-170700-z102	102	2678	2678	-523.406	-165.274	-0.536	point		2677,2679	live-route-recording-20260712-170700-z102	proven
20260712-170700-z102	102	2679	2679	-520.552	-165.833	-0.745	point		2678,2680	live-route-recording-20260712-170700-z102	proven
20260712-170700-z102	102	2680	2680	-518.123	-166.352	-0.940	point		2679,2681	live-route-recording-20260712-170700-z102	proven
20260712-170700-z102	102	2681	2681	-515.106	-167.011	-1.082	point		2680,2682	live-route-recording-20260712-170700-z102	proven
20260712-170700-z102	102	2682	2682	-513.092	-167.452	-0.998	point		2681,2683	live-route-recording-20260712-170700-z102	proven
20260712-170700-z102	102	2683	2683	-511.030	-167.904	-1.095	point		2682,2684	live-route-recording-20260712-170700-z102	proven
20260712-170700-z102	102	2684	2684	-508.038	-168.639	-1.308	point		2683,2685	live-route-recording-20260712-170700-z102	proven
20260712-170700-z102	102	2685	2685	-505.518	-170.079	-1.632	point		2684,2686	live-route-recording-20260712-170700-z102	proven
20260712-170700-z102	102	2686	2686	-503.644	-171.604	-2.138	point		2685,2687	live-route-recording-20260712-170700-z102	proven
20260712-170700-z102	102	2687	2687	-501.415	-173.554	-2.823	point		2686,2688	live-route-recording-20260712-170700-z102	proven
20260712-170700-z102	102	2688	2688	-499.869	-174.922	-3.325	point		2687,2689	live-route-recording-20260712-170700-z102	proven
20260712-170700-z102	102	2689	2689	-497.592	-176.951	-3.315	point		2688,2690	live-route-recording-20260712-170700-z102	proven
20260712-170700-z102	102	2690	2690	-496.145	-178.399	-3.138	point		2689,2691	live-route-recording-20260712-170700-z102	proven
20260712-170700-z102	102	2691	2691	-494.360	-180.753	-3.084	point		2690,2692	live-route-recording-20260712-170700-z102	proven
20260712-170700-z102	102	2692	2692	-493.148	-182.725	-3.132	point		2691,2693	live-route-recording-20260712-170700-z102	proven
20260712-170700-z102	102	2693	2693	-491.947	-185.241	-2.979	point		2692,2694	live-route-recording-20260712-170700-z102	proven
20260712-170700-z102	102	2694	2694	-491.206	-187.030	-2.606	point		2693,2695	live-route-recording-20260712-170700-z102	proven
20260712-170700-z102	102	2695	2695	-490.064	-189.831	-2.239	point		2694,2696	live-route-recording-20260712-170700-z102	proven
20260712-170700-z102	102	2696	2696	-489.374	-191.737	-2.049	point		2695,2697	live-route-recording-20260712-170700-z102	proven
20260712-170700-z102	102	2697	2697	-488.549	-194.658	-1.883	point		2696,2698	live-route-recording-20260712-170700-z102	proven
20260712-170700-z102	102	2698	2698	-488.065	-196.982	-1.764	point		2697,2699	live-route-recording-20260712-170700-z102	proven
20260712-170700-z102	102	2699	2699	-487.776	-199.299	-1.556	point		2698,2700	live-route-recording-20260712-170700-z102	proven
20260712-170700-z102	102	2700	2700	-487.565	-201.529	-1.394	point		2699,2701	live-route-recording-20260712-170700-z102	proven
20260712-170700-z102	102	2701	2701	-487.144	-204.864	-1.089	point		2700,2702	live-route-recording-20260712-170700-z102	proven
20260712-170700-z102	102	2702	2702	-486.800	-206.832	-0.597	point		2701,2703	live-route-recording-20260712-170700-z102	proven
20260712-170700-z102	102	2703	2703	-486.093	-210.000	-0.280	point		2702,2704	live-route-recording-20260712-170700-z102	proven
20260712-170700-z102	102	2704	2704	-485.773	-212.363	-0.332	point		2703,2705	live-route-recording-20260712-170700-z102	proven
20260712-170700-z102	102	2705	2705	-485.809	-214.404	-0.239	point		2704,2706	live-route-recording-20260712-170700-z102	proven
20260712-170700-z102	102	2706	2706	-485.993	-217.641	-0.386	point		2705,2707	live-route-recording-20260712-170700-z102	proven
20260712-170700-z102	102	2707	2707	-486.131	-219.699	-0.953	point		2706,2708	live-route-recording-20260712-170700-z102	proven
20260712-170700-z102	102	2708	2708	-486.336	-222.702	-1.000	point		2707,2709	live-route-recording-20260712-170700-z102	proven
20260712-170700-z102	102	2709	2709	-486.518	-225.377	-0.817	point		2708,2710	live-route-recording-20260712-170700-z102	proven
20260712-170700-z102	102	2710	2710	-486.673	-227.658	-0.779	point		2709,2711	live-route-recording-20260712-170700-z102	proven
20260712-170700-z102	102	2711	2711	-486.884	-230.746	-0.859	point		2710,2712	live-route-recording-20260712-170700-z102	proven
20260712-170700-z102	102	2712	2712	-487.030	-232.959	-0.917	point		2711,2713	live-route-recording-20260712-170700-z102	proven
20260712-170700-z102	102	2713	2713	-487.102	-235.019	-1.133	point		2712,2714	live-route-recording-20260712-170700-z102	proven
20260712-170700-z102	102	2714	2714	-486.324	-237.544	-0.928	point		2713,2715	live-route-recording-20260712-170700-z102	proven
20260712-170700-z102	102	2715	2715	-484.669	-239.323	-0.309	point		2714,2716	live-route-recording-20260712-170700-z102	proven
20260712-170700-z102	102	2716	2716	-482.841	-240.269	-0.018	point		2715,2717	live-route-recording-20260712-170700-z102	proven
20260712-170700-z102	102	2717	2717	-479.815	-240.926	-0.059	point		2716,2718	live-route-recording-20260712-170700-z102	proven
20260712-170700-z102	102	2718	2718	-477.778	-241.191	-0.076	point		2717,2719	live-route-recording-20260712-170700-z102	proven
20260712-170700-z102	102	2719	2719	-474.733	-241.515	-0.383	point		2718,2720	live-route-recording-20260712-170700-z102	proven
20260712-170700-z102	102	2720	2720	-472.534	-241.739	-0.101	point		2719,2721	live-route-recording-20260712-170700-z102	proven
20260712-170700-z102	102	2721	2721	-469.616	-242.034	0.188	point		2720,2722	live-route-recording-20260712-170700-z102	proven
20260712-170700-z102	102	2722	2722	-467.157	-242.282	0.344	point		2721,2723	live-route-recording-20260712-170700-z102	proven
20260712-170700-z102	102	2723	2723	-464.104	-242.589	0.632	point		2722,2724	live-route-recording-20260712-170700-z102	proven
20260712-170700-z102	102	2724	2724	-462.057	-242.795	0.730	point		2723,2725	live-route-recording-20260712-170700-z102	proven
20260712-170700-z102	102	2725	2725	-458.947	-243.014	0.766	point		2724,2726	live-route-recording-20260712-170700-z102	proven
20260712-170700-z102	102	2726	2726	-456.888	-242.999	0.728	point		2725,2727	live-route-recording-20260712-170700-z102	proven
20260712-170700-z102	102	2727	2727	-453.792	-243.020	0.484	point		2726,2728	live-route-recording-20260712-170700-z102	proven
20260712-170700-z102	102	2728	2728	-451.351	-243.108	0.269	point		2727,2729	live-route-recording-20260712-170700-z102	proven
20260712-170700-z102	102	2729	2729	-449.126	-243.211	0.155	point		2728,2730	live-route-recording-20260712-170700-z102	proven
20260712-170700-z102	102	2730	2730	-446.061	-243.513	-0.056	point		2729,2731	live-route-recording-20260712-170700-z102	proven
20260712-170700-z102	102	2731	2731	-444.045	-243.850	-0.242	point		2730,2732	live-route-recording-20260712-170700-z102	proven
20260712-170700-z102	102	2732	2732	-440.984	-244.229	-0.392	point		2731,2733	live-route-recording-20260712-170700-z102	proven
20260712-170700-z102	102	2733	2733	-438.070	-244.564	-0.518	point		2732,2734	live-route-recording-20260712-170700-z102	proven
20260712-170700-z102	102	2734	2734	-436.039	-245.064	-0.644	point		2733,2735	live-route-recording-20260712-170700-z102	proven
20260712-170700-z102	102	2735	2735	-433.228	-246.260	-0.226	point		2734,2736	live-route-recording-20260712-170700-z102	proven
20260712-170700-z102	102	2736	2736	-431.413	-247.232	-0.213	point		2735,2737	live-route-recording-20260712-170700-z102	proven
20260712-170700-z102	102	2737	2737	-429.574	-248.256	-0.266	point		2736,2738	live-route-recording-20260712-170700-z102	proven
20260712-170700-z102	102	2738	2738	-426.972	-249.698	-0.291	point		2737,2739	live-route-recording-20260712-170700-z102	proven
20260712-170700-z102	102	2739	2739	-424.575	-251.140	-0.236	point		2738,2740	live-route-recording-20260712-170700-z102	proven
20260712-170700-z102	102	2740	2740	-422.540	-252.403	-0.048	point		2739,2741	live-route-recording-20260712-170700-z102	proven
20260712-170700-z102	102	2741	2741	-420.911	-253.418	0.214	point		2740,2742	live-route-recording-20260712-170700-z102	proven
20260712-170700-z102	102	2742	2742	-418.302	-255.046	0.421	point		2741,2743	live-route-recording-20260712-170700-z102	proven
20260712-170700-z102	102	2743	2743	-416.755	-256.011	0.437	point		2742,2744	live-route-recording-20260712-170700-z102	proven
20260712-170700-z102	102	2744	2744	-414.312	-257.556	0.298	point		2743,2745	live-route-recording-20260712-170700-z102	proven
20260712-170700-z102	102	2745	2745	-412.106	-259.200	0.203	point		2744,2746	live-route-recording-20260712-170700-z102	proven
20260712-170700-z102	102	2746	2746	-410.642	-260.720	0.259	point		2745,2747	live-route-recording-20260712-170700-z102	proven
20260712-170700-z102	102	2747	2747	-408.889	-263.103	0.416	point		2746,2748	live-route-recording-20260712-170700-z102	proven
20260712-170700-z102	102	2748	2748	-407.837	-265.066	0.372	point		2747,2749	live-route-recording-20260712-170700-z102	proven
20260712-170700-z102	102	2749	2749	-406.560	-267.869	0.134	point		2748,2750	live-route-recording-20260712-170700-z102	proven
20260712-170700-z102	102	2750	2750	-405.834	-269.660	-0.136	point		2749,2751	live-route-recording-20260712-170700-z102	proven
20260712-170700-z102	102	2751	2751	-405.030	-272.477	-0.397	point		2750,2752	live-route-recording-20260712-170700-z102	proven
20260712-170700-z102	102	2752	2752	-404.533	-274.695	-0.391	point		2751,2753	live-route-recording-20260712-170700-z102	proven
20260712-170700-z102	102	2753	2753	-403.903	-277.714	-0.279	point		2752,2754	live-route-recording-20260712-170700-z102	proven
20260712-170700-z102	102	2754	2754	-403.489	-279.721	-0.220	point		2753,2755	live-route-recording-20260712-170700-z102	proven
20260712-170700-z102	102	2755	2755	-402.888	-282.642	-0.182	point		2754,2756	live-route-recording-20260712-170700-z102	proven
20260712-170700-z102	102	2756	2756	-402.476	-284.647	-0.125	point		2755,2757	live-route-recording-20260712-170700-z102	proven
20260712-170700-z102	102	2757	2757	-401.924	-287.661	0.060	point		2756,2758	live-route-recording-20260712-170700-z102	proven
20260712-170700-z102	102	2758	2758	-401.733	-289.912	0.126	point		2757,2759	live-route-recording-20260712-170700-z102	proven
20260712-170700-z102	102	2759	2759	-401.694	-291.953	0.173	point		2758,2760	live-route-recording-20260712-170700-z102	proven
20260712-170700-z102	102	2760	2760	-401.679	-295.030	0.482	point		2759,2761	live-route-recording-20260712-170700-z102	proven
20260712-170700-z102	102	2761	2761	-401.677	-297.085	0.637	point		2760,2762	live-route-recording-20260712-170700-z102	proven
20260712-170700-z102	102	2762	2762	-401.676	-300.157	0.766	point		2761,2763	live-route-recording-20260712-170700-z102	proven
20260712-170700-z102	102	2763	2763	-401.676	-303.081	0.711	point		2762,2764	live-route-recording-20260712-170700-z102	proven
20260712-170700-z102	102	2764	2764	-401.676	-305.522	0.537	point		2763,2765	live-route-recording-20260712-170700-z102	proven
20260712-170700-z102	102	2765	2765	-401.793	-308.610	0.255	point		2764,2766	live-route-recording-20260712-170700-z102	proven
20260712-170700-z102	102	2766	2766	-402.152	-310.653	0.129	point		2765,2767	live-route-recording-20260712-170700-z102	proven
20260712-170700-z102	102	2767	2767	-402.785	-313.686	-0.155	point		2766,2768	live-route-recording-20260712-170700-z102	proven
20260712-170700-z102	102	2768	2768	-402.858	-315.741	-0.147	point		2767,2769	live-route-recording-20260712-170700-z102	proven
20260712-170700-z102	102	2769	2769	-401.980	-318.649	-0.125	point		2768,2770	live-route-recording-20260712-170700-z102	proven
20260712-170700-z102	102	2770	2770	-400.450	-320.044	-0.030	point		2769,2771	live-route-recording-20260712-170700-z102	proven
20260712-170700-z102	102	2771	2771	-398.065	-321.031	-0.066	point		2770,2772	live-route-recording-20260712-170700-z102	proven
20260712-170700-z102	102	2772	2772	-396.506	-320.998	-0.064	point		2771,2773	live-route-recording-20260712-170700-z102	proven
20260712-170700-z102	102	2773	2773	-394.284	-320.111	-0.715	point		2772,2774	live-route-recording-20260712-170700-z102	proven
20260712-170700-z102	102	2774	2774	-393.181	-318.684	-1.114	point		2773,2775	live-route-recording-20260712-170700-z102	proven
20260712-170700-z102	102	2775	2775	-392.003	-316.257	-1.731	point		2774,2776	live-route-recording-20260712-170700-z102	proven
20260712-170700-z102	102	2776	2776	-391.342	-314.879	-1.837	point		2775,2777	live-route-recording-20260712-170700-z102	proven
20260712-170700-z102	102	2777	2777	-390.092	-312.684	-2.523	point		2776,2778	live-route-recording-20260712-170700-z102	proven
20260712-170700-z102	102	2778	2778	-389.024	-310.904	-3.183	point		2777,2779	live-route-recording-20260712-170700-z102	proven
20260712-170700-z102	102	2779	2779	-387.438	-308.262	-3.270	point		2778,2780	live-route-recording-20260712-170700-z102	proven
20260712-170700-z102	102	2780	2780	-386.579	-306.833	-3.351	point		2779,2781	live-route-recording-20260712-170700-z102	proven
20260712-170700-z102	102	2781	2781	-385.056	-304.297	-3.644	point		2780,2782	live-route-recording-20260712-170700-z102	proven
20260712-170700-z102	102	2782	2782	-383.729	-302.088	-4.096	point		2781,2783	live-route-recording-20260712-170700-z102	proven
20260712-170700-z102	102	2783	2783	-382.799	-300.541	-4.032	point		2782,2784	live-route-recording-20260712-170700-z102	proven
20260712-170700-z102	102	2784	2784	-381.023	-298.070	-3.806	point		2783,2785	live-route-recording-20260712-170700-z102	proven
20260712-170700-z102	102	2785	2785	-379.545	-296.670	-3.667	point		2784,2786	live-route-recording-20260712-170700-z102	proven
20260712-170700-z102	102	2786	2786	-377.166	-294.727	-3.713	point		2785,2787	live-route-recording-20260712-170700-z102	proven
20260712-170700-z102	102	2787	2787	-374.960	-292.968	-3.335	point		2786,2788	live-route-recording-20260712-170700-z102	proven
20260712-170700-z102	102	2788	2788	-373.173	-291.548	-2.793	point		2787,2789	live-route-recording-20260712-170700-z102	proven
20260712-170700-z102	102	2789	2789	-370.874	-289.748	-1.988	point		2788,2790	live-route-recording-20260712-170700-z102	proven
20260712-170700-z102	102	2790	2790	-369.204	-288.654	-1.664	point		2789,2791	live-route-recording-20260712-170700-z102	proven
20260712-170700-z102	102	2791	2791	-366.357	-287.586	-1.331	point		2790,2792	live-route-recording-20260712-170700-z102	proven
20260712-170700-z102	102	2792	2792	-364.361	-287.097	-1.201	point		2791,2793	live-route-recording-20260712-170700-z102	proven
20260712-170700-z102	102	2793	2793	-361.384	-286.447	-0.976	point		2792,2794	live-route-recording-20260712-170700-z102	proven
20260712-170700-z102	102	2794	2794	-359.012	-285.922	-0.778	point		2793,2795	live-route-recording-20260712-170700-z102	proven
20260712-170700-z102	102	2795	2795	-356.555	-284.732	-0.332	point		2794,2796	live-route-recording-20260712-170700-z102	proven
20260712-170700-z102	102	2796	2796	-355.597	-283.352	-0.213	point		2795,2797	live-route-recording-20260712-170700-z102	proven
20260712-170700-z102	102	2797	2797	-354.612	-280.688	-0.578	point		2796,2798	live-route-recording-20260712-170700-z102	proven
20260712-170700-z102	102	2798	2798	-354.390	-279.001	-0.661	point		2797,2799	live-route-recording-20260712-170700-z102	proven
20260712-170700-z102	102	2799	2799	-354.243	-275.936	-0.716	point		2798,2800	live-route-recording-20260712-170700-z102	proven
20260712-170700-z102	102	2800	2800	-354.166	-273.531	-0.338	point		2799,2801	live-route-recording-20260712-170700-z102	proven
20260712-170700-z102	102	2801	2801	-354.075	-270.438	-0.206	point		2800,2802	live-route-recording-20260712-170700-z102	proven
20260712-170700-z102	102	2802	2802	-354.016	-268.372	-0.412	point		2801,2803	live-route-recording-20260712-170700-z102	proven
20260712-170700-z102	102	2803	2803	-353.928	-265.302	-0.410	point		2802,2804	live-route-recording-20260712-170700-z102	proven
20260712-170700-z102	102	2804	2804	-353.869	-263.250	-0.503	point		2803,2805	live-route-recording-20260712-170700-z102	proven
20260712-170700-z102	102	2805	2805	-353.780	-260.160	-1.065	point		2804,2806	live-route-recording-20260712-170700-z102	proven
20260712-170700-z102	102	2806	2806	-353.713	-257.792	-1.026	point		2805,2807	live-route-recording-20260712-170700-z102	proven
20260712-170700-z102	102	2807	2807	-353.626	-254.779	-0.743	point		2806,2808	live-route-recording-20260712-170700-z102	proven
20260712-170700-z102	102	2808	2808	-353.575	-252.989	-0.609	point		2807,2809	live-route-recording-20260712-170700-z102	proven
20260712-170700-z102	102	2809	2809	-353.487	-249.909	-0.764	point		2808,2810	live-route-recording-20260712-170700-z102	proven
20260712-170700-z102	102	2810	2810	-353.428	-247.861	-0.710	point		2809,2811	live-route-recording-20260712-170700-z102	proven
20260712-170700-z102	102	2811	2811	-353.338	-244.767	-0.988	point		2810,2812	live-route-recording-20260712-170700-z102	proven
20260712-170700-z102	102	2812	2812	-353.269	-242.344	-1.082	point		2811,2813	live-route-recording-20260712-170700-z102	proven
20260712-170700-z102	102	2813	2813	-353.180	-239.245	-1.116	point		2812,2814	live-route-recording-20260712-170700-z102	proven
20260712-170700-z102	102	2814	2814	-353.121	-237.199	-1.136	point		2813,2815	live-route-recording-20260712-170700-z102	proven
20260712-170700-z102	102	2815	2815	-353.033	-234.126	-0.922	point		2814,2816	live-route-recording-20260712-170700-z102	proven
20260712-170700-z102	102	2816	2816	-352.974	-232.064	-0.707	point		2815,2817	live-route-recording-20260712-170700-z102	proven
20260712-170700-z102	102	2817	2817	-352.885	-228.975	-0.780	point		2816,2818	live-route-recording-20260712-170700-z102	proven
20260712-170700-z102	102	2818	2818	-352.814	-226.516	-0.798	point		2817,2819	live-route-recording-20260712-170700-z102	proven
20260712-170700-z102	102	2819	2819	-352.750	-224.296	-0.882	point		2818,2820	live-route-recording-20260712-170700-z102	proven
20260712-170700-z102	102	2820	2820	-352.662	-221.224	-0.735	point		2819,2821	live-route-recording-20260712-170700-z102	proven
20260712-170700-z102	102	2821	2821	-352.602	-219.160	-0.696	point		2820,2822	live-route-recording-20260712-170700-z102	proven
20260712-170700-z102	102	2822	2822	-352.513	-216.061	-0.747	point		2821,2823	live-route-recording-20260712-170700-z102	proven
20260712-170700-z102	102	2823	2823	-352.454	-214.002	-0.608	point		2822,2824	live-route-recording-20260712-170700-z102	proven
20260712-170700-z102	102	2824	2824	-352.359	-210.695	-0.505	point		2823,2825	live-route-recording-20260712-170700-z102	proven
20260712-170700-z102	102	2825	2825	-352.300	-208.652	-0.514	point		2824,2826	live-route-recording-20260712-170700-z102	proven
20260712-170700-z102	102	2826	2826	-352.197	-205.609	-1.124	point		2825,2827	live-route-recording-20260712-170700-z102	proven
20260712-170700-z102	102	2827	2827	-352.078	-203.680	-1.673	point		2826,2828	live-route-recording-20260712-170700-z102	proven
20260712-170700-z102	102	2828	2828	-351.876	-202.016	-1.817	point		2827,2829	live-route-recording-20260712-170700-z102	proven
20260712-170700-z102	102	2829	2829	-351.301	-199.354	-2.247	point		2828,2830	live-route-recording-20260712-170700-z102	proven
20260712-170700-z102	102	2830	2830	-350.635	-197.166	-2.734	point		2829,2831	live-route-recording-20260712-170700-z102	proven
20260712-170700-z102	102	2831	2831	-349.523	-194.260	-2.821	point		2830,2832	live-route-recording-20260712-170700-z102	proven
20260712-170700-z102	102	2832	2832	-348.739	-192.516	-3.479	point		2831,2833	live-route-recording-20260712-170700-z102	proven
20260712-170700-z102	102	2833	2833	-347.436	-189.705	-3.658	point		2832,2834	live-route-recording-20260712-170700-z102	proven
20260712-170700-z102	102	2834	2834	-346.563	-187.845	-3.500	point		2833,2835	live-route-recording-20260712-170700-z102	proven
20260712-170700-z102	102	2835	2835	-345.665	-185.940	-3.719	point		2834,2836	live-route-recording-20260712-170700-z102	proven
20260712-170700-z102	102	2836	2836	-344.437	-183.364	-3.830	point		2835,2837	live-route-recording-20260712-170700-z102	proven
20260712-170700-z102	102	2837	2837	-343.389	-181.594	-4.009	point		2836,2838	live-route-recording-20260712-170700-z102	proven
20260712-170700-z102	102	2838	2838	-341.418	-179.226	-4.081	point		2837,2839	live-route-recording-20260712-170700-z102	proven
20260712-170700-z102	102	2839	2839	-339.927	-177.806	-3.927	point		2838,2840	live-route-recording-20260712-170700-z102	proven
20260712-170700-z102	102	2840	2840	-337.287	-176.210	-4.199	point		2839,2841	live-route-recording-20260712-170700-z102	proven
20260712-170700-z102	102	2841	2841	-335.417	-175.381	-4.210	point		2840,2842	live-route-recording-20260712-170700-z102	proven
20260712-170700-z102	102	2842	2842	-333.549	-174.623	-3.931	point		2841,2843	live-route-recording-20260712-170700-z102	proven
20260712-170700-z102	102	2843	2843	-330.310	-173.291	-3.493	point		2842,2844	live-route-recording-20260712-170700-z102	proven
20260712-170700-z102	102	2844	2844	-328.372	-172.593	-3.471	point		2843,2845	live-route-recording-20260712-170700-z102	proven
20260712-170700-z102	102	2845	2845	-325.450	-171.606	-3.404	point		2844,2846	live-route-recording-20260712-170700-z102	proven
20260712-170700-z102	102	2846	2846	-323.488	-170.956	-3.494	point		2845,2847	live-route-recording-20260712-170700-z102	proven
20260712-170700-z102	102	2847	2847	-320.544	-169.939	-3.178	point		2846,2848	live-route-recording-20260712-170700-z102	proven
20260712-170700-z102	102	2848	2848	-318.994	-169.168	-2.606	point		2847,2849	live-route-recording-20260712-170700-z102	proven
20260712-170700-z102	102	2849	2849	-317.032	-166.727	-1.204	point		2848,2850	live-route-recording-20260712-170700-z102	proven
20260712-170700-z102	102	2850	2850	-316.977	-164.795	-0.546	point		2849,2851	live-route-recording-20260712-170700-z102	proven
20260712-170700-z102	102	2851	2851	-317.258	-162.996	-0.173	point		2850,2852	live-route-recording-20260712-170700-z102	proven
20260712-170700-z102	102	2852	2852	-317.962	-161.725	-0.129	point		2851,2853	live-route-recording-20260712-170700-z102	proven
20260712-170700-z102	102	2853	2853	-319.786	-160.254	-0.015	point		2852,2854	live-route-recording-20260712-170700-z102	proven
20260712-170700-z102	102	2854	2854	-321.688	-159.457	-0.036	point		2853,2855	live-route-recording-20260712-170700-z102	proven
20260712-170700-z102	102	2855	2855	-323.725	-159.009	-0.314	point		2854,2856	live-route-recording-20260712-170700-z102	proven
20260712-170700-z102	102	2856	2856	-326.657	-158.647	-0.160	point		2855,2857	live-route-recording-20260712-170700-z102	proven
20260712-170700-z102	102	2857	2857	-328.679	-158.345	0.075	point		2856,2858	live-route-recording-20260712-170700-z102	proven
20260712-170700-z102	102	2858	2858	-331.725	-157.856	0.256	point		2857,2859	live-route-recording-20260712-170700-z102	proven
20260712-170700-z102	102	2859	2859	-333.755	-157.612	0.429	point		2858,2860	live-route-recording-20260712-170700-z102	proven
20260712-170700-z102	102	2860	2860	-336.819	-157.415	0.686	point		2859,2861	live-route-recording-20260712-170700-z102	proven
20260712-170700-z102	102	2861	2861	-339.265	-157.322	0.803	point		2860,2862	live-route-recording-20260712-170700-z102	proven
20260712-170700-z102	102	2862	2862	-342.347	-157.220	0.749	point		2861,2863	live-route-recording-20260712-170700-z102	proven
20260712-170700-z102	102	2863	2863	-344.409	-157.121	0.670	point		2862,2864	live-route-recording-20260712-170700-z102	proven
20260712-170700-z102	102	2864	2864	-347.473	-156.915	0.353	point		2863,2865	live-route-recording-20260712-170700-z102	proven
20260712-170700-z102	102	2865	2865	-349.516	-156.787	0.222	point		2864,2866	live-route-recording-20260712-170700-z102	proven
20260712-170700-z102	102	2866	2866	-352.600	-156.699	0.065	point		2865,2867	live-route-recording-20260712-170700-z102	proven
20260712-170700-z102	102	2867	2867	-355.062	-156.549	-0.144	point		2866,2868	live-route-recording-20260712-170700-z102	proven
20260712-170700-z102	102	2868	2868	-357.120	-156.330	-0.231	point		2867,2869	live-route-recording-20260712-170700-z102	proven
20260712-170700-z102	102	2869	2869	-360.365	-155.928	-0.334	point		2868,2870	live-route-recording-20260712-170700-z102	proven
20260712-170700-z102	102	2870	2870	-362.407	-155.659	-0.434	point		2869,2871	live-route-recording-20260712-170700-z102	proven
20260712-170700-z102	102	2871	2871	-365.396	-155.011	-0.232	point		2870,2872	live-route-recording-20260712-170700-z102	proven
20260712-170700-z102	102	2872	2872	-368.076	-153.873	-0.157	point		2469,2871,2873	live-route-recording-20260712-170700-z102	proven
20260712-170700-z102	102	2873	2873	-370.145	-152.758	-0.213	point		2470,2872,2874	live-route-recording-20260712-170700-z102	proven
20260712-170700-z102	102	2874	2874	-372.814	-151.206	-0.260	point		2471,2873,2875	live-route-recording-20260712-170700-z102	proven
20260712-170700-z102	102	2875	2875	-374.604	-150.153	-0.168	point		2472,2874,2876	live-route-recording-20260712-170700-z102	proven
20260712-170700-z102	102	2876	2876	-376.371	-149.110	-0.063	point		2875,2877	live-route-recording-20260712-170700-z102	proven
20260712-170700-z102	102	2877	2877	-379.161	-147.463	0.255	point		2876,2878	live-route-recording-20260712-170700-z102	proven
20260712-170700-z102	102	2878	2878	-381.673	-145.977	0.469	point		2877,2879	live-route-recording-20260712-170700-z102	proven
20260712-170700-z102	102	2879	2879	-383.757	-144.670	0.454	point		2878,2880	live-route-recording-20260712-170700-z102	proven
20260712-170700-z102	102	2880	2880	-386.129	-142.888	0.339	point		2879,2881	live-route-recording-20260712-170700-z102	proven
20260712-170700-z102	102	2881	2881	-387.648	-141.501	0.261	point		2880,2882	live-route-recording-20260712-170700-z102	proven
20260712-170700-z102	102	2882	2882	-389.414	-139.286	0.264	point		2479,2881,2883	live-route-recording-20260712-170700-z102	proven
20260712-170700-z102	102	2883	2883	-390.490	-137.534	0.360	point		2480,2882,2884	live-route-recording-20260712-170700-z102	proven
20260712-170700-z102	102	2884	2884	-391.946	-134.817	0.334	point		2481,2883,2885	live-route-recording-20260712-170700-z102	proven
20260712-170700-z102	102	2885	2885	-393.074	-132.648	0.164	point		2482,2884,2886	live-route-recording-20260712-170700-z102	proven
20260712-170700-z102	102	2886	2886	-394.090	-130.652	-0.097	point		2885,2887	live-route-recording-20260712-170700-z102	proven
20260712-170700-z102	102	2887	2887	-395.173	-127.765	-0.330	point		2886,2888	live-route-recording-20260712-170700-z102	proven
20260712-170700-z102	102	2888	2888	-395.660	-125.761	-0.291	point		2887,2889	live-route-recording-20260712-170700-z102	proven
20260712-170700-z102	102	2889	2889	-396.053	-122.547	-0.288	point		2888,2890	live-route-recording-20260712-170700-z102	proven
20260712-170700-z102	102	2890	2890	-396.329	-119.822	-0.231	point		2487,2889,2891	live-route-recording-20260712-170700-z102	proven
20260712-170700-z102	102	2891	2891	-396.638	-117.671	-0.212	point		2488,2890,2892	live-route-recording-20260712-170700-z102	proven
20260712-170700-z102	102	2892	2892	-397.003	-114.596	-0.120	point		2489,2891,2893	live-route-recording-20260712-170700-z102	proven
20260712-170700-z102	102	2893	2893	-397.173	-112.547	-0.007	point		2490,2892,2894	live-route-recording-20260712-170700-z102	proven
20260712-170700-z102	102	2894	2894	-397.393	-109.463	-0.076	point		2491,2893,2895	live-route-recording-20260712-170700-z102	proven
20260712-170700-z102	102	2895	2895	-397.534	-107.433	-0.205	point		2492,2894,2896	live-route-recording-20260712-170700-z102	proven
20260712-170700-z102	102	2896	2896	-397.742	-104.426	0.335	point		2493,2895,2897	live-route-recording-20260712-170700-z102	proven
20260712-170700-z102	102	2897	2897	-397.906	-102.044	0.545	point		2896,2898	live-route-recording-20260712-170700-z102	proven
20260712-170700-z102	102	2898	2898	-398.116	-98.996	0.736	point		2897,2899	live-route-recording-20260712-170700-z102	proven
20260712-170700-z102	102	2899	2899	-398.270	-96.767	0.704	point		2898,2900	live-route-recording-20260712-170700-z102	proven
20260712-170700-z102	102	2900	2900	-398.362	-94.727	0.564	point		2497,2899,2901	live-route-recording-20260712-170700-z102	proven
20260712-170700-z102	102	2901	2901	-398.264	-91.639	0.271	point		2498,2900,2902	live-route-recording-20260712-170700-z102	proven
20260712-170700-z102	102	2902	2902	-398.054	-88.735	0.124	point		2901,2903	live-route-recording-20260712-170700-z102	proven
20260712-170700-z102	102	2903	2903	-397.963	-86.389	0.010	point		2902,2904	live-route-recording-20260712-170700-z102	proven
20260712-170700-z102	102	2904	2904	-398.486	-83.345	-0.096	point		2903,2905	live-route-recording-20260712-170700-z102	proven
20260712-170700-z102	102	2905	2905	-399.259	-81.404	-0.048	point		2904,2906	live-route-recording-20260712-170700-z102	proven
20260712-170700-z102	102	2906	2906	-400.010	-79.997	-0.002	point		2905,2907	live-route-recording-20260712-170700-z102	proven
20260712-170700-z102	102	2907	2907	-401.803	-77.769	-0.141	point		2906,2908	live-route-recording-20260712-170700-z102	proven
20260712-170700-z102	102	2908	2908	-403.587	-76.112	-0.245	point		2506,2907,2909	live-route-recording-20260712-170700-z102	proven
20260712-170700-z102	102	2909	2909	-405.011	-75.006	-0.317	point		2908,2910	live-route-recording-20260712-170700-z102	proven
20260712-170700-z102	102	2910	2910	-406.822	-73.675	-0.227	point		2909,2911	live-route-recording-20260712-170700-z102	proven
20260712-170700-z102	102	2911	2911	-409.333	-71.850	-0.260	point		2910,2912	live-route-recording-20260712-170700-z102	proven
20260712-170700-z102	102	2912	2912	-411.008	-70.634	-0.330	point		2911,2913	live-route-recording-20260712-170700-z102	proven
20260712-170700-z102	102	2913	2913	-413.500	-68.826	-0.349	point		2912,2914	live-route-recording-20260712-170700-z102	proven
20260712-170700-z102	102	2914	2914	-415.304	-67.516	-0.359	point		2913,2915	live-route-recording-20260712-170700-z102	proven
20260712-170700-z102	102	2915	2915	-417.842	-65.705	-0.107	point		2513,2914,2916	live-route-recording-20260712-170700-z102	proven
20260712-170700-z102	102	2916	2916	-419.520	-64.572	0.239	point		2915,2917	live-route-recording-20260712-170700-z102	proven
20260712-170700-z102	102	2917	2917	-422.099	-62.878	0.073	point		2916,2918	live-route-recording-20260712-170700-z102	proven
20260712-170700-z102	102	2918	2918	-423.956	-61.670	0.177	point		2917,2919	live-route-recording-20260712-170700-z102	proven
20260712-170700-z102	102	2919	2919	-425.682	-60.548	0.101	point		2918,2920	live-route-recording-20260712-170700-z102	proven
20260712-170700-z102	102	2920	2920	-428.202	-58.782	0.081	point		2919,2921	live-route-recording-20260712-170700-z102	proven
20260712-170700-z102	102	2921	2921	-429.726	-57.447	0.195	point		2920,2922	live-route-recording-20260712-170700-z102	proven
20260712-170700-z102	102	2922	2922	-431.848	-55.200	0.374	point		2921,2923	live-route-recording-20260712-170700-z102	proven
20260712-170700-z102	102	2923	2923	-433.113	-53.585	0.290	point		2922,2924	live-route-recording-20260712-170700-z102	proven
20260712-170700-z102	102	2924	2924	-434.484	-50.841	0.056	point		2923,2925	live-route-recording-20260712-170700-z102	proven
20260712-170700-z102	102	2925	2925	-435.074	-49.118	-0.134	point		2924,2926	live-route-recording-20260712-170700-z102	proven
20260712-170700-z102	102	2926	2926	-435.891	-46.391	-0.195	point		2925,2927	live-route-recording-20260712-170700-z102	proven
20260712-170700-z102	102	2927	2927	-436.559	-44.071	-0.217	point		2926,2928	live-route-recording-20260712-170700-z102	proven
20260712-170700-z102	102	2928	2928	-437.192	-42.085	-0.177	point		2927,2929	live-route-recording-20260712-170700-z102	proven
20260712-170700-z102	102	2929	2929	-438.560	-40.231	-0.092	point		2928,2930	live-route-recording-20260712-170700-z102	proven
20260712-170700-z102	102	2930	2930	-440.420	-39.336	-0.043	point		2929,2931	live-route-recording-20260712-170700-z102	proven
20260712-170700-z102	102	2931	2931	-443.238	-38.766	-0.079	point		2930,2932	live-route-recording-20260712-170700-z102	proven
20260712-170700-z102	102	2932	2932	-445.155	-38.560	-0.368	point		2931,2933	live-route-recording-20260712-170700-z102	proven
20260712-170700-z102	102	2933	2933	-448.148	-38.058	-0.189	point		2932,2934	live-route-recording-20260712-170700-z102	proven
20260712-170700-z102	102	2934	2934	-450.126	-37.632	0.154	point		2933,2935	live-route-recording-20260712-170700-z102	proven
20260712-170700-z102	102	2935	2935	-453.143	-36.956	0.330	point		2934,2936	live-route-recording-20260712-170700-z102	proven
20260712-170700-z102	102	2936	2936	-455.150	-36.503	0.504	point		2935,2937	live-route-recording-20260712-170700-z102	proven
20260712-170700-z102	102	2937	2937	-458.157	-35.824	0.619	point		2936,2938	live-route-recording-20260712-170700-z102	proven
20260712-170700-z102	102	2938	2938	-460.174	-35.405	0.521	point		2937,2939	live-route-recording-20260712-170700-z102	proven
20260712-170700-z102	102	2939	2939	-462.214	-35.101	0.301	point		2938,2940	live-route-recording-20260712-170700-z102	proven
20260712-170700-z102	102	2940	2940	-465.543	-34.917	0.184	point		2939,2941	live-route-recording-20260712-170700-z102	proven
20260712-170700-z102	102	2941	2941	-467.601	-34.872	0.211	point		2940,2942	live-route-recording-20260712-170700-z102	proven
20260712-170700-z102	102	2942	2942	-470.654	-34.899	-0.252	point		2941,2943	live-route-recording-20260712-170700-z102	proven
20260712-170700-z102	102	2943	2943	-472.861	-35.031	-0.366	point		2942,2944	live-route-recording-20260712-170700-z102	proven
20260712-170700-z102	102	2944	2944	-475.930	-35.273	-0.429	point		2943,2945	live-route-recording-20260712-170700-z102	proven
20260712-170700-z102	102	2945	2945	-477.809	-35.428	-0.521	point		2944,2946	live-route-recording-20260712-170700-z102	proven
20260712-170700-z102	102	2946	2946	-480.219	-35.597	-0.457	point		2945,2947	live-route-recording-20260712-170700-z102	proven
20260712-170700-z102	102	2947	2947	-482.914	-35.274	-0.580	point		2946,2948	live-route-recording-20260712-170700-z102	proven
20260712-170700-z102	102	2948	2948	-484.703	-34.581	-0.531	point		2947,2949	live-route-recording-20260712-170700-z102	proven
20260712-170700-z102	102	2949	2949	-487.506	-33.348	-0.209	point		2948,2950	live-route-recording-20260712-170700-z102	proven
20260712-170700-z102	102	2950	2950	-489.381	-32.494	-0.226	point		2949,2951	live-route-recording-20260712-170700-z102	proven
20260712-170700-z102	102	2951	2951	-492.126	-31.100	-0.303	point		2950,2952	live-route-recording-20260712-170700-z102	proven
20260712-170700-z102	102	2952	2952	-494.171	-29.944	-0.246	point		2951,2953	live-route-recording-20260712-170700-z102	proven
20260712-170700-z102	102	2953	2953	-496.828	-28.394	-0.067	point		2952,2954	live-route-recording-20260712-170700-z102	proven
20260712-170700-z102	102	2954	2954	-498.721	-27.283	0.150	point		2953,2955	live-route-recording-20260712-170700-z102	proven
20260712-170700-z102	102	2955	2955	-500.477	-26.249	0.434	point		2954,2956	live-route-recording-20260712-170700-z102	proven
20260712-170700-z102	102	2956	2956	-503.233	-24.483	0.452	point		2554,2955,2957	live-route-recording-20260712-170700-z102	proven
20260712-170700-z102	102	2957	2957	-505.374	-22.748	0.318	point		2956,2958	live-route-recording-20260712-170700-z102	proven
20260712-170700-z102	102	2958	2958	-507.256	-20.938	0.200	point		2957,2959	live-route-recording-20260712-170700-z102	proven
20260712-170700-z102	102	2959	2959	-508.613	-19.407	0.192	point		2958,2960	live-route-recording-20260712-170700-z102	proven
20260712-170700-z102	102	2960	2960	-510.677	-16.879	0.377	point		2959,2961	live-route-recording-20260712-170700-z102	proven
20260712-170700-z102	102	2961	2961	-511.879	-15.221	0.380	point		2960,2962	live-route-recording-20260712-170700-z102	proven
20260712-170700-z102	102	2962	2962	-513.504	-12.413	0.179	point		2961,2963	live-route-recording-20260712-170700-z102	proven
20260712-170700-z102	102	2963	2963	-514.270	-10.897	0.001	point		2962,2964	live-route-recording-20260712-170700-z102	proven
20260712-170700-z102	102	2964	2964	-515.351	-7.991	-0.288	point		2963,2965	live-route-recording-20260712-170700-z102	proven
20260712-170700-z102	102	2965	2965	-515.948	-6.025	-0.197	point		2964,2966	live-route-recording-20260712-170700-z102	proven
20260712-170700-z102	102	2966	2966	-516.807	-3.171	-0.201	point		2965,2967	live-route-recording-20260712-170700-z102	proven
20260712-170700-z102	102	2967	2967	-517.596	-1.756	-0.152	point		2565,2966,2968	live-route-recording-20260712-170700-z102	proven
20260712-170700-z102	102	2968	2968	-519.898	-0.119	-0.008	point		2967,2969	live-route-recording-20260712-170700-z102	proven
20260712-170700-z102	102	2969	2969	-521.573	0.559	-0.037	point		2968,2970	live-route-recording-20260712-170700-z102	proven
20260712-170700-z102	102	2970	2970	-524.254	1.183	-0.076	point		2969,2971	live-route-recording-20260712-170700-z102	proven
20260712-170700-z102	102	2971	2971	-527.374	1.627	0.064	point		2970,2972	live-route-recording-20260712-170700-z102	proven
20260712-170700-z102	102	2972	2972	-529.420	1.863	0.108	point		2971,2973	live-route-recording-20260712-170700-z102	proven
20260712-170700-z102	102	2973	2973	-532.473	2.036	0.065	point		2572,2972,2974	live-route-recording-20260712-170700-z102	proven
20260712-170700-z102	102	2974	2974	-534.506	2.087	0.297	point		2573,2973,2975	live-route-recording-20260712-170700-z102	proven
20260712-170700-z102	102	2975	2975	-537.583	2.141	0.508	point		2574,2974,2976	live-route-recording-20260712-170700-z102	proven
20260712-170700-z102	102	2976	2976	-539.973	2.131	0.615	point		2575,2975,2977	live-route-recording-20260712-170700-z102	proven
20260712-170700-z102	102	2977	2977	-542.928	1.992	0.617	point		2576,2976,2978	live-route-recording-20260712-170700-z102	proven
20260712-170700-z102	102	2978	2978	-544.659	1.891	0.610	point		2977,2979	live-route-recording-20260712-170700-z102	proven
20260712-170700-z102	102	2979	2979	-546.710	1.908	0.404	point		2978,2980	live-route-recording-20260712-170700-z102	proven
20260712-170700-z102	102	2980	2980	-549.811	2.054	0.186	point		2979,2981	live-route-recording-20260712-170700-z102	proven
20260712-170700-z102	102	2981	2981	-552.723	2.229	0.026	point		2580,2980,2982	live-route-recording-20260712-170700-z102	proven
20260712-170700-z102	102	2982	2982	-555.120	2.253	-0.077	point		2581,2981,2983	live-route-recording-20260712-170700-z102	proven
20260712-170700-z102	102	2983	2983	-558.121	1.596	-0.101	point		2982,2984	live-route-recording-20260712-170700-z102	proven
20260712-170700-z102	102	2984	2984	-560.018	0.813	-0.052	point		2983,2985	live-route-recording-20260712-170700-z102	proven
20260712-170700-z102	102	2985	2985	-562.614	-0.826	-0.165	point		2984,2986	live-route-recording-20260712-170700-z102	proven
20260712-170700-z102	102	2986	2986	-564.078	-2.252	-0.336	point		2985,2987	live-route-recording-20260712-170700-z102	proven
20260712-170700-z102	102	2987	2987	-565.576	-4.516	-0.632	point		2986,2988	live-route-recording-20260712-170700-z102	proven
20260712-170700-z102	102	2988	2988	-566.755	-6.566	-0.262	point		2587,2987,2989	live-route-recording-20260712-170700-z102	proven
20260712-170700-z102	102	2989	2989	-568.264	-9.256	-0.267	point		2988,2990	live-route-recording-20260712-170700-z102	proven
20260712-170700-z102	102	2990	2990	-569.268	-11.054	-0.324	point		2589,2989,2991	live-route-recording-20260712-170700-z102	proven
20260712-170700-z102	102	2991	2991	-570.359	-13.010	-0.331	point		2590,2990,2992	live-route-recording-20260712-170700-z102	proven
20260712-170700-z102	102	2992	2992	-571.948	-15.852	-0.291	point		2991,2993	live-route-recording-20260712-170700-z102	proven
20260712-170700-z102	102	2993	2993	-573.059	-17.781	-0.076	point		2992,2994	live-route-recording-20260712-170700-z102	proven
20260712-170700-z102	102	2994	2994	-574.822	-20.512	0.384	point		2993,2995	live-route-recording-20260712-170700-z102	proven
20260712-170700-z102	102	2995	2995	-576.181	-22.483	0.398	point		2994,2996	live-route-recording-20260712-170700-z102	proven
20260712-170700-z102	102	2996	2996	-577.354	-24.167	0.303	point		2995,2997	live-route-recording-20260712-170700-z102	proven
20260712-170700-z102	102	2997	2997	-579.124	-26.686	0.181	point		2996,2998	live-route-recording-20260712-170700-z102	proven
20260712-170700-z102	102	2998	2998	-580.464	-28.444	0.177	point		2997,2999	live-route-recording-20260712-170700-z102	proven
20260712-170700-z102	102	2999	2999	-582.725	-30.784	0.386	point		2998,3000	live-route-recording-20260712-170700-z102	proven
20260712-170700-z102	102	3000	3000	-584.518	-32.230	0.441	point		2999,3001	live-route-recording-20260712-170700-z102	proven
20260712-170700-z102	102	3001	3001	-587.075	-33.948	0.279	point		3000,3002	live-route-recording-20260712-170700-z102	proven
20260712-170700-z102	102	3002	3002	-588.903	-34.891	0.171	point		3001,3003	live-route-recording-20260712-170700-z102	proven
20260712-170700-z102	102	3003	3003	-590.840	-35.698	0.039	point		3002,3004	live-route-recording-20260712-170700-z102	proven
20260712-170700-z102	102	3004	3004	-593.287	-36.603	-0.079	point		3003,3005	live-route-recording-20260712-170700-z102	proven
20260712-170700-z102	102	3005	3005	-595.616	-37.617	-0.132	point		3004,3006	live-route-recording-20260712-170700-z102	proven
20260712-170700-z102	102	3006	3006	-597.094	-38.900	-0.070	point		3005,3007	live-route-recording-20260712-170700-z102	proven
20260712-170700-z102	102	3007	3007	-598.630	-41.295	0.000	point		3006,3008	live-route-recording-20260712-170700-z102	proven
20260712-170700-z102	102	3008	3008	-599.462	-43.184	0.000	point		3007,3009	live-route-recording-20260712-170700-z102	proven
20260712-170700-z102	102	3009	3009	-600.403	-45.993	-0.043	point		3008,3010	live-route-recording-20260712-170700-z102	proven
20260712-170700-z102	102	3010	3010	-600.872	-47.988	0.074	point		2609,3009,3011	live-route-recording-20260712-170700-z102	proven
20260712-170700-z102	102	3011	3011	-601.485	-50.900	0.249	point		3010,3012	live-route-recording-20260712-170700-z102	proven
20260712-170700-z102	102	3012	3012	-601.981	-53.290	0.407	point		2611,3011,3013	live-route-recording-20260712-170700-z102	proven
20260712-170700-z102	102	3013	3013	-602.604	-56.306	0.660	point		3012,3014	live-route-recording-20260712-170700-z102	proven
20260712-170700-z102	102	3014	3014	-603.024	-58.342	0.737	point		2613,3013,3015	live-route-recording-20260712-170700-z102	proven
20260712-170700-z102	102	3015	3015	-603.651	-61.376	0.741	point		3014,3016	live-route-recording-20260712-170700-z102	proven
20260712-170700-z102	102	3016	3016	-604.014	-63.423	0.692	point		3015,3017	live-route-recording-20260712-170700-z102	proven
20260712-170700-z102	102	3017	3017	-604.113	-66.244	0.404	point		3016,3018	live-route-recording-20260712-170700-z102	proven
20260712-170700-z102	102	3018	3018	-603.934	-68.542	0.188	point		3017,3019	live-route-recording-20260712-170700-z102	proven
20260712-170700-z102	102	3019	3019	-603.584	-71.599	0.107	point		3018,3020	live-route-recording-20260712-170700-z102	proven
20260712-170700-z102	102	3020	3020	-603.143	-73.480	0.004	point		3019,3021	live-route-recording-20260712-170700-z102	proven
20260712-170700-z102	102	3021	3021	-601.918	-76.055	-0.129	point		3020,3022	live-route-recording-20260712-170700-z102	proven
20260712-170700-z102	102	3022	3022	-600.832	-77.517	-0.054	point		3021,3023	live-route-recording-20260712-170700-z102	proven
20260712-170700-z102	102	3023	3023	-598.685	-79.590	0.000	point		3022,3024	live-route-recording-20260712-170700-z102	proven
20260712-170700-z102	102	3024	3024	-597.142	-80.927	-0.060	point		3023,3025	live-route-recording-20260712-170700-z102	proven
20260712-170700-z102	102	3025	3025	-594.885	-82.829	-0.124	point		3024,3026	live-route-recording-20260712-170700-z102	proven
20260712-170700-z102	102	3026	3026	-593.336	-84.008	-0.120	point		3025,3027	live-route-recording-20260712-170700-z102	proven
20260712-170700-z102	102	3027	3027	-591.522	-85.287	-0.115	point		3026,3028	live-route-recording-20260712-170700-z102	proven
20260712-170700-z102	102	3028	3028	-589.278	-86.828	-0.220	point		3027,3029	live-route-recording-20260712-170700-z102	proven
20260712-170700-z102	102	3029	3029	-586.879	-88.470	-0.182	point		3028,3030	live-route-recording-20260712-170700-z102	proven
20260712-170700-z102	102	3030	3030	-584.884	-89.836	-0.103	point		3029,3031	live-route-recording-20260712-170700-z102	proven
20260712-170700-z102	102	3031	3031	-582.342	-91.575	0.093	point		3030,3032	live-route-recording-20260712-170700-z102	proven
20260712-170700-z102	102	3032	3032	-580.645	-92.736	0.299	point		3031,3033	live-route-recording-20260712-170700-z102	proven
20260712-170700-z102	102	3033	3033	-578.085	-94.488	0.456	point		3032,3034	live-route-recording-20260712-170700-z102	proven
20260712-170700-z102	102	3034	3034	-576.390	-95.648	0.448	point		3033,3035	live-route-recording-20260712-170700-z102	proven
20260712-170700-z102	102	3035	3035	-573.840	-97.415	0.322	point		3034,3036	live-route-recording-20260712-170700-z102	proven
20260712-170700-z102	102	3036	3036	-571.986	-98.990	0.222	point		3035,3037	live-route-recording-20260712-170700-z102	proven
20260712-170700-z102	102	3037	3037	-570.149	-101.166	0.303	point		3036,3038	live-route-recording-20260712-170700-z102	proven
20260712-170700-z102	102	3038	3038	-568.865	-102.792	0.418	point		3037,3039	live-route-recording-20260712-170700-z102	proven
20260712-170700-z102	102	3039	3039	-566.963	-105.224	0.422	point		3038,3040	live-route-recording-20260712-170700-z102	proven
20260712-170700-z102	102	3040	3040	-565.775	-106.905	0.313	point		3039,3041	live-route-recording-20260712-170700-z102	proven
20260712-170700-z102	102	3041	3041	-564.233	-109.561	0.190	point		3040,3042	live-route-recording-20260712-170700-z102	proven
20260712-170700-z102	102	3042	3042	-563.345	-111.559	0.034	point		3041,3043	live-route-recording-20260712-170700-z102	proven
20260712-170700-z102	102	3043	3043	-562.593	-113.466	-0.038	point		3042,3044	live-route-recording-20260712-170700-z102	proven
20260712-170700-z102	102	3044	3044	-561.373	-116.665	-0.087	point		3043,3045	live-route-recording-20260712-170700-z102	proven
20260712-170700-z102	102	3045	3045	-560.554	-118.560	-0.036	point		3044,3046	live-route-recording-20260712-170700-z102	proven
20260712-170700-z102	102	3046	3046	-559.137	-121.303	0.052	point		3045,3047	live-route-recording-20260712-170700-z102	proven
20260712-170700-z102	102	3047	3047	-557.858	-123.607	0.132	point		3046,3048	live-route-recording-20260712-170700-z102	proven
20260712-170700-z102	102	3048	3048	-556.800	-125.497	0.272	point		3047,3049	live-route-recording-20260712-170700-z102	proven
20260712-170700-z102	102	3049	3049	-555.292	-128.184	0.419	point		3048,3050	live-route-recording-20260712-170700-z102	proven
20260712-170700-z102	102	3050	3050	-554.289	-129.973	0.247	point		3049,3051	live-route-recording-20260712-170700-z102	proven
20260712-170700-z102	102	3051	3051	-553.248	-131.828	0.028	point		3050,3052	live-route-recording-20260712-170700-z102	proven
20260712-170700-z102	102	3052	3052	-553.248	-131.828	0.028	mark	cliff path 2 bottom	3051,3053	live-route-recording-20260712-170700-z102	proven
20260712-170700-z102	102	3053	3053	-553.780	-133.700	-0.393	point		3052,3054	live-route-recording-20260712-170700-z102	proven
20260712-170700-z102	102	3054	3054	-555.132	-136.313	-0.940	point		3053,3055	live-route-recording-20260712-170700-z102	proven
20260712-170700-z102	102	3055	3055	-555.848	-137.904	-1.277	point		2652,3054,3056	live-route-recording-20260712-170700-z102	proven
20260712-170700-z102	102	3056	3056	-557.013	-140.780	-1.686	point		3055,3057	live-route-recording-20260712-170700-z102	proven
20260712-170700-z102	102	3057	3057	-557.727	-142.452	-1.697	point		3056,3058	live-route-recording-20260712-170700-z102	proven
20260712-170700-z102	102	3058	3058	-559.798	-144.455	-1.797	point		3057,3059	live-route-recording-20260712-170700-z102	proven
20260712-170700-z102	102	3059	3059	-561.233	-142.880	-2.203	point		3058,3060	live-route-recording-20260712-170700-z102	proven
20260712-170700-z102	102	3060	3060	-561.973	-139.897	-2.619	point		3059,3061	live-route-recording-20260712-170700-z102	proven
20260712-170700-z102	102	3061	3061	-562.482	-137.909	-2.885	point		3060,3062	live-route-recording-20260712-170700-z102	proven
20260712-170700-z102	102	3062	3062	-563.324	-135.218	-3.419	point		3061,3063	live-route-recording-20260712-170700-z102	proven
20260712-170700-z102	102	3063	3063	-564.318	-133.548	-3.976	point		3062,3064	live-route-recording-20260712-170700-z102	proven
20260712-170700-z102	102	3064	3064	-566.075	-131.229	-4.373	point		3063,3065	live-route-recording-20260712-170700-z102	proven
20260712-170700-z102	102	3065	3065	-566.914	-130.153	-4.414	point		3064,3066	live-route-recording-20260712-170700-z102	proven
20260712-170700-z102	102	3066	3066	-567.564	-128.924	-4.439	point		3065,3067	live-route-recording-20260712-170700-z102	proven
20260712-170700-z102	102	3067	3067	-568.056	-128.019	-4.482	point		3066,3068	live-route-recording-20260712-170700-z102	proven
20260712-170700-z102	102	3068	3068	-569.481	-127.528	-4.793	point		3067,3069	live-route-recording-20260712-170700-z102	proven
20260712-170700-z102	102	3069	3069	-570.266	-128.318	-4.904	point		3068,3070	live-route-recording-20260712-170700-z102	proven
20260712-170700-z102	102	3070	3070	-569.976	-129.627	-4.918	point		3069,3071	live-route-recording-20260712-170700-z102	proven
20260712-170700-z102	102	3071	3071	-571.311	-131.464	-5.511	point		3070,3072	live-route-recording-20260712-170700-z102	proven
20260712-170700-z102	102	3072	3072	-572.175	-132.951	-6.076	point		3071,3073	live-route-recording-20260712-170700-z102	proven
20260712-170700-z102	102	3073	3073	-571.974	-134.760	-6.645	point		3072,3074	live-route-recording-20260712-170700-z102	proven
20260712-170700-z102	102	3074	3074	-571.894	-137.339	-7.232	point		3073,3075	live-route-recording-20260712-170700-z102	proven
20260712-170700-z102	102	3075	3075	-572.281	-139.015	-7.613	point		3074,3076	live-route-recording-20260712-170700-z102	proven
20260712-170700-z102	102	3076	3076	-573.343	-140.190	-8.086	point		3075,3077	live-route-recording-20260712-170700-z102	proven
20260712-170700-z102	102	3077	3077	-574.717	-140.107	-8.412	point		3076,3078	live-route-recording-20260712-170700-z102	proven
20260712-170700-z102	102	3078	3078	-576.105	-138.739	-8.512	point		3077,3079	live-route-recording-20260712-170700-z102	proven
20260712-170700-z102	102	3079	3079	-576.682	-136.906	-8.348	point		3078,3080	live-route-recording-20260712-170700-z102	proven
20260712-170700-z102	102	3080	3080	-577.321	-133.716	-8.215	point		3079,3081	live-route-recording-20260712-170700-z102	proven
20260712-170700-z102	102	3081	3081	-577.711	-131.938	-8.202	point		3080,3082	live-route-recording-20260712-170700-z102	proven
20260712-170700-z102	102	3082	3082	-578.118	-129.159	-8.216	point		3081,3083	live-route-recording-20260712-170700-z102	proven
20260712-170700-z102	102	3083	3083	-578.271	-127.176	-8.309	point		3082,3084	live-route-recording-20260712-170700-z102	proven
20260712-170700-z102	102	3084	3084	-578.471	-124.130	-8.669	point		3083,3085	live-route-recording-20260712-170700-z102	proven
20260712-170700-z102	102	3085	3085	-578.651	-122.082	-8.939	point		3084,3086	live-route-recording-20260712-170700-z102	proven
20260712-170700-z102	102	3086	3086	-579.230	-119.054	-9.026	point		3085,3087	live-route-recording-20260712-170700-z102	proven
20260712-170700-z102	102	3087	3087	-579.945	-117.130	-9.233	point		3086,3088	live-route-recording-20260712-170700-z102	proven
20260712-170700-z102	102	3088	3088	-581.525	-114.488	-9.477	point		3087,3089	live-route-recording-20260712-170700-z102	proven
20260712-170700-z102	102	3089	3089	-582.957	-113.167	-9.671	point		3088,3090	live-route-recording-20260712-170700-z102	proven
20260712-170700-z102	102	3090	3090	-584.785	-111.896	-10.024	point		3089,3091	live-route-recording-20260712-170700-z102	proven
20260712-170700-z102	102	3091	3091	-587.411	-109.694	-10.377	point		3090,3092	live-route-recording-20260712-170700-z102	proven
20260712-170700-z102	102	3092	3092	-588.901	-108.271	-10.429	point		3091,3093	live-route-recording-20260712-170700-z102	proven
20260712-170700-z102	102	3093	3093	-589.937	-107.587	-10.554	point		3092,3094	live-route-recording-20260712-170700-z102	proven
20260712-170700-z102	102	3094	3094	-591.878	-107.809	-11.485	point		3093,3095	live-route-recording-20260712-170700-z102	proven
20260712-170700-z102	102	3095	3095	-594.469	-108.505	-12.456	point		3094,3096	live-route-recording-20260712-170700-z102	proven
20260712-170700-z102	102	3096	3096	-596.419	-109.044	-13.118	point		3095,3097	live-route-recording-20260712-170700-z102	proven
20260712-170700-z102	102	3097	3097	-599.393	-109.868	-13.467	point		3096,3098	live-route-recording-20260712-170700-z102	proven
20260712-170700-z102	102	3098	3098	-601.371	-110.415	-13.700	point		3097,3099	live-route-recording-20260712-170700-z102	proven
20260712-170700-z102	102	3099	3099	-604.271	-111.075	-13.872	point		3098,3100	live-route-recording-20260712-170700-z102	proven
20260712-170700-z102	102	3100	3100	-606.047	-111.175	-14.131	point		3099,3101	live-route-recording-20260712-170700-z102	proven
20260712-170700-z102	102	3101	3101	-608.682	-110.279	-13.699	point		3100,3102	live-route-recording-20260712-170700-z102	proven
20260712-170700-z102	102	3102	3102	-610.403	-109.409	-13.933	point		3101,3103	live-route-recording-20260712-170700-z102	proven
20260712-170700-z102	102	3103	3103	-613.136	-107.964	-14.104	point		3102,3104	live-route-recording-20260712-170700-z102	proven
20260712-170700-z102	102	3104	3104	-614.953	-106.995	-14.071	point		3103,3105	live-route-recording-20260712-170700-z102	proven
20260712-170700-z102	102	3105	3105	-617.668	-105.543	-14.063	point		3104,3106	live-route-recording-20260712-170700-z102	proven
20260712-170700-z102	102	3106	3106	-620.239	-104.167	-14.068	point		3105,3107	live-route-recording-20260712-170700-z102	proven
20260712-170700-z102	102	3107	3107	-622.040	-103.204	-13.907	point		3106,3108	live-route-recording-20260712-170700-z102	proven
20260712-170700-z102	102	3108	3108	-624.762	-101.747	-14.102	point		3107,3109	live-route-recording-20260712-170700-z102	proven
20260712-170700-z102	102	3109	3109	-626.542	-100.795	-14.042	point		3108,3110	live-route-recording-20260712-170700-z102	proven
20260712-170700-z102	102	3110	3110	-629.230	-99.313	-13.831	point		3109,3111	live-route-recording-20260712-170700-z102	proven
20260712-170700-z102	102	3111	3111	-630.656	-98.202	-13.940	point		3110,3112	live-route-recording-20260712-170700-z102	proven
20260712-170700-z102	102	3112	3112	-631.932	-96.092	-14.259	point		3111,3113	live-route-recording-20260712-170700-z102	proven
20260712-170700-z102	102	3113	3113	-632.598	-94.499	-14.513	point		3112,3114	live-route-recording-20260712-170700-z102	proven
20260712-170700-z102	102	3114	3114	-632.618	-94.451	-14.521	mark	cliff path 2 top	3113,3115	live-route-recording-20260712-170700-z102	proven
20260712-170700-z102	102	3115	3115	-633.383	-92.472	-14.795	point		3114,3116	live-route-recording-20260712-170700-z102	proven
20260712-170700-z102	102	3116	3116	-634.504	-89.505	-15.112	point		3115,3117	live-route-recording-20260712-170700-z102	proven
20260712-170700-z102	102	3117	3117	-635.225	-87.596	-15.358	point		3116,3118	live-route-recording-20260712-170700-z102	proven
20260712-170700-z102	102	3118	3118	-636.324	-84.688	-15.968	point		3117,3119	live-route-recording-20260712-170700-z102	proven
20260712-170700-z102	102	3119	3119	-637.007	-82.881	-16.000	point		3118,3120	live-route-recording-20260712-170700-z102	proven
20260712-170700-z102	102	3120	3120	-638.105	-79.976	-16.000	point		3119,3121	live-route-recording-20260712-170700-z102	proven
20260712-170700-z102	102	3121	3121	-638.831	-78.054	-16.000	point		3120,3122	live-route-recording-20260712-170700-z102	proven
20260712-170700-z102	102	3122	3122	-640.004	-75.333	-15.968	point		3121,3123	live-route-recording-20260712-170700-z102	proven
20260712-170700-z102	102	3123	3123	-640.914	-73.756	-15.889	point		3122,3124	live-route-recording-20260712-170700-z102	proven
20260712-170700-z102	102	3124	3124	-642.544	-71.134	-15.758	point		3123,3125	live-route-recording-20260712-170700-z102	proven
20260712-170700-z102	102	3125	3125	-644.035	-68.784	-15.689	point		3124,3126	live-route-recording-20260712-170700-z102	proven
20260712-170700-z102	102	3126	3126	-645.267	-66.848	-16.088	point		3125,3127	live-route-recording-20260712-170700-z102	proven
20260712-170700-z102	102	3127	3127	-646.922	-64.249	-16.535	point		3126,3128	live-route-recording-20260712-170700-z102	proven
20260712-170700-z102	102	3128	3128	-648.017	-62.529	-16.902	point		3127,3129	live-route-recording-20260712-170700-z102	proven
20260712-170700-z102	102	3129	3129	-649.118	-60.802	-17.324	point		3128,3130	live-route-recording-20260712-170700-z102	proven
20260712-170700-z102	102	3130	3130	-650.894	-58.073	-17.579	point		3129,3131	live-route-recording-20260712-170700-z102	proven
20260712-170700-z102	102	3131	3131	-652.715	-55.839	-17.642	point		3130,3132	live-route-recording-20260712-170700-z102	proven
20260712-170700-z102	102	3132	3132	-654.400	-54.202	-17.497	point		3131,3133	live-route-recording-20260712-170700-z102	proven
20260712-170700-z102	102	3133	3133	-655.861	-52.835	-17.367	point		3132,3134	live-route-recording-20260712-170700-z102	proven
20260712-170700-z102	102	3134	3134	-658.099	-50.759	-16.891	point		3133,3135	live-route-recording-20260712-170700-z102	proven
20260712-170700-z102	102	3135	3135	-659.847	-49.143	-16.712	point		3134,3136	live-route-recording-20260712-170700-z102	proven
20260712-170700-z102	102	3136	3136	-662.067	-47.137	-16.280	point		3135,3137	live-route-recording-20260712-170700-z102	proven
20260712-170700-z102	102	3137	3137	-663.833	-45.832	-15.894	point		3136,3138	live-route-recording-20260712-170700-z102	proven
20260712-170700-z102	102	3138	3138	-666.635	-44.085	-15.552	point		3137,3139	live-route-recording-20260712-170700-z102	proven
20260712-170700-z102	102	3139	3139	-668.562	-42.949	-15.629	point		3138,3140	live-route-recording-20260712-170700-z102	proven
20260712-170700-z102	102	3140	3140	-670.352	-41.902	-15.719	point		3139,3141	live-route-recording-20260712-170700-z102	proven
20260712-170700-z102	102	3141	3141	-673.030	-40.337	-15.853	point		3140,3142	live-route-recording-20260712-170700-z102	proven
20260712-170700-z102	102	3142	3142	-674.820	-39.292	-15.942	point		3141,3143	live-route-recording-20260712-170700-z102	proven
20260712-170700-z102	102	3143	3143	-677.465	-37.748	-16.038	point		3142,3144	live-route-recording-20260712-170700-z102	proven
20260712-170700-z102	102	3144	3144	-680.143	-36.185	-16.240	point		3143,3145	live-route-recording-20260712-170700-z102	proven
20260712-170700-z102	102	3145	3145	-681.910	-35.148	-16.305	point		3144,3146	live-route-recording-20260712-170700-z102	proven
20260712-170700-z102	102	3146	3146	-684.558	-33.289	-16.406	point		3145,3147	live-route-recording-20260712-170700-z102	proven
20260712-170700-z102	102	3147	3147	-686.042	-31.875	-16.469	point		3146,3148	live-route-recording-20260712-170700-z102	proven
20260712-170700-z102	102	3148	3148	-687.837	-29.374	-16.797	point		3147,3149	live-route-recording-20260712-170700-z102	proven
20260712-170700-z102	102	3149	3149	-688.848	-27.575	-16.956	point		3148,3150	live-route-recording-20260712-170700-z102	proven
20260712-170700-z102	102	3150	3150	-690.296	-24.787	-16.794	point		3149,3151	live-route-recording-20260712-170700-z102	proven
20260712-170700-z102	102	3151	3151	-691.219	-22.956	-16.905	point		3150,3152	live-route-recording-20260712-170700-z102	proven
20260712-170700-z102	102	3152	3152	-692.661	-20.057	-17.131	point		3151,3153	live-route-recording-20260712-170700-z102	proven
20260712-170700-z102	102	3153	3153	-693.500	-18.196	-16.932	point		3152,3154	live-route-recording-20260712-170700-z102	proven
20260712-170700-z102	102	3154	3154	-694.578	-15.123	-16.652	point		3153,3155	live-route-recording-20260712-170700-z102	proven
20260712-170700-z102	102	3155	3155	-695.139	-13.143	-16.571	point		3154,3156	live-route-recording-20260712-170700-z102	proven
20260712-170700-z102	102	3156	3156	-695.922	-10.142	-16.448	point		3155,3157	live-route-recording-20260712-170700-z102	proven
20260712-170700-z102	102	3157	3157	-696.429	-8.136	-16.335	point		3156,3158	live-route-recording-20260712-170700-z102	proven
20260712-170700-z102	102	3158	3158	-697.180	-5.139	-16.448	point		3157,3159	live-route-recording-20260712-170700-z102	proven
20260712-170700-z102	102	3159	3159	-697.681	-3.133	-16.759	point		3158,3160	live-route-recording-20260712-170700-z102	proven
20260712-170700-z102	102	3160	3160	-698.432	-0.127	-16.703	point		3159,3161	live-route-recording-20260712-170700-z102	proven
20260712-170700-z102	102	3161	3161	-699.118	2.621	-16.453	point		3160,3162	live-route-recording-20260712-170700-z102	proven
20260712-170700-z102	102	3162	3162	-699.685	4.892	-15.698	point		3161,3163	live-route-recording-20260712-170700-z102	proven
20260712-170700-z102	102	3163	3163	-700.425	7.856	-15.154	point		3162,3164	live-route-recording-20260712-170700-z102	proven
20260712-170700-z102	102	3164	3164	-700.925	9.857	-15.032	point		3163,3165	live-route-recording-20260712-170700-z102	proven
20260712-170700-z102	102	3165	3165	-701.662	12.808	-14.817	point		3164,3166	live-route-recording-20260712-170700-z102	proven
20260712-170700-z102	102	3166	3166	-702.154	14.773	-14.445	point		3165,3167	live-route-recording-20260712-170700-z102	proven
20260712-170700-z102	102	3167	3167	-702.890	17.723	-14.090	point		3166,3168	live-route-recording-20260712-170700-z102	proven
20260712-170700-z102	102	3168	3168	-703.471	20.046	-13.736	point		3167,3169	live-route-recording-20260712-170700-z102	proven
20260712-170700-z102	102	3169	3169	-704.191	22.932	-13.171	point		3168,3170	live-route-recording-20260712-170700-z102	proven
20260712-170700-z102	102	3170	3170	-704.630	24.691	-12.675	point		3169,3171	live-route-recording-20260712-170700-z102	proven
20260712-170700-z102	102	3171	3171	-705.280	27.291	-11.170	point		3170,3172	live-route-recording-20260712-170700-z102	proven
20260712-170700-z102	102	3172	3172	-705.769	29.251	-10.602	point		3171,3173	live-route-recording-20260712-170700-z102	proven
20260712-170700-z102	102	3173	3173	-706.499	32.174	-10.164	point		3172,3174	live-route-recording-20260712-170700-z102	proven
20260712-170700-z102	102	3174	3174	-707.107	34.606	-9.424	point		3173,3175	live-route-recording-20260712-170700-z102	proven
20260712-170700-z102	102	3175	3175	-707.606	36.604	-9.000	point		3174,3176	live-route-recording-20260712-170700-z102	proven
20260712-170700-z102	102	3176	3176	-708.352	39.595	-8.962	point		3175,3177	live-route-recording-20260712-170700-z102	proven
20260712-170700-z102	102	3177	3177	-708.852	41.593	-8.900	point		3176,3178	live-route-recording-20260712-170700-z102	proven
20260712-170700-z102	102	3178	3178	-709.599	44.587	-8.800	point		3177,3179	live-route-recording-20260712-170700-z102	proven
20260712-170700-z102	102	3179	3179	-710.096	46.577	-8.656	point		3178,3180	live-route-recording-20260712-170700-z102	proven
20260712-170700-z102	102	3180	3180	-710.888	49.747	-8.463	point		3179,3181	live-route-recording-20260712-170700-z102	proven
20260712-170700-z102	102	3181	3181	-711.388	51.750	-8.486	point		3180,3182	live-route-recording-20260712-170700-z102	proven
20260712-170700-z102	102	3182	3182	-712.136	54.741	-8.498	point		3181,3183	live-route-recording-20260712-170700-z102	proven
20260712-170700-z102	102	3183	3183	-712.636	56.743	-8.400	point		3182,3184	live-route-recording-20260712-170700-z102	proven
20260712-170700-z102	102	3184	3184	-713.384	59.738	-8.511	point		3183,3185	live-route-recording-20260712-170700-z102	proven
20260712-170700-z102	102	3185	3185	-713.874	61.703	-8.171	point		3184,3186	live-route-recording-20260712-170700-z102	proven
20260712-170700-z102	102	3186	3186	-714.457	64.040	-7.836	point		3185,3187	live-route-recording-20260712-170700-z102	proven
20260712-170700-z102	102	3187	3187	-715.084	67.229	-7.873	point		3186,3188	live-route-recording-20260712-170700-z102	proven
20260712-170700-z102	102	3188	3188	-715.315	69.285	-7.944	point		3187,3189	live-route-recording-20260712-170700-z102	proven
20260712-170700-z102	102	3189	3189	-715.499	72.370	-8.091	point		3188,3190	live-route-recording-20260712-170700-z102	proven
20260712-170700-z102	102	3190	3190	-715.573	74.427	-8.191	point		3189,3191	live-route-recording-20260712-170700-z102	proven
20260712-170700-z102	102	3191	3191	-715.660	77.505	-8.273	point		3190,3192	live-route-recording-20260712-170700-z102	proven
20260712-170700-z102	102	3192	3192	-715.719	79.754	-8.269	point		3191,3193	live-route-recording-20260712-170700-z102	proven
20260712-170700-z102	102	3193	3193	-715.772	81.818	-8.285	point		3192,3194	live-route-recording-20260712-170700-z102	proven
20260712-170700-z102	102	3194	3194	-715.850	84.919	-8.230	point		3193,3195	live-route-recording-20260712-170700-z102	proven
20260712-170700-z102	102	3195	3195	-715.902	86.970	-8.121	point		3194,3196	live-route-recording-20260712-170700-z102	proven
20260712-170700-z102	102	3196	3196	-715.978	90.056	-7.955	point		3195,3197	live-route-recording-20260712-170700-z102	proven
20260712-170700-z102	102	3197	3197	-716.029	92.115	-7.857	point		3196,3198	live-route-recording-20260712-170700-z102	proven
20260712-170700-z102	102	3198	3198	-716.115	95.567	-7.988	point		3197,3199	live-route-recording-20260712-170700-z102	proven
20260712-170700-z102	102	3199	3199	-716.167	97.628	-7.855	point		3198,3200	live-route-recording-20260712-170700-z102	proven
20260712-170700-z102	102	3200	3200	-716.244	100.709	-7.668	point		3199,3201	live-route-recording-20260712-170700-z102	proven
20260712-170700-z102	102	3201	3201	-716.296	102.778	-7.504	point		3200,3202	live-route-recording-20260712-170700-z102	proven
20260712-170700-z102	102	3202	3202	-716.374	105.867	-7.619	point		3201,3203	live-route-recording-20260712-170700-z102	proven
20260712-170700-z102	102	3203	3203	-716.426	107.927	-7.822	point		3202,3204	live-route-recording-20260712-170700-z102	proven
20260712-170700-z102	102	3204	3204	-716.477	109.984	-7.922	point		3203,3205	live-route-recording-20260712-170700-z102	proven
20260712-170700-z102	102	3205	3205	-716.563	113.441	-8.059	point		3204,3206	live-route-recording-20260712-170700-z102	proven
20260712-170700-z102	102	3206	3206	-716.614	115.485	-8.155	point		3205,3207	live-route-recording-20260712-170700-z102	proven
20260712-170700-z102	102	3207	3207	-716.692	118.584	-8.170	point		3206,3208	live-route-recording-20260712-170700-z102	proven
20260712-170700-z102	102	3208	3208	-716.743	120.638	-8.164	point		3207,3209	live-route-recording-20260712-170700-z102	proven
20260712-170700-z102	102	3209	3209	-716.824	123.896	-8.160	point		3208,3210	live-route-recording-20260712-170700-z102	proven
20260712-170700-z102	102	3210	3210	-716.871	125.794	-8.059	point		3209,3211	live-route-recording-20260712-170700-z102	proven
20260712-170700-z102	102	3211	3211	-716.932	128.240	-7.982	point		3210,3212	live-route-recording-20260712-170700-z102	proven
20260712-170700-z102	102	3212	3212	-717.009	131.314	-7.635	point		3211,3213	live-route-recording-20260712-170700-z102	proven
20260712-170700-z102	102	3213	3213	-717.060	133.369	-7.467	point		3212,3214	live-route-recording-20260712-170700-z102	proven
20260712-170700-z102	102	3214	3214	-717.137	136.442	-7.179	point		3213,3215	live-route-recording-20260712-170700-z102	proven
20260712-170700-z102	102	3215	3215	-717.192	138.661	-7.068	point		3214,3216	live-route-recording-20260712-170700-z102	proven
20260712-170700-z102	102	3216	3216	-717.265	141.583	-7.080	point		3215,3217	live-route-recording-20260712-170700-z102	proven
20260712-170700-z102	102	3217	3217	-717.326	143.995	-7.204	point		3216,3218	live-route-recording-20260712-170700-z102	proven
20260712-170700-z102	102	3218	3218	-717.402	147.057	-7.510	point		3217,3219	live-route-recording-20260712-170700-z102	proven
20260712-170700-z102	102	3219	3219	-717.453	149.113	-7.657	point		3218,3220	live-route-recording-20260712-170700-z102	proven
20260712-170700-z102	102	3220	3220	-717.530	152.203	-7.811	point		3219,3221	live-route-recording-20260712-170700-z102	proven
20260712-170700-z102	102	3221	3221	-717.583	154.270	-7.915	point		3220,3222	live-route-recording-20260712-170700-z102	proven
20260712-170700-z102	102	3222	3222	-717.661	157.359	-8.000	point		3221,3223	live-route-recording-20260712-170700-z102	proven
20260712-170700-z102	102	3223	3223	-717.727	159.983	-8.000	point		3222,3224	live-route-recording-20260712-170700-z102	proven
20260712-170700-z102	102	3224	3224	-717.778	162.032	-8.000	point		3223,3225	live-route-recording-20260712-170700-z102	proven
20260712-170700-z102	102	3225	3225	-717.854	165.105	-7.868	point		3224,3226	live-route-recording-20260712-170700-z102	proven
20260712-170700-z102	102	3226	3226	-717.908	167.284	-7.596	point		3225,3227	live-route-recording-20260712-170700-z102	proven
20260712-170700-z102	102	3227	3227	-717.946	170.170	-6.746	point		3226,3228	live-route-recording-20260712-170700-z102	proven
20260712-170700-z102	102	3228	3228	-717.779	172.844	-5.901	point		3227,3229	live-route-recording-20260712-170700-z102	proven
20260712-170700-z102	102	3229	3229	-717.510	175.293	-5.595	point		3228,3230	live-route-recording-20260712-170700-z102	proven
20260712-170700-z102	102	3230	3230	-717.252	178.276	-4.957	point		3229,3231	live-route-recording-20260712-170700-z102	proven
20260712-170700-z102	102	3231	3231	-717.141	180.242	-4.466	point		3230,3232	live-route-recording-20260712-170700-z102	proven
20260712-170700-z102	102	3232	3232	-717.029	183.072	-3.445	point		3231,3233	live-route-recording-20260712-170700-z102	proven
20260712-170700-z102	102	3233	3233	-716.968	184.994	-2.676	point		3232,3234	live-route-recording-20260712-170700-z102	proven
20260712-170700-z102	102	3234	3234	-716.883	187.918	-1.708	point		3233,3235	live-route-recording-20260712-170700-z102	proven
20260712-170700-z102	102	3235	3235	-716.818	190.276	-0.958	point		3234,3236	live-route-recording-20260712-170700-z102	proven
20260712-170700-z102	102	3236	3236	-716.731	193.342	-0.339	point		3235,3237	live-route-recording-20260712-170700-z102	proven
20260712-170700-z102	102	3237	3237	-716.649	195.386	-0.084	point		3236,3238	live-route-recording-20260712-170700-z102	proven
20260712-170700-z102	102	3238	3238	-716.425	198.457	0.000	point		3237,3239	live-route-recording-20260712-170700-z102	proven
20260712-170700-z102	102	3239	3239	-716.218	200.512	-0.012	point		3238,3240	live-route-recording-20260712-170700-z102	proven
20260712-170700-z102	102	3240	3240	-715.862	203.573	-0.023	point		3239,3241	live-route-recording-20260712-170700-z102	proven
20260712-170700-z102	102	3241	3241	-715.548	206.144	0.311	point		3240,3242	live-route-recording-20260712-170700-z102	proven
20260712-170700-z102	102	3242	3242	-715.325	208.186	0.525	point		3241,3243	live-route-recording-20260712-170700-z102	proven
20260712-170700-z102	102	3243	3243	-715.155	211.257	0.727	point		3242,3244	live-route-recording-20260712-170700-z102	proven
20260712-170700-z102	102	3244	3244	-715.134	213.300	0.620	point		3243,3245	live-route-recording-20260712-170700-z102	proven
20260712-170700-z102	102	3245	3245	-715.165	216.384	0.286	point		3244,3246	live-route-recording-20260712-170700-z102	proven
20260712-170700-z102	102	3246	3246	-715.221	219.311	0.271	point		3245,3247	live-route-recording-20260712-170700-z102	proven
20260712-170700-z102	102	3247	3247	-715.278	221.739	0.104	point		3246,3248	live-route-recording-20260712-170700-z102	proven
20260712-170700-z102	102	3248	3248	-715.351	224.806	-0.104	point		3247,3249	live-route-recording-20260712-170700-z102	proven
20260712-170700-z102	102	3249	3249	-715.388	226.858	-0.098	point		3248,3250	live-route-recording-20260712-170700-z102	proven
20260712-170700-z102	102	3250	3250	-715.241	229.922	0.123	point		3249,3251	live-route-recording-20260712-170700-z102	proven
20260712-170700-z102	102	3251	3251	-714.858	231.927	0.319	point		3250,3252	live-route-recording-20260712-170700-z102	proven
20260712-170700-z102	102	3252	3252	-713.982	234.896	0.377	point		3251,3253	live-route-recording-20260712-170700-z102	proven
20260712-170700-z102	102	3253	3253	-713.077	237.166	0.355	point		3252,3254	live-route-recording-20260712-170700-z102	proven
20260712-170700-z102	102	3254	3254	-711.744	239.952	0.201	point		3253,3255	live-route-recording-20260712-170700-z102	proven
20260712-170700-z102	102	3255	3255	-710.807	241.786	0.259	point		3254,3256	live-route-recording-20260712-170700-z102	proven
20260712-170700-z102	102	3256	3256	-709.377	244.529	0.343	point		3255,3257	live-route-recording-20260712-170700-z102	proven
20260712-170700-z102	102	3257	3257	-708.409	246.371	0.438	point		3256,3258	live-route-recording-20260712-170700-z102	proven
20260712-170700-z102	102	3258	3258	-706.977	249.088	0.621	point		3257,3259	live-route-recording-20260712-170700-z102	proven
20260712-170700-z102	102	3259	3259	-705.852	251.220	0.832	point		3258,3260	live-route-recording-20260712-170700-z102	proven
20260712-170700-z102	102	3260	3260	-704.838	253.139	1.205	point		3259,3261	live-route-recording-20260712-170700-z102	proven
20260712-170700-z102	102	3261	3261	-703.424	255.818	1.927	point		3260,3262	live-route-recording-20260712-170700-z102	proven
20260712-170700-z102	102	3262	3262	-702.466	257.631	2.185	point		3261,3263	live-route-recording-20260712-170700-z102	proven
20260712-170700-z102	102	3263	3263	-701.235	259.963	2.339	point		3262,3264	live-route-recording-20260712-170700-z102	proven
20260712-170700-z102	102	3264	3264	-699.936	262.500	4.583	point		3263,3265	live-route-recording-20260712-170700-z102	proven
20260712-170700-z102	102	3265	3265	-698.676	264.420	5.368	point		3264,3266	live-route-recording-20260712-170700-z102	proven
20260712-170700-z102	102	3266	3266	-696.634	266.371	6.402	point		3265,3267	live-route-recording-20260712-170700-z102	proven
20260712-170700-z102	102	3267	3267	-694.813	267.889	7.159	point		3266,3268	live-route-recording-20260712-170700-z102	proven
20260712-170700-z102	102	3268	3268	-692.279	269.464	8.023	point		3267,3269	live-route-recording-20260712-170700-z102	proven
20260712-170700-z102	102	3269	3269	-690.711	270.541	8.416	point		3268,3270	live-route-recording-20260712-170700-z102	proven
20260712-170700-z102	102	3270	3270	-688.388	272.257	9.764	point		3269,3271	live-route-recording-20260712-170700-z102	proven
20260712-170700-z102	102	3271	3271	-686.901	273.408	10.171	point		3270,3272	live-route-recording-20260712-170700-z102	proven
20260712-170700-z102	102	3272	3272	-684.977	274.901	10.991	point		3271,3273	live-route-recording-20260712-170700-z102	proven
20260712-170700-z102	102	3273	3273	-683.549	276.107	13.414	point		3272,3274	live-route-recording-20260712-170700-z102	proven
20260712-170700-z102	102	3274	3274	-681.144	277.989	15.867	point		3273,3275	live-route-recording-20260712-170700-z102	proven
20260712-170700-z102	102	3275	3275	-679.806	279.036	15.938	point		3274,3276	live-route-recording-20260712-170700-z102	proven
20260712-170700-z102	102	3276	3276	-680.904	280.680	15.942	point		3275,3277	live-route-recording-20260712-170700-z102	proven
20260712-170700-z102	102	3277	3277	-682.169	282.423	15.863	point		3276,3278	live-route-recording-20260712-170700-z102	proven
20260712-170700-z102	102	3278	3278	-683.430	285.111	15.838	point		3277,3279	live-route-recording-20260712-170700-z102	proven
20260712-170700-z102	102	3279	3279	-684.201	287.026	15.812	point		3278,3280	live-route-recording-20260712-170700-z102	proven
20260712-170700-z102	102	3280	3280	-685.272	289.772	15.902	point		3279,3281	live-route-recording-20260712-170700-z102	proven
20260712-170700-z102	102	3281	3281	-686.008	291.676	16.090	point		3280,3282,3704	live-route-recording-20260712-170700-z102	proven
20260712-170700-z102	102	3282	3282	-687.034	294.305	16.362	point		3281,3283	live-route-recording-20260712-170700-z102	proven
20260712-170700-z102	102	3283	3283	-687.891	296.176	16.497	point		3282,3284,3706	live-route-recording-20260712-170700-z102	proven
20260712-170700-z102	102	3284	3284	-689.548	298.498	16.357	point		3283,3285	live-route-recording-20260712-170700-z102	proven
20260712-170700-z102	102	3285	3285	-690.893	299.877	16.237	point		3284,3286	live-route-recording-20260712-170700-z102	proven
20260712-170700-z102	102	3286	3286	-692.873	301.419	16.241	point		3285,3287	live-route-recording-20260712-170700-z102	proven
20260712-170700-z102	102	3287	3287	-694.529	302.448	16.278	point		3286,3288	live-route-recording-20260712-170700-z102	proven
20260712-170700-z102	102	3288	3288	-697.242	303.933	16.415	point		3287,3289	live-route-recording-20260712-170700-z102	proven
20260712-170700-z102	102	3289	3289	-699.070	304.897	16.387	point		3288,3290	live-route-recording-20260712-170700-z102	proven
20260712-170700-z102	102	3290	3290	-701.627	306.334	16.039	point		3289,3291	live-route-recording-20260712-170700-z102	proven
20260712-170700-z102	102	3291	3291	-703.373	307.416	15.774	point		3290,3292	live-route-recording-20260712-170700-z102	proven
20260712-170700-z102	102	3292	3292	-705.092	308.523	15.714	point		3291,3293	live-route-recording-20260712-170700-z102	proven
20260712-170700-z102	102	3293	3293	-707.952	310.398	15.656	point		3292,3294	live-route-recording-20260712-170700-z102	proven
20260712-170700-z102	102	3294	3294	-710.251	311.912	15.744	point		3293,3295	live-route-recording-20260712-170700-z102	proven
20260712-170700-z102	102	3295	3295	-712.284	313.251	15.796	point		3294,3296	live-route-recording-20260712-170700-z102	proven
20260712-170700-z102	102	3296	3296	-714.898	314.885	15.676	point		3295,3297	live-route-recording-20260712-170700-z102	proven
20260712-170700-z102	102	3297	3297	-716.713	315.837	15.630	point		3296,3298	live-route-recording-20260712-170700-z102	proven
20260712-170700-z102	102	3298	3298	-719.380	317.377	15.834	point		3297,3299	live-route-recording-20260712-170700-z102	proven
20260712-170700-z102	102	3299	3299	-720.512	318.481	15.903	point		3298,3300	live-route-recording-20260712-170700-z102	proven
20260712-170700-z102	102	3300	3300	-722.118	321.097	15.866	point		3299,3301,3723	live-route-recording-20260712-170700-z102	proven
20260712-170700-z102	102	3301	3301	-723.048	323.206	15.808	point		3300,3302	live-route-recording-20260712-170700-z102	proven
20260712-170700-z102	102	3302	3302	-724.148	325.956	15.773	point		3301,3303,3725	live-route-recording-20260712-170700-z102	proven
20260712-170700-z102	102	3303	3303	-724.903	327.876	15.616	point		3302,3304	live-route-recording-20260712-170700-z102	proven
20260712-170700-z102	102	3304	3304	-726.019	330.722	15.887	point		3303,3305	live-route-recording-20260712-170700-z102	proven
20260712-170700-z102	102	3305	3305	-726.761	332.615	16.177	point		3304,3306	live-route-recording-20260712-170700-z102	proven
20260712-170700-z102	102	3306	3306	-727.964	335.310	16.406	point		3305,3307	live-route-recording-20260712-170700-z102	proven
20260712-170700-z102	102	3307	3307	-729.076	336.886	16.399	point		3306,3308	live-route-recording-20260712-170700-z102	proven
20260712-170700-z102	102	3308	3308	-731.177	339.156	16.211	point		3307,3309	live-route-recording-20260712-170700-z102	proven
20260712-170700-z102	102	3309	3309	-732.685	340.550	16.167	point		3308,3310	live-route-recording-20260712-170700-z102	proven
20260712-170700-z102	102	3310	3310	-735.021	342.555	16.290	point		3309,3311	live-route-recording-20260712-170700-z102	proven
20260712-170700-z102	102	3311	3311	-736.642	343.823	16.433	point		3310,3312	live-route-recording-20260712-170700-z102	proven
20260712-170700-z102	102	3312	3312	-739.157	345.600	16.418	point		3311,3313	live-route-recording-20260712-170700-z102	proven
20260712-170700-z102	102	3313	3313	-741.146	346.938	16.172	point		3312,3314	live-route-recording-20260712-170700-z102	proven
20260712-170700-z102	102	3314	3314	-743.706	348.628	15.853	point		3313,3315	live-route-recording-20260712-170700-z102	proven
20260712-170700-z102	102	3315	3315	-745.414	349.751	15.767	point		3314,3316	live-route-recording-20260712-170700-z102	proven
20260712-170700-z102	102	3316	3316	-748.013	351.458	15.715	point		3315,3317	live-route-recording-20260712-170700-z102	proven
20260712-170700-z102	102	3317	3317	-749.758	352.552	15.777	point		3316,3318	live-route-recording-20260712-170700-z102	proven
20260712-170700-z102	102	3318	3318	-752.546	353.935	15.817	point		3317,3319	live-route-recording-20260712-170700-z102	proven
20260712-170700-z102	102	3319	3319	-754.814	354.813	15.679	point		3318,3320	live-route-recording-20260712-170700-z102	proven
20260712-170700-z102	102	3320	3320	-757.780	355.618	15.550	point		3319,3321	live-route-recording-20260712-170700-z102	proven
20260712-170700-z102	102	3321	3321	-759.827	355.857	15.639	point		3320,3322	live-route-recording-20260712-170700-z102	proven
20260712-170700-z102	102	3322	3322	-762.896	356.030	15.703	point		3321,3323	live-route-recording-20260712-170700-z102	proven
20260712-170700-z102	102	3323	3323	-764.531	356.378	15.525	point		3322,3324	live-route-recording-20260712-170700-z102	proven
20260712-170700-z102	102	3324	3324	-765.945	357.855	15.079	point		3323,3325,3747	live-route-recording-20260712-170700-z102	proven
20260712-170700-z102	102	3325	3325	-766.005	359.618	15.164	point		3324,3326	live-route-recording-20260712-170700-z102	proven
20260712-170700-z102	102	3326	3326	-765.599	361.603	15.344	point		3325,3327	live-route-recording-20260712-170700-z102	proven
20260712-170700-z102	102	3327	3327	-765.187	364.633	15.601	point		3326,3328	live-route-recording-20260712-170700-z102	proven
20260712-170700-z102	102	3328	3328	-765.081	366.439	15.840	point		3327,3329	live-route-recording-20260712-170700-z102	proven
20260712-170700-z102	102	3329	3329	-765.010	369.501	16.010	point		3328,3330	live-route-recording-20260712-170700-z102	proven
20260712-170700-z102	102	3330	3330	-765.139	371.600	15.924	point		3329,3331	live-route-recording-20260712-170700-z102	proven
20260712-170700-z102	102	3331	3331	-765.531	374.245	15.951	point		3330,3332	live-route-recording-20260712-170700-z102	proven
20260712-170700-z102	102	3332	3332	-765.942	377.300	15.632	point		3331,3333	live-route-recording-20260712-170700-z102	proven
20260712-170700-z102	102	3333	3333	-765.976	378.982	15.382	point		3332,3334	live-route-recording-20260712-170700-z102	proven
20260712-170700-z102	102	3334	3334	-765.953	381.869	15.214	point		3333,3335	live-route-recording-20260712-170700-z102	proven
20260712-170700-z102	102	3335	3335	-766.159	383.866	15.246	point		3334,3336	live-route-recording-20260712-170700-z102	proven
20260712-170700-z102	102	3336	3336	-766.688	386.505	15.227	point		3335,3337	live-route-recording-20260712-170700-z102	proven
20260712-170700-z102	102	3337	3337	-766.926	388.680	15.042	point		3336,3338	live-route-recording-20260712-170700-z102	proven
20260712-170700-z102	102	3338	3338	-767.068	391.760	15.121	point		3337,3339	live-route-recording-20260712-170700-z102	proven
20260712-170700-z102	102	3339	3339	-767.132	393.852	14.963	point		3338,3340	live-route-recording-20260712-170700-z102	proven
20260712-170700-z102	102	3340	3340	-767.349	396.806	14.687	point		3339,3341	live-route-recording-20260712-170700-z102	proven
20260712-170700-z102	102	3341	3341	-767.661	398.848	14.570	point		3340,3342	live-route-recording-20260712-170700-z102	proven
20260712-170700-z102	102	3342	3342	-768.276	401.734	14.077	point		3341,3343	live-route-recording-20260712-170700-z102	proven
20260712-170700-z102	102	3343	3343	-768.911	403.849	13.689	point		3342,3344	live-route-recording-20260712-170700-z102	proven
20260712-170700-z102	102	3344	3344	-769.612	405.969	13.550	point		3343,3345	live-route-recording-20260712-170700-z102	proven
20260712-170700-z102	102	3345	3345	-770.606	408.914	13.450	point		3344,3346	live-route-recording-20260712-170700-z102	proven
20260712-170700-z102	102	3346	3346	-771.271	410.874	13.273	point		3345,3347	live-route-recording-20260712-170700-z102	proven
20260712-170700-z102	102	3347	3347	-772.332	413.959	12.894	point		3346,3348	live-route-recording-20260712-170700-z102	proven
20260712-170700-z102	102	3348	3348	-773.434	416.463	12.544	point		3347,3349	live-route-recording-20260712-170700-z102	proven
20260712-170700-z102	102	3349	3349	-774.655	418.396	12.643	point		3348,3350	live-route-recording-20260712-170700-z102	proven
20260712-170700-z102	102	3350	3350	-776.668	420.739	12.559	point		3349,3351	live-route-recording-20260712-170700-z102	proven
20260712-170700-z102	102	3351	3351	-778.154	422.160	12.364	point		3350,3352	live-route-recording-20260712-170700-z102	proven
20260712-170700-z102	102	3352	3352	-780.465	424.150	12.121	point		3351,3353	live-route-recording-20260712-170700-z102	proven
20260712-170700-z102	102	3353	3353	-781.986	425.401	12.615	point		3352,3354	live-route-recording-20260712-170700-z102	proven
20260712-170700-z102	102	3354	3354	-784.430	427.140	13.165	point		3353,3355	live-route-recording-20260712-170700-z102	proven
20260712-170700-z102	102	3355	3355	-786.532	428.278	13.513	point		3354,3356	live-route-recording-20260712-170700-z102	proven
20260712-170700-z102	102	3356	3356	-789.429	429.318	13.373	point		3355,3357	live-route-recording-20260712-170700-z102	proven
20260712-170700-z102	102	3357	3357	-791.377	429.803	13.256	point		3356,3358	live-route-recording-20260712-170700-z102	proven
20260712-170700-z102	102	3358	3358	-794.335	430.486	13.674	point		3357,3359	live-route-recording-20260712-170700-z102	proven
20260712-170700-z102	102	3359	3359	-796.334	430.896	13.638	point		3358,3360	live-route-recording-20260712-170700-z102	proven
20260712-170700-z102	102	3360	3360	-799.257	431.440	13.857	point		3359,3361	live-route-recording-20260712-170700-z102	proven
20260712-170700-z102	102	3361	3361	-801.545	431.829	14.150	point		3360,3362	live-route-recording-20260712-170700-z102	proven
20260712-170700-z102	102	3362	3362	-803.684	432.092	14.352	point		3361,3363	live-route-recording-20260712-170700-z102	proven
20260712-170700-z102	102	3363	3363	-806.683	432.367	15.065	point		3362,3364	live-route-recording-20260712-170700-z102	proven
20260712-170700-z102	102	3364	3364	-808.899	432.541	15.297	point		3363,3365	live-route-recording-20260712-170700-z102	proven
20260712-170700-z102	102	3365	3365	-812.153	432.779	15.050	point		3364,3366	live-route-recording-20260712-170700-z102	proven
20260712-170700-z102	102	3366	3366	-814.370	432.939	15.051	point		3365,3367	live-route-recording-20260712-170700-z102	proven
20260712-170700-z102	102	3367	3367	-816.642	433.103	15.048	point		3366,3368	live-route-recording-20260712-170700-z102	proven
20260712-170700-z102	102	3368	3368	-819.545	433.311	14.609	point		3367,3369	live-route-recording-20260712-170700-z102	proven
20260712-170700-z102	102	3369	3369	-821.552	433.455	14.749	point		3368,3370	live-route-recording-20260712-170700-z102	proven
20260712-170700-z102	102	3370	3370	-823.557	433.594	15.045	point		3369,3371	live-route-recording-20260712-170700-z102	proven
20260712-170700-z102	102	3371	3371	-826.547	433.658	15.478	point		3370,3372	live-route-recording-20260712-170700-z102	proven
20260712-170700-z102	102	3372	3372	-828.610	433.583	15.268	point		3371,3373	live-route-recording-20260712-170700-z102	proven
20260712-170700-z102	102	3373	3373	-832.061	433.371	15.273	point		3372,3374	live-route-recording-20260712-170700-z102	proven
20260712-170700-z102	102	3374	3374	-834.127	433.260	15.084	point		3373,3375	live-route-recording-20260712-170700-z102	proven
20260712-170700-z102	102	3375	3375	-837.196	433.453	14.987	point		3374,3376	live-route-recording-20260712-170700-z102	proven
20260712-170700-z102	102	3376	3376	-839.084	434.150	15.248	point		3375,3377	live-route-recording-20260712-170700-z102	proven
20260712-170700-z102	102	3377	3377	-840.975	436.441	16.000	point		3376,3378	live-route-recording-20260712-170700-z102	proven
20260712-170700-z102	102	3378	3378	-841.759	438.200	16.000	point		3377,3379	live-route-recording-20260712-170700-z102	proven
20260712-170700-z102	102	3379	3379	-842.562	440.361	16.000	point		3378,3380	live-route-recording-20260712-170700-z102	proven
20260712-170700-z102	102	3380	3380	-843.330	443.337	16.000	point		3379,3381	live-route-recording-20260712-170700-z102	proven
20260712-170700-z102	102	3381	3381	-843.719	445.368	16.067	point		3380,3382	live-route-recording-20260712-170700-z102	proven
20260712-170700-z102	102	3382	3382	-844.281	448.556	16.037	point		3381,3383	live-route-recording-20260712-170700-z102	proven
20260712-170700-z102	102	3383	3383	-844.562	450.582	16.016	point		3382,3384	live-route-recording-20260712-170700-z102	proven
20260712-170700-z102	102	3384	3384	-844.715	453.421	16.161	point		3383,3385	live-route-recording-20260712-170700-z102	proven
20260712-170700-z102	102	3385	3385	-844.583	455.543	16.318	point		3384,3386	live-route-recording-20260712-170700-z102	proven
20260712-170700-z102	102	3386	3386	-844.367	457.682	16.324	point		3385,3387	live-route-recording-20260712-170700-z102	proven
20260712-170700-z102	102	3387	3387	-844.186	460.652	16.757	point		3386,3388	live-route-recording-20260712-170700-z102	proven
20260712-170700-z102	102	3388	3388	-844.103	462.709	16.676	point		3387,3389	live-route-recording-20260712-170700-z102	proven
20260712-170700-z102	102	3389	3389	-843.999	465.808	16.552	point		3388,3390	live-route-recording-20260712-170700-z102	proven
20260712-170700-z102	102	3390	3390	-843.954	467.871	16.341	point		3389,3391	live-route-recording-20260712-170700-z102	proven
20260712-170700-z102	102	3391	3391	-844.120	471.045	16.195	point		3390,3392	live-route-recording-20260712-170700-z102	proven
20260712-170700-z102	102	3392	3392	-844.346	473.094	16.038	point		3391,3393	live-route-recording-20260712-170700-z102	proven
20260712-170700-z102	102	3393	3393	-844.683	476.156	15.648	point		3392,3394	live-route-recording-20260712-170700-z102	proven
20260712-170700-z102	102	3394	3394	-844.748	478.202	15.662	point		3393,3395	live-route-recording-20260712-170700-z102	proven
20260712-170700-z102	102	3395	3395	-844.460	481.252	15.770	point		3394,3396	live-route-recording-20260712-170700-z102	proven
20260712-170700-z102	102	3396	3396	-844.138	483.032	15.886	point		3395,3397	live-route-recording-20260712-170700-z102	proven
20260712-170700-z102	102	3397	3397	-843.486	484.432	15.776	point		3396,3398	live-route-recording-20260712-170700-z102	proven
20260712-170700-z102	102	3398	3398	-841.148	485.930	15.219	point		3397,3399	live-route-recording-20260712-170700-z102	proven
20260712-170700-z102	102	3399	3399	-839.259	486.716	14.924	point		3398,3400	live-route-recording-20260712-170700-z102	proven
20260712-170700-z102	102	3400	3400	-836.348	487.854	14.333	point		3399,3401	live-route-recording-20260712-170700-z102	proven
20260712-170700-z102	102	3401	3401	-834.795	488.452	14.166	point		3400,3402	live-route-recording-20260712-170700-z102	proven
20260712-170700-z102	102	3402	3402	-831.912	489.559	13.860	point		3401,3403	live-route-recording-20260712-170700-z102	proven
20260712-170700-z102	102	3403	3403	-830.810	489.981	13.735	point		3402,3404	live-route-recording-20260712-170700-z102	proven
20260712-170700-z102	102	3404	3404	-828.908	490.755	13.514	point		3403,3405	live-route-recording-20260712-170700-z102	proven
20260712-170700-z102	102	3405	3405	-826.164	492.099	12.976	point		3404,3406	live-route-recording-20260712-170700-z102	proven
20260712-170700-z102	102	3406	3406	-824.368	493.082	12.609	point		3405,3407	live-route-recording-20260712-170700-z102	proven
20260712-170700-z102	102	3407	3407	-821.773	494.765	12.559	point		3406,3408	live-route-recording-20260712-170700-z102	proven
20260712-170700-z102	102	3408	3408	-820.175	496.068	12.534	point		3407,3409	live-route-recording-20260712-170700-z102	proven
20260712-170700-z102	102	3409	3409	-817.837	498.094	12.383	point		3408,3410	live-route-recording-20260712-170700-z102	proven
20260712-170700-z102	102	3410	3410	-816.042	499.725	12.060	point		3409,3411	live-route-recording-20260712-170700-z102	proven
20260712-170700-z102	102	3411	3411	-814.699	501.342	12.495	point		3410,3412	live-route-recording-20260712-170700-z102	proven
20260712-170700-z102	102	3412	3412	-813.092	503.876	13.208	point		3411,3413	live-route-recording-20260712-170700-z102	proven
20260712-170700-z102	102	3413	3413	-812.115	505.639	13.417	point		3412,3414	live-route-recording-20260712-170700-z102	proven
20260712-170700-z102	102	3414	3414	-810.686	508.315	13.678	point		3413,3415	live-route-recording-20260712-170700-z102	proven
20260712-170700-z102	102	3415	3415	-809.388	510.767	13.853	point		3414,3416	live-route-recording-20260712-170700-z102	proven
20260712-170700-z102	102	3416	3416	-808.334	512.806	14.563	point		3415,3417	live-route-recording-20260712-170700-z102	proven
20260712-170700-z102	102	3417	3417	-807.293	515.690	14.742	point		3416,3418	live-route-recording-20260712-170700-z102	proven
20260712-170700-z102	102	3418	3418	-806.773	517.670	14.902	point		3417,3419	live-route-recording-20260712-170700-z102	proven
20260712-170700-z102	102	3419	3419	-806.177	520.682	15.126	point		3418,3420	live-route-recording-20260712-170700-z102	proven
20260712-170700-z102	102	3420	3420	-805.944	522.719	15.214	point		3419,3421	live-route-recording-20260712-170700-z102	proven
20260712-170700-z102	102	3421	3421	-805.678	525.764	15.471	point		3420,3422	live-route-recording-20260712-170700-z102	proven
20260712-170700-z102	102	3422	3422	-805.478	528.185	15.654	point		3421,3423	live-route-recording-20260712-170700-z102	proven
20260712-170700-z102	102	3423	3423	-805.229	531.247	15.766	point		3422,3424	live-route-recording-20260712-170700-z102	proven
20260712-170700-z102	102	3424	3424	-805.066	533.252	15.995	point		3423,3425	live-route-recording-20260712-170700-z102	proven
20260712-170700-z102	102	3425	3425	-804.823	536.302	16.081	point		3424,3426	live-route-recording-20260712-170700-z102	proven
20260712-170700-z102	102	3426	3426	-804.719	538.456	16.070	point		3425,3427	live-route-recording-20260712-170700-z102	proven
20260712-170700-z102	102	3427	3427	-804.723	541.285	16.422	point		3426,3428	live-route-recording-20260712-170700-z102	proven
20260712-170700-z102	102	3428	3428	-804.766	543.579	16.262	point		3427,3429	live-route-recording-20260712-170700-z102	proven
20260712-170700-z102	102	3429	3429	-804.834	546.661	16.140	point		3428,3430	live-route-recording-20260712-170700-z102	proven
20260712-170700-z102	102	3430	3430	-804.881	548.720	16.057	point		3429,3431	live-route-recording-20260712-170700-z102	proven
20260712-170700-z102	102	3431	3431	-804.950	551.792	15.959	point		3430,3432	live-route-recording-20260712-170700-z102	proven
20260712-170700-z102	102	3432	3432	-804.996	553.846	15.845	point		3431,3433	live-route-recording-20260712-170700-z102	proven
20260712-170700-z102	102	3433	3433	-805.066	556.941	15.542	point		3432,3434	live-route-recording-20260712-170700-z102	proven
20260712-170700-z102	102	3434	3434	-805.179	559.373	15.500	point		3433,3435	live-route-recording-20260712-170700-z102	proven
20260712-170700-z102	102	3435	3435	-805.574	562.452	15.353	point		3434,3436	live-route-recording-20260712-170700-z102	proven
20260712-170700-z102	102	3436	3436	-805.901	564.472	15.316	point		3435,3437	live-route-recording-20260712-170700-z102	proven
20260712-170700-z102	102	3437	3437	-806.278	567.526	15.731	point		3436,3438	live-route-recording-20260712-170700-z102	proven
20260712-170700-z102	102	3438	3438	-806.477	569.576	15.716	point		3437,3439	live-route-recording-20260712-170700-z102	proven
20260712-170700-z102	102	3439	3439	-806.712	572.402	15.761	point		3438,3440	live-route-recording-20260712-170700-z102	proven
20260712-170700-z102	102	3440	3440	-806.866	574.416	15.648	point		3439,3441	live-route-recording-20260712-170700-z102	proven
20260712-170700-z102	102	3441	3441	-807.094	577.492	15.453	point		3440,3442	live-route-recording-20260712-170700-z102	proven
20260712-170700-z102	102	3442	3442	-807.189	579.551	15.404	point		3441,3443	live-route-recording-20260712-170700-z102	proven
20260712-170700-z102	102	3443	3443	-807.106	582.644	15.304	point		3442,3444	live-route-recording-20260712-170700-z102	proven
20260712-170700-z102	102	3444	3444	-807.035	584.689	15.204	point		3443,3445	live-route-recording-20260712-170700-z102	proven
20260712-170700-z102	102	3445	3445	-807.070	587.766	15.276	point		3444,3446	live-route-recording-20260712-170700-z102	proven
20260712-170700-z102	102	3446	3446	-807.124	590.076	15.250	point		3445,3447	live-route-recording-20260712-170700-z102	proven
20260712-170700-z102	102	3447	3447	-807.201	593.164	15.126	point		3446,3448	live-route-recording-20260712-170700-z102	proven
20260712-170700-z102	102	3448	3448	-807.231	595.222	14.832	point		3447,3449	live-route-recording-20260712-170700-z102	proven
20260712-170700-z102	102	3449	3449	-806.990	597.411	14.822	point		3448,3450	live-route-recording-20260712-170700-z102	proven
20260712-170700-z102	102	3450	3450	-806.191	600.100	15.121	point		3449,3451	live-route-recording-20260712-170700-z102	proven
20260712-170700-z102	102	3451	3451	-804.934	602.638	15.592	point		3450,3452	live-route-recording-20260712-170700-z102	proven
20260712-170700-z102	102	3452	3452	-803.533	604.091	15.908	point		3451,3453	live-route-recording-20260712-170700-z102	proven
20260712-170700-z102	102	3453	3453	-801.136	605.329	15.444	point		3452,3454	live-route-recording-20260712-170700-z102	proven
20260712-170700-z102	102	3454	3454	-799.241	606.104	15.153	point		3453,3455	live-route-recording-20260712-170700-z102	proven
20260712-170700-z102	102	3455	3455	-796.377	607.224	14.734	point		3454,3456	live-route-recording-20260712-170700-z102	proven
20260712-170700-z102	102	3456	3456	-794.457	607.999	14.427	point		3455,3457	live-route-recording-20260712-170700-z102	proven
20260712-170700-z102	102	3457	3457	-791.672	609.294	13.991	point		3456,3458	live-route-recording-20260712-170700-z102	proven
20260712-170700-z102	102	3458	3458	-789.614	610.318	13.643	point		3457,3459	live-route-recording-20260712-170700-z102	proven
20260712-170700-z102	102	3459	3459	-786.861	611.711	13.121	point		3458,3460	live-route-recording-20260712-170700-z102	proven
20260712-170700-z102	102	3460	3460	-785.041	612.640	12.779	point		3459,3461	live-route-recording-20260712-170700-z102	proven
20260712-170700-z102	102	3461	3461	-783.255	613.635	12.555	point		3460,3462	live-route-recording-20260712-170700-z102	proven
20260712-170700-z102	102	3462	3462	-780.814	615.354	12.613	point		3461,3463	live-route-recording-20260712-170700-z102	proven
20260712-170700-z102	102	3463	3463	-778.903	616.080	12.794	point		3462,3464	live-route-recording-20260712-170700-z102	proven
20260712-170700-z102	102	3464	3464	-777.295	616.796	12.861	point		3463,3465	live-route-recording-20260712-170700-z102	proven
20260712-170700-z102	102	3465	3465	-775.687	618.663	12.587	point		3464,3466	live-route-recording-20260712-170700-z102	proven
20260712-170700-z102	102	3466	3466	-774.660	620.360	12.721	point		3465,3467	live-route-recording-20260712-170700-z102	proven
20260712-170700-z102	102	3467	3467	-773.405	623.098	13.097	point		3466,3468	live-route-recording-20260712-170700-z102	proven
20260712-170700-z102	102	3468	3468	-772.699	625.020	13.187	point		3467,3469	live-route-recording-20260712-170700-z102	proven
20260712-170700-z102	102	3469	3469	-771.688	627.923	13.327	point		3468,3470	live-route-recording-20260712-170700-z102	proven
20260712-170700-z102	102	3470	3470	-770.905	630.194	13.061	point		3469,3471	live-route-recording-20260712-170700-z102	proven
20260712-170700-z102	102	3471	3471	-770.010	632.967	13.407	point		3470,3472	live-route-recording-20260712-170700-z102	proven
20260712-170700-z102	102	3472	3472	-769.581	634.954	13.560	point		3471,3473	live-route-recording-20260712-170700-z102	proven
20260712-170700-z102	102	3473	3473	-769.202	637.971	13.380	point		3472,3474	live-route-recording-20260712-170700-z102	proven
20260712-170700-z102	102	3474	3474	-769.022	639.971	13.516	point		3473,3475	live-route-recording-20260712-170700-z102	proven
20260712-170700-z102	102	3475	3475	-768.462	642.648	13.973	point		3474,3476	live-route-recording-20260712-170700-z102	proven
20260712-170700-z102	102	3476	3476	-767.305	643.958	14.685	point		3475,3477	live-route-recording-20260712-170700-z102	proven
20260712-170700-z102	102	3477	3477	-764.899	644.896	15.370	point		3476,3478	live-route-recording-20260712-170700-z102	proven
20260712-170700-z102	102	3478	3478	-762.920	645.424	15.409	point		3477,3479	live-route-recording-20260712-170700-z102	proven
20260712-170700-z102	102	3479	3479	-759.963	646.309	15.077	point		3478,3480	live-route-recording-20260712-170700-z102	proven
20260712-170700-z102	102	3480	3480	-758.013	646.931	14.844	point		3479,3481	live-route-recording-20260712-170700-z102	proven
20260712-170700-z102	102	3481	3481	-755.209	647.841	14.635	point		3480,3482	live-route-recording-20260712-170700-z102	proven
20260712-170700-z102	102	3482	3482	-752.968	648.572	14.711	point		3481,3483	live-route-recording-20260712-170700-z102	proven
20260712-170700-z102	102	3483	3483	-750.036	649.438	14.820	point		3482,3484	live-route-recording-20260712-170700-z102	proven
20260712-170700-z102	102	3484	3484	-748.014	649.753	14.826	point		3483,3485	live-route-recording-20260712-170700-z102	proven
20260712-170700-z102	102	3485	3485	-744.955	650.019	14.536	point		3484,3486	live-route-recording-20260712-170700-z102	proven
20260712-170700-z102	102	3486	3486	-742.905	650.153	14.445	point		3485,3487	live-route-recording-20260712-170700-z102	proven
20260712-170700-z102	102	3487	3487	-739.838	650.307	14.086	point		3486,3488	live-route-recording-20260712-170700-z102	proven
20260712-170700-z102	102	3488	3488	-737.419	650.275	13.538	point		3487,3489	live-route-recording-20260712-170700-z102	proven
20260712-170700-z102	102	3489	3489	-734.569	650.049	13.833	point		3488,3490	live-route-recording-20260712-170700-z102	proven
20260712-170700-z102	102	3490	3490	-732.532	649.861	13.984	point		3489,3491	live-route-recording-20260712-170700-z102	proven
20260712-170700-z102	102	3491	3491	-729.458	649.570	13.930	point		3490,3492	live-route-recording-20260712-170700-z102	proven
20260712-170700-z102	102	3492	3492	-727.537	649.387	13.865	point		3491,3493	live-route-recording-20260712-170700-z102	proven
20260712-170700-z102	102	3493	3493	-724.475	649.094	13.606	point		3492,3494	live-route-recording-20260712-170700-z102	proven
20260712-170700-z102	102	3494	3494	-722.130	648.871	13.630	point		3493,3495	live-route-recording-20260712-170700-z102	proven
20260712-170700-z102	102	3495	3495	-719.244	648.340	14.017	point		3494,3496	live-route-recording-20260712-170700-z102	proven
20260712-170700-z102	102	3496	3496	-718.023	647.540	14.547	point		3495,3497	live-route-recording-20260712-170700-z102	proven
20260712-170700-z102	102	3497	3497	-717.367	645.339	15.275	point		3496,3498	live-route-recording-20260712-170700-z102	proven
20260712-170700-z102	102	3498	3498	-717.236	643.339	15.826	point		3497,3499	live-route-recording-20260712-170700-z102	proven
20260712-170700-z102	102	3499	3499	-716.926	640.272	15.806	point		3498,3500	live-route-recording-20260712-170700-z102	proven
20260712-170700-z102	102	3500	3500	-716.834	638.107	15.800	point		3499,3501	live-route-recording-20260712-170700-z102	proven
20260712-170700-z102	102	3501	3501	-718.075	635.995	15.820	point		3500,3502	live-route-recording-20260712-170700-z102	proven
20260712-170700-z102	102	3502	3502	-719.335	635.066	15.545	point		3501,3503	live-route-recording-20260712-170700-z102	proven
20260712-170700-z102	102	3503	3503	-722.052	633.644	15.059	point		3502,3504	live-route-recording-20260712-170700-z102	proven
20260712-170700-z102	102	3504	3504	-723.792	632.801	14.733	point		3503,3505	live-route-recording-20260712-170700-z102	proven
20260712-170700-z102	102	3505	3505	-726.516	631.369	14.111	point		3504,3506	live-route-recording-20260712-170700-z102	proven
20260712-170700-z102	102	3506	3506	-728.538	630.267	13.812	point		3505,3507	live-route-recording-20260712-170700-z102	proven
20260712-170700-z102	102	3507	3507	-731.236	628.786	13.297	point		3506,3508	live-route-recording-20260712-170700-z102	proven
20260712-170700-z102	102	3508	3508	-733.032	627.799	12.942	point		3507,3509	live-route-recording-20260712-170700-z102	proven
20260712-170700-z102	102	3509	3509	-735.711	626.326	12.395	point		3508,3510	live-route-recording-20260712-170700-z102	proven
20260712-170700-z102	102	3510	3510	-737.479	625.306	12.383	point		3509,3511	live-route-recording-20260712-170700-z102	proven
20260712-170700-z102	102	3511	3511	-739.886	623.385	12.420	point		3510,3512	live-route-recording-20260712-170700-z102	proven
20260712-170700-z102	102	3512	3512	-741.474	621.809	12.236	point		3511,3513	live-route-recording-20260712-170700-z102	proven
20260712-170700-z102	102	3513	3513	-743.522	619.656	12.082	point		3512,3514	live-route-recording-20260712-170700-z102	proven
20260712-170700-z102	102	3514	3514	-744.748	618.090	12.340	point		3513,3515	live-route-recording-20260712-170700-z102	proven
20260712-170700-z102	102	3515	3515	-746.341	615.549	12.850	point		3514,3516	live-route-recording-20260712-170700-z102	proven
20260712-170700-z102	102	3516	3516	-747.318	613.820	13.082	point		3515,3517	live-route-recording-20260712-170700-z102	proven
20260712-170700-z102	102	3517	3517	-748.792	611.159	13.291	point		3516,3518	live-route-recording-20260712-170700-z102	proven
20260712-170700-z102	102	3518	3518	-749.885	609.130	13.334	point		3517,3519	live-route-recording-20260712-170700-z102	proven
20260712-170700-z102	102	3519	3519	-750.886	606.394	14.000	point		3518,3520	live-route-recording-20260712-170700-z102	proven
20260712-170700-z102	102	3520	3520	-751.434	604.434	14.081	point		3519,3521	live-route-recording-20260712-170700-z102	proven
20260712-170700-z102	102	3521	3521	-752.181	601.539	14.501	point		3520,3522	live-route-recording-20260712-170700-z102	proven
20260712-170700-z102	102	3522	3522	-752.599	599.532	14.668	point		3521,3523	live-route-recording-20260712-170700-z102	proven
20260712-170700-z102	102	3523	3523	-752.511	596.930	14.634	point		3522,3524	live-route-recording-20260712-170700-z102	proven
20260712-170700-z102	102	3524	3524	-752.281	594.753	14.579	point		3523,3525	live-route-recording-20260712-170700-z102	proven
20260712-170700-z102	102	3525	3525	-751.582	591.878	14.363	point		3524,3526	live-route-recording-20260712-170700-z102	proven
20260712-170700-z102	102	3526	3526	-750.861	590.077	14.192	point		3525,3527	live-route-recording-20260712-170700-z102	proven
20260712-170700-z102	102	3527	3527	-749.440	587.339	13.746	point		3526,3528	live-route-recording-20260712-170700-z102	proven
20260712-170700-z102	102	3528	3528	-748.448	585.581	13.166	point		3527,3529	live-route-recording-20260712-170700-z102	proven
20260712-170700-z102	102	3529	3529	-746.727	583.026	12.744	point		3528,3530	live-route-recording-20260712-170700-z102	proven
20260712-170700-z102	102	3530	3530	-745.342	581.366	12.706	point		3529,3531	live-route-recording-20260712-170700-z102	proven
20260712-170700-z102	102	3531	3531	-743.867	579.701	12.641	point		3530,3532	live-route-recording-20260712-170700-z102	proven
20260712-170700-z102	102	3532	3532	-741.664	577.548	12.362	point		3531,3533	live-route-recording-20260712-170700-z102	proven
20260712-170700-z102	102	3533	3533	-740.108	576.231	12.128	point		3532,3534	live-route-recording-20260712-170700-z102	proven
20260712-170700-z102	102	3534	3534	-737.780	574.441	12.678	point		3533,3535	live-route-recording-20260712-170700-z102	proven
20260712-170700-z102	102	3535	3535	-735.330	572.999	13.064	point		3534,3536	live-route-recording-20260712-170700-z102	proven
20260712-170700-z102	102	3536	3536	-733.226	571.903	13.409	point		3535,3537	live-route-recording-20260712-170700-z102	proven
20260712-170700-z102	102	3537	3537	-730.457	570.838	13.267	point		3536,3538	live-route-recording-20260712-170700-z102	proven
20260712-170700-z102	102	3538	3538	-728.568	570.254	13.219	point		3537,3539	live-route-recording-20260712-170700-z102	proven
20260712-170700-z102	102	3539	3539	-725.694	569.560	13.653	point		3538,3540	live-route-recording-20260712-170700-z102	proven
20260712-170700-z102	102	3540	3540	-723.670	569.276	13.482	point		3539,3541	live-route-recording-20260712-170700-z102	proven
20260712-170700-z102	102	3541	3541	-720.818	568.968	13.596	point		3540,3542	live-route-recording-20260712-170700-z102	proven
20260712-170700-z102	102	3542	3542	-719.124	568.438	13.946	point		3541,3543	live-route-recording-20260712-170700-z102	proven
20260712-170700-z102	102	3543	3543	-717.932	566.694	14.836	point		3542,3544	live-route-recording-20260712-170700-z102	proven
20260712-170700-z102	102	3544	3544	-717.501	564.825	15.473	point		3543,3545	live-route-recording-20260712-170700-z102	proven
20260712-170700-z102	102	3545	3545	-717.073	561.781	15.815	point		3544,3546	live-route-recording-20260712-170700-z102	proven
20260712-170700-z102	102	3546	3546	-716.831	559.725	15.800	point		3545,3547	live-route-recording-20260712-170700-z102	proven
20260712-170700-z102	102	3547	3547	-716.474	556.662	15.778	point		3546,3548	live-route-recording-20260712-170700-z102	proven
20260712-170700-z102	102	3548	3548	-716.110	554.362	15.836	point		3547,3549	live-route-recording-20260712-170700-z102	proven
20260712-170700-z102	102	3549	3549	-715.349	551.208	15.876	point		3548,3550	live-route-recording-20260712-170700-z102	proven
20260712-170700-z102	102	3550	3550	-714.818	549.236	16.126	point		3549,3551	live-route-recording-20260712-170700-z102	proven
20260712-170700-z102	102	3551	3551	-713.841	546.308	16.359	point		3550,3552	live-route-recording-20260712-170700-z102	proven
20260712-170700-z102	102	3552	3552	-712.971	544.854	16.459	point		3551,3553	live-route-recording-20260712-170700-z102	proven
20260712-170700-z102	102	3553	3553	-711.206	542.520	16.424	point		3552,3554	live-route-recording-20260712-170700-z102	proven
20260712-170700-z102	102	3554	3554	-709.624	540.855	16.283	point		3553,3555	live-route-recording-20260712-170700-z102	proven
20260712-170700-z102	102	3555	3555	-707.353	539.142	16.195	point		3554,3556	live-route-recording-20260712-170700-z102	proven
20260712-170700-z102	102	3556	3556	-705.652	537.982	16.258	point		3555,3557	live-route-recording-20260712-170700-z102	proven
20260712-170700-z102	102	3557	3557	-703.089	536.269	16.418	point		3556,3558	live-route-recording-20260712-170700-z102	proven
20260712-170700-z102	102	3558	3558	-701.370	535.126	16.404	point		3557,3559	live-route-recording-20260712-170700-z102	proven
20260712-170700-z102	102	3559	3559	-698.816	533.428	16.151	point		3558,3560	live-route-recording-20260712-170700-z102	proven
20260712-170700-z102	102	3560	3560	-696.798	532.087	15.868	point		3559,3561	live-route-recording-20260712-170700-z102	proven
20260712-170700-z102	102	3561	3561	-694.242	530.389	15.719	point		3560,3562	live-route-recording-20260712-170700-z102	proven
20260712-170700-z102	102	3562	3562	-692.535	529.254	15.706	point		3561,3563	live-route-recording-20260712-170700-z102	proven
20260712-170700-z102	102	3563	3563	-689.958	527.541	15.772	point		3562,3564	live-route-recording-20260712-170700-z102	proven
20260712-170700-z102	102	3564	3564	-688.242	526.403	15.829	point		3563,3565	live-route-recording-20260712-170700-z102	proven
20260712-170700-z102	102	3565	3565	-685.554	524.845	15.783	point		3564,3566	live-route-recording-20260712-170700-z102	proven
20260712-170700-z102	102	3566	3566	-683.680	523.939	15.708	point		3565,3567	live-route-recording-20260712-170700-z102	proven
20260712-170700-z102	102	3567	3567	-681.005	522.673	15.831	point		3566,3568	live-route-recording-20260712-170700-z102	proven
20260712-170700-z102	102	3568	3568	-679.526	521.626	15.897	point		3567,3569	live-route-recording-20260712-170700-z102	proven
20260712-170700-z102	102	3569	3569	-678.084	519.266	15.879	point		3568,3570	live-route-recording-20260712-170700-z102	proven
20260712-170700-z102	102	3570	3570	-677.550	517.545	15.845	point		3569,3571	live-route-recording-20260712-170700-z102	proven
20260712-170700-z102	102	3571	3571	-676.921	514.804	15.900	point		3570,3572	live-route-recording-20260712-170700-z102	proven
20260712-170700-z102	102	3572	3572	-676.610	512.527	16.066	point		3571,3573	live-route-recording-20260712-170700-z102	proven
20260712-170700-z102	102	3573	3573	-676.500	509.576	16.210	point		3572,3574	live-route-recording-20260712-170700-z102	proven
20260712-170700-z102	102	3574	3574	-676.555	507.521	16.336	point		3573,3575	live-route-recording-20260712-170700-z102	proven
20260712-170700-z102	102	3575	3575	-676.971	504.492	16.657	point		3574,3576	live-route-recording-20260712-170700-z102	proven
20260712-170700-z102	102	3576	3576	-677.347	502.453	16.750	point		3575,3577	live-route-recording-20260712-170700-z102	proven
20260712-170700-z102	102	3577	3577	-677.932	499.427	16.847	point		3576,3578	live-route-recording-20260712-170700-z102	proven
20260712-170700-z102	102	3578	3578	-678.401	497.024	16.755	point		3577,3579	live-route-recording-20260712-170700-z102	proven
20260712-170700-z102	102	3579	3579	-678.842	494.083	16.535	point		3578,3580	live-route-recording-20260712-170700-z102	proven
20260712-170700-z102	102	3580	3580	-678.877	492.025	16.331	point		3579,3581	live-route-recording-20260712-170700-z102	proven
20260712-170700-z102	102	3581	3581	-678.762	488.939	16.167	point		3580,3582	live-route-recording-20260712-170700-z102	proven
20260712-170700-z102	102	3582	3582	-678.644	486.847	15.865	point		3581,3583	live-route-recording-20260712-170700-z102	proven
20260712-170700-z102	102	3583	3583	-678.473	483.976	15.492	point		3582,3584	live-route-recording-20260712-170700-z102	proven
20260712-170700-z102	102	3584	3584	-678.334	481.795	15.894	point		3583,3585	live-route-recording-20260712-170700-z102	proven
20260712-170700-z102	102	3585	3585	-677.950	478.731	15.870	point		3584,3586	live-route-recording-20260712-170700-z102	proven
20260712-170700-z102	102	3586	3586	-677.497	476.727	15.842	point		3585,3587	live-route-recording-20260712-170700-z102	proven
20260712-170700-z102	102	3587	3587	-676.781	473.976	15.897	point		3586,3588	live-route-recording-20260712-170700-z102	proven
20260712-170700-z102	102	3588	3588	-676.209	472.001	15.956	point		3587,3589	live-route-recording-20260712-170700-z102	proven
20260712-170700-z102	102	3589	3589	-674.994	469.299	16.137	point		3588,3590	live-route-recording-20260712-170700-z102	proven
20260712-170700-z102	102	3590	3590	-673.889	467.258	16.253	point		3589,3591	live-route-recording-20260712-170700-z102	proven
20260712-170700-z102	102	3591	3591	-672.407	464.679	16.436	point		3590,3592	live-route-recording-20260712-170700-z102	proven
20260712-170700-z102	102	3592	3592	-671.181	463.042	16.422	point		3591,3593	live-route-recording-20260712-170700-z102	proven
20260712-170700-z102	102	3593	3593	-668.998	460.874	16.227	point		3592,3594	live-route-recording-20260712-170700-z102	proven
20260712-170700-z102	102	3594	3594	-667.453	459.521	16.164	point		3593,3595	live-route-recording-20260712-170700-z102	proven
20260712-170700-z102	102	3595	3595	-665.070	457.522	16.281	point		3594,3596	live-route-recording-20260712-170700-z102	proven
20260712-170700-z102	102	3596	3596	-663.192	455.963	16.437	point		3595,3597	live-route-recording-20260712-170700-z102	proven
20260712-170700-z102	102	3597	3597	-660.801	453.982	16.436	point		3596,3598	live-route-recording-20260712-170700-z102	proven
20260712-170700-z102	102	3598	3598	-659.229	452.680	16.250	point		3597,3599	live-route-recording-20260712-170700-z102	proven
20260712-170700-z102	102	3599	3599	-656.856	450.714	16.050	point		3598,3600	live-route-recording-20260712-170700-z102	proven
20260712-170700-z102	102	3600	3600	-655.251	449.424	15.965	point		3599,3601	live-route-recording-20260712-170700-z102	proven
20260712-170700-z102	102	3601	3601	-652.657	447.759	15.849	point		3600,3602	live-route-recording-20260712-170700-z102	proven
20260712-170700-z102	102	3602	3602	-650.648	446.659	15.800	point		3601,3603	live-route-recording-20260712-170700-z102	proven
20260712-170700-z102	102	3603	3603	-647.926	445.211	15.884	point		3602,3604	live-route-recording-20260712-170700-z102	proven
20260712-170700-z102	102	3604	3604	-646.100	444.245	15.837	point		3603,3605	live-route-recording-20260712-170700-z102	proven
20260712-170700-z102	102	3605	3605	-643.365	442.800	15.823	point		3604,3606	live-route-recording-20260712-170700-z102	proven
20260712-170700-z102	102	3606	3606	-641.547	441.832	15.884	point		3605,3607	live-route-recording-20260712-170700-z102	proven
20260712-170700-z102	102	3607	3607	-639.162	439.918	15.946	point		3606,3608	live-route-recording-20260712-170700-z102	proven
20260712-170700-z102	102	3608	3608	-637.965	438.200	15.871	point		3607,3609	live-route-recording-20260712-170700-z102	proven
20260712-170700-z102	102	3609	3609	-636.689	435.520	15.814	point		3608,3610	live-route-recording-20260712-170700-z102	proven
20260712-170700-z102	102	3610	3610	-635.914	433.596	15.812	point		3609,3611	live-route-recording-20260712-170700-z102	proven
20260712-170700-z102	102	3611	3611	-634.803	430.751	15.815	point		3610,3612	live-route-recording-20260712-170700-z102	proven
20260712-170700-z102	102	3612	3612	-634.065	428.850	16.007	point		3611,3613	live-route-recording-20260712-170700-z102	proven
20260712-170700-z102	102	3613	3613	-632.938	426.002	16.325	point		3612,3614	live-route-recording-20260712-170700-z102	proven
20260712-170700-z102	102	3614	3614	-631.887	424.098	16.462	point		3613,3615	live-route-recording-20260712-170700-z102	proven
20260712-170700-z102	102	3615	3615	-629.939	422.164	16.310	point		3614,3616	live-route-recording-20260712-170700-z102	proven
20260712-170700-z102	102	3616	3616	-628.666	421.043	16.181	point		3615,3617	live-route-recording-20260712-170700-z102	proven
20260712-170700-z102	102	3617	3617	-626.452	419.074	16.179	point		3616,3618	live-route-recording-20260712-170700-z102	proven
20260712-170700-z102	102	3618	3618	-624.845	417.790	16.245	point		3617,3619	live-route-recording-20260712-170700-z102	proven
20260712-170700-z102	102	3619	3619	-622.610	416.056	16.409	point		3618,3620	live-route-recording-20260712-170700-z102	proven
20260712-170700-z102	102	3620	3620	-621.010	414.655	16.412	point		3619,3621	live-route-recording-20260712-170700-z102	proven
20260712-170700-z102	102	3621	3621	-618.623	412.714	16.132	point		3620,3622	live-route-recording-20260712-170700-z102	proven
20260712-170700-z102	102	3622	3622	-616.988	411.465	15.981	point		3621,3623	live-route-recording-20260712-170700-z102	proven
20260712-170700-z102	102	3623	3623	-614.517	409.612	15.850	point		3622,3624	live-route-recording-20260712-170700-z102	proven
20260712-170700-z102	102	3624	3624	-612.847	408.365	15.797	point		3623,3625	live-route-recording-20260712-170700-z102	proven
20260712-170700-z102	102	3625	3625	-610.373	406.518	15.792	point		3624,3626	live-route-recording-20260712-170700-z102	proven
20260712-170700-z102	102	3626	3626	-608.429	405.067	15.896	point		3625,3627	live-route-recording-20260712-170700-z102	proven
20260712-170700-z102	102	3627	3627	-605.842	403.378	15.878	point		3626,3628	live-route-recording-20260712-170700-z102	proven
20260712-170700-z102	102	3628	3628	-604.043	402.365	15.851	point		3627,3629	live-route-recording-20260712-170700-z102	proven
20260712-170700-z102	102	3629	3629	-601.637	400.863	15.944	point		3628,3630	live-route-recording-20260712-170700-z102	proven
20260712-170700-z102	102	3630	3630	-600.643	399.660	16.020	point		3629,3631	live-route-recording-20260712-170700-z102	proven
20260712-170700-z102	102	3631	3631	-599.647	396.867	15.976	point		3630,3632	live-route-recording-20260712-170700-z102	proven
20260712-170700-z102	102	3632	3632	-599.350	394.855	16.021	point		3631,3633	live-route-recording-20260712-170700-z102	proven
20260712-170700-z102	102	3633	3633	-599.181	391.794	16.162	point		3632,3634	live-route-recording-20260712-170700-z102	proven
20260712-170700-z102	102	3634	3634	-599.133	389.728	16.255	point		3633,3635	live-route-recording-20260712-170700-z102	proven
20260712-170700-z102	102	3635	3635	-599.077	386.665	16.470	point		3634,3636	live-route-recording-20260712-170700-z102	proven
20260712-170700-z102	102	3636	3636	-599.041	384.618	16.672	point		3635,3637	live-route-recording-20260712-170700-z102	proven
20260712-170700-z102	102	3637	3637	-598.987	381.525	16.781	point		3636,3638	live-route-recording-20260712-170700-z102	proven
20260712-170700-z102	102	3638	3638	-598.946	379.102	16.816	point		3637,3639	live-route-recording-20260712-170700-z102	proven
20260712-170700-z102	102	3639	3639	-598.894	376.030	16.654	point		3638,3640	live-route-recording-20260712-170700-z102	proven
20260712-170700-z102	102	3640	3640	-598.859	373.989	16.446	point		3639,3641	live-route-recording-20260712-170700-z102	proven
20260712-170700-z102	102	3641	3641	-598.807	370.914	16.224	point		3640,3642	live-route-recording-20260712-170700-z102	proven
20260712-170700-z102	102	3642	3642	-598.772	368.861	16.138	point		3641,3643	live-route-recording-20260712-170700-z102	proven
20260712-170700-z102	102	3643	3643	-598.720	365.775	16.006	point		3642,3644	live-route-recording-20260712-170700-z102	proven
20260712-170700-z102	102	3644	3644	-598.678	363.346	15.916	point		3643,3645	live-route-recording-20260712-170700-z102	proven
20260712-170700-z102	102	3645	3645	-598.626	360.257	15.912	point		3644,3646	live-route-recording-20260712-170700-z102	proven
20260712-170700-z102	102	3646	3646	-598.591	358.217	15.910	point		3645,3647	live-route-recording-20260712-170700-z102	proven
20260712-170700-z102	102	3647	3647	-598.539	355.127	15.975	point		3646,3648	live-route-recording-20260712-170700-z102	proven
20260712-170700-z102	102	3648	3648	-598.504	353.070	16.098	point		3647,3649	live-route-recording-20260712-170700-z102	proven
20260712-170700-z102	102	3649	3649	-598.452	349.994	16.250	point		3648,3650	live-route-recording-20260712-170700-z102	proven
20260712-170700-z102	102	3650	3650	-598.411	347.579	16.388	point		3649,3651	live-route-recording-20260712-170700-z102	proven
20260712-170700-z102	102	3651	3651	-598.359	344.505	16.697	point		3650,3652	live-route-recording-20260712-170700-z102	proven
20260712-170700-z102	102	3652	3652	-598.351	342.287	16.783	point		3651,3653	live-route-recording-20260712-170700-z102	proven
20260712-170700-z102	102	3653	3653	-598.454	340.232	16.895	point		3652,3654	live-route-recording-20260712-170700-z102	proven
20260712-170700-z102	102	3654	3654	-598.713	337.171	16.780	point		3653,3655	live-route-recording-20260712-170700-z102	proven
20260712-170700-z102	102	3655	3655	-598.999	334.771	16.613	point		3654,3656	live-route-recording-20260712-170700-z102	proven
20260712-170700-z102	102	3656	3656	-599.180	332.576	16.404	point		3655,3657	live-route-recording-20260712-170700-z102	proven
20260712-170700-z102	102	3657	3657	-599.106	329.497	16.216	point		3656,3658	live-route-recording-20260712-170700-z102	proven
20260712-170700-z102	102	3658	3658	-598.989	327.450	15.988	point		3657,3659	live-route-recording-20260712-170700-z102	proven
20260712-170700-z102	102	3659	3659	-599.350	324.415	15.811	point		3658,3660	live-route-recording-20260712-170700-z102	proven
20260712-170700-z102	102	3660	3660	-600.450	322.703	16.000	point		3659,3661	live-route-recording-20260712-170700-z102	proven
20260712-170700-z102	102	3661	3661	-602.829	320.724	16.000	point		3660,3662	live-route-recording-20260712-170700-z102	proven
20260712-170700-z102	102	3662	3662	-604.110	319.845	15.989	point		3661,3663	live-route-recording-20260712-170700-z102	proven
20260712-170700-z102	102	3663	3663	-606.522	318.302	16.017	point		3662,3664	live-route-recording-20260712-170700-z102	proven
20260712-170700-z102	102	3664	3664	-608.289	317.249	16.040	point		3663,3665	live-route-recording-20260712-170700-z102	proven
20260712-170700-z102	102	3665	3665	-611.001	315.806	16.257	point		3664,3666	live-route-recording-20260712-170700-z102	proven
20260712-170700-z102	102	3666	3666	-612.720	314.934	16.350	point		3665,3667	live-route-recording-20260712-170700-z102	proven
20260712-170700-z102	102	3667	3667	-614.967	313.641	16.490	point		3666,3668	live-route-recording-20260712-170700-z102	proven
20260712-170700-z102	102	3668	3668	-616.479	312.366	16.517	point		3667,3669	live-route-recording-20260712-170700-z102	proven
20260712-170700-z102	102	3669	3669	-618.030	311.000	16.406	point		3668,3670	live-route-recording-20260712-170700-z102	proven
20260712-170700-z102	102	3670	3670	-620.335	308.962	16.224	point		3669,3671	live-route-recording-20260712-170700-z102	proven
20260712-170700-z102	102	3671	3671	-621.827	307.557	16.288	point		3670,3672	live-route-recording-20260712-170700-z102	proven
20260712-170700-z102	102	3672	3672	-623.714	305.125	16.449	point		3671,3673	live-route-recording-20260712-170700-z102	proven
20260712-170700-z102	102	3673	3673	-625.367	302.725	16.464	point		3672,3674	live-route-recording-20260712-170700-z102	proven
20260712-170700-z102	102	3674	3674	-626.516	301.025	16.469	point		3673,3675	live-route-recording-20260712-170700-z102	proven
20260712-170700-z102	102	3675	3675	-628.253	298.451	16.220	point		3674,3676	live-route-recording-20260712-170700-z102	proven
20260712-170700-z102	102	3676	3676	-629.404	296.742	16.044	point		3675,3677	live-route-recording-20260712-170700-z102	proven
20260712-170700-z102	102	3677	3677	-631.135	294.166	15.900	point		3676,3678	live-route-recording-20260712-170700-z102	proven
20260712-170700-z102	102	3678	3678	-632.214	292.412	15.816	point		3677,3679	live-route-recording-20260712-170700-z102	proven
20260712-170700-z102	102	3679	3679	-633.646	289.671	15.831	point		3678,3680	live-route-recording-20260712-170700-z102	proven
20260712-170700-z102	102	3680	3680	-634.665	287.607	15.861	point		3679,3681	live-route-recording-20260712-170700-z102	proven
20260712-170700-z102	102	3681	3681	-636.145	285.337	15.822	point		3680,3682	live-route-recording-20260712-170700-z102	proven
20260712-170700-z102	102	3682	3682	-637.492	284.583	15.869	point		3681,3683	live-route-recording-20260712-170700-z102	proven
20260712-170700-z102	102	3683	3683	-640.196	284.500	16.035	point		3682,3684	live-route-recording-20260712-170700-z102	proven
20260712-170700-z102	102	3684	3684	-642.255	284.671	16.172	point		3683,3685	live-route-recording-20260712-170700-z102	proven
20260712-170700-z102	102	3685	3685	-645.338	284.965	16.264	point		3684,3686	live-route-recording-20260712-170700-z102	proven
20260712-170700-z102	102	3686	3686	-647.652	285.194	16.401	point		3685,3687	live-route-recording-20260712-170700-z102	proven
20260712-170700-z102	102	3687	3687	-650.725	285.477	16.113	point		3686,3688	live-route-recording-20260712-170700-z102	proven
20260712-170700-z102	102	3688	3688	-652.759	285.561	15.755	point		3687,3689	live-route-recording-20260712-170700-z102	proven
20260712-170700-z102	102	3689	3689	-655.810	285.384	15.206	point		3688,3690	live-route-recording-20260712-170700-z102	proven
20260712-170700-z102	102	3690	3690	-657.832	285.075	14.860	point		3689,3691	live-route-recording-20260712-170700-z102	proven
20260712-170700-z102	102	3691	3691	-660.848	284.491	14.518	point		3690,3692	live-route-recording-20260712-170700-z102	proven
20260712-170700-z102	102	3692	3692	-663.220	283.988	14.453	point		3691,3693	live-route-recording-20260712-170700-z102	proven
20260712-170700-z102	102	3693	3693	-665.374	283.427	14.536	point		3692,3694	live-route-recording-20260712-170700-z102	proven
20260712-170700-z102	102	3694	3694	-668.329	282.380	14.724	point		3693,3695	live-route-recording-20260712-170700-z102	proven
20260712-170700-z102	102	3695	3695	-670.341	281.760	16.252	point		3694,3696	live-route-recording-20260712-170700-z102	proven
20260712-170700-z102	102	3696	3696	-672.179	280.846	16.190	point		3695,3697	live-route-recording-20260712-170700-z102	proven
20260712-170700-z102	102	3697	3697	-675.037	279.699	16.027	point		3696,3698	live-route-recording-20260712-170700-z102	proven
20260712-170700-z102	102	3698	3698	-678.133	279.775	15.984	point		3697,3699	live-route-recording-20260712-170700-z102	proven
20260712-170700-z102	102	3699	3699	-679.893	280.653	16.000	point		3698,3700	live-route-recording-20260712-170700-z102	proven
20260712-170700-z102	102	3700	3700	-681.689	282.704	15.893	point		3699,3701	live-route-recording-20260712-170700-z102	proven
20260712-170700-z102	102	3701	3701	-682.696	284.417	15.850	point		3700,3702	live-route-recording-20260712-170700-z102	proven
20260712-170700-z102	102	3702	3702	-683.535	286.292	15.891	point		3701,3703	live-route-recording-20260712-170700-z102	proven
20260712-170700-z102	102	3703	3703	-684.569	289.060	15.952	point		3702,3704	live-route-recording-20260712-170700-z102	proven
20260712-170700-z102	102	3704	3704	-685.730	291.513	16.127	point		3281,3703,3705	live-route-recording-20260712-170700-z102	proven
20260712-170700-z102	102	3705	3705	-686.695	293.308	16.273	point		3704,3706	live-route-recording-20260712-170700-z102	proven
20260712-170700-z102	102	3706	3706	-688.273	295.950	16.455	point		3283,3705,3707	live-route-recording-20260712-170700-z102	proven
20260712-170700-z102	102	3707	3707	-689.669	297.455	16.346	point		3706,3708	live-route-recording-20260712-170700-z102	proven
20260712-170700-z102	102	3708	3708	-692.031	299.445	16.086	point		3707,3709	live-route-recording-20260712-170700-z102	proven
20260712-170700-z102	102	3709	3709	-694.103	301.061	16.178	point		3708,3710	live-route-recording-20260712-170700-z102	proven
20260712-170700-z102	102	3710	3710	-695.909	302.453	16.276	point		3709,3711	live-route-recording-20260712-170700-z102	proven
20260712-170700-z102	102	3711	3711	-698.070	304.116	16.390	point		3710,3712	live-route-recording-20260712-170700-z102	proven
20260712-170700-z102	102	3712	3712	-699.699	305.368	16.385	point		3711,3713	live-route-recording-20260712-170700-z102	proven
20260712-170700-z102	102	3713	3713	-701.960	307.108	15.991	point		3712,3714	live-route-recording-20260712-170700-z102	proven
20260712-170700-z102	102	3714	3714	-703.587	308.360	15.852	point		3713,3715	live-route-recording-20260712-170700-z102	proven
20260712-170700-z102	102	3715	3715	-706.060	310.212	15.756	point		3714,3716	live-route-recording-20260712-170700-z102	proven
20260712-170700-z102	102	3716	3716	-707.924	311.383	15.713	point		3715,3717	live-route-recording-20260712-170700-z102	proven
20260712-170700-z102	102	3717	3717	-710.617	312.896	15.794	point		3716,3718	live-route-recording-20260712-170700-z102	proven
20260712-170700-z102	102	3718	3718	-712.412	313.884	15.821	point		3717,3719	live-route-recording-20260712-170700-z102	proven
20260712-170700-z102	102	3719	3719	-715.122	315.368	15.760	point		3718,3720	live-route-recording-20260712-170700-z102	proven
20260712-170700-z102	102	3720	3720	-716.930	316.357	15.771	point		3719,3721	live-route-recording-20260712-170700-z102	proven
20260712-170700-z102	102	3721	3721	-719.570	317.933	15.869	point		3720,3722	live-route-recording-20260712-170700-z102	proven
20260712-170700-z102	102	3722	3722	-720.817	319.403	15.940	point		3721,3723	live-route-recording-20260712-170700-z102	proven
20260712-170700-z102	102	3723	3723	-721.873	321.365	15.881	point		3300,3722,3724	live-route-recording-20260712-170700-z102	proven
20260712-170700-z102	102	3724	3724	-723.166	324.198	15.801	point		3723,3725	live-route-recording-20260712-170700-z102	proven
20260712-170700-z102	102	3725	3725	-723.939	325.972	15.832	point		3302,3724,3726	live-route-recording-20260712-170700-z102	proven
20260712-170700-z102	102	3726	3726	-725.172	328.816	15.731	point		3725,3727	live-route-recording-20260712-170700-z102	proven
20260712-170700-z102	102	3727	3727	-726.318	331.462	15.960	point		3726,3728	live-route-recording-20260712-170700-z102	proven
20260712-170700-z102	102	3728	3728	-727.311	333.664	16.259	point		3727,3729	live-route-recording-20260712-170700-z102	proven
20260712-170700-z102	102	3729	3729	-728.885	336.306	16.379	point		3728,3730	live-route-recording-20260712-170700-z102	proven
20260712-170700-z102	102	3730	3730	-730.080	337.831	16.297	point		3729,3731	live-route-recording-20260712-170700-z102	proven
20260712-170700-z102	102	3731	3731	-732.344	339.931	16.079	point		3730,3732	live-route-recording-20260712-170700-z102	proven
20260712-170700-z102	102	3732	3732	-733.861	341.141	16.191	point		3731,3733	live-route-recording-20260712-170700-z102	proven
20260712-170700-z102	102	3733	3733	-736.301	343.021	16.321	point		3732,3734	live-route-recording-20260712-170700-z102	proven
20260712-170700-z102	102	3734	3734	-738.128	344.419	16.402	point		3733,3735	live-route-recording-20260712-170700-z102	proven
20260712-170700-z102	102	3735	3735	-740.593	346.304	16.277	point		3734,3736	live-route-recording-20260712-170700-z102	proven
20260712-170700-z102	102	3736	3736	-742.223	347.550	16.006	point		3735,3737	live-route-recording-20260712-170700-z102	proven
20260712-170700-z102	102	3737	3737	-744.672	349.422	15.831	point		3736,3738	live-route-recording-20260712-170700-z102	proven
20260712-170700-z102	102	3738	3738	-746.316	350.679	15.768	point		3737,3739	live-route-recording-20260712-170700-z102	proven
20260712-170700-z102	102	3739	3739	-748.765	352.552	15.738	point		3738,3740	live-route-recording-20260712-170700-z102	proven
20260712-170700-z102	102	3740	3740	-750.568	353.765	15.837	point		3739,3741	live-route-recording-20260712-170700-z102	proven
20260712-170700-z102	102	3741	3741	-753.356	355.040	15.832	point		3740,3742	live-route-recording-20260712-170700-z102	proven
20260712-170700-z102	102	3742	3742	-755.330	355.638	15.763	point		3741,3743	live-route-recording-20260712-170700-z102	proven
20260712-170700-z102	102	3743	3743	-758.325	356.286	15.766	point		3742,3744	live-route-recording-20260712-170700-z102	proven
20260712-170700-z102	102	3744	3744	-760.273	356.478	15.778	point		3743,3745	live-route-recording-20260712-170700-z102	proven
20260712-170700-z102	102	3745	3745	-763.122	356.580	15.785	point		3744,3746	live-route-recording-20260712-170700-z102	proven
20260712-170700-z102	102	3746	3746	-764.916	356.948	15.407	point		3745,3747	live-route-recording-20260712-170700-z102	proven
20260712-170700-z102	102	3747	3747	-765.947	357.926	15.081	point		3324,3746,3748	live-route-recording-20260712-170700-z102	proven
20260712-170700-z102	102	3748	3748	-766.861	360.542	14.869	point		3747,3749	live-route-recording-20260712-170700-z102	proven
20260712-170700-z102	102	3749	3749	-767.231	362.615	14.731	point		3748,3750	live-route-recording-20260712-170700-z102	proven
20260712-170700-z102	102	3750	3750	-767.958	365.342	14.642	point		3749,3751	live-route-recording-20260712-170700-z102	proven
20260712-170700-z102	102	3751	3751	-768.256	366.385	14.694	point		3750,3752	live-route-recording-20260712-170700-z102	proven
20260712-170700-z102	102	3752	3752	-766.855	367.645	15.478	point		3751,3753	live-route-recording-20260712-170700-z102	proven
20260712-170700-z102	102	3753	3753	-765.470	367.719	15.811	point		3752,3754	live-route-recording-20260712-170700-z102	proven
20260712-170700-z102	102	3754	3754	-762.678	366.754	16.137	point		3753,3755	live-route-recording-20260712-170700-z102	proven
20260712-170700-z102	102	3755	3755	-760.799	365.923	16.095	point		3754,3756	live-route-recording-20260712-170700-z102	proven
20260712-170700-z102	102	3756	3756	-758.181	364.751	16.036	point		3755,3757	live-route-recording-20260712-170700-z102	proven
20260712-170700-z102	102	3757	3757	-755.433	363.786	16.016	point		3756,3758	live-route-recording-20260712-170700-z102	proven
20260712-170700-z102	102	3758	3758	-753.230	363.114	16.137	point		3757,3759	live-route-recording-20260712-170700-z102	proven
20260712-170700-z102	102	3759	3759	-750.269	362.228	16.286	point		3758,3760	live-route-recording-20260712-170700-z102	proven
20260712-170700-z102	102	3760	3760	-748.342	361.495	16.382	point		3759,3761	live-route-recording-20260712-170700-z102	proven
20260712-170700-z102	102	3761	3761	-745.557	360.169	16.640	point		3760,3762	live-route-recording-20260712-170700-z102	proven
20260712-170700-z102	102	3762	3762	-743.754	359.176	16.811	point		3761,3763	live-route-recording-20260712-170700-z102	proven
20260712-170700-z102	102	3763	3763	-741.414	357.558	16.928	point		3762,3764	live-route-recording-20260712-170700-z102	proven
20260712-170700-z102	102	3764	3764	-739.269	355.982	16.959	point		3763,3765	live-route-recording-20260712-170700-z102	proven
20260712-170700-z102	102	3765	3765	-737.617	354.756	16.784	point		3764,3766	live-route-recording-20260712-170700-z102	proven
20260712-170700-z102	102	3766	3766	-735.131	352.905	16.566	point		3765,3767	live-route-recording-20260712-170700-z102	proven
20260712-170700-z102	102	3767	3767	-733.574	351.746	16.479	point		3766,3768	live-route-recording-20260712-170700-z102	proven
20260712-170700-z102	102	3768	3768	-731.108	349.894	16.500	point		3767,3769	live-route-recording-20260712-170700-z102	proven
20260712-170700-z102	102	3769	3769	-728.864	348.011	16.500	point		3768,3770	live-route-recording-20260712-170700-z102	proven
20260712-170700-z102	102	3770	3770	-727.163	346.474	16.560	point		3769,3771	live-route-recording-20260712-170700-z102	proven
20260712-170700-z102	102	3771	3771	-724.919	344.512	16.729	point		3770,3772	live-route-recording-20260712-170700-z102	proven
20260712-170700-z102	102	3772	3772	-723.370	343.173	16.840	point		3771,3773	live-route-recording-20260712-170700-z102	proven
20260712-170700-z102	102	3773	3773	-721.024	341.150	16.941	point		3772,3774	live-route-recording-20260712-170700-z102	proven
20260712-170700-z102	102	3774	3774	-719.464	339.805	16.989	point		3773,3775	live-route-recording-20260712-170700-z102	proven
20260712-170700-z102	102	3775	3775	-717.124	337.788	16.888	point		3774,3776	live-route-recording-20260712-170700-z102	proven
20260712-170700-z102	102	3776	3776	-715.284	336.203	16.884	point		3775,3777	live-route-recording-20260712-170700-z102	proven
20260712-170700-z102	102	3777	3777	-713.561	334.717	16.902	point		3776,3778	live-route-recording-20260712-170700-z102	proven
20260712-170700-z102	102	3778	3778	-711.220	332.700	16.963	point		3777,3779	live-route-recording-20260712-170700-z102	proven
20260712-170700-z102	102	3779	3779	-709.668	331.362	17.086	point		3778,3780	live-route-recording-20260712-170700-z102	proven
20260712-170700-z102	102	3780	3780	-707.759	329.786	17.217	point		3779,3781	live-route-recording-20260712-170700-z102	proven
20260712-170700-z102	102	3781	3781	-705.358	328.141	17.006	point		3780,3782	live-route-recording-20260712-170700-z102	proven
20260712-170700-z102	102	3782	3782	-703.333	326.807	16.972	point		3781,3783	live-route-recording-20260712-170700-z102	proven
20260712-170700-z102	102	3783	3783	-700.736	325.132	17.018	point		3782,3784	live-route-recording-20260712-170700-z102	proven
20260712-170700-z102	102	3784	3784	-699.006	324.028	16.949	point		3783,3785	live-route-recording-20260712-170700-z102	proven
20260712-170700-z102	102	3785	3785	-696.402	322.374	16.819	point		3784,3786	live-route-recording-20260712-170700-z102	proven
20260712-170700-z102	102	3786	3786	-694.681	321.283	16.664	point		3785,3787	live-route-recording-20260712-170700-z102	proven
20260712-170700-z102	102	3787	3787	-692.060	319.622	16.402	point		3786,3788	live-route-recording-20260712-170700-z102	proven
20260712-170700-z102	102	3788	3788	-689.999	318.317	16.299	point		3787,3789	live-route-recording-20260712-170700-z102	proven
20260712-170700-z102	102	3789	3789	-687.370	316.651	16.167	point		3788,3790	live-route-recording-20260712-170700-z102	proven
20260712-170700-z102	102	3790	3790	-685.635	315.551	16.102	point		3789,3791	live-route-recording-20260712-170700-z102	proven
20260712-170700-z102	102	3791	3791	-683.034	313.903	16.104	point		3790,3792	live-route-recording-20260712-170700-z102	proven
20260712-170700-z102	102	3792	3792	-681.290	312.799	16.159	point		3791,3793	live-route-recording-20260712-170700-z102	proven
20260712-170700-z102	102	3793	3793	-678.668	311.137	16.242	point		3792,3794	live-route-recording-20260712-170700-z102	proven
20260712-170700-z102	102	3794	3794	-676.464	309.741	16.312	point		3793,3795	live-route-recording-20260712-170700-z102	proven
20260712-170700-z102	102	3795	3795	-674.739	308.648	16.398	point		3794,3796	live-route-recording-20260712-170700-z102	proven
20260712-170700-z102	102	3796	3796	-671.986	306.904	16.472	point		3795,3797	live-route-recording-20260712-170700-z102	proven
20260712-170700-z102	102	3797	3797	-670.242	305.799	16.445	point		3796,3798	live-route-recording-20260712-170700-z102	proven
20260712-170700-z102	102	3798	3798	-667.624	304.140	16.367	point		3797,3799	live-route-recording-20260712-170700-z102	proven
20260712-170700-z102	102	3799	3799	-665.309	302.674	16.361	point		3798,3800	live-route-recording-20260712-170700-z102	proven
20260712-170700-z102	102	3800	3800	-663.261	301.377	16.385	point		3799,3801	live-route-recording-20260712-170700-z102	proven
20260712-170700-z102	102	3801	3801	-660.656	299.726	16.474	point		3800,3802	live-route-recording-20260712-170700-z102	proven
20260712-170700-z102	102	3802	3802	-658.925	298.629	16.449	point		3801,3803	live-route-recording-20260712-170700-z102	proven
20260712-170700-z102	102	3803	3803	-656.316	296.965	16.369	point		3802,3804	live-route-recording-20260712-170700-z102	proven
20260712-170700-z102	102	3804	3804	-654.669	295.724	16.312	point		3803,3805	live-route-recording-20260712-170700-z102	proven
20260712-170700-z102	102	3805	3805	-652.520	293.506	16.150	point		3804,3806	live-route-recording-20260712-170700-z102	proven
20260712-170700-z102	102	3806	3806	-651.001	291.619	16.161	point		3805,3807	live-route-recording-20260712-170700-z102	proven
20260712-170700-z102	102	3807	3807	-649.165	289.150	16.276	point		3806,3808	live-route-recording-20260712-170700-z102	proven
20260712-170700-z102	102	3808	3808	-648.311	287.296	16.346	point		3807,3809	live-route-recording-20260712-170700-z102	proven
20260712-170700-z102	102	3809	3809	-648.659	285.460	16.370	point		3808,3810	live-route-recording-20260712-170700-z102	proven
20260712-170700-z102	102	3810	3810	-648.678	285.412	16.370	mark	cliff path 3 bottom	3809,3811	live-route-recording-20260712-170700-z102	proven
20260712-170700-z102	102	3811	3811	-652.184	284.928	15.830	point		3810,3812	live-route-recording-20260712-170700-z102	proven
20260712-170700-z102	102	3812	3812	-654.520	284.799	15.339	point		3811,3813	live-route-recording-20260712-170700-z102	proven
20260712-170700-z102	102	3813	3813	-656.566	284.671	14.995	point		3812,3814	live-route-recording-20260712-170700-z102	proven
20260712-170700-z102	102	3814	3814	-659.480	284.400	14.520	point		3813,3815	live-route-recording-20260712-170700-z102	proven
20260712-170700-z102	102	3815	3815	-661.156	283.754	14.374	point		3814,3816	live-route-recording-20260712-170700-z102	proven
20260712-170700-z102	102	3816	3816	-663.258	282.152	14.309	point		3815,3817	live-route-recording-20260712-170700-z102	proven
20260712-170700-z102	102	3817	3817	-663.877	280.519	14.178	point		3816,3818	live-route-recording-20260712-170700-z102	proven
20260712-170700-z102	102	3818	3818	-663.156	279.117	13.886	point		3817,3819	live-route-recording-20260712-170700-z102	proven
20260712-170700-z102	102	3819	3819	-661.568	278.032	13.538	point		3818,3820	live-route-recording-20260712-170700-z102	proven
20260712-170700-z102	102	3820	3820	-658.911	277.089	13.094	point		3819,3821	live-route-recording-20260712-170700-z102	proven
20260712-170700-z102	102	3821	3821	-657.057	276.569	12.784	point		3820,3822	live-route-recording-20260712-170700-z102	proven
20260712-170700-z102	102	3822	3822	-654.115	275.771	12.122	point		3821,3823	live-route-recording-20260712-170700-z102	proven
20260712-170700-z102	102	3823	3823	-651.446	274.987	11.886	point		3822,3824	live-route-recording-20260712-170700-z102	proven
20260712-170700-z102	102	3824	3824	-650.208	274.470	11.794	point		3823,3825	live-route-recording-20260712-170700-z102	proven
20260712-170700-z102	102	3825	3825	-650.620	272.732	11.497	point		3824,3826	live-route-recording-20260712-170700-z102	proven
20260712-170700-z102	102	3826	3826	-651.218	271.415	11.243	point		3825,3827	live-route-recording-20260712-170700-z102	proven
20260712-170700-z102	102	3827	3827	-651.125	269.709	10.859	point		3826,3828	live-route-recording-20260712-170700-z102	proven
20260712-170700-z102	102	3828	3828	-649.803	268.355	10.531	point		3827,3829	live-route-recording-20260712-170700-z102	proven
20260712-170700-z102	102	3829	3829	-647.183	267.102	10.044	point		3828,3830	live-route-recording-20260712-170700-z102	proven
20260712-170700-z102	102	3830	3830	-645.260	266.528	9.475	point		3829,3831	live-route-recording-20260712-170700-z102	proven
20260712-170700-z102	102	3831	3831	-642.359	266.057	9.081	point		3830,3832	live-route-recording-20260712-170700-z102	proven
20260712-170700-z102	102	3832	3832	-640.306	265.900	9.072	point		3831,3833	live-route-recording-20260712-170700-z102	proven
20260712-170700-z102	102	3833	3833	-637.573	265.981	8.928	point		3832,3834	live-route-recording-20260712-170700-z102	proven
20260712-170700-z102	102	3834	3834	-635.416	266.213	8.733	point		3833,3835	live-route-recording-20260712-170700-z102	proven
20260712-170700-z102	102	3835	3835	-632.520	266.251	8.135	point		3834,3836	live-route-recording-20260712-170700-z102	proven
20260712-170700-z102	102	3836	3836	-631.130	265.562	7.838	point		3835,3837	live-route-recording-20260712-170700-z102	proven
20260712-170700-z102	102	3837	3837	-630.009	264.272	7.472	point		3836,3838	live-route-recording-20260712-170700-z102	proven
20260712-170700-z102	102	3838	3838	-628.477	261.805	6.287	point		3837,3839	live-route-recording-20260712-170700-z102	proven
20260712-170700-z102	102	3839	3839	-627.055	259.403	5.200	point		3838,3840	live-route-recording-20260712-170700-z102	proven
20260712-170700-z102	102	3840	3840	-625.870	257.385	4.508	point		3839,3841	live-route-recording-20260712-170700-z102	proven
20260712-170700-z102	102	3841	3841	-624.353	254.801	3.605	point		3840,3842	live-route-recording-20260712-170700-z102	proven
20260712-170700-z102	102	3842	3842	-623.349	253.089	2.963	point		3841,3843	live-route-recording-20260712-170700-z102	proven
20260712-170700-z102	102	3843	3843	-621.780	250.491	2.271	point		3842,3844	live-route-recording-20260712-170700-z102	proven
20260712-170700-z102	102	3844	3844	-620.565	249.019	1.934	point		3843,3845	live-route-recording-20260712-170700-z102	proven
20260712-170700-z102	102	3845	3845	-619.107	248.389	1.673	point		3844,3846	live-route-recording-20260712-170700-z102	proven
20260712-170700-z102	102	3846	3846	-619.059	248.375	1.665	mark	cliff path 3 top	3845,3847	live-route-recording-20260712-170700-z102	proven
20260712-170700-z102	102	3847	3847	-617.707	248.385	1.498	point		3846,3848	live-route-recording-20260712-170700-z102	proven
20260712-170700-z102	102	3848	3848	-615.028	248.844	1.104	point		3847,3849	live-route-recording-20260712-170700-z102	proven
20260712-170700-z102	102	3849	3849	-613.363	249.130	0.810	point		3848,3850	live-route-recording-20260712-170700-z102	proven
20260712-170700-z102	102	3850	3850	-610.292	249.261	0.357	point		3849,3851	live-route-recording-20260712-170700-z102	proven
20260712-170700-z102	102	3851	3851	-607.981	249.164	0.136	point		3850,3852	live-route-recording-20260712-170700-z102	proven
20260712-170700-z102	102	3852	3852	-606.057	249.037	0.219	point		3851,3853	live-route-recording-20260712-170700-z102	proven
20260712-170700-z102	102	3853	3853	-602.991	248.819	0.240	point		3852,3854	live-route-recording-20260712-170700-z102	proven
20260712-170700-z102	102	3854	3854	-600.926	248.670	0.232	point		3853,3855	live-route-recording-20260712-170700-z102	proven
20260712-170700-z102	102	3855	3855	-597.861	248.443	0.358	point		3854,3856	live-route-recording-20260712-170700-z102	proven
20260712-170700-z102	102	3856	3856	-595.834	248.232	0.381	point		3855,3857	live-route-recording-20260712-170700-z102	proven
20260712-170700-z102	102	3857	3857	-592.644	247.473	-0.523	point		3856,3858	live-route-recording-20260712-170700-z102	proven
20260712-170700-z102	102	3858	3858	-590.648	246.921	-0.638	point		3857,3859	live-route-recording-20260712-170700-z102	proven
20260712-170700-z102	102	3859	3859	-587.690	246.116	-0.836	point		3858,3860	live-route-recording-20260712-170700-z102	proven
20260712-170700-z102	102	3860	3860	-585.723	245.742	-1.245	point		3859,3861	live-route-recording-20260712-170700-z102	proven
20260712-170700-z102	102	3861	3861	-583.761	245.490	-1.955	point		3860,3862	live-route-recording-20260712-170700-z102	proven
20260712-170700-z102	102	3862	3862	-582.325	245.289	-2.748	point		3861,3863	live-route-recording-20260712-170700-z102	proven
20260712-170700-z102	102	3863	3863	-580.752	245.038	-3.583	point		3862,3864	live-route-recording-20260712-170700-z102	proven
20260712-170700-z102	102	3864	3864	-577.800	244.147	-4.720	point		3863,3865	live-route-recording-20260712-170700-z102	proven
20260712-170700-z102	102	3865	3865	-575.924	243.447	-5.348	point		3864,3866	live-route-recording-20260712-170700-z102	proven
20260712-170700-z102	102	3866	3866	-573.104	242.345	-5.898	point		3865,3867	live-route-recording-20260712-170700-z102	proven
20260712-170700-z102	102	3867	3867	-571.276	241.624	-6.433	point		3866,3868	live-route-recording-20260712-170700-z102	proven
20260712-170700-z102	102	3868	3868	-568.499	240.525	-7.407	point		3867,3869	live-route-recording-20260712-170700-z102	proven
20260712-170700-z102	102	3869	3869	-566.593	239.771	-7.698	point		3868,3870	live-route-recording-20260712-170700-z102	proven
20260712-170700-z102	102	3870	3870	-564.173	238.812	-8.088	point		3869,3871	live-route-recording-20260712-170700-z102	proven
20260712-170700-z102	102	3871	3871	-561.301	237.674	-8.000	point		3870,3872	live-route-recording-20260712-170700-z102	proven
20260712-170700-z102	102	3872	3872	-559.381	236.914	-8.000	point		3871,3873	live-route-recording-20260712-170700-z102	proven
20260712-170700-z102	102	3873	3873	-556.528	235.784	-8.000	point		3872,3874	live-route-recording-20260712-170700-z102	proven
20260712-170700-z102	102	3874	3874	-554.618	235.028	-7.884	point		3873,3875	live-route-recording-20260712-170700-z102	proven
20260712-170700-z102	102	3875	3875	-551.925	233.961	-7.549	point		3874,3876	live-route-recording-20260712-170700-z102	proven
20260712-170700-z102	102	3876	3876	-549.643	233.057	-7.353	point		3875,3877	live-route-recording-20260712-170700-z102	proven
20260712-170700-z102	102	3877	3877	-546.785	231.925	-7.363	point		3876,3878	live-route-recording-20260712-170700-z102	proven
20260712-170700-z102	102	3878	3878	-544.863	231.164	-7.537	point		3877,3879	live-route-recording-20260712-170700-z102	proven
20260712-170700-z102	102	3879	3879	-542.003	230.032	-7.418	point		3878,3880	live-route-recording-20260712-170700-z102	proven
20260712-170700-z102	102	3880	3880	-540.091	229.281	-7.465	point		3879,3881	live-route-recording-20260712-170700-z102	proven
20260712-170700-z102	102	3881	3881	-537.207	228.265	-7.850	point		3880,3882	live-route-recording-20260712-170700-z102	proven
20260712-170700-z102	102	3882	3882	-534.889	227.542	-8.147	point		3881,3883	live-route-recording-20260712-170700-z102	proven
20260712-170700-z102	102	3883	3883	-532.118	226.214	-8.424	point		3882,3884	live-route-recording-20260712-170700-z102	proven
20260712-170700-z102	102	3884	3884	-530.611	224.824	-8.525	point		3883,3885	live-route-recording-20260712-170700-z102	proven
20260712-170700-z102	102	3885	3885	-528.646	222.986	-8.981	point		3884,3886	live-route-recording-20260712-170700-z102	proven
20260712-170700-z102	102	3886	3886	-526.759	222.175	-8.808	point		3885,3887	live-route-recording-20260712-170700-z102	proven
20260712-170700-z102	102	3887	3887	-524.108	221.592	-8.832	point		3886,3888	live-route-recording-20260712-170700-z102	proven
20260712-170700-z102	102	3888	3888	-521.897	221.245	-8.662	point		3887,3889	live-route-recording-20260712-170700-z102	proven
20260712-170700-z102	102	3889	3889	-519.848	221.040	-8.636	point		3888,3890	live-route-recording-20260712-170700-z102	proven
20260712-170700-z102	102	3890	3890	-516.756	220.898	-8.578	point		3889,3891	live-route-recording-20260712-170700-z102	proven
20260712-170700-z102	102	3891	3891	-514.688	220.896	-8.452	point		3890,3892	live-route-recording-20260712-170700-z102	proven
20260712-170700-z102	102	3892	3892	-511.602	220.963	-8.500	point		3891,3893	live-route-recording-20260712-170700-z102	proven
20260712-170700-z102	102	3893	3893	-508.698	221.055	-8.738	point		3892,3894	live-route-recording-20260712-170700-z102	proven
20260712-170700-z102	102	3894	3894	-506.295	221.146	-8.962	point		3893,3895	live-route-recording-20260712-170700-z102	proven
20260712-170700-z102	102	3895	3895	-503.242	221.418	-8.566	point		3894,3896	live-route-recording-20260712-170700-z102	proven
20260712-170700-z102	102	3896	3896	-501.188	221.711	-8.437	point		3895,3897	live-route-recording-20260712-170700-z102	proven
20260712-170700-z102	102	3897	3897	-498.145	222.283	-8.461	point		3896,3898	live-route-recording-20260712-170700-z102	proven
20260712-170700-z102	102	3898	3898	-496.140	222.629	-8.462	point		3897,3899	live-route-recording-20260712-170700-z102	proven
20260712-170700-z102	102	3899	3899	-493.097	222.962	-7.961	point		3898,3900	live-route-recording-20260712-170700-z102	proven
20260712-170700-z102	102	3900	3900	-490.665	223.126	-7.656	point		3899,3901	live-route-recording-20260712-170700-z102	proven
20260712-170700-z102	102	3901	3901	-487.581	223.272	-7.444	point		3900,3902	live-route-recording-20260712-170700-z102	proven
20260712-170700-z102	102	3902	3902	-485.518	223.355	-7.251	point		3901,3903	live-route-recording-20260712-170700-z102	proven
20260712-170700-z102	102	3903	3903	-482.420	223.458	-7.174	point		3902,3904	live-route-recording-20260712-170700-z102	proven
20260712-170700-z102	102	3904	3904	-480.366	223.414	-7.172	point		3903,3905	live-route-recording-20260712-170700-z102	proven
20260712-170700-z102	102	3905	3905	-477.288	223.101	-7.156	point		3904,3906	live-route-recording-20260712-170700-z102	proven
20260712-170700-z102	102	3906	3906	-474.857	222.912	-7.147	point		3905,3907	live-route-recording-20260712-170700-z102	proven
20260712-170700-z102	102	3907	3907	-473.000	222.823	-6.972	point		3906,3908	live-route-recording-20260712-170700-z102	proven
20260712-170700-z102	102	3908	3908	-469.977	222.653	-6.608	point		3907,3909	live-route-recording-20260712-170700-z102	proven
20260712-170700-z102	102	3909	3909	-467.997	222.521	-6.041	point		3908,3910	live-route-recording-20260712-170700-z102	proven
20260712-170700-z102	102	3910	3910	-465.453	222.257	-4.474	point		3909,3911	live-route-recording-20260712-170700-z102	proven
20260712-170700-z102	102	3911	3911	-462.652	221.940	-3.659	point		3910,3912	live-route-recording-20260712-170700-z102	proven
20260712-170700-z102	102	3912	3912	-460.386	221.758	-3.352	point		3911,3913	live-route-recording-20260712-170700-z102	proven
20260712-170700-z102	102	3913	3913	-457.509	221.562	-1.399	point		3912,3914	live-route-recording-20260712-170700-z102	proven
20260712-170700-z102	102	3914	3914	-455.539	221.308	-0.809	point		3913,3915	live-route-recording-20260712-170700-z102	proven
20260712-170700-z102	102	3915	3915	-452.605	220.953	-0.025	point		3914,3916	live-route-recording-20260712-170700-z102	proven
20260712-170700-z102	102	3916	3916	-450.625	220.716	0.535	point		3915,3917	live-route-recording-20260712-170700-z102	proven
20260712-170700-z102	102	3917	3917	-447.536	220.342	1.309	point		3916,3918	live-route-recording-20260712-170700-z102	proven
20260712-170700-z102	102	3918	3918	-445.716	220.133	1.745	point		3917,3919	live-route-recording-20260712-170700-z102	proven
20260712-170700-z102	102	3919	3919	-443.398	219.897	3.697	point		3918,3920	live-route-recording-20260712-170700-z102	proven
20260712-170700-z102	102	3920	3920	-441.384	219.876	5.507	point		3919,3921	live-route-recording-20260712-170700-z102	proven
20260712-170700-z102	102	3921	3921	-438.467	220.660	6.112	point		3920,3922	live-route-recording-20260712-170700-z102	proven
20260712-170700-z102	102	3922	3922	-436.755	221.786	6.367	point		3921,3923,4417	live-route-recording-20260712-170700-z102	proven
20260712-170700-z102	102	3923	3923	-434.713	223.815	6.653	point		3922,3924	live-route-recording-20260712-170700-z102	proven
20260712-170700-z102	102	3924	3924	-433.254	225.338	8.146	point		3923,3925	live-route-recording-20260712-170700-z102	proven
20260712-170700-z102	102	3925	3925	-432.735	226.291	8.090	point		3924,3926	live-route-recording-20260712-170700-z102	proven
20260712-170700-z102	102	3926	3926	-432.400	228.507	8.036	point		3925,3927	live-route-recording-20260712-170700-z102	proven
20260712-170700-z102	102	3927	3927	-432.759	229.779	8.071	point		3926,3928	live-route-recording-20260712-170700-z102	proven
20260712-170700-z102	102	3928	3928	-434.844	231.487	8.166	point		3927,3929	live-route-recording-20260712-170700-z102	proven
20260712-170700-z102	102	3929	3929	-436.711	232.308	8.184	point		3928,3930	live-route-recording-20260712-170700-z102	proven
20260712-170700-z102	102	3930	3930	-439.353	233.383	8.130	point		3929,3931	live-route-recording-20260712-170700-z102	proven
20260712-170700-z102	102	3931	3931	-441.314	234.545	7.988	point		3930,3932	live-route-recording-20260712-170700-z102	proven
20260712-170700-z102	102	3932	3932	-442.103	236.159	7.858	point		3931,3933	live-route-recording-20260712-170700-z102	proven
20260712-170700-z102	102	3933	3933	-442.248	237.851	7.858	point		3932,3934	live-route-recording-20260712-170700-z102	proven
20260712-170700-z102	102	3934	3934	-441.485	240.379	7.906	point		3933,3935	live-route-recording-20260712-170700-z102	proven
20260712-170700-z102	102	3935	3935	-440.256	241.706	7.892	point		3934,3936	live-route-recording-20260712-170700-z102	proven
20260712-170700-z102	102	3936	3936	-437.852	243.440	7.783	point		3935,3937	live-route-recording-20260712-170700-z102	proven
20260712-170700-z102	102	3937	3937	-435.459	244.846	7.583	point		3936,3938	live-route-recording-20260712-170700-z102	proven
20260712-170700-z102	102	3938	3938	-433.527	245.951	7.774	point		3937,3939	live-route-recording-20260712-170700-z102	proven
20260712-170700-z102	102	3939	3939	-430.839	247.483	7.775	point		3938,3940	live-route-recording-20260712-170700-z102	proven
20260712-170700-z102	102	3940	3940	-429.045	248.524	7.718	point		3939,3941	live-route-recording-20260712-170700-z102	proven
20260712-170700-z102	102	3941	3941	-426.350	250.022	7.726	point		3940,3942	live-route-recording-20260712-170700-z102	proven
20260712-170700-z102	102	3942	3942	-424.537	250.978	7.797	point		3941,3943	live-route-recording-20260712-170700-z102	proven
20260712-170700-z102	102	3943	3943	-421.850	252.462	8.074	point		3942,3944	live-route-recording-20260712-170700-z102	proven
20260712-170700-z102	102	3944	3944	-419.901	253.637	8.424	point		3943,3945	live-route-recording-20260712-170700-z102	proven
20260712-170700-z102	102	3945	3945	-417.382	255.417	8.440	point		3944,3946	live-route-recording-20260712-170700-z102	proven
20260712-170700-z102	102	3946	3946	-415.750	256.678	8.395	point		3945,3947	live-route-recording-20260712-170700-z102	proven
20260712-170700-z102	102	3947	3947	-413.334	258.591	8.228	point		3946,3948	live-route-recording-20260712-170700-z102	proven
20260712-170700-z102	102	3948	3948	-411.794	259.941	8.135	point		3947,3949	live-route-recording-20260712-170700-z102	proven
20260712-170700-z102	102	3949	3949	-409.929	262.100	8.323	point		3948,3950	live-route-recording-20260712-170700-z102	proven
20260712-170700-z102	102	3950	3950	-408.737	263.771	8.409	point		3949,3951	live-route-recording-20260712-170700-z102	proven
20260712-170700-z102	102	3951	3951	-407.715	265.603	8.314	point		3950,3952	live-route-recording-20260712-170700-z102	proven
20260712-170700-z102	102	3952	3952	-406.471	268.157	8.032	point		3951,3953	live-route-recording-20260712-170700-z102	proven
20260712-170700-z102	102	3953	3953	-405.594	270.026	7.852	point		3952,3954	live-route-recording-20260712-170700-z102	proven
20260712-170700-z102	102	3954	3954	-404.442	272.869	7.749	point		3953,3955	live-route-recording-20260712-170700-z102	proven
20260712-170700-z102	102	3955	3955	-403.667	275.659	7.785	point		3954,3956	live-route-recording-20260712-170700-z102	proven
20260712-170700-z102	102	3956	3956	-403.284	278.047	7.793	point		3955,3957	live-route-recording-20260712-170700-z102	proven
20260712-170700-z102	102	3957	3957	-403.141	281.111	7.802	point		3956,3958	live-route-recording-20260712-170700-z102	proven
20260712-170700-z102	102	3958	3958	-403.220	283.184	7.797	point		3957,3959	live-route-recording-20260712-170700-z102	proven
20260712-170700-z102	102	3959	3959	-403.424	286.259	7.965	point		3958,3960	live-route-recording-20260712-170700-z102	proven
20260712-170700-z102	102	3960	3960	-403.574	288.320	8.103	point		3959,3961	live-route-recording-20260712-170700-z102	proven
20260712-170700-z102	102	3961	3961	-403.802	291.387	8.182	point		3960,3962	live-route-recording-20260712-170700-z102	proven
20260712-170700-z102	102	3962	3962	-403.961	293.786	8.454	point		3961,3963	live-route-recording-20260712-170700-z102	proven
20260712-170700-z102	102	3963	3963	-403.973	296.868	8.699	point		3962,3964	live-route-recording-20260712-170700-z102	proven
20260712-170700-z102	102	3964	3964	-403.851	298.928	8.741	point		3963,3965	live-route-recording-20260712-170700-z102	proven
20260712-170700-z102	102	3965	3965	-403.619	302.008	8.684	point		3964,3966	live-route-recording-20260712-170700-z102	proven
20260712-170700-z102	102	3966	3966	-403.444	304.041	8.588	point		3965,3967	live-route-recording-20260712-170700-z102	proven
20260712-170700-z102	102	3967	3967	-402.944	307.072	8.314	point		3966,3968	live-route-recording-20260712-170700-z102	proven
20260712-170700-z102	102	3968	3968	-402.340	309.598	8.171	point		3967,3969	live-route-recording-20260712-170700-z102	proven
20260712-170700-z102	102	3969	3969	-401.959	311.613	7.938	point		3968,3970	live-route-recording-20260712-170700-z102	proven
20260712-170700-z102	102	3970	3970	-401.795	314.297	7.660	point		3969,3971	live-route-recording-20260712-170700-z102	proven
20260712-170700-z102	102	3971	3971	-401.844	316.470	7.588	point		3970,3972	live-route-recording-20260712-170700-z102	proven
20260712-170700-z102	102	3972	3972	-401.398	319.233	7.911	point		3971,3973	live-route-recording-20260712-170700-z102	proven
20260712-170700-z102	102	3973	3973	-399.873	321.513	7.904	point		3972,3974	live-route-recording-20260712-170700-z102	proven
20260712-170700-z102	102	3974	3974	-398.535	322.527	7.840	point		3973,3975	live-route-recording-20260712-170700-z102	proven
20260712-170700-z102	102	3975	3975	-395.912	323.251	7.795	point		3974,3976	live-route-recording-20260712-170700-z102	proven
20260712-170700-z102	102	3976	3976	-393.876	323.553	7.881	point		3975,3977	live-route-recording-20260712-170700-z102	proven
20260712-170700-z102	102	3977	3977	-390.900	324.234	8.039	point		3976,3978	live-route-recording-20260712-170700-z102	proven
20260712-170700-z102	102	3978	3978	-389.098	324.970	8.164	point		3977,3979	live-route-recording-20260712-170700-z102	proven
20260712-170700-z102	102	3979	3979	-386.378	326.172	8.350	point		3978,3980	live-route-recording-20260712-170700-z102	proven
20260712-170700-z102	102	3980	3980	-384.519	327.062	8.495	point		3979,3981	live-route-recording-20260712-170700-z102	proven
20260712-170700-z102	102	3981	3981	-382.236	328.743	8.429	point		3980,3982	live-route-recording-20260712-170700-z102	proven
20260712-170700-z102	102	3982	3982	-380.863	330.108	8.307	point		3981,3983	live-route-recording-20260712-170700-z102	proven
20260712-170700-z102	102	3983	3983	-378.932	332.513	8.218	point		3982,3984	live-route-recording-20260712-170700-z102	proven
20260712-170700-z102	102	3984	3984	-377.714	334.153	8.287	point		3983,3985	live-route-recording-20260712-170700-z102	proven
20260712-170700-z102	102	3985	3985	-375.870	336.663	8.447	point		3984,3986	live-route-recording-20260712-170700-z102	proven
20260712-170700-z102	102	3986	3986	-374.583	338.419	8.438	point		3985,3987	live-route-recording-20260712-170700-z102	proven
20260712-170700-z102	102	3987	3987	-372.774	340.891	8.242	point		3986,3988	live-route-recording-20260712-170700-z102	proven
20260712-170700-z102	102	3988	3988	-371.554	342.558	8.055	point		3987,3989	live-route-recording-20260712-170700-z102	proven
20260712-170700-z102	102	3989	3989	-370.266	344.370	7.907	point		3988,3990	live-route-recording-20260712-170700-z102	proven
20260712-170700-z102	102	3990	3990	-368.682	347.010	7.765	point		3989,3991	live-route-recording-20260712-170700-z102	proven
20260712-170700-z102	102	3991	3991	-367.307	349.584	7.784	point		3990,3992	live-route-recording-20260712-170700-z102	proven
20260712-170700-z102	102	3992	3992	-366.344	351.661	7.832	point		3991,3993	live-route-recording-20260712-170700-z102	proven
20260712-170700-z102	102	3993	3993	-365.631	353.587	7.787	point		3992,3994	live-route-recording-20260712-170700-z102	proven
20260712-170700-z102	102	3994	3994	-364.570	356.655	7.481	point		3993,3995	live-route-recording-20260712-170700-z102	proven
20260712-170700-z102	102	3995	3995	-363.850	358.558	7.758	point		3994,3996	live-route-recording-20260712-170700-z102	proven
20260712-170700-z102	102	3996	3996	-362.086	360.604	7.868	point		3995,3997	live-route-recording-20260712-170700-z102	proven
20260712-170700-z102	102	3997	3997	-360.381	361.775	7.887	point		3996,3998	live-route-recording-20260712-170700-z102	proven
20260712-170700-z102	102	3998	3998	-357.745	362.943	7.814	point		3997,3999	live-route-recording-20260712-170700-z102	proven
20260712-170700-z102	102	3999	3999	-355.849	363.627	7.772	point		3998,4000	live-route-recording-20260712-170700-z102	proven
20260712-170700-z102	102	4000	4000	-352.921	364.628	7.694	point		3999,4001	live-route-recording-20260712-170700-z102	proven
20260712-170700-z102	102	4001	4001	-350.990	365.282	7.740	point		4000,4002	live-route-recording-20260712-170700-z102	proven
20260712-170700-z102	102	4002	4002	-348.079	366.266	8.090	point		4001,4003	live-route-recording-20260712-170700-z102	proven
20260712-170700-z102	102	4003	4003	-346.137	366.922	8.320	point		4002,4004	live-route-recording-20260712-170700-z102	proven
20260712-170700-z102	102	4004	4004	-343.670	368.066	8.483	point		4003,4005	live-route-recording-20260712-170700-z102	proven
20260712-170700-z102	102	4005	4005	-342.226	369.517	8.359	point		4004,4006	live-route-recording-20260712-170700-z102	proven
20260712-170700-z102	102	4006	4006	-340.570	371.834	8.129	point		4005,4007	live-route-recording-20260712-170700-z102	proven
20260712-170700-z102	102	4007	4007	-339.442	373.536	8.141	point		4006,4008	live-route-recording-20260712-170700-z102	proven
20260712-170700-z102	102	4008	4008	-337.750	376.113	8.248	point		4007,4009	live-route-recording-20260712-170700-z102	proven
20260712-170700-z102	102	4009	4009	-336.624	377.831	8.248	point		4008,4010	live-route-recording-20260712-170700-z102	proven
20260712-170700-z102	102	4010	4010	-334.928	380.419	8.272	point		4009,4011	live-route-recording-20260712-170700-z102	proven
20260712-170700-z102	102	4011	4011	-333.734	382.083	7.931	point		4010,4012	live-route-recording-20260712-170700-z102	proven
20260712-170700-z102	102	4012	4012	-331.682	384.464	7.719	point		198,4011,4013	live-route-recording-20260712-170700-z102	proven
20260712-170700-z102	102	4013	4013	-330.326	386.047	7.726	point		4012,4014	live-route-recording-20260712-170700-z102	proven
20260712-170700-z102	102	4014	4014	-328.358	388.433	7.728	point		4013,4015	live-route-recording-20260712-170700-z102	proven
20260712-170700-z102	102	4015	4015	-327.081	390.080	7.795	point		4014,4016	live-route-recording-20260712-170700-z102	proven
20260712-170700-z102	102	4016	4016	-325.531	392.355	7.854	point		4015,4017	live-route-recording-20260712-170700-z102	proven
20260712-170700-z102	102	4017	4017	-324.670	394.287	7.800	point		4016,4018	live-route-recording-20260712-170700-z102	proven
20260712-170700-z102	102	4018	4018	-324.138	396.141	7.603	point		4017,4019	live-route-recording-20260712-170700-z102	proven
20260712-170700-z102	102	4019	4019	-323.366	399.283	7.788	point		4018,4020	live-route-recording-20260712-170700-z102	proven
20260712-170700-z102	102	4020	4020	-322.882	401.338	7.818	point		4019,4021	live-route-recording-20260712-170700-z102	proven
20260712-170700-z102	102	4021	4021	-322.050	403.788	7.870	point		4020,4022	live-route-recording-20260712-170700-z102	proven
20260712-170700-z102	102	4022	4022	-320.967	405.206	7.428	point		4021,4023	live-route-recording-20260712-170700-z102	proven
20260712-170700-z102	102	4023	4023	-318.870	406.907	6.852	point		4022,4024	live-route-recording-20260712-170700-z102	proven
20260712-170700-z102	102	4024	4024	-317.205	407.859	6.421	point		4023,4025	live-route-recording-20260712-170700-z102	proven
20260712-170700-z102	102	4025	4025	-314.791	409.051	5.839	point		4024,4026	live-route-recording-20260712-170700-z102	proven
20260712-170700-z102	102	4026	4026	-312.914	409.919	5.565	point		4025,4027	live-route-recording-20260712-170700-z102	proven
20260712-170700-z102	102	4027	4027	-311.085	410.749	5.389	point		4026,4028	live-route-recording-20260712-170700-z102	proven
20260712-170700-z102	102	4028	4028	-309.326	411.540	5.143	point		4027,4029	live-route-recording-20260712-170700-z102	proven
20260712-170700-z102	102	4029	4029	-306.531	412.800	4.735	point		4028,4030	live-route-recording-20260712-170700-z102	proven
20260712-170700-z102	102	4030	4030	-304.689	413.683	4.402	point		4029,4031	live-route-recording-20260712-170700-z102	proven
20260712-170700-z102	102	4031	4031	-303.017	414.570	4.292	point		4030,4032	live-route-recording-20260712-170700-z102	proven
20260712-170700-z102	102	4032	4032	-300.102	416.445	4.472	point		4031,4033	live-route-recording-20260712-170700-z102	proven
20260712-170700-z102	102	4033	4033	-298.641	417.885	4.306	point		4032,4034	live-route-recording-20260712-170700-z102	proven
20260712-170700-z102	102	4034	4034	-296.705	420.271	4.047	point		4033,4035	live-route-recording-20260712-170700-z102	proven
20260712-170700-z102	102	4035	4035	-295.591	421.966	4.192	point		4034,4036	live-route-recording-20260712-170700-z102	proven
20260712-170700-z102	102	4036	4036	-294.127	424.652	4.609	point		4035,4037	live-route-recording-20260712-170700-z102	proven
20260712-170700-z102	102	4037	4037	-293.264	426.504	4.754	point		4036,4038	live-route-recording-20260712-170700-z102	proven
20260712-170700-z102	102	4038	4038	-292.139	429.231	4.719	point		4037,4039	live-route-recording-20260712-170700-z102	proven
20260712-170700-z102	102	4039	4039	-291.412	430.896	4.620	point		4038,4040	live-route-recording-20260712-170700-z102	proven
20260712-170700-z102	102	4040	4040	-290.582	433.246	5.017	point		4039,4041	live-route-recording-20260712-170700-z102	proven
20260712-170700-z102	102	4041	4041	-290.310	435.055	5.181	point		4040,4042	live-route-recording-20260712-170700-z102	proven
20260712-170700-z102	102	4042	4042	-290.006	438.119	4.777	point		4041,4043	live-route-recording-20260712-170700-z102	proven
20260712-170700-z102	102	4043	4043	-289.825	440.275	4.914	point		4042,4044	live-route-recording-20260712-170700-z102	proven
20260712-170700-z102	102	4044	4044	-289.531	442.218	5.135	point		4043,4045	live-route-recording-20260712-170700-z102	proven
20260712-170700-z102	102	4045	4045	-288.392	444.963	5.737	point		4044,4046	live-route-recording-20260712-170700-z102	proven
20260712-170700-z102	102	4046	4046	-286.991	446.424	5.896	point		4045,4047	live-route-recording-20260712-170700-z102	proven
20260712-170700-z102	102	4047	4047	-284.624	447.521	6.352	point		4046,4048	live-route-recording-20260712-170700-z102	proven
20260712-170700-z102	102	4048	4048	-282.748	447.922	6.343	point		4047,4049	live-route-recording-20260712-170700-z102	proven
20260712-170700-z102	102	4049	4049	-279.717	448.436	5.959	point		4048,4050	live-route-recording-20260712-170700-z102	proven
20260712-170700-z102	102	4050	4050	-277.787	448.452	5.950	point		4049,4051	live-route-recording-20260712-170700-z102	proven
20260712-170700-z102	102	4051	4051	-275.051	447.698	6.312	point		4050,4052	live-route-recording-20260712-170700-z102	proven
20260712-170700-z102	102	4052	4052	-273.524	446.985	6.220	point		4051,4053	live-route-recording-20260712-170700-z102	proven
20260712-170700-z102	102	4053	4053	-271.843	445.288	6.000	point		4052,4054	live-route-recording-20260712-170700-z102	proven
20260712-170700-z102	102	4054	4054	-271.443	443.779	5.897	point		4053,4055	live-route-recording-20260712-170700-z102	proven
20260712-170700-z102	102	4055	4055	-271.494	440.784	5.906	point		4054,4056	live-route-recording-20260712-170700-z102	proven
20260712-170700-z102	102	4056	4056	-271.739	438.853	6.089	point		4055,4057	live-route-recording-20260712-170700-z102	proven
20260712-170700-z102	102	4057	4057	-272.055	436.741	6.325	point		4056,4058	live-route-recording-20260712-170700-z102	proven
20260712-170700-z102	102	4058	4058	-272.509	433.837	7.022	point		4057,4059	live-route-recording-20260712-170700-z102	proven
20260712-170700-z102	102	4059	4059	-272.826	431.822	7.428	point		4058,4060	live-route-recording-20260712-170700-z102	proven
20260712-170700-z102	102	4060	4060	-273.329	428.578	7.345	point		4059,4061	live-route-recording-20260712-170700-z102	proven
20260712-170700-z102	102	4061	4061	-273.557	426.390	7.460	point		4060,4062	live-route-recording-20260712-170700-z102	proven
20260712-170700-z102	102	4062	4062	-273.680	423.310	7.386	point		4061,4063	live-route-recording-20260712-170700-z102	proven
20260712-170700-z102	102	4063	4063	-273.705	421.243	7.095	point		4062,4064	live-route-recording-20260712-170700-z102	proven
20260712-170700-z102	102	4064	4064	-273.569	418.208	6.835	point		4063,4065	live-route-recording-20260712-170700-z102	proven
20260712-170700-z102	102	4065	4065	-273.354	416.193	6.928	point		4064,4066	live-route-recording-20260712-170700-z102	proven
20260712-170700-z102	102	4066	4066	-273.126	413.191	7.112	point		4065,4067	live-route-recording-20260712-170700-z102	proven
20260712-170700-z102	102	4067	4067	-273.012	411.112	7.014	point		4066,4068	live-route-recording-20260712-170700-z102	proven
20260712-170700-z102	102	4068	4068	-272.668	408.053	7.041	point		4067,4069	live-route-recording-20260712-170700-z102	proven
20260712-170700-z102	102	4069	4069	-272.306	406.039	6.742	point		4068,4070	live-route-recording-20260712-170700-z102	proven
20260712-170700-z102	102	4070	4070	-271.761	403.285	6.107	point		4069,4071	live-route-recording-20260712-170700-z102	proven
20260712-170700-z102	102	4071	4071	-271.353	401.257	5.797	point		4070,4072	live-route-recording-20260712-170700-z102	proven
20260712-170700-z102	102	4072	4072	-270.740	398.227	5.339	point		4071,4073	live-route-recording-20260712-170700-z102	proven
20260712-170700-z102	102	4073	4073	-270.341	396.249	5.304	point		4072,4074	live-route-recording-20260712-170700-z102	proven
20260712-170700-z102	102	4074	4074	-269.733	393.239	5.367	point		4073,4075	live-route-recording-20260712-170700-z102	proven
20260712-170700-z102	102	4075	4075	-269.274	391.240	5.390	point		4074,4076	live-route-recording-20260712-170700-z102	proven
20260712-170700-z102	102	4076	4076	-268.255	388.344	5.080	point		4075,4077	live-route-recording-20260712-170700-z102	proven
20260712-170700-z102	102	4077	4077	-267.402	386.485	4.805	point		4076,4078	live-route-recording-20260712-170700-z102	proven
20260712-170700-z102	102	4078	4078	-266.014	383.716	4.275	point		4077,4079	live-route-recording-20260712-170700-z102	proven
20260712-170700-z102	102	4079	4079	-264.926	382.006	4.389	point		4078,4080	live-route-recording-20260712-170700-z102	proven
20260712-170700-z102	102	4080	4080	-263.065	379.534	4.433	point		4079,4081	live-route-recording-20260712-170700-z102	proven
20260712-170700-z102	102	4081	4081	-261.682	377.968	4.294	point		4080,4082	live-route-recording-20260712-170700-z102	proven
20260712-170700-z102	102	4082	4082	-259.516	375.997	4.069	point		4081,4083	live-route-recording-20260712-170700-z102	proven
20260712-170700-z102	102	4083	4083	-257.814	374.915	4.477	point		4082,4084	live-route-recording-20260712-170700-z102	proven
20260712-170700-z102	102	4084	4084	-255.101	373.560	4.774	point		4083,4085	live-route-recording-20260712-170700-z102	proven
20260712-170700-z102	102	4085	4085	-253.235	372.753	4.988	point		4084,4086	live-route-recording-20260712-170700-z102	proven
20260712-170700-z102	102	4086	4086	-250.407	371.564	4.919	point		4085,4087	live-route-recording-20260712-170700-z102	proven
20260712-170700-z102	102	4087	4087	-248.526	370.874	4.775	point		4086,4088	live-route-recording-20260712-170700-z102	proven
20260712-170700-z102	102	4088	4088	-245.679	370.178	5.292	point		4087,4089	live-route-recording-20260712-170700-z102	proven
20260712-170700-z102	102	4089	4089	-243.668	369.837	5.148	point		4088,4090	live-route-recording-20260712-170700-z102	proven
20260712-170700-z102	102	4090	4090	-240.666	369.677	5.027	point		4089,4091	live-route-recording-20260712-170700-z102	proven
20260712-170700-z102	102	4091	4091	-238.647	369.745	4.980	point		4090,4092	live-route-recording-20260712-170700-z102	proven
20260712-170700-z102	102	4092	4092	-235.706	370.141	5.214	point		4091,4093	live-route-recording-20260712-170700-z102	proven
20260712-170700-z102	102	4093	4093	-233.685	370.475	5.215	point		4092,4094	live-route-recording-20260712-170700-z102	proven
20260712-170700-z102	102	4094	4094	-230.797	371.140	5.228	point		4093,4095	live-route-recording-20260712-170700-z102	proven
20260712-170700-z102	102	4095	4095	-228.981	371.833	5.032	point		4094,4096	live-route-recording-20260712-170700-z102	proven
20260712-170700-z102	102	4096	4096	-227.111	372.693	4.777	point		4095,4097	live-route-recording-20260712-170700-z102	proven
20260712-170700-z102	102	4097	4097	-224.246	374.206	4.202	point		4096,4098	live-route-recording-20260712-170700-z102	proven
20260712-170700-z102	102	4098	4098	-222.552	375.344	4.147	point		4097,4099	live-route-recording-20260712-170700-z102	proven
20260712-170700-z102	102	4099	4099	-220.114	377.204	4.245	point		4098,4100	live-route-recording-20260712-170700-z102	proven
20260712-170700-z102	102	4100	4100	-218.839	378.398	4.121	point		4099,4101	live-route-recording-20260712-170700-z102	proven
20260712-170700-z102	102	4101	4101	-217.073	380.778	3.984	point		4100,4102	live-route-recording-20260712-170700-z102	proven
20260712-170700-z102	102	4102	4102	-215.993	382.370	4.003	point		4101,4103	live-route-recording-20260712-170700-z102	proven
20260712-170700-z102	102	4103	4103	-214.228	385.015	4.468	point		4102,4104	live-route-recording-20260712-170700-z102	proven
20260712-170700-z102	102	4104	4104	-213.167	386.907	4.767	point		4103,4105	live-route-recording-20260712-170700-z102	proven
20260712-170700-z102	102	4105	4105	-212.360	388.776	4.739	point		4104,4106	live-route-recording-20260712-170700-z102	proven
20260712-170700-z102	102	4106	4106	-211.411	391.413	4.486	point		4105,4107	live-route-recording-20260712-170700-z102	proven
20260712-170700-z102	102	4107	4107	-210.795	393.212	4.856	point		4106,4108	live-route-recording-20260712-170700-z102	proven
20260712-170700-z102	102	4108	4108	-209.943	396.160	5.139	point		4107,4109	live-route-recording-20260712-170700-z102	proven
20260712-170700-z102	102	4109	4109	-209.644	398.298	5.053	point		4108,4110	live-route-recording-20260712-170700-z102	proven
20260712-170700-z102	102	4110	4110	-209.610	401.367	5.077	point		4109,4111	live-route-recording-20260712-170700-z102	proven
20260712-170700-z102	102	4111	4111	-209.625	403.359	5.205	point		4110,4112	live-route-recording-20260712-170700-z102	proven
20260712-170700-z102	102	4112	4112	-209.203	405.646	5.208	point		4111,4113	live-route-recording-20260712-170700-z102	proven
20260712-170700-z102	102	4113	4113	-208.022	407.167	5.568	point		4112,4114	live-route-recording-20260712-170700-z102	proven
20260712-170700-z102	102	4114	4114	-205.722	408.589	5.579	point		4113,4115	live-route-recording-20260712-170700-z102	proven
20260712-170700-z102	102	4115	4115	-204.012	409.124	5.327	point		4114,4116	live-route-recording-20260712-170700-z102	proven
20260712-170700-z102	102	4116	4116	-201.082	409.448	5.206	point		4115,4117	live-route-recording-20260712-170700-z102	proven
20260712-170700-z102	102	4117	4117	-199.305	409.450	5.200	point		4116,4118	live-route-recording-20260712-170700-z102	proven
20260712-170700-z102	102	4118	4118	-196.330	409.204	5.425	point		4117,4119	live-route-recording-20260712-170700-z102	proven
20260712-170700-z102	102	4119	4119	-194.523	408.664	5.338	point		4118,4120	live-route-recording-20260712-170700-z102	proven
20260712-170700-z102	102	4120	4120	-192.290	407.108	5.447	point		4119,4121	live-route-recording-20260712-170700-z102	proven
20260712-170700-z102	102	4121	4121	-191.348	405.734	5.157	point		4120,4122	live-route-recording-20260712-170700-z102	proven
20260712-170700-z102	102	4122	4122	-190.706	403.137	5.319	point		4121,4123	live-route-recording-20260712-170700-z102	proven
20260712-170700-z102	102	4123	4123	-190.553	401.110	5.206	point		4122,4124	live-route-recording-20260712-170700-z102	proven
20260712-170700-z102	102	4124	4124	-190.093	397.909	4.862	point		4123,4125	live-route-recording-20260712-170700-z102	proven
20260712-170700-z102	102	4125	4125	-189.728	395.934	5.058	point		4124,4126	live-route-recording-20260712-170700-z102	proven
20260712-170700-z102	102	4126	4126	-189.158	393.089	5.750	point		4125,4127	live-route-recording-20260712-170700-z102	proven
20260712-170700-z102	102	4127	4127	-188.748	391.100	6.113	point		4126,4128	live-route-recording-20260712-170700-z102	proven
20260712-170700-z102	102	4128	4128	-188.325	389.069	6.137	point		4127,4129	live-route-recording-20260712-170700-z102	proven
20260712-170700-z102	102	4129	4129	-187.698	385.859	5.863	point		4128,4130	live-route-recording-20260712-170700-z102	proven
20260712-170700-z102	102	4130	4130	-187.573	383.807	5.769	point		4129,4131	live-route-recording-20260712-170700-z102	proven
20260712-170700-z102	102	4131	4131	-187.764	380.563	5.511	point		4130,4132	live-route-recording-20260712-170700-z102	proven
20260712-170700-z102	102	4132	4132	-187.950	378.529	5.073	point		4131,4133	live-route-recording-20260712-170700-z102	proven
20260712-170700-z102	102	4133	4133	-188.262	375.356	4.741	point		4132,4134	live-route-recording-20260712-170700-z102	proven
20260712-170700-z102	102	4134	4134	-188.490	373.352	5.147	point		4133,4135	live-route-recording-20260712-170700-z102	proven
20260712-170700-z102	102	4135	4135	-188.990	370.320	5.242	point		4134,4136	live-route-recording-20260712-170700-z102	proven
20260712-170700-z102	102	4136	4136	-189.354	368.310	5.343	point		4135,4137	live-route-recording-20260712-170700-z102	proven
20260712-170700-z102	102	4137	4137	-189.684	365.373	4.886	point		4136,4138	live-route-recording-20260712-170700-z102	proven
20260712-170700-z102	102	4138	4138	-189.822	363.332	4.712	point		4137,4139	live-route-recording-20260712-170700-z102	proven
20260712-170700-z102	102	4139	4139	-189.979	360.296	4.764	point		4138,4140	live-route-recording-20260712-170700-z102	proven
20260712-170700-z102	102	4140	4140	-190.026	358.286	4.802	point		4139,4141	live-route-recording-20260712-170700-z102	proven
20260712-170700-z102	102	4141	4141	-189.971	356.269	5.039	point		4140,4142	live-route-recording-20260712-170700-z102	proven
20260712-170700-z102	102	4142	4142	-190.490	353.473	4.811	point		4141,4143	live-route-recording-20260712-170700-z102	proven
20260712-170700-z102	102	4143	4143	-191.571	351.992	5.146	point		4142,4144	live-route-recording-20260712-170700-z102	proven
20260712-170700-z102	102	4144	4144	-193.813	350.757	5.076	point		4143,4145	live-route-recording-20260712-170700-z102	proven
20260712-170700-z102	102	4145	4145	-195.904	350.440	4.960	point		4144,4146	live-route-recording-20260712-170700-z102	proven
20260712-170700-z102	102	4146	4146	-198.620	350.537	5.189	point		4145,4147	live-route-recording-20260712-170700-z102	proven
20260712-170700-z102	102	4147	4147	-200.762	350.683	5.296	point		4146,4148	live-route-recording-20260712-170700-z102	proven
20260712-170700-z102	102	4148	4148	-202.778	350.752	5.345	point		4147,4149	live-route-recording-20260712-170700-z102	proven
20260712-170700-z102	102	4149	4149	-205.473	350.787	5.434	point		4148,4150	live-route-recording-20260712-170700-z102	proven
20260712-170700-z102	102	4150	4150	-207.534	350.803	5.675	point		4149,4151	live-route-recording-20260712-170700-z102	proven
20260712-170700-z102	102	4151	4151	-210.348	350.823	5.761	point		4150,4152	live-route-recording-20260712-170700-z102	proven
20260712-170700-z102	102	4152	4152	-212.381	350.837	5.856	point		4151,4153	live-route-recording-20260712-170700-z102	proven
20260712-170700-z102	102	4153	4153	-215.460	350.965	5.634	point		4152,4154	live-route-recording-20260712-170700-z102	proven
20260712-170700-z102	102	4154	4154	-217.494	351.201	5.675	point		4153,4155	live-route-recording-20260712-170700-z102	proven
20260712-170700-z102	102	4155	4155	-220.528	351.587	5.501	point		4154,4156	live-route-recording-20260712-170700-z102	proven
20260712-170700-z102	102	4156	4156	-222.447	351.692	5.829	point		4155,4157	live-route-recording-20260712-170700-z102	proven
20260712-170700-z102	102	4157	4157	-225.434	351.744	6.282	point		4156,4158	live-route-recording-20260712-170700-z102	proven
20260712-170700-z102	102	4158	4158	-227.462	351.762	6.451	point		4157,4159	live-route-recording-20260712-170700-z102	proven
20260712-170700-z102	102	4159	4159	-230.509	351.785	6.867	point		4158,4160	live-route-recording-20260712-170700-z102	proven
20260712-170700-z102	102	4160	4160	-232.428	351.799	6.922	point		4159,4161	live-route-recording-20260712-170700-z102	proven
20260712-170700-z102	102	4161	4161	-235.511	351.818	6.362	point		4160,4162	live-route-recording-20260712-170700-z102	proven
20260712-170700-z102	102	4162	4162	-237.572	351.789	6.121	point		4161,4163	live-route-recording-20260712-170700-z102	proven
20260712-170700-z102	102	4163	4163	-240.649	351.409	5.836	point		4162,4164	live-route-recording-20260712-170700-z102	proven
20260712-170700-z102	102	4164	4164	-242.646	350.962	5.514	point		4163,4165	live-route-recording-20260712-170700-z102	proven
20260712-170700-z102	102	4165	4165	-244.330	350.479	5.559	point		4164,4166	live-route-recording-20260712-170700-z102	proven
20260712-170700-z102	102	4166	4166	-247.839	349.552	5.437	point		4165,4167	live-route-recording-20260712-170700-z102	proven
20260712-170700-z102	102	4167	4167	-250.442	348.715	5.243	point		4166,4168	live-route-recording-20260712-170700-z102	proven
20260712-170700-z102	102	4168	4168	-252.716	347.906	4.939	point		4167,4169	live-route-recording-20260712-170700-z102	proven
20260712-170700-z102	102	4169	4169	-255.620	346.853	4.586	point		4168,4170	live-route-recording-20260712-170700-z102	proven
20260712-170700-z102	102	4170	4170	-257.501	346.139	4.680	point		4169,4171	live-route-recording-20260712-170700-z102	proven
20260712-170700-z102	102	4171	4171	-260.259	344.779	4.859	point		4170,4172	live-route-recording-20260712-170700-z102	proven
20260712-170700-z102	102	4172	4172	-261.831	343.636	4.838	point		4171,4173	live-route-recording-20260712-170700-z102	proven
20260712-170700-z102	102	4173	4173	-263.711	341.660	4.576	point		4172,4174	live-route-recording-20260712-170700-z102	proven
20260712-170700-z102	102	4174	4174	-265.058	339.750	4.566	point		4173,4175	live-route-recording-20260712-170700-z102	proven
20260712-170700-z102	102	4175	4175	-266.500	337.156	5.064	point		4174,4176	live-route-recording-20260712-170700-z102	proven
20260712-170700-z102	102	4176	4176	-267.227	335.381	5.171	point		4175,4177	live-route-recording-20260712-170700-z102	proven
20260712-170700-z102	102	4177	4177	-268.180	332.472	5.363	point		4176,4178	live-route-recording-20260712-170700-z102	proven
20260712-170700-z102	102	4178	4178	-268.790	330.510	5.111	point		4177,4179	live-route-recording-20260712-170700-z102	proven
20260712-170700-z102	102	4179	4179	-269.658	327.695	5.156	point		4178,4180	live-route-recording-20260712-170700-z102	proven
20260712-170700-z102	102	4180	4180	-270.315	325.512	5.556	point		4179,4181	live-route-recording-20260712-170700-z102	proven
20260712-170700-z102	102	4181	4181	-270.862	323.368	5.470	point		4180,4182	live-route-recording-20260712-170700-z102	proven
20260712-170700-z102	102	4182	4182	-271.405	320.129	5.836	point		4181,4183	live-route-recording-20260712-170700-z102	proven
20260712-170700-z102	102	4183	4183	-271.533	317.938	5.931	point		4182,4184	live-route-recording-20260712-170700-z102	proven
20260712-170700-z102	102	4184	4184	-271.639	315.768	6.069	point		4183,4185	live-route-recording-20260712-170700-z102	proven
20260712-170700-z102	102	4185	4185	-271.938	312.873	6.497	point		4184,4186	live-route-recording-20260712-170700-z102	proven
20260712-170700-z102	102	4186	4186	-272.359	309.824	6.850	point		4185,4187	live-route-recording-20260712-170700-z102	proven
20260712-170700-z102	102	4187	4187	-272.673	307.636	6.940	point		4186,4188	live-route-recording-20260712-170700-z102	proven
20260712-170700-z102	102	4188	4188	-272.957	305.545	6.868	point		4187,4189	live-route-recording-20260712-170700-z102	proven
20260712-170700-z102	102	4189	4189	-273.125	302.827	6.729	point		4188,4190	live-route-recording-20260712-170700-z102	proven
20260712-170700-z102	102	4190	4190	-273.138	301.611	6.606	point		4189,4191	live-route-recording-20260712-170700-z102	proven
20260712-170700-z102	102	4191	4191	-273.122	298.631	6.745	point		4190,4192	live-route-recording-20260712-170700-z102	proven
20260712-170700-z102	102	4192	4192	-273.102	295.563	7.052	point		4191,4193	live-route-recording-20260712-170700-z102	proven
20260712-170700-z102	102	4193	4193	-273.087	293.519	7.194	point		4192,4194	live-route-recording-20260712-170700-z102	proven
20260712-170700-z102	102	4194	4194	-273.066	290.451	7.338	point		4193,4195	live-route-recording-20260712-170700-z102	proven
20260712-170700-z102	102	4195	4195	-273.052	288.405	7.493	point		4194,4196	live-route-recording-20260712-170700-z102	proven
20260712-170700-z102	102	4196	4196	-273.031	285.343	7.068	point		4195,4197	live-route-recording-20260712-170700-z102	proven
20260712-170700-z102	102	4197	4197	-273.012	282.589	6.821	point		4196,4198	live-route-recording-20260712-170700-z102	proven
20260712-170700-z102	102	4198	4198	-272.995	280.144	6.815	point		4197,4199	live-route-recording-20260712-170700-z102	proven
20260712-170700-z102	102	4199	4199	-272.974	277.077	6.806	point		4198,4200	live-route-recording-20260712-170700-z102	proven
20260712-170700-z102	102	4200	4200	-272.959	274.894	7.037	point		4199,4201	live-route-recording-20260712-170700-z102	proven
20260712-170700-z102	102	4201	4201	-272.945	272.861	7.508	point		4200,4202	live-route-recording-20260712-170700-z102	proven
20260712-170700-z102	102	4202	4202	-272.923	269.767	7.602	point		4201,4203	live-route-recording-20260712-170700-z102	proven
20260712-170700-z102	102	4203	4203	-272.903	266.838	7.651	point		4202,4204	live-route-recording-20260712-170700-z102	proven
20260712-170700-z102	102	4204	4204	-272.886	264.349	7.444	point		4203,4205	live-route-recording-20260712-170700-z102	proven
20260712-170700-z102	102	4205	4205	-272.865	261.259	7.428	point		4204,4206	live-route-recording-20260712-170700-z102	proven
20260712-170700-z102	102	4206	4206	-272.851	259.185	7.377	point		4205,4207	live-route-recording-20260712-170700-z102	proven
20260712-170700-z102	102	4207	4207	-272.837	257.126	7.262	point		4206,4208	live-route-recording-20260712-170700-z102	proven
20260712-170700-z102	102	4208	4208	-272.814	253.852	7.190	point		4207,4209	live-route-recording-20260712-170700-z102	proven
20260712-170700-z102	102	4209	4209	-272.793	250.928	7.213	point		4208,4210	live-route-recording-20260712-170700-z102	proven
20260712-170700-z102	102	4210	4210	-272.766	248.491	7.232	point		4209,4211	live-route-recording-20260712-170700-z102	proven
20260712-170700-z102	102	4211	4211	-272.639	245.426	6.872	point		4210,4212	live-route-recording-20260712-170700-z102	proven
20260712-170700-z102	102	4212	4212	-272.451	243.387	6.611	point		4211,4213	live-route-recording-20260712-170700-z102	proven
20260712-170700-z102	102	4213	4213	-272.023	240.459	6.389	point		4212,4214	live-route-recording-20260712-170700-z102	proven
20260712-170700-z102	102	4214	4214	-271.646	238.698	6.012	point		4213,4215	live-route-recording-20260712-170700-z102	proven
20260712-170700-z102	102	4215	4215	-270.958	236.098	5.709	point		4214,4216	live-route-recording-20260712-170700-z102	proven
20260712-170700-z102	102	4216	4216	-270.232	233.741	5.482	point		4215,4217	live-route-recording-20260712-170700-z102	proven
20260712-170700-z102	102	4217	4217	-269.558	231.797	5.480	point		4216,4218	live-route-recording-20260712-170700-z102	proven
20260712-170700-z102	102	4218	4218	-268.445	228.930	5.157	point		4217,4219	live-route-recording-20260712-170700-z102	proven
20260712-170700-z102	102	4219	4219	-267.587	226.877	4.873	point		4218,4220	live-route-recording-20260712-170700-z102	proven
20260712-170700-z102	102	4220	4220	-266.197	223.912	4.319	point		4219,4221	live-route-recording-20260712-170700-z102	proven
20260712-170700-z102	102	4221	4221	-265.129	222.171	4.413	point		4220,4222	live-route-recording-20260712-170700-z102	proven
20260712-170700-z102	102	4222	4222	-263.138	219.722	4.422	point		4221,4223	live-route-recording-20260712-170700-z102	proven
20260712-170700-z102	102	4223	4223	-261.711	218.235	4.256	point		4222,4224	live-route-recording-20260712-170700-z102	proven
20260712-170700-z102	102	4224	4224	-259.462	216.160	4.005	point		4223,4225	live-route-recording-20260712-170700-z102	proven
20260712-170700-z102	102	4225	4225	-257.925	214.900	4.484	point		4224,4226	live-route-recording-20260712-170700-z102	proven
20260712-170700-z102	102	4226	4226	-255.495	213.120	5.027	point		4225,4227	live-route-recording-20260712-170700-z102	proven
20260712-170700-z102	102	4227	4227	-253.035	211.633	5.506	point		4226,4228	live-route-recording-20260712-170700-z102	proven
20260712-170700-z102	102	4228	4228	-250.821	210.576	5.493	point		4227,4229	live-route-recording-20260712-170700-z102	proven
20260712-170700-z102	102	4229	4229	-247.954	209.638	5.678	point		4228,4230	live-route-recording-20260712-170700-z102	proven
20260712-170700-z102	102	4230	4230	-245.963	209.156	5.919	point		4229,4231	live-route-recording-20260712-170700-z102	proven
20260712-170700-z102	102	4231	4231	-242.945	208.581	5.858	point		4230,4232	live-route-recording-20260712-170700-z102	proven
20260712-170700-z102	102	4232	4232	-240.751	208.400	5.982	point		4231,4233	live-route-recording-20260712-170700-z102	proven
20260712-170700-z102	102	4233	4233	-237.960	208.412	6.008	point		4232,4234	live-route-recording-20260712-170700-z102	proven
20260712-170700-z102	102	4234	4234	-236.167	208.412	6.043	point		4233,4235	live-route-recording-20260712-170700-z102	proven
20260712-170700-z102	102	4235	4235	-233.598	207.341	5.754	point		4234,4236	live-route-recording-20260712-170700-z102	proven
20260712-170700-z102	102	4236	4236	-232.280	205.783	5.795	point		4235,4237	live-route-recording-20260712-170700-z102	proven
20260712-170700-z102	102	4237	4237	-231.495	204.032	5.897	point		4236,4238	live-route-recording-20260712-170700-z102	proven
20260712-170700-z102	102	4238	4238	-231.108	201.054	5.607	point		4237,4239	live-route-recording-20260712-170700-z102	proven
20260712-170700-z102	102	4239	4239	-231.063	198.149	5.596	point		4238,4240	live-route-recording-20260712-170700-z102	proven
20260712-170700-z102	102	4240	4240	-231.118	195.547	5.616	point		4239,4241	live-route-recording-20260712-170700-z102	proven
20260712-170700-z102	102	4241	4241	-231.180	193.553	5.903	point		4240,4242	live-route-recording-20260712-170700-z102	proven
20260712-170700-z102	102	4242	4242	-231.282	190.498	6.114	point		4241,4243	live-route-recording-20260712-170700-z102	proven
20260712-170700-z102	102	4243	4243	-231.353	188.448	6.079	point		4242,4244	live-route-recording-20260712-170700-z102	proven
20260712-170700-z102	102	4244	4244	-231.451	185.592	6.013	point		4243,4245	live-route-recording-20260712-170700-z102	proven
20260712-170700-z102	102	4245	4245	-231.543	182.935	5.865	point		4244,4246	live-route-recording-20260712-170700-z102	proven
20260712-170700-z102	102	4246	4246	-231.627	180.494	5.650	point		4245,4247	live-route-recording-20260712-170700-z102	proven
20260712-170700-z102	102	4247	4247	-231.731	177.487	5.948	point		4246,4248	live-route-recording-20260712-170700-z102	proven
20260712-170700-z102	102	4248	4248	-231.801	175.457	6.250	point		4247,4249	live-route-recording-20260712-170700-z102	proven
20260712-170700-z102	102	4249	4249	-231.906	172.436	6.567	point		4248,4250	live-route-recording-20260712-170700-z102	proven
20260712-170700-z102	102	4250	4250	-231.973	170.408	6.865	point		4249,4251	live-route-recording-20260712-170700-z102	proven
20260712-170700-z102	102	4251	4251	-231.989	167.718	7.052	point		4250,4252	live-route-recording-20260712-170700-z102	proven
20260712-170700-z102	102	4252	4252	-231.860	165.298	6.533	point		4251,4253	live-route-recording-20260712-170700-z102	proven
20260712-170700-z102	102	4253	4253	-231.618	162.609	6.001	point		4252,4254	live-route-recording-20260712-170700-z102	proven
20260712-170700-z102	102	4254	4254	-231.416	160.952	5.849	point		4253,4255	live-route-recording-20260712-170700-z102	proven
20260712-170700-z102	102	4255	4255	-230.908	158.023	5.462	point		4254,4256	live-route-recording-20260712-170700-z102	proven
20260712-170700-z102	102	4256	4256	-230.471	156.013	5.519	point		4255,4257	live-route-recording-20260712-170700-z102	proven
20260712-170700-z102	102	4257	4257	-229.733	153.023	5.395	point		4256,4258	live-route-recording-20260712-170700-z102	proven
20260712-170700-z102	102	4258	4258	-229.119	150.667	5.353	point		4257,4259	live-route-recording-20260712-170700-z102	proven
20260712-170700-z102	102	4259	4259	-228.162	147.750	5.082	point		4258,4260	live-route-recording-20260712-170700-z102	proven
20260712-170700-z102	102	4260	4260	-227.292	145.901	4.763	point		4259,4261	live-route-recording-20260712-170700-z102	proven
20260712-170700-z102	102	4261	4261	-225.612	143.329	4.270	point		4260,4262	live-route-recording-20260712-170700-z102	proven
20260712-170700-z102	102	4262	4262	-224.278	141.754	4.229	point		4261,4263	live-route-recording-20260712-170700-z102	proven
20260712-170700-z102	102	4263	4263	-222.137	139.545	4.157	point		4262,4264	live-route-recording-20260712-170700-z102	proven
20260712-170700-z102	102	4264	4264	-220.381	137.863	3.882	point		4263,4265	live-route-recording-20260712-170700-z102	proven
20260712-170700-z102	102	4265	4265	-218.170	135.806	4.063	point		4264,4266	live-route-recording-20260712-170700-z102	proven
20260712-170700-z102	102	4266	4266	-216.707	134.459	4.640	point		4265,4267	live-route-recording-20260712-170700-z102	proven
20260712-170700-z102	102	4267	4267	-214.520	132.456	5.261	point		4266,4268	live-route-recording-20260712-170700-z102	proven
20260712-170700-z102	102	4268	4268	-213.056	131.110	5.747	point		4267,4269	live-route-recording-20260712-170700-z102	proven
20260712-170700-z102	102	4269	4269	-211.154	128.930	6.261	point		4268,4270	live-route-recording-20260712-170700-z102	proven
20260712-170700-z102	102	4270	4270	-210.769	126.792	7.412	point		624,4269,4271	live-route-recording-20260712-170700-z102	proven
20260712-170700-z102	102	4271	4271	-211.066	124.704	8.086	point		4270,4272	live-route-recording-20260712-170700-z102	proven
20260712-170700-z102	102	4272	4272	-211.741	121.690	8.386	point		4271,4273	live-route-recording-20260712-170700-z102	proven
20260712-170700-z102	102	4273	4273	-212.228	119.694	8.410	point		4272,4274	live-route-recording-20260712-170700-z102	proven
20260712-170700-z102	102	4274	4274	-213.006	116.532	8.496	point		4273,4275	live-route-recording-20260712-170700-z102	proven
20260712-170700-z102	102	4275	4275	-213.636	113.976	7.719	point		4274,4276	live-route-recording-20260712-170700-z102	proven
20260712-170700-z102	102	4276	4276	-214.189	111.734	6.909	point		4275,4277	live-route-recording-20260712-170700-z102	proven
20260712-170700-z102	102	4277	4277	-214.960	108.996	5.434	point		4276,4278	live-route-recording-20260712-170700-z102	proven
20260712-170700-z102	102	4278	4278	-215.800	107.209	4.712	point		4277,4279	live-route-recording-20260712-170700-z102	proven
20260712-170700-z102	102	4279	4279	-217.556	104.692	4.189	point		4278,4280	live-route-recording-20260712-170700-z102	proven
20260712-170700-z102	102	4280	4280	-218.898	103.133	4.108	point		4279,4281	live-route-recording-20260712-170700-z102	proven
20260712-170700-z102	102	4281	4281	-220.993	100.838	3.866	point		4280,4282	live-route-recording-20260712-170700-z102	proven
20260712-170700-z102	102	4282	4282	-222.643	99.057	3.937	point		4281,4283	live-route-recording-20260712-170700-z102	proven
20260712-170700-z102	102	4283	4283	-224.679	96.864	4.278	point		4282,4284	live-route-recording-20260712-170700-z102	proven
20260712-170700-z102	102	4284	4284	-226.013	95.395	4.678	point		4283,4285	live-route-recording-20260712-170700-z102	proven
20260712-170700-z102	102	4285	4285	-227.732	92.935	5.199	point		4284,4286	live-route-recording-20260712-170700-z102	proven
20260712-170700-z102	102	4286	4286	-228.752	90.963	5.220	point		4285,4287	live-route-recording-20260712-170700-z102	proven
20260712-170700-z102	102	4287	4287	-229.603	88.396	5.111	point		4286,4288	live-route-recording-20260712-170700-z102	proven
20260712-170700-z102	102	4288	4288	-229.967	86.107	5.441	point		4287,4289	live-route-recording-20260712-170700-z102	proven
20260712-170700-z102	102	4289	4289	-230.076	83.030	4.867	point		4288,4290	live-route-recording-20260712-170700-z102	proven
20260712-170700-z102	102	4290	4290	-230.059	80.859	4.829	point		4289,4291	live-route-recording-20260712-170700-z102	proven
20260712-170700-z102	102	4291	4291	-230.210	78.874	4.936	point		4290,4292	live-route-recording-20260712-170700-z102	proven
20260712-170700-z102	102	4292	4292	-231.153	76.913	5.557	point		4291,4293	live-route-recording-20260712-170700-z102	proven
20260712-170700-z102	102	4293	4293	-233.573	76.382	6.879	point		4292,4294	live-route-recording-20260712-170700-z102	proven
20260712-170700-z102	102	4294	4294	-235.713	76.556	7.616	point		4293,4295	live-route-recording-20260712-170700-z102	proven
20260712-170700-z102	102	4295	4295	-238.694	76.956	7.808	point		4294,4296	live-route-recording-20260712-170700-z102	proven
20260712-170700-z102	102	4296	4296	-240.605	77.231	7.825	point		4295,4297	live-route-recording-20260712-170700-z102	proven
20260712-170700-z102	102	4297	4297	-243.662	77.675	7.853	point		4296,4298	live-route-recording-20260712-170700-z102	proven
20260712-170700-z102	102	4298	4298	-245.706	77.973	7.956	point		4297,4299	live-route-recording-20260712-170700-z102	proven
20260712-170700-z102	102	4299	4299	-248.746	78.415	8.113	point		4298,4300	live-route-recording-20260712-170700-z102	proven
20260712-170700-z102	102	4300	4300	-251.176	78.683	8.213	point		4299,4301	live-route-recording-20260712-170700-z102	proven
20260712-170700-z102	102	4301	4301	-254.231	78.788	8.461	point		4300,4302	live-route-recording-20260712-170700-z102	proven
20260712-170700-z102	102	4302	4302	-256.288	78.790	8.656	point		4301,4303	live-route-recording-20260712-170700-z102	proven
20260712-170700-z102	102	4303	4303	-258.509	78.778	8.765	point		4302,4304	live-route-recording-20260712-170700-z102	proven
20260712-170700-z102	102	4304	4304	-261.753	78.753	8.749	point		4303,4305	live-route-recording-20260712-170700-z102	proven
20260712-170700-z102	102	4305	4305	-264.486	78.672	8.663	point		4304,4306	live-route-recording-20260712-170700-z102	proven
20260712-170700-z102	102	4306	4306	-266.651	78.442	8.432	point		4305,4307	live-route-recording-20260712-170700-z102	proven
20260712-170700-z102	102	4307	4307	-269.690	77.982	8.193	point		4306,4308	live-route-recording-20260712-170700-z102	proven
20260712-170700-z102	102	4308	4308	-271.722	77.701	8.059	point		4307,4309	live-route-recording-20260712-170700-z102	proven
20260712-170700-z102	102	4309	4309	-274.805	77.582	7.930	point		4308,4310	live-route-recording-20260712-170700-z102	proven
20260712-170700-z102	102	4310	4310	-276.222	77.891	7.876	point		4309,4311	live-route-recording-20260712-170700-z102	proven
20260712-170700-z102	102	4311	4311	-278.646	79.603	7.974	point		4310,4312	live-route-recording-20260712-170700-z102	proven
20260712-170700-z102	102	4312	4312	-280.082	81.041	7.993	point		4311,4313	live-route-recording-20260712-170700-z102	proven
20260712-170700-z102	102	4313	4313	-281.632	83.407	7.896	point		4312,4314	live-route-recording-20260712-170700-z102	proven
20260712-170700-z102	102	4314	4314	-282.454	85.290	7.908	point		4313,4315	live-route-recording-20260712-170700-z102	proven
20260712-170700-z102	102	4315	4315	-283.432	87.841	7.961	point		4314,4316	live-route-recording-20260712-170700-z102	proven
20260712-170700-z102	102	4316	4316	-284.027	89.442	8.099	point		4315,4317	live-route-recording-20260712-170700-z102	proven
20260712-170700-z102	102	4317	4317	-285.264	92.259	8.283	point		4316,4318	live-route-recording-20260712-170700-z102	proven
20260712-170700-z102	102	4318	4318	-286.341	94.330	8.418	point		4317,4319	live-route-recording-20260712-170700-z102	proven
20260712-170700-z102	102	4319	4319	-287.413	96.126	8.533	point		4318,4320	live-route-recording-20260712-170700-z102	proven
20260712-170700-z102	102	4320	4320	-289.255	98.302	8.383	point		4319,4321	live-route-recording-20260712-170700-z102	proven
20260712-170700-z102	102	4321	4321	-290.829	99.615	8.242	point		4320,4322	live-route-recording-20260712-170700-z102	proven
20260712-170700-z102	102	4322	4322	-293.291	101.272	8.217	point		4321,4323	live-route-recording-20260712-170700-z102	proven
20260712-170700-z102	102	4323	4323	-295.655	102.743	8.316	point		4322,4324	live-route-recording-20260712-170700-z102	proven
20260712-170700-z102	102	4324	4324	-297.639	104.089	8.406	point		4323,4325	live-route-recording-20260712-170700-z102	proven
20260712-170700-z102	102	4325	4325	-300.126	105.950	8.372	point		4324,4326	live-route-recording-20260712-170700-z102	proven
20260712-170700-z102	102	4326	4326	-301.749	107.196	8.043	point		4325,4327	live-route-recording-20260712-170700-z102	proven
20260712-170700-z102	102	4327	4327	-304.212	109.091	7.846	point		4326,4328	live-route-recording-20260712-170700-z102	proven
20260712-170700-z102	102	4328	4328	-305.872	110.293	7.771	point		4327,4329	live-route-recording-20260712-170700-z102	proven
20260712-170700-z102	102	4329	4329	-308.511	111.917	7.744	point		4328,4330	live-route-recording-20260712-170700-z102	proven
20260712-170700-z102	102	4330	4330	-310.606	113.107	7.804	point		4329,4331	live-route-recording-20260712-170700-z102	proven
20260712-170700-z102	102	4331	4331	-313.284	114.427	7.805	point		4330,4332	live-route-recording-20260712-170700-z102	proven
20260712-170700-z102	102	4332	4332	-315.243	115.035	7.619	point		4331,4333	live-route-recording-20260712-170700-z102	proven
20260712-170700-z102	102	4333	4333	-318.226	115.709	7.585	point		4332,4334	live-route-recording-20260712-170700-z102	proven
20260712-170700-z102	102	4334	4334	-320.026	115.914	7.661	point		4333,4335	live-route-recording-20260712-170700-z102	proven
20260712-170700-z102	102	4335	4335	-323.113	115.979	7.686	point		4334,4336	live-route-recording-20260712-170700-z102	proven
20260712-170700-z102	102	4336	4336	-325.667	115.981	7.784	point		4335,4337	live-route-recording-20260712-170700-z102	proven
20260712-170700-z102	102	4337	4337	-327.693	115.975	7.938	point		4336,4338	live-route-recording-20260712-170700-z102	proven
20260712-170700-z102	102	4338	4338	-330.740	115.965	8.080	point		4337,4339	live-route-recording-20260712-170700-z102	proven
20260712-170700-z102	102	4339	4339	-332.650	115.964	8.286	point		4338,4340	live-route-recording-20260712-170700-z102	proven
20260712-170700-z102	102	4340	4340	-335.581	116.111	8.638	point		4339,4341	live-route-recording-20260712-170700-z102	proven
20260712-170700-z102	102	4341	4341	-338.465	116.489	8.742	point		4340,4342	live-route-recording-20260712-170700-z102	proven
20260712-170700-z102	102	4342	4342	-340.784	116.828	8.772	point		4341,4343	live-route-recording-20260712-170700-z102	proven
20260712-170700-z102	102	4343	4343	-343.827	117.284	8.646	point		4342,4344	live-route-recording-20260712-170700-z102	proven
20260712-170700-z102	102	4344	4344	-345.851	117.588	8.467	point		4343,4345	live-route-recording-20260712-170700-z102	proven
20260712-170700-z102	102	4345	4345	-348.920	118.049	8.231	point		4344,4346	live-route-recording-20260712-170700-z102	proven
20260712-170700-z102	102	4346	4346	-350.952	118.353	8.130	point		4345,4347	live-route-recording-20260712-170700-z102	proven
20260712-170700-z102	102	4347	4347	-354.033	118.689	7.710	point		4346,4348	live-route-recording-20260712-170700-z102	proven
20260712-170700-z102	102	4348	4348	-356.417	118.763	7.749	point		4347,4349	live-route-recording-20260712-170700-z102	proven
20260712-170700-z102	102	4349	4349	-358.629	118.772	7.922	point		4348,4350	live-route-recording-20260712-170700-z102	proven
20260712-170700-z102	102	4350	4350	-361.728	118.774	7.922	point		4349,4351	live-route-recording-20260712-170700-z102	proven
20260712-170700-z102	102	4351	4351	-363.793	118.807	7.925	point		4350,4352	live-route-recording-20260712-170700-z102	proven
20260712-170700-z102	102	4352	4352	-366.876	118.921	8.085	point		4351,4353	live-route-recording-20260712-170700-z102	proven
20260712-170700-z102	102	4353	4353	-369.666	119.045	8.221	point		4352,4354	live-route-recording-20260712-170700-z102	proven
20260712-170700-z102	102	4354	4354	-371.842	119.125	8.323	point		4353,4355	live-route-recording-20260712-170700-z102	proven
20260712-170700-z102	102	4355	4355	-374.795	119.062	8.615	point		4354,4356	live-route-recording-20260712-170700-z102	proven
20260712-170700-z102	102	4356	4356	-376.855	118.964	8.750	point		4355,4357	live-route-recording-20260712-170700-z102	proven
20260712-170700-z102	102	4357	4357	-379.954	118.796	8.839	point		4356,4358	live-route-recording-20260712-170700-z102	proven
20260712-170700-z102	102	4358	4358	-382.022	118.676	8.726	point		4357,4359	live-route-recording-20260712-170700-z102	proven
20260712-170700-z102	102	4359	4359	-385.067	118.351	8.477	point		4358,4360	live-route-recording-20260712-170700-z102	proven
20260712-170700-z102	102	4360	4360	-387.439	117.919	8.024	point		4359,4361	live-route-recording-20260712-170700-z102	proven
20260712-170700-z102	102	4361	4361	-390.457	117.291	7.958	point		4360,4362	live-route-recording-20260712-170700-z102	proven
20260712-170700-z102	102	4362	4362	-392.484	116.862	7.977	point		4361,4363	live-route-recording-20260712-170700-z102	proven
20260712-170700-z102	102	4363	4363	-395.538	116.414	7.796	point		4362,4364	live-route-recording-20260712-170700-z102	proven
20260712-170700-z102	102	4364	4364	-397.476	116.805	7.799	point		4363,4365	live-route-recording-20260712-170700-z102	proven
20260712-170700-z102	102	4365	4365	-399.642	118.110	7.880	point		4364,4366	live-route-recording-20260712-170700-z102	proven
20260712-170700-z102	102	4366	4366	-401.217	119.674	7.922	point		4365,4367	live-route-recording-20260712-170700-z102	proven
20260712-170700-z102	102	4367	4367	-402.644	121.710	7.833	point		4366,4368	live-route-recording-20260712-170700-z102	proven
20260712-170700-z102	102	4368	4368	-403.211	123.736	7.774	point		4367,4369	live-route-recording-20260712-170700-z102	proven
20260712-170700-z102	102	4369	4369	-403.557	125.760	7.916	point		4368,4370	live-route-recording-20260712-170700-z102	proven
20260712-170700-z102	102	4370	4370	-403.998	128.825	8.027	point		4369,4371	live-route-recording-20260712-170700-z102	proven
20260712-170700-z102	102	4371	4371	-404.286	131.569	8.174	point		4370,4372	live-route-recording-20260712-170700-z102	proven
20260712-170700-z102	102	4372	4372	-404.348	134.113	8.373	point		4371,4373	live-route-recording-20260712-170700-z102	proven
20260712-170700-z102	102	4373	4373	-404.270	136.021	8.534	point		4372,4374	live-route-recording-20260712-170700-z102	proven
20260712-170700-z102	102	4374	4374	-403.708	139.216	8.740	point		4373,4375	live-route-recording-20260712-170700-z102	proven
20260712-170700-z102	102	4375	4375	-403.257	141.241	8.744	point		4374,4376	live-route-recording-20260712-170700-z102	proven
20260712-170700-z102	102	4376	4376	-402.527	144.433	8.602	point		4375,4377	live-route-recording-20260712-170700-z102	proven
20260712-170700-z102	102	4377	4377	-402.065	146.439	8.429	point		4376,4378	live-route-recording-20260712-170700-z102	proven
20260712-170700-z102	102	4378	4378	-401.317	149.838	8.223	point		4377,4379	live-route-recording-20260712-170700-z102	proven
20260712-170700-z102	102	4379	4379	-401.051	151.750	8.087	point		4378,4380	live-route-recording-20260712-170700-z102	proven
20260712-170700-z102	102	4380	4380	-401.063	154.838	7.735	point		4379,4381	live-route-recording-20260712-170700-z102	proven
20260712-170700-z102	102	4381	4381	-401.283	156.854	7.918	point		4380,4382	live-route-recording-20260712-170700-z102	proven
20260712-170700-z102	102	4382	4382	-401.596	158.779	7.899	point		4381,4383	live-route-recording-20260712-170700-z102	proven
20260712-170700-z102	102	4383	4383	-402.267	161.967	7.857	point		4382,4384	live-route-recording-20260712-170700-z102	proven
20260712-170700-z102	102	4384	4384	-403.085	164.714	7.840	point		4383,4385	live-route-recording-20260712-170700-z102	proven
20260712-170700-z102	102	4385	4385	-403.811	166.827	7.900	point		4384,4386	live-route-recording-20260712-170700-z102	proven
20260712-170700-z102	102	4386	4386	-405.050	169.815	7.975	point		4385,4387	live-route-recording-20260712-170700-z102	proven
20260712-170700-z102	102	4387	4387	-405.949	171.651	8.106	point		4386,4388	live-route-recording-20260712-170700-z102	proven
20260712-170700-z102	102	4388	4388	-407.609	174.264	8.307	point		4387,4389	live-route-recording-20260712-170700-z102	proven
20260712-170700-z102	102	4389	4389	-408.829	175.941	8.337	point		4388,4390	live-route-recording-20260712-170700-z102	proven
20260712-170700-z102	102	4390	4390	-410.754	178.413	8.241	point		4389,4391	live-route-recording-20260712-170700-z102	proven
20260712-170700-z102	102	4391	4391	-412.137	179.923	8.116	point		4390,4392	live-route-recording-20260712-170700-z102	proven
20260712-170700-z102	102	4392	4392	-414.317	181.919	8.250	point		4391,4393	live-route-recording-20260712-170700-z102	proven
20260712-170700-z102	102	4393	4393	-415.964	183.173	8.374	point		4392,4394	live-route-recording-20260712-170700-z102	proven
20260712-170700-z102	102	4394	4394	-418.490	184.947	8.413	point		4393,4395	live-route-recording-20260712-170700-z102	proven
20260712-170700-z102	102	4395	4395	-420.723	186.290	8.247	point		4394,4396	live-route-recording-20260712-170700-z102	proven
20260712-170700-z102	102	4396	4396	-422.804	187.487	7.889	point		4395,4397	live-route-recording-20260712-170700-z102	proven
20260712-170700-z102	102	4397	4397	-425.490	189.020	7.720	point		4396,4398	live-route-recording-20260712-170700-z102	proven
20260712-170700-z102	102	4398	4398	-427.267	190.033	7.676	point		4397,4399	live-route-recording-20260712-170700-z102	proven
20260712-170700-z102	102	4399	4399	-429.955	191.565	7.724	point		4398,4400	live-route-recording-20260712-170700-z102	proven
20260712-170700-z102	102	4400	4400	-431.624	192.516	7.775	point		4399,4401	live-route-recording-20260712-170700-z102	proven
20260712-170700-z102	102	4401	4401	-434.210	193.989	7.614	point		4400,4402	live-route-recording-20260712-170700-z102	proven
20260712-170700-z102	102	4402	4402	-436.335	195.200	7.450	point		4401,4403	live-route-recording-20260712-170700-z102	proven
20260712-170700-z102	102	4403	4403	-438.606	196.665	7.790	point		4402,4404	live-route-recording-20260712-170700-z102	proven
20260712-170700-z102	102	4404	4404	-439.521	197.938	7.869	point		4403,4405	live-route-recording-20260712-170700-z102	proven
20260712-170700-z102	102	4405	4405	-440.039	200.228	7.996	point		4404,4406	live-route-recording-20260712-170700-z102	proven
20260712-170700-z102	102	4406	4406	-439.670	202.114	8.019	point		4405,4407	live-route-recording-20260712-170700-z102	proven
20260712-170700-z102	102	4407	4407	-438.445	204.663	8.128	point		4406,4408	live-route-recording-20260712-170700-z102	proven
20260712-170700-z102	102	4408	4408	-437.238	206.758	8.308	point		4407,4409	live-route-recording-20260712-170700-z102	proven
20260712-170700-z102	102	4409	4409	-435.926	208.993	8.285	point		4408,4410	live-route-recording-20260712-170700-z102	proven
20260712-170700-z102	102	4410	4410	-435.261	210.153	8.151	point		4409,4411	live-route-recording-20260712-170700-z102	proven
20260712-170700-z102	102	4411	4411	-435.211	210.242	8.140	mark	cliff path 3 1st path bottom	4410,4412	live-route-recording-20260712-170700-z102	proven
20260712-170700-z102	102	4412	4412	-435.021	211.243	7.998	point		4411,4413	live-route-recording-20260712-170700-z102	proven
20260712-170700-z102	102	4413	4413	-435.098	213.820	7.491	point		4412,4414	live-route-recording-20260712-170700-z102	proven
20260712-170700-z102	102	4414	4414	-435.217	215.748	7.132	point		4413,4415	live-route-recording-20260712-170700-z102	proven
20260712-170700-z102	102	4415	4415	-435.667	218.392	6.675	point		4414,4416	live-route-recording-20260712-170700-z102	proven
20260712-170700-z102	102	4416	4416	-436.343	220.204	6.313	point		4415,4417	live-route-recording-20260712-170700-z102	proven
20260712-170700-z102	102	4417	4417	-437.070	221.883	6.344	point		3922,4416,4418	live-route-recording-20260712-170700-z102	proven
20260712-170700-z102	102	4418	4418	-437.771	223.000	6.310	point		4417,4419	live-route-recording-20260712-170700-z102	proven
20260712-170700-z102	102	4419	4419	-438.771	223.761	6.246	point		4418,4420	live-route-recording-20260712-170700-z102	proven
20260712-170700-z102	102	4420	4420	-439.870	224.036	6.142	point		4419,4421	live-route-recording-20260712-170700-z102	proven
20260712-170700-z102	102	4421	4421	-441.162	222.113	5.759	point		4420,4422	live-route-recording-20260712-170700-z102	proven
20260712-170700-z102	102	4422	4422	-442.189	219.548	5.321	point		4421,4423	live-route-recording-20260712-170700-z102	proven
20260712-170700-z102	102	4423	4423	-443.072	217.437	4.919	point		4422,4424	live-route-recording-20260712-170700-z102	proven
20260712-170700-z102	102	4424	4424	-444.259	214.643	4.167	point		4423,4425	live-route-recording-20260712-170700-z102	proven
20260712-170700-z102	102	4425	4425	-445.063	212.758	3.805	point		4424,4426	live-route-recording-20260712-170700-z102	proven
20260712-170700-z102	102	4426	4426	-446.270	210.433	3.667	point		4425,4427	live-route-recording-20260712-170700-z102	proven
20260712-170700-z102	102	4427	4427	-447.900	211.801	3.314	point		4426,4428	live-route-recording-20260712-170700-z102	proven
20260712-170700-z102	102	4428	4428	-449.512	213.883	2.339	point		4427,4429	live-route-recording-20260712-170700-z102	proven
20260712-170700-z102	102	4429	4429	-450.598	215.496	1.502	point		4428,4430	live-route-recording-20260712-170700-z102	proven
20260712-170700-z102	102	4430	4430	-452.102	218.117	0.585	point		4429,4431	live-route-recording-20260712-170700-z102	proven
20260712-170700-z102	102	4431	4431	-453.055	219.879	0.044	point		4430,4432	live-route-recording-20260712-170700-z102	proven
20260712-170700-z102	102	4432	4432	-454.465	222.526	-0.763	point		4431,4433	live-route-recording-20260712-170700-z102	proven
20260712-170700-z102	102	4433	4433	-455.419	224.326	-1.349	point		4432,4434	live-route-recording-20260712-170700-z102	proven
20260712-170700-z102	102	4434	4434	-456.866	227.070	-1.712	point		4433,4435	live-route-recording-20260712-170700-z102	proven
20260712-170700-z102	102	4435	4435	-457.646	228.972	-1.829	point		4434,4436	live-route-recording-20260712-170700-z102	proven
20260712-170700-z102	102	4436	4436	-458.444	231.939	-1.415	point		4435,4437	live-route-recording-20260712-170700-z102	proven
20260712-170700-z102	102	4437	4437	-459.019	234.775	-1.100	point		4436,4438	live-route-recording-20260712-170700-z102	proven
20260712-170700-z102	102	4438	4438	-459.386	237.141	-0.962	point		4437,4439	live-route-recording-20260712-170700-z102	proven
20260712-170700-z102	102	4439	4439	-459.603	240.241	-0.999	point		4438,4440	live-route-recording-20260712-170700-z102	proven
20260712-170700-z102	102	4440	4440	-459.660	242.301	-1.131	point		4439,4441	live-route-recording-20260712-170700-z102	proven
20260712-170700-z102	102	4441	4441	-459.652	244.112	-1.265	point		4440,4442	live-route-recording-20260712-170700-z102	proven
20260712-170700-z102	102	4442	4442	-459.450	247.168	-2.132	point		4441,4443	live-route-recording-20260712-170700-z102	proven
20260712-170700-z102	102	4443	4443	-458.940	250.018	-2.503	point		4442,4444	live-route-recording-20260712-170700-z102	proven
20260712-170700-z102	102	4444	4444	-458.367	252.248	-2.819	point		4443,4445	live-route-recording-20260712-170700-z102	proven
20260712-170700-z102	102	4445	4445	-457.777	254.365	-2.531	point		4444,4446	live-route-recording-20260712-170700-z102	proven
20260712-170700-z102	102	4446	4446	-456.945	257.300	-2.535	point		4445,4447	live-route-recording-20260712-170700-z102	proven
20260712-170700-z102	102	4447	4447	-456.388	259.263	-2.947	point		4446,4448	live-route-recording-20260712-170700-z102	proven
20260712-170700-z102	102	4448	4448	-455.559	262.210	-3.530	point		4447,4449	live-route-recording-20260712-170700-z102	proven
20260712-170700-z102	102	4449	4449	-455.224	265.004	-4.307	point		4448,4450	live-route-recording-20260712-170700-z102	proven
20260712-170700-z102	102	4450	4450	-455.792	266.646	-4.856	point		4449,4451	live-route-recording-20260712-170700-z102	proven
20260712-170700-z102	102	4451	4451	-457.404	268.756	-5.533	point		4450,4452	live-route-recording-20260712-170700-z102	proven
20260712-170700-z102	102	4452	4452	-459.000	269.821	-5.866	point		4451,4453	live-route-recording-20260712-170700-z102	proven
20260712-170700-z102	102	4453	4453	-460.667	270.248	-6.127	point		4452,4454	live-route-recording-20260712-170700-z102	proven
20260712-170700-z102	102	4454	4454	-463.893	270.253	-6.637	point		4453,4455	live-route-recording-20260712-170700-z102	proven
20260712-170700-z102	102	4455	4455	-466.557	269.800	-7.108	point		4454,4456	live-route-recording-20260712-170700-z102	proven
20260712-170700-z102	102	4456	4456	-468.495	269.173	-7.393	point		4455,4457	live-route-recording-20260712-170700-z102	proven
20260712-170700-z102	102	4457	4457	-471.246	268.056	-7.468	point		4456,4458	live-route-recording-20260712-170700-z102	proven
20260712-170700-z102	102	4458	4458	-472.856	267.006	-7.404	point		4457,4459	live-route-recording-20260712-170700-z102	proven
20260712-170700-z102	102	4459	4459	-474.844	264.821	-7.230	point		4458,4460	live-route-recording-20260712-170700-z102	proven
20260712-170700-z102	102	4460	4460	-476.170	263.404	-7.171	point		4459,4461	live-route-recording-20260712-170700-z102	proven
20260712-170700-z102	102	4461	4461	-477.849	262.308	-7.116	point		4460,4462	live-route-recording-20260712-170700-z102	proven
20260712-170700-z102	102	4462	4462	-478.026	262.206	-7.111	mark	cliff path 3 1st path top	4461,4463	live-route-recording-20260712-170700-z102	proven
20260712-170700-z102	102	4463	4463	-475.034	259.949	-7.000	point		4462,4464	live-route-recording-20260712-170700-z102	proven
20260712-170700-z102	102	4464	4464	-473.335	259.022	-7.000	point		4463,4465	live-route-recording-20260712-170700-z102	proven
20260712-170700-z102	102	4465	4465	-472.389	257.274	-6.931	point		4464,4466	live-route-recording-20260712-170700-z102	proven
20260712-170700-z102	102	4466	4466	-471.781	255.104	-6.823	point		4465,4467	live-route-recording-20260712-170700-z102	proven
20260712-170700-z102	102	4467	4467	-470.764	253.486	-6.657	point		4466,4468	live-route-recording-20260712-170700-z102	proven
20260712-170700-z102	102	4468	4468	-468.914	251.162	-6.015	point		4467,4469	live-route-recording-20260712-170700-z102	proven
20260712-170700-z102	102	4469	4469	-467.634	249.618	-5.532	point		4468,4470	live-route-recording-20260712-170700-z102	proven
20260712-170700-z102	102	4470	4470	-465.811	247.268	-4.830	point		4469,4471	live-route-recording-20260712-170700-z102	proven
20260712-170700-z102	102	4471	4471	-464.773	245.612	-4.259	point		4470,4472	live-route-recording-20260712-170700-z102	proven
20260712-170700-z102	102	4472	4472	-463.434	243.191	-3.717	point		4471,4473	live-route-recording-20260712-170700-z102	proven
20260712-170700-z102	102	4473	4473	-462.492	241.435	-2.224	point		4472,4474	live-route-recording-20260712-170700-z102	proven
20260712-170700-z102	102	4474	4474	-461.089	238.809	-1.603	point		4473,4475	live-route-recording-20260712-170700-z102	proven
20260712-170700-z102	102	4475	4475	-460.111	237.035	-1.038	point		4474,4476	live-route-recording-20260712-170700-z102	proven
20260712-170700-z102	102	4476	4476	-458.391	234.460	-1.074	point		4475,4477	live-route-recording-20260712-170700-z102	proven
20260712-170700-z102	102	4477	4477	-457.090	232.860	-1.177	point		4476,4478	live-route-recording-20260712-170700-z102	proven
20260712-170700-z102	102	4478	4478	-455.055	230.589	-1.292	point		4477,4479	live-route-recording-20260712-170700-z102	proven
20260712-170700-z102	102	4479	4479	-453.306	228.992	-0.500	point		4478,4480	live-route-recording-20260712-170700-z102	proven
20260712-170700-z102	102	4480	4480	-451.281	226.698	-0.143	point		4479,4481	live-route-recording-20260712-170700-z102	proven
20260712-170700-z102	102	4481	4481	-449.954	225.276	0.187	point		4480,4482	live-route-recording-20260712-170700-z102	proven
20260712-170700-z102	102	4482	4482	-447.809	223.059	1.033	point		4481,4483	live-route-recording-20260712-170700-z102	proven
20260712-170700-z102	102	4483	4483	-446.484	221.599	1.313	point		4482,4484	live-route-recording-20260712-170700-z102	proven
20260712-170700-z102	102	4484	4484	-445.002	220.026	2.013	point		4483,4485	live-route-recording-20260712-170700-z102	proven
20260712-170700-z102	102	4485	4485	-443.626	218.730	4.756	point		4484,4486	live-route-recording-20260712-170700-z102	proven
20260712-170700-z102	102	4486	4486	-441.359	216.834	5.310	point		4485,4487	live-route-recording-20260712-170700-z102	proven
20260712-170700-z102	102	4487	4487	-439.552	215.571	5.706	point		4486,4488	live-route-recording-20260712-170700-z102	proven
20260712-170700-z102	102	4488	4488	-437.097	213.454	7.356	point		4487,4489	live-route-recording-20260712-170700-z102	proven
20260712-170700-z102	102	4489	4489	-435.619	212.060	7.817	point		4488,4490	live-route-recording-20260712-170700-z102	proven
20260712-170700-z102	102	4490	4490	-433.402	209.928	8.263	point		4489,4491	live-route-recording-20260712-170700-z102	proven
20260712-170700-z102	102	4491	4491	-431.640	208.213	8.335	point		4490,4492	live-route-recording-20260712-170700-z102	proven
20260712-170700-z102	102	4492	4492	-429.434	206.050	8.392	point		4491,4493	live-route-recording-20260712-170700-z102	proven
20260712-170700-z102	102	4493	4493	-427.985	204.590	8.389	point		4492,4494	live-route-recording-20260712-170700-z102	proven
20260712-170700-z102	102	4494	4494	-425.892	202.334	8.607	point		4493,4495	live-route-recording-20260712-170700-z102	proven
20260712-170700-z102	102	4495	4495	-424.528	200.787	8.743	point		4494,4496	live-route-recording-20260712-170700-z102	proven
20260712-170700-z102	102	4496	4496	-422.499	198.420	8.874	point		4495,4497	live-route-recording-20260712-170700-z102	proven
20260712-170700-z102	102	4497	4497	-420.894	196.518	8.954	point		4496,4498	live-route-recording-20260712-170700-z102	proven
20260712-170700-z102	102	4498	4498	-418.918	194.151	8.762	point		4497,4499	live-route-recording-20260712-170700-z102	proven
20260712-170700-z102	102	4499	4499	-417.602	192.569	8.565	point		4498,4500	live-route-recording-20260712-170700-z102	proven
20260712-170700-z102	102	4500	4500	-415.628	190.193	8.500	point		4499,4501	live-route-recording-20260712-170700-z102	proven
20260712-170700-z102	102	4501	4501	-414.309	188.604	8.500	point		4500,4502	live-route-recording-20260712-170700-z102	proven
20260712-170700-z102	102	4502	4502	-412.339	186.230	8.500	point		4501,4503	live-route-recording-20260712-170700-z102	proven
20260712-170700-z102	102	4503	4503	-410.804	184.380	8.500	point		4502,4504	live-route-recording-20260712-170700-z102	proven
20260712-170700-z102	102	4504	4504	-408.820	182.029	8.423	point		4503,4505	live-route-recording-20260712-170700-z102	proven
20260712-170700-z102	102	4505	4505	-407.433	180.512	8.564	point		4504,4506	live-route-recording-20260712-170700-z102	proven
20260712-170700-z102	102	4506	4506	-405.254	178.312	8.751	point		4505,4507	live-route-recording-20260712-170700-z102	proven
20260712-170700-z102	102	4507	4507	-403.765	176.882	8.843	point		4506,4508	live-route-recording-20260712-170700-z102	proven
20260712-170700-z102	102	4508	4508	-401.507	174.775	8.673	point		4507,4509	live-route-recording-20260712-170700-z102	proven
20260712-170700-z102	102	4509	4509	-399.721	173.133	8.509	point		4508,4510	live-route-recording-20260712-170700-z102	proven
20260712-170700-z102	102	4510	4510	-397.447	171.058	8.352	point		4509,4511	live-route-recording-20260712-170700-z102	proven
20260712-170700-z102	102	4511	4511	-395.931	169.679	8.283	point		4510,4512	live-route-recording-20260712-170700-z102	proven
20260712-170700-z102	102	4512	4512	-393.646	167.607	8.342	point		4511,4513	live-route-recording-20260712-170700-z102	proven
20260712-170700-z102	102	4513	4513	-392.124	166.226	8.353	point		4512,4514	live-route-recording-20260712-170700-z102	proven
20260712-170700-z102	102	4514	4514	-389.838	164.156	8.307	point		4513,4515	live-route-recording-20260712-170700-z102	proven
20260712-170700-z102	102	4515	4515	-388.038	162.525	8.392	point		4514,4516	live-route-recording-20260712-170700-z102	proven
20260712-170700-z102	102	4516	4516	-385.738	160.505	8.622	point		4515,4517	live-route-recording-20260712-170700-z102	proven
20260712-170700-z102	102	4517	4517	-384.105	159.250	8.737	point		4516,4518	live-route-recording-20260712-170700-z102	proven
20260712-170700-z102	102	4518	4518	-381.541	157.505	8.603	point		4517,4519	live-route-recording-20260712-170700-z102	proven
20260712-170700-z102	102	4519	4519	-379.791	156.405	8.533	point		4518,4520	live-route-recording-20260712-170700-z102	proven
20260712-170700-z102	102	4520	4520	-377.147	154.818	8.386	point		4519,4521	live-route-recording-20260712-170700-z102	proven
20260712-170700-z102	102	4521	4521	-375.045	153.592	8.440	point		4520,4522	live-route-recording-20260712-170700-z102	proven
20260712-170700-z102	102	4522	4522	-373.266	152.568	8.621	point		4521,4523	live-route-recording-20260712-170700-z102	proven
20260712-170700-z102	102	4523	4523	-370.457	150.962	8.406	point		4522,4524	live-route-recording-20260712-170700-z102	proven
20260712-170700-z102	102	4524	4524	-368.678	149.949	8.054	point		4523,4525	live-route-recording-20260712-170700-z102	proven
20260712-170700-z102	102	4525	4525	-366.028	148.381	8.080	point		4524,4526	live-route-recording-20260712-170700-z102	proven
20260712-170700-z102	102	4526	4526	-363.621	146.739	8.409	point		4525,4527	live-route-recording-20260712-170700-z102	proven
20260712-170700-z102	102	4527	4527	-361.703	145.260	8.612	point		4526,4528	live-route-recording-20260712-170700-z102	proven
20260712-170700-z102	102	4528	4528	-359.339	143.283	8.835	point		4527,4529	live-route-recording-20260712-170700-z102	proven
20260712-170700-z102	102	4529	4529	-357.790	141.944	8.902	point		4528,4530	live-route-recording-20260712-170700-z102	proven
20260712-170700-z102	102	4530	4530	-355.467	139.895	9.049	point		4529,4531	live-route-recording-20260712-170700-z102	proven
20260712-170700-z102	102	4531	4531	-353.919	138.513	9.183	point		4530,4532	live-route-recording-20260712-170700-z102	proven
20260712-170700-z102	102	4532	4532	-351.619	136.451	9.357	point		4531,4533	live-route-recording-20260712-170700-z102	proven
20260712-170700-z102	102	4533	4533	-349.786	134.803	9.494	point		4532,4534	live-route-recording-20260712-170700-z102	proven
20260712-170700-z102	102	4534	4534	-347.494	132.754	9.687	point		4533,4535	live-route-recording-20260712-170700-z102	proven
20260712-170700-z102	102	4535	4535	-345.893	131.460	9.739	point		4534,4536	live-route-recording-20260712-170700-z102	proven
20260712-170700-z102	102	4536	4536	-343.301	129.812	9.663	point		4535,4537	live-route-recording-20260712-170700-z102	proven
20260712-170700-z102	102	4537	4537	-341.452	128.919	9.445	point		4536,4538	live-route-recording-20260712-170700-z102	proven
20260712-170700-z102	102	4538	4538	-338.589	127.779	9.250	point		4537,4539	live-route-recording-20260712-170700-z102	proven
20260712-170700-z102	102	4539	4539	-336.278	126.995	9.445	point		4538,4540	live-route-recording-20260712-170700-z102	proven
20260712-170700-z102	102	4540	4540	-333.334	126.130	9.071	point		4539,4541	live-route-recording-20260712-170700-z102	proven
20260712-170700-z102	102	4541	4541	-331.364	125.594	8.858	point		4540,4542	live-route-recording-20260712-170700-z102	proven
20260712-170700-z102	102	4542	4542	-328.370	124.807	8.441	point		4541,4543	live-route-recording-20260712-170700-z102	proven
20260712-170700-z102	102	4543	4543	-326.373	124.290	8.237	point		4542,4544	live-route-recording-20260712-170700-z102	proven
20260712-170700-z102	102	4544	4544	-323.381	123.519	8.218	point		4543,4545	live-route-recording-20260712-170700-z102	proven
20260712-170700-z102	102	4545	4545	-321.004	122.908	8.180	point		4544,4546	live-route-recording-20260712-170700-z102	proven
20260712-170700-z102	102	4546	4546	-318.006	122.139	8.132	point		4545,4547	live-route-recording-20260712-170700-z102	proven
20260712-170700-z102	102	4547	4547	-316.006	121.627	8.099	point		4546,4548	live-route-recording-20260712-170700-z102	proven
20260712-170700-z102	102	4548	4548	-313.006	120.858	8.178	point		4547,4549	live-route-recording-20260712-170700-z102	proven
20260712-170700-z102	102	4549	4549	-311.017	120.348	8.291	point		4548,4550	live-route-recording-20260712-170700-z102	proven
20260712-170700-z102	102	4550	4550	-308.062	119.591	8.390	point		4549,4551	live-route-recording-20260712-170700-z102	proven
20260712-170700-z102	102	4551	4551	-305.696	118.997	8.626	point		4550,4552	live-route-recording-20260712-170700-z102	proven
20260712-170700-z102	102	4552	4552	-303.472	118.540	8.825	point		4551,4553	live-route-recording-20260712-170700-z102	proven
20260712-170700-z102	102	4553	4553	-300.399	118.187	8.979	point		4552,4554	live-route-recording-20260712-170700-z102	proven
20260712-170700-z102	102	4554	4554	-298.359	118.018	8.917	point		4553,4555	live-route-recording-20260712-170700-z102	proven
20260712-170700-z102	102	4555	4555	-295.288	117.744	8.725	point		4554,4556	live-route-recording-20260712-170700-z102	proven
20260712-170700-z102	102	4556	4556	-293.244	117.545	8.520	point		4555,4557	live-route-recording-20260712-170700-z102	proven
20260712-170700-z102	102	4557	4557	-289.991	117.213	8.299	point		4556,4558	live-route-recording-20260712-170700-z102	proven
20260712-170700-z102	102	4558	4558	-287.935	116.998	8.196	point		4557,4559	live-route-recording-20260712-170700-z102	proven
20260712-170700-z102	102	4559	4559	-284.860	116.672	8.042	point		4558,4560	live-route-recording-20260712-170700-z102	proven
20260712-170700-z102	102	4560	4560	-282.816	116.455	8.000	point		4559,4561	live-route-recording-20260712-170700-z102	proven
20260712-170700-z102	102	4561	4561	-279.747	116.128	8.000	point		4560,4562	live-route-recording-20260712-170700-z102	proven
20260712-170700-z102	102	4562	4562	-277.707	115.910	8.142	point		4561,4563	live-route-recording-20260712-170700-z102	proven
20260712-170700-z102	102	4563	4563	-275.289	115.653	8.248	point		4562,4564	live-route-recording-20260712-170700-z102	proven
20260712-170700-z102	102	4564	4564	-272.217	115.325	8.421	point		4563,4565	live-route-recording-20260712-170700-z102	proven
20260712-170700-z102	102	4565	4565	-270.174	115.107	8.358	point		4564,4566	live-route-recording-20260712-170700-z102	proven
20260712-170700-z102	102	4566	4566	-267.112	114.780	8.360	point		4565,4567	live-route-recording-20260712-170700-z102	proven
20260712-170700-z102	102	4567	4567	-265.068	114.562	8.522	point		4566,4568	live-route-recording-20260712-170700-z102	proven
20260712-170700-z102	102	4568	4568	-262.012	114.236	8.686	point		4567,4569	live-route-recording-20260712-170700-z102	proven
20260712-170700-z102	102	4569	4569	-259.599	113.979	8.604	point		4568,4570	live-route-recording-20260712-170700-z102	proven
20260712-170700-z102	102	4570	4570	-257.575	113.763	8.387	point		4569,4571	live-route-recording-20260712-170700-z102	proven
20260712-170700-z102	102	4571	4571	-254.515	113.436	8.147	point		4570,4572	live-route-recording-20260712-170700-z102	proven
20260712-170700-z102	102	4572	4572	-252.456	113.224	8.106	point		4571,4573	live-route-recording-20260712-170700-z102	proven
20260712-170700-z102	102	4573	4573	-249.375	113.117	8.108	point		4572,4574	live-route-recording-20260712-170700-z102	proven
20260712-170700-z102	102	4574	4574	-247.324	113.284	8.096	point		4573,4575	live-route-recording-20260712-170700-z102	proven
20260712-170700-z102	102	4575	4575	-243.908	114.033	8.092	point		4574,4576	live-route-recording-20260712-170700-z102	proven
20260712-170700-z102	102	4576	4576	-241.944	114.664	8.066	point		4575,4577	live-route-recording-20260712-170700-z102	proven
20260712-170700-z102	102	4577	4577	-239.943	115.609	8.019	point		4576,4578	live-route-recording-20260712-170700-z102	proven
20260712-170700-z102	102	4578	4578	-237.297	117.185	8.000	point		4577,4579	live-route-recording-20260712-170700-z102	proven
20260712-170700-z102	102	4579	4579	-235.562	118.292	8.021	point		4578,4580	live-route-recording-20260712-170700-z102	proven
20260712-170700-z102	102	4580	4580	-232.984	119.982	8.150	point		4579,4581	live-route-recording-20260712-170700-z102	proven
20260712-170700-z102	102	4581	4581	-231.397	120.994	8.229	point		4580,4582	live-route-recording-20260712-170700-z102	proven
20260712-170700-z102	102	4582	4582	-228.176	122.232	8.378	point		4581,4583	live-route-recording-20260712-170700-z102	proven
20260712-170700-z102	102	4583	4583	-226.156	122.575	8.580	point		4582,4584	live-route-recording-20260712-170700-z102	proven
20260712-170700-z102	102	4584	4584	-225.280	122.719	8.667	mark	cliff path 3 2nd path bottom	4583,4585	live-route-recording-20260712-170700-z102	proven
20260712-170700-z102	102	4585	4585	-222.764	122.719	8.861	point		4584,4586	live-route-recording-20260712-170700-z102	proven
20260712-170700-z102	102	4586	4586	-220.653	122.633	8.966	point		4585,4587	live-route-recording-20260712-170700-z102	proven
20260712-170700-z102	102	4587	4587	-217.695	122.646	8.884	point		4586,4588	live-route-recording-20260712-170700-z102	proven
20260712-170700-z102	102	4588	4588	-215.627	122.723	8.759	point		4587,4589	live-route-recording-20260712-170700-z102	proven
20260712-170700-z102	102	4589	4589	-212.569	122.870	8.453	point		4588,4590	live-route-recording-20260712-170700-z102	proven
20260712-170700-z102	102	4590	4590	-209.652	123.016	8.282	point		4589,4591	live-route-recording-20260712-170700-z102	proven
20260712-170700-z102	102	4591	4591	-207.263	123.136	8.162	point		4590,4592	live-route-recording-20260712-170700-z102	proven
20260712-170700-z102	102	4592	4592	-204.185	123.292	8.000	point		4591,4593	live-route-recording-20260712-170700-z102	proven
20260712-170700-z102	102	4593	4593	-202.123	123.396	8.000	point		4592,4594	live-route-recording-20260712-170700-z102	proven
20260712-170700-z102	102	4594	4594	-199.042	123.552	8.000	point		4593,4595	live-route-recording-20260712-170700-z102	proven
20260712-170700-z102	102	4595	4595	-196.984	123.656	8.000	point		4594,4596	live-route-recording-20260712-170700-z102	proven
20260712-170700-z102	102	4596	4596	-193.912	123.811	8.103	point		4595,4597	live-route-recording-20260712-170700-z102	proven
20260712-170700-z102	102	4597	4597	-191.597	123.927	8.219	point		4596,4598	live-route-recording-20260712-170700-z102	proven
20260712-170700-z102	102	4598	4598	-188.519	124.114	8.300	point		4597,4599	live-route-recording-20260712-170700-z102	proven
20260712-170700-z102	102	4599	4599	-186.487	124.323	8.339	point		4598,4600	live-route-recording-20260712-170700-z102	proven
20260712-170700-z102	102	4600	4600	-184.452	124.599	8.425	point		4599,4601	live-route-recording-20260712-170700-z102	proven
20260712-170700-z102	102	4601	4601	-181.227	125.084	8.446	point		4600,4602	live-route-recording-20260712-170700-z102	proven
20260712-170700-z102	102	4602	4602	-178.344	125.526	8.252	point		4601,4603	live-route-recording-20260712-170700-z102	proven
20260712-170700-z102	102	4603	4603	-175.923	125.897	8.120	point		4602,4604	live-route-recording-20260712-170700-z102	proven
20260712-170700-z102	102	4604	4604	-172.862	126.368	7.745	point		4603,4605	live-route-recording-20260712-170700-z102	proven
20260712-170700-z102	102	4605	4605	-170.847	126.678	7.723	point		4604,4606	live-route-recording-20260712-170700-z102	proven
20260712-170700-z102	102	4606	4606	-167.807	127.171	7.875	point		4605,4607	live-route-recording-20260712-170700-z102	proven
20260712-170700-z102	102	4607	4607	-165.794	127.602	8.055	point		4606,4608	live-route-recording-20260712-170700-z102	proven
20260712-170700-z102	102	4608	4608	-162.827	128.454	8.222	point		4607,4609	live-route-recording-20260712-170700-z102	proven
20260712-170700-z102	102	4609	4609	-160.524	129.162	8.257	point		4608,4610	live-route-recording-20260712-170700-z102	proven
20260712-170700-z102	102	4610	4610	-157.545	130.033	8.382	point		4609,4611	live-route-recording-20260712-170700-z102	proven
20260712-170700-z102	102	4611	4611	-155.560	130.576	8.470	point		4610,4612	live-route-recording-20260712-170700-z102	proven
20260712-170700-z102	102	4612	4612	-152.570	131.338	8.280	point		4611,4613	live-route-recording-20260712-170700-z102	proven
20260712-170700-z102	102	4613	4613	-150.555	131.805	8.211	point		4612,4614	live-route-recording-20260712-170700-z102	proven
20260712-170700-z102	102	4614	4614	-147.738	132.123	8.122	point		4613,4615	live-route-recording-20260712-170700-z102	proven
20260712-170700-z102	102	4615	4615	-145.436	132.014	8.060	point		4614,4616	live-route-recording-20260712-170700-z102	proven
20260712-170700-z102	102	4616	4616	-142.394	131.838	8.168	point		4615,4617	live-route-recording-20260712-170700-z102	proven
20260712-170700-z102	102	4617	4617	-140.376	131.582	8.518	point		4616,4618	live-route-recording-20260712-170700-z102	proven
20260712-170700-z102	102	4618	4618	-137.354	130.975	8.239	point		4617,4619	live-route-recording-20260712-170700-z102	proven
20260712-170700-z102	102	4619	4619	-135.319	130.679	8.254	point		4618,4620	live-route-recording-20260712-170700-z102	proven
20260712-170700-z102	102	4620	4620	-132.375	130.374	8.042	point		4619,4621	live-route-recording-20260712-170700-z102	proven
20260712-170700-z102	102	4621	4621	-130.129	130.316	8.330	point		4620,4622	live-route-recording-20260712-170700-z102	proven
20260712-170700-z102	102	4622	4622	-127.425	130.389	8.776	point		4621,4623	live-route-recording-20260712-170700-z102	proven
20260712-170700-z102	102	4623	4623	-127.322	130.392	8.781	mark	cliff path 3 2nd path top	4622,4624	live-route-recording-20260712-170700-z102	proven
20260712-170700-z102	102	4624	4624	-125.070	128.664	8.468	point		4623,4625	live-route-recording-20260712-170700-z102	proven
20260712-170700-z102	102	4625	4625	-123.038	126.506	8.115	point		4624,4626	live-route-recording-20260712-170700-z102	proven
20260712-170700-z102	102	4626	4626	-121.630	125.004	8.015	point		4625,4627	live-route-recording-20260712-170700-z102	proven
20260712-170700-z102	102	4627	4627	-119.649	122.780	8.000	point		4626,4628	live-route-recording-20260712-170700-z102	proven
20260712-170700-z102	102	4628	4628	-118.349	121.162	8.000	point		4627,4629	live-route-recording-20260712-170700-z102	proven
20260712-170700-z102	102	4629	4629	-116.433	118.739	8.000	point		4628,4630	live-route-recording-20260712-170700-z102	proven
20260712-170700-z102	102	4630	4630	-115.086	117.279	8.107	point		4629,4631	live-route-recording-20260712-170700-z102	proven
20260712-170700-z102	102	4631	4631	-112.791	115.235	8.234	point		4630,4632	live-route-recording-20260712-170700-z102	proven
20260712-170700-z102	102	4632	4632	-111.202	114.007	8.346	point		4631,4633	live-route-recording-20260712-170700-z102	proven
20260712-170700-z102	102	4633	4633	-108.646	112.423	8.846	point		4632,4634	live-route-recording-20260712-170700-z102	proven
20260712-170700-z102	102	4634	4634	-106.854	111.549	9.235	point		4633,4635	live-route-recording-20260712-170700-z102	proven
20260712-170700-z102	102	4635	4635	-104.098	110.447	9.759	point		4634,4636	live-route-recording-20260712-170700-z102	proven
20260712-170700-z102	102	4636	4636	-102.387	109.810	10.538	point		4635,4637	live-route-recording-20260712-170700-z102	proven
20260712-170700-z102	102	4637	4637	-100.709	109.330	11.404	point		4636,4638	live-route-recording-20260712-170700-z102	proven
20260712-170700-z102	102	4638	4638	-97.729	109.178	12.657	point		4637,4639	live-route-recording-20260712-170700-z102	proven
20260712-170700-z102	102	4639	4639	-95.808	109.230	13.308	point		4638,4640	live-route-recording-20260712-170700-z102	proven
20260712-170700-z102	102	4640	4640	-92.862	109.367	14.230	point		4639,4641	live-route-recording-20260712-170700-z102	proven
20260712-170700-z102	102	4641	4641	-90.074	109.514	15.063	point		4640,4642	live-route-recording-20260712-170700-z102	proven
20260712-170700-z102	102	4642	4642	-87.747	109.637	15.731	point		4641,4643	live-route-recording-20260712-170700-z102	proven
20260712-170700-z102	102	4643	4643	-84.700	109.799	16.351	point		4642,4644	live-route-recording-20260712-170700-z102	proven
20260712-170700-z102	102	4644	4644	-82.630	109.896	16.395	point		4643,4645	live-route-recording-20260712-170700-z102	proven
20260712-170700-z102	102	4645	4645	-79.539	109.984	16.332	point		4644,4646	live-route-recording-20260712-170700-z102	proven
20260712-170700-z102	102	4646	4646	-77.486	110.007	16.463	point		4645,4647	live-route-recording-20260712-170700-z102	proven
20260712-170700-z102	102	4647	4647	-74.403	110.023	16.450	point		4646,4648	live-route-recording-20260712-170700-z102	proven
20260712-170700-z102	102	4648	4648	-71.980	110.032	16.023	point		4647,4649	live-route-recording-20260712-170700-z102	proven
20260712-170700-z102	102	4649	4649	-68.885	110.042	15.798	point		4648,4650	live-route-recording-20260712-170700-z102	proven
20260712-170700-z102	102	4650	4650	-66.817	110.059	15.759	point		4649,4651	live-route-recording-20260712-170700-z102	proven
20260712-170700-z102	102	4651	4651	-63.752	110.323	15.435	point		4650,4652	live-route-recording-20260712-170700-z102	proven
20260712-170700-z102	102	4652	4652	-61.765	110.706	15.794	point		4651,4653	live-route-recording-20260712-170700-z102	proven
20260712-170700-z102	102	4653	4653	-58.826	111.551	16.211	point		4652,4654	live-route-recording-20260712-170700-z102	proven
20260712-170700-z102	102	4654	4654	-56.550	112.368	16.462	point		4653,4655	live-route-recording-20260712-170700-z102	proven
20260712-170700-z102	102	4655	4655	-54.114	113.532	16.506	point		4654,4656	live-route-recording-20260712-170700-z102	proven
20260712-170700-z102	102	4656	4656	-52.403	114.639	16.700	point		4655,4657	live-route-recording-20260712-170700-z102	proven
20260712-170700-z102	102	4657	4657	-49.887	116.372	16.470	point		4656,4658	live-route-recording-20260712-170700-z102	proven
20260712-170700-z102	102	4658	4658	-48.222	117.572	16.380	point		4657,4659	live-route-recording-20260712-170700-z102	proven
20260712-170700-z102	102	4659	4659	-46.103	119.615	16.131	point		4658,4660	live-route-recording-20260712-170700-z102	proven
20260712-170700-z102	102	4660	4660	-44.542	121.169	16.097	point		4659,4661	live-route-recording-20260712-170700-z102	proven
20260712-170700-z102	102	4661	4661	-42.413	123.225	16.099	point		4660,4662	live-route-recording-20260712-170700-z102	proven
20260712-170700-z102	102	4662	4662	-41.052	124.784	16.102	point		4661,4663	live-route-recording-20260712-170700-z102	proven
20260712-170700-z102	102	4663	4663	-39.134	127.178	16.259	point		4662,4664	live-route-recording-20260712-170700-z102	proven
20260712-170700-z102	102	4664	4664	-37.875	128.794	16.396	point		4663,4665	live-route-recording-20260712-170700-z102	proven
20260712-170700-z102	102	4665	4665	-35.926	131.193	16.420	point		4664,4666	live-route-recording-20260712-170700-z102	proven
20260712-170700-z102	102	4666	4666	-33.975	132.675	16.604	point		4665,4667	live-route-recording-20260712-170700-z102	proven
20260712-170700-z102	102	4667	4667	-32.999	133.232	16.679	point		4666,4668	live-route-recording-20260712-170700-z102	proven
20260712-170700-z102	102	4668	4668	-31.495	133.843	16.843	point		4667,4669	live-route-recording-20260712-170700-z102	proven
20260712-170700-z102	102	4669	4669	-29.785	134.450	16.999	point		4668,4670	live-route-recording-20260712-170700-z102	proven
20260712-170700-z102	102	4670	4670	-27.090	135.303	16.830	point		4669,4671	live-route-recording-20260712-170700-z102	proven
20260712-170700-z102	102	4671	4671	-25.649	136.556	16.783	point		4670,4672	live-route-recording-20260712-170700-z102	proven
20260712-170700-z102	102	4672	4672	-24.138	138.614	16.234	point		4671,4673	live-route-recording-20260712-170700-z102	proven
20260712-170700-z102	102	4673	4673	-22.944	140.280	16.125	point		4672,4674	live-route-recording-20260712-170700-z102	proven
20260712-170700-z102	102	4674	4674	-21.159	142.772	16.147	point		4673,4675	live-route-recording-20260712-170700-z102	proven
20260712-170700-z102	102	4675	4675	-19.965	144.439	15.983	point		4674,4676	live-route-recording-20260712-170700-z102	proven
20260712-170700-z102	102	4676	4676	-18.842	145.950	16.237	point		4675,4677	live-route-recording-20260712-170700-z102	proven
20260712-170700-z102	102	4677	4677	-17.489	147.340	16.411	point		4676,4678	live-route-recording-20260712-170700-z102	proven
20260712-170700-z102	102	4678	4678	-15.432	148.002	16.615	point		4677,4679	live-route-recording-20260712-170700-z102	proven
20260712-170700-z102	102	4679	4679	-12.471	148.453	17.381	point		4678,4680	live-route-recording-20260712-170700-z102	proven
20260712-170700-z102	102	4680	4680	-10.437	148.766	17.494	point		4679,4681	live-route-recording-20260712-170700-z102	proven
20260712-170700-z102	102	4681	4681	-7.802	149.404	17.578	point		4680,4682	live-route-recording-20260712-170700-z102	proven
20260712-170700-z102	102	4682	4682	-4.298	150.633	17.790	point		4681,4683	live-route-recording-20260712-170700-z102	proven
20260712-170700-z102	102	4683	4683	-2.590	151.263	17.908	point		4682,4684	live-route-recording-20260712-170700-z102	proven
20260712-170700-z102	102	4684	4684	-0.620	151.990	17.713	point		4683,4685	live-route-recording-20260712-170700-z102	proven
20260712-170700-z102	102	4685	4685	2.275	153.059	17.378	point		4684,4686	live-route-recording-20260712-170700-z102	proven
20260712-170700-z102	102	4686	4686	4.219	153.777	17.154	point		4685,4687	live-route-recording-20260712-170700-z102	proven
20260712-170700-z102	102	4687	4687	7.147	154.739	16.959	point		4686,4688	live-route-recording-20260712-170700-z102	proven
20260712-170700-z102	102	4688	4688	9.319	155.190	16.949	point		4687,4689	live-route-recording-20260712-170700-z102	proven
20260712-170700-z102	102	4689	4689	12.201	155.648	16.858	point		4688,4690	live-route-recording-20260712-170700-z102	proven
20260712-170700-z102	102	4690	4690	14.625	156.016	17.150	point		4689,4691	live-route-recording-20260712-170700-z102	proven
20260712-170700-z102	102	4691	4691	16.546	156.305	17.282	point		4690,4692	live-route-recording-20260712-170700-z102	proven
20260712-170700-z102	102	4692	4692	19.763	156.789	17.382	point		4691,4693	live-route-recording-20260712-170700-z102	proven
20260712-170700-z102	102	4693	4693	21.974	157.122	17.253	point		4692,4694	live-route-recording-20260712-170700-z102	proven
20260712-170700-z102	102	4694	4694	25.199	157.607	16.969	point		4693,4695	live-route-recording-20260712-170700-z102	proven
20260712-170700-z102	102	4695	4695	27.391	157.912	16.711	point		4694,4696	live-route-recording-20260712-170700-z102	proven
20260712-170700-z102	102	4696	4696	30.495	157.922	16.527	point		4695,4697	live-route-recording-20260712-170700-z102	proven
20260712-170700-z102	102	4697	4697	32.550	157.812	16.438	point		4696,4698	live-route-recording-20260712-170700-z102	proven
20260712-170700-z102	102	4698	4698	35.625	157.515	16.322	point		4697,4699	live-route-recording-20260712-170700-z102	proven
20260712-170700-z102	102	4699	4699	37.669	157.303	16.331	point		4698,4700	live-route-recording-20260712-170700-z102	proven
20260712-170700-z102	102	4700	4700	40.756	156.978	16.371	point		4699,4701	live-route-recording-20260712-170700-z102	proven
20260712-170700-z102	102	4701	4701	43.311	156.449	16.437	point		4700,4702	live-route-recording-20260712-170700-z102	proven
20260712-170700-z102	102	4702	4702	44.831	155.563	16.596	point		4701,4703	live-route-recording-20260712-170700-z102	proven
20260712-170700-z102	102	4703	4703	46.390	154.308	16.989	point		4702,4704	live-route-recording-20260712-170700-z102	proven
20260712-170700-z102	102	4704	4704	48.710	152.306	17.465	point		4703,4705	live-route-recording-20260712-170700-z102	proven
20260712-170700-z102	102	4705	4705	50.257	150.954	17.436	point		4704,4706	live-route-recording-20260712-170700-z102	proven
20260712-170700-z102	102	4706	4706	52.579	148.920	17.483	point		4705,4707	live-route-recording-20260712-170700-z102	proven
20260712-170700-z102	102	4707	4707	54.090	147.595	17.145	point		4706,4708	live-route-recording-20260712-170700-z102	proven
20260712-170700-z102	102	4708	4708	56.709	145.297	16.793	point		4707,4709	live-route-recording-20260712-170700-z102	proven
20260712-170700-z102	102	4709	4709	58.224	143.968	16.288	point		4708,4710	live-route-recording-20260712-170700-z102	proven
20260712-170700-z102	102	4710	4710	60.548	141.931	16.252	point		4709,4711	live-route-recording-20260712-170700-z102	proven
20260712-170700-z102	102	4711	4711	62.092	140.579	16.232	point		4710,4712	live-route-recording-20260712-170700-z102	proven
20260712-170700-z102	102	4712	4712	64.257	138.755	16.175	point		4711,4713	live-route-recording-20260712-170700-z102	proven
20260712-170700-z102	102	4713	4713	65.982	141.045	16.241	point		4712,4714	live-route-recording-20260712-170700-z102	proven
20260712-170700-z102	102	4714	4714	66.882	142.760	16.354	point		4713,4715	live-route-recording-20260712-170700-z102	proven
20260712-170700-z102	102	4715	4715	68.142	145.564	16.305	point		4714,4716	live-route-recording-20260712-170700-z102	proven
20260712-170700-z102	102	4716	4716	68.939	147.470	16.117	point		4715,4717	live-route-recording-20260712-170700-z102	proven
20260712-170700-z102	102	4717	4717	70.230	150.648	16.183	point		4716,4718	live-route-recording-20260712-170700-z102	proven
20260712-170700-z102	102	4718	4718	71.000	152.561	16.338	point		4717,4719	live-route-recording-20260712-170700-z102	proven
20260712-170700-z102	102	4719	4719	72.150	155.423	16.409	point		4718,4720	live-route-recording-20260712-170700-z102	proven
20260712-170700-z102	102	4720	4720	72.910	157.316	16.320	point		4719,4721	live-route-recording-20260712-170700-z102	proven
20260712-170700-z102	102	4721	4721	74.059	160.179	16.083	point		4720,4722	live-route-recording-20260712-170700-z102	proven
20260712-170700-z102	102	4722	4722	74.826	162.091	16.058	point		4721,4723	live-route-recording-20260712-170700-z102	proven
20260712-170700-z102	102	4723	4723	75.590	163.993	16.018	point		4722,4724	live-route-recording-20260712-170700-z102	proven
20260712-170700-z102	102	4724	4724	76.873	167.191	16.158	point		4723,4725	live-route-recording-20260712-170700-z102	proven
20260712-170700-z102	102	4725	4725	77.638	169.096	16.254	point		4724,4726	live-route-recording-20260712-170700-z102	proven
20260712-170700-z102	102	4726	4726	78.785	171.953	16.391	point		4725,4727	live-route-recording-20260712-170700-z102	proven
20260712-170700-z102	102	4727	4727	79.550	173.861	16.582	point		4726,4728	live-route-recording-20260712-170700-z102	proven
20260712-170700-z102	102	4728	4728	80.702	176.730	16.835	point		4727,4729	live-route-recording-20260712-170700-z102	proven
20260712-170700-z102	102	4729	4729	81.467	178.636	16.931	point		4728,4730	live-route-recording-20260712-170700-z102	proven
20260712-170700-z102	102	4730	4730	82.381	180.912	16.953	point		4729,4731	live-route-recording-20260712-170700-z102	proven
20260712-170700-z102	102	4731	4731	83.660	184.097	16.786	point		4730,4732	live-route-recording-20260712-170700-z102	proven
20260712-170700-z102	102	4732	4732	84.416	185.982	16.525	point		4731,4733	live-route-recording-20260712-170700-z102	proven
20260712-170700-z102	102	4733	4733	85.566	188.836	16.111	point		4732,4734	live-route-recording-20260712-170700-z102	proven
20260712-170700-z102	102	4734	4734	86.407	190.735	15.956	point		4733,4735	live-route-recording-20260712-170700-z102	proven
20260712-170700-z102	102	4735	4735	87.912	193.020	15.899	point		4734,4736	live-route-recording-20260712-170700-z102	proven
20260712-170700-z102	102	4736	4736	89.478	194.850	16.156	point		4735,4737	live-route-recording-20260712-170700-z102	proven
20260712-170700-z102	102	4737	4737	91.772	196.905	16.373	point		4736,4738	live-route-recording-20260712-170700-z102	proven
20260712-170700-z102	102	4738	4738	93.403	198.160	16.536	point		4737,4739	live-route-recording-20260712-170700-z102	proven
20260712-170700-z102	102	4739	4739	95.791	199.914	16.775	point		4738,4740	live-route-recording-20260712-170700-z102	proven
20260712-170700-z102	102	4740	4740	97.263	200.981	16.862	point		4739,4741	live-route-recording-20260712-170700-z102	proven
20260712-170700-z102	102	4741	4741	99.761	202.788	16.987	point		4740,4742	live-route-recording-20260712-170700-z102	proven
20260712-170700-z102	102	4742	4742	101.527	204.066	16.923	point		4741,4743	live-route-recording-20260712-170700-z102	proven
20260712-170700-z102	102	4743	4743	103.942	205.973	17.018	point		4742,4744	live-route-recording-20260712-170700-z102	proven
20260712-170700-z102	102	4744	4744	105.452	207.366	16.985	point		4743,4745	live-route-recording-20260712-170700-z102	proven
20260712-170700-z102	102	4745	4745	107.657	209.517	17.056	point		4744,4746	live-route-recording-20260712-170700-z102	proven
20260712-170700-z102	102	4746	4746	109.115	210.952	17.143	point		4745,4747	live-route-recording-20260712-170700-z102	proven
20260712-170700-z102	102	4747	4747	111.307	213.114	17.080	point		4746,4748	live-route-recording-20260712-170700-z102	proven
20260712-170700-z102	102	4748	4748	113.045	214.830	16.947	point		4747,4749	live-route-recording-20260712-170700-z102	proven
20260712-170700-z102	102	4749	4749	115.244	217.000	16.886	point		4748,4750	live-route-recording-20260712-170700-z102	proven
20260712-170700-z102	102	4750	4750	116.702	218.439	16.921	point		4749,4751	live-route-recording-20260712-170700-z102	proven
20260712-170700-z102	102	4751	4751	118.893	220.602	16.969	point		4750,4752	live-route-recording-20260712-170700-z102	proven
20260712-170700-z102	102	4752	4752	120.362	222.052	16.896	point		4751,4753	live-route-recording-20260712-170700-z102	proven
20260712-170700-z102	102	4753	4753	122.558	224.220	16.774	point		4752,4754	live-route-recording-20260712-170700-z102	proven
20260712-170700-z102	102	4754	4754	124.402	226.039	16.521	point		4753,4755	live-route-recording-20260712-170700-z102	proven
20260712-170700-z102	102	4755	4755	125.849	227.467	16.160	point		4754,4756	live-route-recording-20260712-170700-z102	proven
20260712-170700-z102	102	4756	4756	128.033	229.624	15.787	point		4755,4757	live-route-recording-20260712-170700-z102	proven
20260712-170700-z102	102	4757	4757	129.614	231.184	15.571	point		4756,4758	live-route-recording-20260712-170700-z102	proven
20260712-170700-z102	102	4758	4758	131.789	233.331	15.550	point		4757,4759	live-route-recording-20260712-170700-z102	proven
20260712-170700-z102	102	4759	4759	133.670	235.187	16.286	point		4758,4760	live-route-recording-20260712-170700-z102	proven
20260712-170700-z102	102	4760	4760	135.383	236.878	16.734	point		4759,4761	live-route-recording-20260712-170700-z102	proven
20260712-170700-z102	102	4761	4761	136.844	238.321	16.841	point		4760,4762	live-route-recording-20260712-170700-z102	proven
20260712-170700-z102	102	4762	4762	139.287	240.732	16.963	point		4761,4763	live-route-recording-20260712-170700-z102	proven
20260712-170700-z102	102	4763	4763	140.760	242.186	16.961	point		4762,4764	live-route-recording-20260712-170700-z102	proven
20260712-170700-z102	102	4764	4764	143.133	244.423	16.820	point		4763,4765	live-route-recording-20260712-170700-z102	proven
20260712-170700-z102	102	4765	4765	144.737	245.709	16.547	point		4764,4766	live-route-recording-20260712-170700-z102	proven
20260712-170700-z102	102	4766	4766	147.220	247.565	16.113	point		4765,4767	live-route-recording-20260712-170700-z102	proven
20260712-170700-z102	102	4767	4767	148.887	248.784	16.000	point		4766,4768	live-route-recording-20260712-170700-z102	proven
20260712-170700-z102	102	4768	4768	151.530	250.708	16.000	point		4767,4769	live-route-recording-20260712-170700-z102	proven
20260712-170700-z102	102	4769	4769	153.289	252.062	16.127	point		4768,4770	live-route-recording-20260712-170700-z102	proven
20260712-170700-z102	102	4770	4770	155.628	254.033	16.579	point		4769,4771	live-route-recording-20260712-170700-z102	proven
20260712-170700-z102	102	4771	4771	157.179	255.404	16.736	point		4770,4772	live-route-recording-20260712-170700-z102	proven
20260712-170700-z102	102	4772	4772	159.503	257.482	16.873	point		4771,4773	live-route-recording-20260712-170700-z102	proven
20260712-170700-z102	102	4773	4773	161.020	258.842	16.735	point		4772,4774	live-route-recording-20260712-170700-z102	proven
20260712-170700-z102	102	4774	4774	163.537	261.101	16.255	point		4773,4775	live-route-recording-20260712-170700-z102	proven
20260712-170700-z102	102	4775	4775	165.062	262.469	16.109	point		4774,4776	live-route-recording-20260712-170700-z102	proven
20260712-170700-z102	102	4776	4776	166.728	263.964	16.037	point		4775,4777	live-route-recording-20260712-170700-z102	proven
20260712-170700-z102	102	4777	4777	169.126	266.109	16.098	point		4776,4778	live-route-recording-20260712-170700-z102	proven
20260712-170700-z102	102	4778	4778	170.905	267.440	16.460	point		4777,4779	live-route-recording-20260712-170700-z102	proven
20260712-170700-z102	102	4779	4779	173.640	268.598	17.144	point		4778,4780	live-route-recording-20260712-170700-z102	proven
20260712-170700-z102	102	4780	4780	175.531	269.124	17.621	point		4779,4781	live-route-recording-20260712-170700-z102	proven
20260712-170700-z102	102	4781	4781	178.130	269.745	18.787	point		4780,4782	live-route-recording-20260712-170700-z102	proven
20260712-170700-z102	102	4782	4782	179.878	270.147	19.753	point		4781,4783	live-route-recording-20260712-170700-z102	proven
20260712-170700-z102	102	4783	4783	182.673	270.784	20.896	point		4782,4784	live-route-recording-20260712-170700-z102	proven
20260712-170700-z102	102	4784	4784	185.560	271.441	21.873	point		4783,4785	live-route-recording-20260712-170700-z102	proven
20260712-170700-z102	102	4785	4785	187.483	271.878	22.438	point		4784,4786	live-route-recording-20260712-170700-z102	proven
20260712-170700-z102	102	4786	4786	190.404	272.543	23.224	point		4785,4787	live-route-recording-20260712-170700-z102	proven
20260712-170700-z102	102	4787	4787	192.381	272.992	23.719	point		4786,4788	live-route-recording-20260712-170700-z102	proven
20260712-170700-z102	102	4788	4788	195.358	273.670	24.146	point		4787,4789	live-route-recording-20260712-170700-z102	proven
20260712-170700-z102	102	4789	4789	198.037	274.279	24.209	point		4788,4790	live-route-recording-20260712-170700-z102	proven
20260712-170700-z102	102	4790	4790	200.396	274.815	24.085	point		4789,4791	live-route-recording-20260712-170700-z102	proven
20260712-170700-z102	102	4791	4791	203.428	275.505	24.055	point		4790,4792	live-route-recording-20260712-170700-z102	proven
20260712-170700-z102	102	4792	4792	205.415	275.957	24.170	point		4791,4793	live-route-recording-20260712-170700-z102	proven
20260712-170700-z102	102	4793	4793	208.423	276.641	24.450	point		4792,4794	live-route-recording-20260712-170700-z102	proven
20260712-170700-z102	102	4794	4794	210.427	277.097	24.415	point		4793,4795	live-route-recording-20260712-170700-z102	proven
20260712-170700-z102	102	4795	4795	213.447	277.783	24.455	point		4794,4796	live-route-recording-20260712-170700-z102	proven
20260712-170700-z102	102	4796	4796	215.786	278.315	24.646	point		4795,4797	live-route-recording-20260712-170700-z102	proven
20260712-170700-z102	102	4797	4797	218.795	279.003	24.875	point		4796,4798	live-route-recording-20260712-170700-z102	proven
20260712-170700-z102	102	4798	4798	220.771	279.544	24.812	point		4797,4799	live-route-recording-20260712-170700-z102	proven
20260712-170700-z102	102	4799	4799	222.707	280.223	24.802	point		4798,4800	live-route-recording-20260712-170700-z102	proven
20260712-170700-z102	102	4800	4800	225.720	281.457	24.660	point		4799,4801	live-route-recording-20260712-170700-z102	proven
20260712-170700-z102	102	4801	4801	228.387	282.630	24.465	point		4800,4802	live-route-recording-20260712-170700-z102	proven
20260712-170700-z102	102	4802	4802	230.621	283.635	24.491	point		4801,4803	live-route-recording-20260712-170700-z102	proven
20260712-170700-z102	102	4803	4803	233.432	284.912	24.422	point		4802,4804	live-route-recording-20260712-170700-z102	proven
20260712-170700-z102	102	4804	4804	235.305	285.766	24.295	point		4803,4805	live-route-recording-20260712-170700-z102	proven
20260712-170700-z102	102	4805	4805	238.123	287.044	24.212	point		4804,4806	live-route-recording-20260712-170700-z102	proven
20260712-170700-z102	102	4806	4806	240.016	287.838	24.170	point		4805,4807	live-route-recording-20260712-170700-z102	proven
20260712-170700-z102	102	4807	4807	242.900	288.898	24.423	point		4806,4808	live-route-recording-20260712-170700-z102	proven
20260712-170700-z102	102	4808	4808	245.136	289.776	24.699	point		4807,4809	live-route-recording-20260712-170700-z102	proven
20260712-170700-z102	102	4809	4809	247.250	291.215	25.072	point		4808,4810	live-route-recording-20260712-170700-z102	proven
20260712-170700-z102	102	4810	4810	248.802	292.471	25.439	point		4809,4811	live-route-recording-20260712-170700-z102	proven
20260712-170700-z102	102	4811	4811	251.112	294.360	26.182	point		4810,4812	live-route-recording-20260712-170700-z102	proven
20260712-170700-z102	102	4812	4812	252.514	295.702	26.655	point		4811,4813	live-route-recording-20260712-170700-z102	proven
20260712-170700-z102	102	4813	4813	254.378	297.950	27.349	point		4812,4814	live-route-recording-20260712-170700-z102	proven
20260712-170700-z102	102	4814	4814	255.861	299.933	28.011	point		4813,4815	live-route-recording-20260712-170700-z102	proven
20260712-170700-z102	102	4815	4815	257.045	301.543	28.527	point		4814,4816	live-route-recording-20260712-170700-z102	proven
20260712-170700-z102	102	4816	4816	258.919	304.106	29.287	point		4815,4817	live-route-recording-20260712-170700-z102	proven
20260712-170700-z102	102	4817	4817	260.124	305.756	29.617	point		4816,4818	live-route-recording-20260712-170700-z102	proven
20260712-170700-z102	102	4818	4818	261.843	308.112	30.505	point		4817,4819	live-route-recording-20260712-170700-z102	proven
20260712-170700-z102	102	4819	4819	263.364	310.179	31.141	point		4818,4820	live-route-recording-20260712-170700-z102	proven
20260712-170700-z102	102	4820	4820	264.874	312.086	32.505	point		4819,4821	live-route-recording-20260712-170700-z102	proven
20260712-170700-z102	102	4821	4821	266.789	314.447	33.163	point		4820,4822	live-route-recording-20260712-170700-z102	proven
20260712-170700-z102	102	4822	4822	268.175	315.880	33.398	point		4821,4823	live-route-recording-20260712-170700-z102	proven
20260712-170700-z102	102	4823	4823	270.396	317.953	34.344	point		4822,4824	live-route-recording-20260712-170700-z102	proven
20260712-170700-z102	102	4824	4824	271.556	318.972	34.566	point		4823,4825	live-route-recording-20260712-170700-z102	proven
20260712-170700-z102	102	4825	4825	273.059	320.267	34.951	point		4824,4826	live-route-recording-20260712-170700-z102	proven
20260712-170700-z102	102	4826	4826	274.480	321.310	36.938	point		4825,4827	live-route-recording-20260712-170700-z102	proven
20260712-170700-z102	102	4827	4827	276.669	323.213	39.790	point		4826,4828	live-route-recording-20260712-170700-z102	proven
20260712-170700-z102	102	4828	4828	278.208	324.544	39.625	point		4827,4829	live-route-recording-20260712-170700-z102	proven
20260712-170700-z102	102	4829	4829	278.379	322.903	39.897	point		4828,4830	live-route-recording-20260712-170700-z102	proven
20260712-170700-z102	102	4830	4830	277.849	321.112	39.864	point		4829,4831	live-route-recording-20260712-170700-z102	proven
20260712-170700-z102	102	4831	4831	277.709	318.746	39.855	point		4830,4832	live-route-recording-20260712-170700-z102	proven
20260712-170700-z102	102	4832	4832	277.813	316.714	39.595	point		4831,4833	live-route-recording-20260712-170700-z102	proven
20260712-170700-z102	102	4833	4833	278.142	313.709	39.732	point		4832,4834	live-route-recording-20260712-170700-z102	proven
20260712-170700-z102	102	4834	4834	278.548	311.715	40.042	point		4833,4835,5390	live-route-recording-20260712-170700-z102	proven
20260712-170700-z102	102	4835	4835	278.472	308.997	40.252	point		4834,4836	live-route-recording-20260712-170700-z102	proven
20260712-170700-z102	102	4836	4836	277.958	306.385	40.436	point		4835,4837	live-route-recording-20260712-170700-z102	proven
20260712-170700-z102	102	4837	4837	277.409	303.988	40.643	point		4836,4838	live-route-recording-20260712-170700-z102	proven
20260712-170700-z102	102	4838	4838	276.976	302.102	40.715	point		4837,4839	live-route-recording-20260712-170700-z102	proven
20260712-170700-z102	102	4839	4839	276.829	299.509	40.786	point		4838,4840	live-route-recording-20260712-170700-z102	proven
20260712-170700-z102	102	4840	4840	277.202	297.963	40.754	point		4839,4841	live-route-recording-20260712-170700-z102	proven
20260712-170700-z102	102	4841	4841	277.041	295.490	40.657	point		4840,4842	live-route-recording-20260712-170700-z102	proven
20260712-170700-z102	102	4842	4842	276.320	292.903	40.372	point		4841,4843	live-route-recording-20260712-170700-z102	proven
20260712-170700-z102	102	4843	4843	275.991	290.855	40.098	point		4842,4844	live-route-recording-20260712-170700-z102	proven
20260712-170700-z102	102	4844	4844	275.991	288.158	39.983	point		4843,4845	live-route-recording-20260712-170700-z102	proven
20260712-170700-z102	102	4845	4845	276.324	286.369	39.958	point		4844,4846	live-route-recording-20260712-170700-z102	proven
20260712-170700-z102	102	4846	4846	277.087	283.388	39.816	point		4845,4847	live-route-recording-20260712-170700-z102	proven
20260712-170700-z102	102	4847	4847	277.623	281.395	39.850	point		4846,4848	live-route-recording-20260712-170700-z102	proven
20260712-170700-z102	102	4848	4848	278.460	278.395	39.902	point		4847,4849	live-route-recording-20260712-170700-z102	proven
20260712-170700-z102	102	4849	4849	279.297	276.452	39.954	point		4848,4850	live-route-recording-20260712-170700-z102	proven
20260712-170700-z102	102	4850	4850	280.326	274.655	40.066	point		4849,4851	live-route-recording-20260712-170700-z102	proven
20260712-170700-z102	102	4851	4851	282.127	272.293	40.184	point		4850,4852	live-route-recording-20260712-170700-z102	proven
20260712-170700-z102	102	4852	4852	283.368	270.954	40.251	point		4851,4853	live-route-recording-20260712-170700-z102	proven
20260712-170700-z102	102	4853	4853	285.493	268.693	40.247	point		4852,4854	live-route-recording-20260712-170700-z102	proven
20260712-170700-z102	102	4854	4854	286.541	267.216	40.122	point		4853,4855	live-route-recording-20260712-170700-z102	proven
20260712-170700-z102	102	4855	4855	287.503	264.246	40.079	point		4854,4856	live-route-recording-20260712-170700-z102	proven
20260712-170700-z102	102	4856	4856	287.761	262.460	40.246	point		4855,4857	live-route-recording-20260712-170700-z102	proven
20260712-170700-z102	102	4857	4857	288.127	260.628	40.476	point		4856,4858	live-route-recording-20260712-170700-z102	proven
20260712-170700-z102	102	4858	4858	288.384	257.604	40.453	point		4857,4859	live-route-recording-20260712-170700-z102	proven
20260712-170700-z102	102	4859	4859	288.356	255.561	40.321	point		4858,4860	live-route-recording-20260712-170700-z102	proven
20260712-170700-z102	102	4860	4860	288.365	252.471	40.128	point		4859,4861	live-route-recording-20260712-170700-z102	proven
20260712-170700-z102	102	4861	4861	288.306	250.217	40.210	point		4860,4862	live-route-recording-20260712-170700-z102	proven
20260712-170700-z102	102	4862	4862	288.337	247.111	40.372	point		4861,4863	live-route-recording-20260712-170700-z102	proven
20260712-170700-z102	102	4863	4863	288.846	245.237	40.419	point		4862,4864	live-route-recording-20260712-170700-z102	proven
20260712-170700-z102	102	4864	4864	290.115	242.702	40.341	point		4863,4865	live-route-recording-20260712-170700-z102	proven
20260712-170700-z102	102	4865	4865	291.300	241.013	40.364	point		4864,4866	live-route-recording-20260712-170700-z102	proven
20260712-170700-z102	102	4866	4866	293.079	238.800	40.503	point		4865,4867	live-route-recording-20260712-170700-z102	proven
20260712-170700-z102	102	4867	4867	294.674	237.247	40.663	point		4866,4868	live-route-recording-20260712-170700-z102	proven
20260712-170700-z102	102	4868	4868	295.871	235.879	40.758	point		4867,4869	live-route-recording-20260712-170700-z102	proven
20260712-170700-z102	102	4869	4869	297.555	233.300	40.516	point		4868,4870	live-route-recording-20260712-170700-z102	proven
20260712-170700-z102	102	4870	4870	298.578	231.521	40.410	point		4869,4871	live-route-recording-20260712-170700-z102	proven
20260712-170700-z102	102	4871	4871	300.208	229.032	40.500	point		4870,4872	live-route-recording-20260712-170700-z102	proven
20260712-170700-z102	102	4872	4872	301.434	227.371	40.491	point		4871,4873	live-route-recording-20260712-170700-z102	proven
20260712-170700-z102	102	4873	4873	303.561	224.605	40.450	point		4872,4874	live-route-recording-20260712-170700-z102	proven
20260712-170700-z102	102	4874	4874	304.929	223.065	40.361	point		4873,4875	live-route-recording-20260712-170700-z102	proven
20260712-170700-z102	102	4875	4875	307.042	220.964	40.197	point		4874,4876	live-route-recording-20260712-170700-z102	proven
20260712-170700-z102	102	4876	4876	308.516	219.544	40.183	point		4875,4877	live-route-recording-20260712-170700-z102	proven
20260712-170700-z102	102	4877	4877	310.704	217.367	40.379	point		4876,4878	live-route-recording-20260712-170700-z102	proven
20260712-170700-z102	102	4878	4878	311.968	215.725	40.448	point		4877,4879	live-route-recording-20260712-170700-z102	proven
20260712-170700-z102	102	4879	4879	313.048	213.986	40.332	point		4878,4880	live-route-recording-20260712-170700-z102	proven
20260712-170700-z102	102	4880	4880	314.620	211.141	40.147	point		4879,4881	live-route-recording-20260712-170700-z102	proven
20260712-170700-z102	102	4881	4881	315.445	209.247	39.997	point		4880,4882	live-route-recording-20260712-170700-z102	proven
20260712-170700-z102	102	4882	4882	316.393	206.385	39.891	point		4881,4883	live-route-recording-20260712-170700-z102	proven
20260712-170700-z102	102	4883	4883	316.759	204.361	39.813	point		4882,4884	live-route-recording-20260712-170700-z102	proven
20260712-170700-z102	102	4884	4884	316.999	201.276	39.811	point		4883,4885	live-route-recording-20260712-170700-z102	proven
20260712-170700-z102	102	4885	4885	317.079	199.512	39.816	point		4884,4886	live-route-recording-20260712-170700-z102	proven
20260712-170700-z102	102	4886	4886	317.170	197.212	39.821	point		4885,4887	live-route-recording-20260712-170700-z102	proven
20260712-170700-z102	102	4887	4887	317.298	194.143	39.921	point		4886,4888	live-route-recording-20260712-170700-z102	proven
20260712-170700-z102	102	4888	4888	317.441	192.096	40.033	point		4887,4889	live-route-recording-20260712-170700-z102	proven
20260712-170700-z102	102	4889	4889	317.811	189.035	40.048	point		4888,4890	live-route-recording-20260712-170700-z102	proven
20260712-170700-z102	102	4890	4890	318.087	187.045	40.210	point		4889,4891	live-route-recording-20260712-170700-z102	proven
20260712-170700-z102	102	4891	4891	318.467	183.997	40.598	point		4890,4892	live-route-recording-20260712-170700-z102	proven
20260712-170700-z102	102	4892	4892	318.571	181.791	40.724	point		4891,4893	live-route-recording-20260712-170700-z102	proven
20260712-170700-z102	102	4893	4893	318.573	178.708	40.750	point		4892,4894	live-route-recording-20260712-170700-z102	proven
20260712-170700-z102	102	4894	4894	318.557	176.664	40.720	point		4893,4895	live-route-recording-20260712-170700-z102	proven
20260712-170700-z102	102	4895	4895	318.524	173.602	40.462	point		4894,4896	live-route-recording-20260712-170700-z102	proven
20260712-170700-z102	102	4896	4896	318.501	171.537	40.279	point		4895,4897	live-route-recording-20260712-170700-z102	proven
20260712-170700-z102	102	4897	4897	318.466	168.461	40.134	point		4896,4898	live-route-recording-20260712-170700-z102	proven
20260712-170700-z102	102	4898	4898	318.440	166.103	40.021	point		4897,4899	live-route-recording-20260712-170700-z102	proven
20260712-170700-z102	102	4899	4899	318.406	163.015	39.895	point		4898,4900	live-route-recording-20260712-170700-z102	proven
20260712-170700-z102	102	4900	4900	318.383	160.965	39.897	point		4899,4901	live-route-recording-20260712-170700-z102	proven
20260712-170700-z102	102	4901	4901	318.349	157.876	39.895	point		4900,4902	live-route-recording-20260712-170700-z102	proven
20260712-170700-z102	102	4902	4902	318.326	155.841	39.390	point		4901,4903	live-route-recording-20260712-170700-z102	proven
20260712-170700-z102	102	4903	4903	318.289	152.782	39.870	point		4902,4904	live-route-recording-20260712-170700-z102	proven
20260712-170700-z102	102	4904	4904	318.094	150.373	40.160	point		4903,4905	live-route-recording-20260712-170700-z102	proven
20260712-170700-z102	102	4905	4905	317.555	147.349	40.316	point		4904,4906	live-route-recording-20260712-170700-z102	proven
20260712-170700-z102	102	4906	4906	317.135	145.336	40.492	point		4905,4907	live-route-recording-20260712-170700-z102	proven
20260712-170700-z102	102	4907	4907	316.475	142.296	40.675	point		4906,4908	live-route-recording-20260712-170700-z102	proven
20260712-170700-z102	102	4908	4908	316.036	140.285	40.750	point		4907,4909	live-route-recording-20260712-170700-z102	proven
20260712-170700-z102	102	4909	4909	315.383	137.248	40.408	point		4908,4910	live-route-recording-20260712-170700-z102	proven
20260712-170700-z102	102	4910	4910	315.144	135.335	40.359	point		4909,4911	live-route-recording-20260712-170700-z102	proven
20260712-170700-z102	102	4911	4911	315.075	132.506	40.208	point		4910,4912	live-route-recording-20260712-170700-z102	proven
20260712-170700-z102	102	4912	4912	315.238	130.470	40.020	point		4911,4913	live-route-recording-20260712-170700-z102	proven
20260712-170700-z102	102	4913	4913	315.585	127.671	39.767	point		4912,4914	live-route-recording-20260712-170700-z102	proven
20260712-170700-z102	102	4914	4914	315.769	125.620	39.668	point		4913,4915	live-route-recording-20260712-170700-z102	proven
20260712-170700-z102	102	4915	4915	316.388	122.609	39.773	point		4914,4916	live-route-recording-20260712-170700-z102	proven
20260712-170700-z102	102	4916	4916	317.406	120.811	39.836	point		4915,4917	live-route-recording-20260712-170700-z102	proven
20260712-170700-z102	102	4917	4917	319.542	118.963	39.933	point		4916,4918	live-route-recording-20260712-170700-z102	proven
20260712-170700-z102	102	4918	4918	321.304	118.155	39.883	point		4917,4919	live-route-recording-20260712-170700-z102	proven
20260712-170700-z102	102	4919	4919	323.961	117.562	39.843	point		4918,4920	live-route-recording-20260712-170700-z102	proven
20260712-170700-z102	102	4920	4920	326.003	117.430	39.937	point		4919,4921	live-route-recording-20260712-170700-z102	proven
20260712-170700-z102	102	4921	4921	328.952	117.581	40.065	point		4920,4922	live-route-recording-20260712-170700-z102	proven
20260712-170700-z102	102	4922	4922	331.129	117.779	40.042	point		4921,4923	live-route-recording-20260712-170700-z102	proven
20260712-170700-z102	102	4923	4923	333.133	117.966	40.182	point		4922,4924	live-route-recording-20260712-170700-z102	proven
20260712-170700-z102	102	4924	4924	336.358	118.172	40.582	point		4923,4925	live-route-recording-20260712-170700-z102	proven
20260712-170700-z102	102	4925	4925	338.424	118.172	40.685	point		4924,4926	live-route-recording-20260712-170700-z102	proven
20260712-170700-z102	102	4926	4926	341.491	118.051	40.668	point		4925,4927	live-route-recording-20260712-170700-z102	proven
20260712-170700-z102	102	4927	4927	344.391	117.895	40.563	point		4926,4928	live-route-recording-20260712-170700-z102	proven
20260712-170700-z102	102	4928	4928	346.839	117.758	40.326	point		4927,4929	live-route-recording-20260712-170700-z102	proven
20260712-170700-z102	102	4929	4929	349.900	117.585	40.108	point		4928,4930	live-route-recording-20260712-170700-z102	proven
20260712-170700-z102	102	4930	4930	351.945	117.470	39.972	point		4929,4931	live-route-recording-20260712-170700-z102	proven
20260712-170700-z102	102	4931	4931	355.039	117.299	39.904	point		4930,4932	live-route-recording-20260712-170700-z102	proven
20260712-170700-z102	102	4932	4932	356.978	117.311	39.838	point		4931,4933	live-route-recording-20260712-170700-z102	proven
20260712-170700-z102	102	4933	4933	359.260	118.204	39.886	point		4932,4934	live-route-recording-20260712-170700-z102	proven
20260712-170700-z102	102	4934	4934	360.837	119.632	39.946	point		4933,4935	live-route-recording-20260712-170700-z102	proven
20260712-170700-z102	102	4935	4935	362.574	122.075	39.837	point		4934,4936	live-route-recording-20260712-170700-z102	proven
20260712-170700-z102	102	4936	4936	363.613	123.704	39.773	point		4935,4937	live-route-recording-20260712-170700-z102	proven
20260712-170700-z102	102	4937	4937	364.789	125.598	39.788	point		4936,4938	live-route-recording-20260712-170700-z102	proven
20260712-170700-z102	102	4938	4938	366.422	128.244	39.828	point		4937,4939	live-route-recording-20260712-170700-z102	proven
20260712-170700-z102	102	4939	4939	367.961	130.742	39.751	point		4938,4940	live-route-recording-20260712-170700-z102	proven
20260712-170700-z102	102	4940	4940	369.187	132.731	39.721	point		4939,4941	live-route-recording-20260712-170700-z102	proven
20260712-170700-z102	102	4941	4941	370.805	135.346	39.805	point		4940,4942	live-route-recording-20260712-170700-z102	proven
20260712-170700-z102	102	4942	4942	371.915	137.074	39.941	point		4941,4943	live-route-recording-20260712-170700-z102	proven
20260712-170700-z102	102	4943	4943	373.621	139.597	40.323	point		4942,4944	live-route-recording-20260712-170700-z102	proven
20260712-170700-z102	102	4944	4944	374.782	141.286	40.417	point		4943,4945	live-route-recording-20260712-170700-z102	proven
20260712-170700-z102	102	4945	4945	376.533	143.826	40.349	point		4944,4946	live-route-recording-20260712-170700-z102	proven
20260712-170700-z102	102	4946	4946	377.889	145.687	40.268	point		4945,4947	live-route-recording-20260712-170700-z102	proven
20260712-170700-z102	102	4947	4947	379.926	148.019	40.137	point		4946,4948	live-route-recording-20260712-170700-z102	proven
20260712-170700-z102	102	4948	4948	381.410	149.301	40.254	point		4947,4949	live-route-recording-20260712-170700-z102	proven
20260712-170700-z102	102	4949	4949	383.918	151.089	40.338	point		4948,4950	live-route-recording-20260712-170700-z102	proven
20260712-170700-z102	102	4950	4950	385.579	152.099	40.296	point		4949,4951	live-route-recording-20260712-170700-z102	proven
20260712-170700-z102	102	4951	4951	388.216	153.447	40.022	point		4950,4952	live-route-recording-20260712-170700-z102	proven
20260712-170700-z102	102	4952	4952	390.265	154.245	39.759	point		4951,4953	live-route-recording-20260712-170700-z102	proven
20260712-170700-z102	102	4953	4953	393.221	155.129	39.611	point		4952,4954	live-route-recording-20260712-170700-z102	proven
20260712-170700-z102	102	4954	4954	395.203	155.658	39.635	point		4953,4955	live-route-recording-20260712-170700-z102	proven
20260712-170700-z102	102	4955	4955	398.187	156.385	39.772	point		4954,4956	live-route-recording-20260712-170700-z102	proven
20260712-170700-z102	102	4956	4956	399.265	156.620	39.787	point		4955,4957	live-route-recording-20260712-170700-z102	proven
20260712-170700-z102	102	4957	4957	401.607	156.999	39.811	point		4956,4958	live-route-recording-20260712-170700-z102	proven
20260712-170700-z102	102	4958	4958	404.039	157.369	39.834	point		4957,4959	live-route-recording-20260712-170700-z102	proven
20260712-170700-z102	102	4959	4959	406.072	157.678	39.956	point		4958,4960	live-route-recording-20260712-170700-z102	proven
20260712-170700-z102	102	4960	4960	409.113	158.140	40.103	point		4959,4961	live-route-recording-20260712-170700-z102	proven
20260712-170700-z102	102	4961	4961	411.154	158.440	40.182	point		4960,4962	live-route-recording-20260712-170700-z102	proven
20260712-170700-z102	102	4962	4962	414.209	158.720	40.450	point		4961,4963	live-route-recording-20260712-170700-z102	proven
20260712-170700-z102	102	4963	4963	417.117	158.771	40.695	point		4962,4964	live-route-recording-20260712-170700-z102	proven
20260712-170700-z102	102	4964	4964	419.327	158.775	40.806	point		4963,4965	live-route-recording-20260712-170700-z102	proven
20260712-170700-z102	102	4965	4965	422.399	158.698	40.747	point		4964,4966	live-route-recording-20260712-170700-z102	proven
20260712-170700-z102	102	4966	4966	424.448	158.547	40.659	point		4965,4967	live-route-recording-20260712-170700-z102	proven
20260712-170700-z102	102	4967	4967	427.515	158.254	40.334	point		4966,4968	live-route-recording-20260712-170700-z102	proven
20260712-170700-z102	102	4968	4968	429.556	158.041	40.203	point		4967,4969	live-route-recording-20260712-170700-z102	proven
20260712-170700-z102	102	4969	4969	432.600	157.547	39.969	point		4968,4970	live-route-recording-20260712-170700-z102	proven
20260712-170700-z102	102	4970	4970	434.957	157.031	39.894	point		4969,4971	live-route-recording-20260712-170700-z102	proven
20260712-170700-z102	102	4971	4971	437.917	156.713	39.788	point		4970,4972	live-route-recording-20260712-170700-z102	proven
20260712-170700-z102	102	4972	4972	439.594	156.850	39.802	point		4971,4973	live-route-recording-20260712-170700-z102	proven
20260712-170700-z102	102	4973	4973	441.468	158.237	39.864	point		4972,4974	live-route-recording-20260712-170700-z102	proven
20260712-170700-z102	102	4974	4974	442.527	159.871	39.840	point		4973,4975	live-route-recording-20260712-170700-z102	proven
20260712-170700-z102	102	4975	4975	443.811	162.404	39.760	point		4974,4976	live-route-recording-20260712-170700-z102	proven
20260712-170700-z102	102	4976	4976	444.939	164.388	39.515	point		4975,4977	live-route-recording-20260712-170700-z102	proven
20260712-170700-z102	102	4977	4977	446.723	166.882	39.753	point		4976,4978	live-route-recording-20260712-170700-z102	proven
20260712-170700-z102	102	4978	4978	447.903	168.545	39.754	point		4977,4979	live-route-recording-20260712-170700-z102	proven
20260712-170700-z102	102	4979	4979	448.963	170.309	39.693	point		4978,4980	live-route-recording-20260712-170700-z102	proven
20260712-170700-z102	102	4980	4980	450.393	172.985	39.666	point		4979,4981	live-route-recording-20260712-170700-z102	proven
20260712-170700-z102	102	4981	4981	451.941	175.483	39.721	point		4980,4982	live-route-recording-20260712-170700-z102	proven
20260712-170700-z102	102	4982	4982	453.267	177.465	39.844	point		4981,4983	live-route-recording-20260712-170700-z102	proven
20260712-170700-z102	102	4983	4983	454.988	179.979	40.355	point		4982,4984	live-route-recording-20260712-170700-z102	proven
20260712-170700-z102	102	4984	4984	456.152	181.672	40.367	point		4983,4985	live-route-recording-20260712-170700-z102	proven
20260712-170700-z102	102	4985	4985	457.411	183.503	40.218	point		4984,4986	live-route-recording-20260712-170700-z102	proven
20260712-170700-z102	102	4986	4986	459.162	186.048	40.161	point		4985,4987	live-route-recording-20260712-170700-z102	proven
20260712-170700-z102	102	4987	4987	460.817	188.444	40.159	point		4986,4988	live-route-recording-20260712-170700-z102	proven
20260712-170700-z102	102	4988	4988	462.096	189.923	40.309	point		4987,4989	live-route-recording-20260712-170700-z102	proven
20260712-170700-z102	102	4989	4989	464.594	191.489	40.347	point		4988,4990	live-route-recording-20260712-170700-z102	proven
20260712-170700-z102	102	4990	4990	466.411	192.431	40.222	point		4989,4991	live-route-recording-20260712-170700-z102	proven
20260712-170700-z102	102	4991	4991	469.173	193.779	39.880	point		4990,4992	live-route-recording-20260712-170700-z102	proven
20260712-170700-z102	102	4992	4992	471.057	194.586	39.689	point		4991,4993	live-route-recording-20260712-170700-z102	proven
20260712-170700-z102	102	4993	4993	473.943	195.710	39.737	point		4992,4994	live-route-recording-20260712-170700-z102	proven
20260712-170700-z102	102	4994	4994	476.229	196.563	39.771	point		4993,4995	live-route-recording-20260712-170700-z102	proven
20260712-170700-z102	102	4995	4995	479.118	197.627	39.850	point		4994,4996	live-route-recording-20260712-170700-z102	proven
20260712-170700-z102	102	4996	4996	481.052	198.337	39.894	point		4995,4997	live-route-recording-20260712-170700-z102	proven
20260712-170700-z102	102	4997	4997	484.018	199.160	39.674	point		4996,4998	live-route-recording-20260712-170700-z102	proven
20260712-170700-z102	102	4998	4998	486.057	199.007	39.806	point		4997,4999	live-route-recording-20260712-170700-z102	proven
20260712-170700-z102	102	4999	4999	489.058	198.348	40.130	point		4998,5000	live-route-recording-20260712-170700-z102	proven
20260712-170700-z102	102	5000	5000	490.965	197.857	40.214	point		4999,5001	live-route-recording-20260712-170700-z102	proven
20260712-170700-z102	102	5001	5001	494.004	197.300	40.436	point		5000,5002	live-route-recording-20260712-170700-z102	proven
20260712-170700-z102	102	5002	5002	496.074	197.123	40.632	point		5001,5003	live-route-recording-20260712-170700-z102	proven
20260712-170700-z102	102	5003	5003	499.154	196.919	40.774	point		5002,5004	live-route-recording-20260712-170700-z102	proven
20260712-170700-z102	102	5004	5004	501.219	196.794	40.748	point		5003,5005	live-route-recording-20260712-170700-z102	proven
20260712-170700-z102	102	5005	5005	504.294	196.610	40.666	point		5004,5006	live-route-recording-20260712-170700-z102	proven
20260712-170700-z102	102	5006	5006	506.872	196.456	40.400	point		5005,5007	live-route-recording-20260712-170700-z102	proven
20260712-170700-z102	102	5007	5007	508.801	196.350	40.244	point		5006,5008	live-route-recording-20260712-170700-z102	proven
20260712-170700-z102	102	5008	5008	511.889	196.413	40.092	point		5007,5009	live-route-recording-20260712-170700-z102	proven
20260712-170700-z102	102	5009	5009	513.918	196.629	39.954	point		5008,5010	live-route-recording-20260712-170700-z102	proven
20260712-170700-z102	102	5010	5010	516.925	197.275	39.828	point		5009,5011	live-route-recording-20260712-170700-z102	proven
20260712-170700-z102	102	5011	5011	519.133	198.521	39.906	point		5010,5012	live-route-recording-20260712-170700-z102	proven
20260712-170700-z102	102	5012	5012	520.463	199.769	39.969	point		5011,5013	live-route-recording-20260712-170700-z102	proven
20260712-170700-z102	102	5013	5013	522.167	202.048	39.863	point		5012,5014	live-route-recording-20260712-170700-z102	proven
20260712-170700-z102	102	5014	5014	523.280	203.787	39.782	point		5013,5015	live-route-recording-20260712-170700-z102	proven
20260712-170700-z102	102	5015	5015	524.917	206.407	39.822	point		5014,5016	live-route-recording-20260712-170700-z102	proven
20260712-170700-z102	102	5016	5016	525.884	207.965	39.852	point		5015,5017	live-route-recording-20260712-170700-z102	proven
20260712-170700-z102	102	5017	5017	527.512	210.589	39.773	point		5016,5018	live-route-recording-20260712-170700-z102	proven
20260712-170700-z102	102	5018	5018	528.658	212.436	39.710	point		5017,5019	live-route-recording-20260712-170700-z102	proven
20260712-170700-z102	102	5019	5019	530.218	214.953	39.829	point		5018,5020	live-route-recording-20260712-170700-z102	proven
20260712-170700-z102	102	5020	5020	531.299	216.695	39.947	point		5019,5021	live-route-recording-20260712-170700-z102	proven
20260712-170700-z102	102	5021	5021	532.916	219.302	40.281	point		5020,5022	live-route-recording-20260712-170700-z102	proven
20260712-170700-z102	102	5022	5022	534.021	221.037	40.443	point		5021,5023	live-route-recording-20260712-170700-z102	proven
20260712-170700-z102	102	5023	5023	535.888	223.527	40.444	point		5022,5024	live-route-recording-20260712-170700-z102	proven
20260712-170700-z102	102	5024	5024	537.358	225.166	40.303	point		5023,5025	live-route-recording-20260712-170700-z102	proven
20260712-170700-z102	102	5025	5025	539.477	227.427	40.167	point		5024,5026	live-route-recording-20260712-170700-z102	proven
20260712-170700-z102	102	5026	5026	540.910	228.888	40.217	point		5025,5027	live-route-recording-20260712-170700-z102	proven
20260712-170700-z102	102	5027	5027	543.310	230.827	40.367	point		5026,5028	live-route-recording-20260712-170700-z102	proven
20260712-170700-z102	102	5028	5028	544.834	231.815	40.366	point		5027,5029	live-route-recording-20260712-170700-z102	proven
20260712-170700-z102	102	5029	5029	547.534	233.264	40.160	point		5028,5030	live-route-recording-20260712-170700-z102	proven
20260712-170700-z102	102	5030	5030	549.566	234.030	39.836	point		5029,5031	live-route-recording-20260712-170700-z102	proven
20260712-170700-z102	102	5031	5031	551.695	234.717	39.572	point		5030,5032	live-route-recording-20260712-170700-z102	proven
20260712-170700-z102	102	5032	5032	554.637	235.635	39.682	point		5031,5033	live-route-recording-20260712-170700-z102	proven
20260712-170700-z102	102	5033	5033	556.602	236.244	39.764	point		5032,5034	live-route-recording-20260712-170700-z102	proven
20260712-170700-z102	102	5034	5034	559.553	237.157	39.821	point		5033,5035	live-route-recording-20260712-170700-z102	proven
20260712-170700-z102	102	5035	5035	562.376	237.877	39.866	point		5034,5036	live-route-recording-20260712-170700-z102	proven
20260712-170700-z102	102	5036	5036	564.635	238.272	39.921	point		5035,5037	live-route-recording-20260712-170700-z102	proven
20260712-170700-z102	102	5037	5037	567.686	238.728	40.102	point		5036,5038	live-route-recording-20260712-170700-z102	proven
20260712-170700-z102	102	5038	5038	569.716	239.026	40.190	point		5037,5039	live-route-recording-20260712-170700-z102	proven
20260712-170700-z102	102	5039	5039	572.755	239.470	40.399	point		5038,5040	live-route-recording-20260712-170700-z102	proven
20260712-170700-z102	102	5040	5040	574.791	239.742	40.636	point		5039,5041	live-route-recording-20260712-170700-z102	proven
20260712-170700-z102	102	5041	5041	577.864	239.949	40.879	point		5040,5042	live-route-recording-20260712-170700-z102	proven
20260712-170700-z102	102	5042	5042	580.281	239.958	40.973	point		5041,5043	live-route-recording-20260712-170700-z102	proven
20260712-170700-z102	102	5043	5043	583.363	239.933	40.806	point		5042,5044	live-route-recording-20260712-170700-z102	proven
20260712-170700-z102	102	5044	5044	585.409	239.912	40.648	point		5043,5045	live-route-recording-20260712-170700-z102	proven
20260712-170700-z102	102	5045	5045	588.490	239.879	40.365	point		5044,5046	live-route-recording-20260712-170700-z102	proven
20260712-170700-z102	102	5046	5046	590.553	239.857	40.261	point		5045,5047	live-route-recording-20260712-170700-z102	proven
20260712-170700-z102	102	5047	5047	593.644	239.824	40.106	point		5046,5048	live-route-recording-20260712-170700-z102	proven
20260712-170700-z102	102	5048	5048	596.127	239.798	39.981	point		5047,5049	live-route-recording-20260712-170700-z102	proven
20260712-170700-z102	102	5049	5049	599.210	239.765	39.984	point		5048,5050	live-route-recording-20260712-170700-z102	proven
20260712-170700-z102	102	5050	5050	601.264	239.743	39.982	point		5049,5051	live-route-recording-20260712-170700-z102	proven
20260712-170700-z102	102	5051	5051	604.341	239.710	39.905	point		5050,5052	live-route-recording-20260712-170700-z102	proven
20260712-170700-z102	102	5052	5052	606.400	239.688	40.002	point		5051,5053	live-route-recording-20260712-170700-z102	proven
20260712-170700-z102	102	5053	5053	609.461	239.626	40.247	point		5052,5054	live-route-recording-20260712-170700-z102	proven
20260712-170700-z102	102	5054	5054	611.871	239.402	40.346	point		5053,5055	live-route-recording-20260712-170700-z102	proven
20260712-170700-z102	102	5055	5055	614.072	239.082	40.548	point		5054,5056	live-route-recording-20260712-170700-z102	proven
20260712-170700-z102	102	5056	5056	617.116	238.591	40.770	point		5055,5057	live-route-recording-20260712-170700-z102	proven
20260712-170700-z102	102	5057	5057	619.150	238.278	40.854	point		5056,5058	live-route-recording-20260712-170700-z102	proven
20260712-170700-z102	102	5058	5058	622.219	238.058	40.772	point		5057,5059	live-route-recording-20260712-170700-z102	proven
20260712-170700-z102	102	5059	5059	625.130	237.998	40.624	point		5058,5060	live-route-recording-20260712-170700-z102	proven
20260712-170700-z102	102	5060	5060	627.525	237.965	40.380	point		5059,5061	live-route-recording-20260712-170700-z102	proven
20260712-170700-z102	102	5061	5061	630.596	237.927	40.204	point		5060,5062	live-route-recording-20260712-170700-z102	proven
20260712-170700-z102	102	5062	5062	632.643	237.902	40.101	point		5061,5063	live-route-recording-20260712-170700-z102	proven
20260712-170700-z102	102	5063	5063	635.722	237.864	39.865	point		5062,5064	live-route-recording-20260712-170700-z102	proven
20260712-170700-z102	102	5064	5064	637.791	237.841	39.863	point		5063,5065	live-route-recording-20260712-170700-z102	proven
20260712-170700-z102	102	5065	5065	640.855	238.065	39.877	point		5064,5066	live-route-recording-20260712-170700-z102	proven
20260712-170700-z102	102	5066	5066	643.155	238.811	39.924	point		5065,5067	live-route-recording-20260712-170700-z102	proven
20260712-170700-z102	102	5067	5067	645.325	240.399	39.446	point		5066,5068	live-route-recording-20260712-170700-z102	proven
20260712-170700-z102	102	5068	5068	646.664	241.921	38.943	point		5067,5069	live-route-recording-20260712-170700-z102	proven
20260712-170700-z102	102	5069	5069	648.261	244.208	38.245	point		5068,5070	live-route-recording-20260712-170700-z102	proven
20260712-170700-z102	102	5070	5070	649.311	245.960	37.829	point		5069,5071	live-route-recording-20260712-170700-z102	proven
20260712-170700-z102	102	5071	5071	650.829	248.609	36.780	point		5070,5072	live-route-recording-20260712-170700-z102	proven
20260712-170700-z102	102	5072	5072	652.016	250.704	36.769	point		5071,5073	live-route-recording-20260712-170700-z102	proven
20260712-170700-z102	102	5073	5073	653.404	253.154	36.655	point		5072,5074	live-route-recording-20260712-170700-z102	proven
20260712-170700-z102	102	5074	5074	654.415	254.940	36.378	point		5073,5075	live-route-recording-20260712-170700-z102	proven
20260712-170700-z102	102	5075	5075	655.936	257.626	36.009	point		5074,5076	live-route-recording-20260712-170700-z102	proven
20260712-170700-z102	102	5076	5076	656.953	259.417	36.005	point		5075,5077	live-route-recording-20260712-170700-z102	proven
20260712-170700-z102	102	5077	5077	658.722	261.917	36.234	point		5076,5078	live-route-recording-20260712-170700-z102	proven
20260712-170700-z102	102	5078	5078	660.391	263.310	36.340	point		5077,5079	live-route-recording-20260712-170700-z102	proven
20260712-170700-z102	102	5079	5079	662.171	264.459	36.181	point		5078,5080	live-route-recording-20260712-170700-z102	proven
20260712-170700-z102	102	5080	5080	664.752	266.042	36.306	point		5079,5081	live-route-recording-20260712-170700-z102	proven
20260712-170700-z102	102	5081	5081	666.618	267.175	36.727	point		5080,5082	live-route-recording-20260712-170700-z102	proven
20260712-170700-z102	102	5082	5082	669.342	268.817	37.299	point		5081,5083	live-route-recording-20260712-170700-z102	proven
20260712-170700-z102	102	5083	5083	671.271	269.834	37.632	point		5082,5084	live-route-recording-20260712-170700-z102	proven
20260712-170700-z102	102	5084	5084	674.214	270.739	37.742	point		5083,5085	live-route-recording-20260712-170700-z102	proven
20260712-170700-z102	102	5085	5085	676.207	271.152	37.713	point		5084,5086	live-route-recording-20260712-170700-z102	proven
20260712-170700-z102	102	5086	5086	679.121	271.677	38.035	point		5085,5087	live-route-recording-20260712-170700-z102	proven
20260712-170700-z102	102	5087	5087	681.125	271.888	38.194	point		5086,5088	live-route-recording-20260712-170700-z102	proven
20260712-170700-z102	102	5088	5088	684.123	271.964	38.396	point		5087,5089	live-route-recording-20260712-170700-z102	proven
20260712-170700-z102	102	5089	5089	686.782	271.936	38.846	point		5088,5090	live-route-recording-20260712-170700-z102	proven
20260712-170700-z102	102	5090	5090	688.945	271.899	38.983	point		5089,5091	live-route-recording-20260712-170700-z102	proven
20260712-170700-z102	102	5091	5091	692.025	271.841	38.620	point		5090,5092	live-route-recording-20260712-170700-z102	proven
20260712-170700-z102	102	5092	5092	694.095	271.801	38.353	point		5091,5093	live-route-recording-20260712-170700-z102	proven
20260712-170700-z102	102	5093	5093	696.928	271.746	37.979	point		5092,5094	live-route-recording-20260712-170700-z102	proven
20260712-170700-z102	102	5094	5094	698.963	271.706	37.584	point		5093,5095	live-route-recording-20260712-170700-z102	proven
20260712-170700-z102	102	5095	5095	702.020	271.647	37.829	point		5094,5096	live-route-recording-20260712-170700-z102	proven
20260712-170700-z102	102	5096	5096	704.446	271.600	37.937	point		5095,5097	live-route-recording-20260712-170700-z102	proven
20260712-170700-z102	102	5097	5097	707.519	271.540	38.272	point		5096,5098	live-route-recording-20260712-170700-z102	proven
20260712-170700-z102	102	5098	5098	709.568	271.500	38.222	point		5097,5099	live-route-recording-20260712-170700-z102	proven
20260712-170700-z102	102	5099	5099	712.017	271.452	38.397	point		5098,5100	live-route-recording-20260712-170700-z102	proven
20260712-170700-z102	102	5100	5100	713.559	271.422	38.103	point		5099,5101	live-route-recording-20260712-170700-z102	proven
20260712-170700-z102	102	5101	5101	716.260	271.369	37.751	point		5100,5102	live-route-recording-20260712-170700-z102	proven
20260712-170700-z102	102	5102	5102	718.833	271.319	37.823	point		5101,5103	live-route-recording-20260712-170700-z102	proven
20260712-170700-z102	102	5103	5103	720.896	271.319	37.821	point		5102,5104	live-route-recording-20260712-170700-z102	proven
20260712-170700-z102	102	5104	5104	723.914	271.809	38.124	point		5103,5105	live-route-recording-20260712-170700-z102	proven
20260712-170700-z102	102	5105	5105	725.548	273.008	38.435	point		5104,5106	live-route-recording-20260712-170700-z102	proven
20260712-170700-z102	102	5106	5106	726.283	275.911	39.038	point		5105,5107	live-route-recording-20260712-170700-z102	proven
20260712-170700-z102	102	5107	5107	726.122	278.808	39.147	point		5106,5108	live-route-recording-20260712-170700-z102	proven
20260712-170700-z102	102	5108	5108	725.895	281.238	39.232	point		5107,5109	live-route-recording-20260712-170700-z102	proven
20260712-170700-z102	102	5109	5109	725.399	284.053	39.383	point		5108,5110	live-route-recording-20260712-170700-z102	proven
20260712-170700-z102	102	5110	5110	722.342	285.843	39.252	point		5109,5111	live-route-recording-20260712-170700-z102	proven
20260712-170700-z102	102	5111	5111	720.433	286.193	39.120	point		5110,5112	live-route-recording-20260712-170700-z102	proven
20260712-170700-z102	102	5112	5112	717.492	286.641	38.952	point		5111,5113	live-route-recording-20260712-170700-z102	proven
20260712-170700-z102	102	5113	5113	715.390	286.948	38.913	point		5112,5114	live-route-recording-20260712-170700-z102	proven
20260712-170700-z102	102	5114	5114	712.348	287.392	39.173	point		5113,5115	live-route-recording-20260712-170700-z102	proven
20260712-170700-z102	102	5115	5115	710.312	287.663	39.097	point		5114,5116	live-route-recording-20260712-170700-z102	proven
20260712-170700-z102	102	5116	5116	707.224	287.843	38.967	point		5115,5117	live-route-recording-20260712-170700-z102	proven
20260712-170700-z102	102	5117	5117	705.176	287.860	38.902	point		5116,5118	live-route-recording-20260712-170700-z102	proven
20260712-170700-z102	102	5118	5118	702.111	287.840	38.957	point		5117,5119	live-route-recording-20260712-170700-z102	proven
20260712-170700-z102	102	5119	5119	699.721	287.815	39.130	point		5118,5120	live-route-recording-20260712-170700-z102	proven
20260712-170700-z102	102	5120	5120	696.761	287.782	39.145	point		5119,5121	live-route-recording-20260712-170700-z102	proven
20260712-170700-z102	102	5121	5121	694.727	287.759	39.252	point		5120,5122	live-route-recording-20260712-170700-z102	proven
20260712-170700-z102	102	5122	5122	691.635	287.725	39.462	point		5121,5123	live-route-recording-20260712-170700-z102	proven
20260712-170700-z102	102	5123	5123	689.566	287.702	39.485	point		5122,5124	live-route-recording-20260712-170700-z102	proven
20260712-170700-z102	102	5124	5124	686.513	287.668	39.139	point		5123,5125	live-route-recording-20260712-170700-z102	proven
20260712-170700-z102	102	5125	5125	684.048	287.640	38.578	point		5124,5126	live-route-recording-20260712-170700-z102	proven
20260712-170700-z102	102	5126	5126	680.969	287.607	38.590	point		5125,5127	live-route-recording-20260712-170700-z102	proven
20260712-170700-z102	102	5127	5127	678.918	287.584	38.598	point		5126,5128	live-route-recording-20260712-170700-z102	proven
20260712-170700-z102	102	5128	5128	675.826	287.691	38.561	point		5127,5129	live-route-recording-20260712-170700-z102	proven
20260712-170700-z102	102	5129	5129	673.934	288.047	38.588	point		5128,5130	live-route-recording-20260712-170700-z102	proven
20260712-170700-z102	102	5130	5130	671.013	289.054	38.089	point		5129,5131	live-route-recording-20260712-170700-z102	proven
20260712-170700-z102	102	5131	5131	668.911	290.075	37.795	point		5130,5132	live-route-recording-20260712-170700-z102	proven
20260712-170700-z102	102	5132	5132	667.140	291.105	37.730	point		5131,5133	live-route-recording-20260712-170700-z102	proven
20260712-170700-z102	102	5133	5133	664.418	292.924	37.133	point		5132,5134	live-route-recording-20260712-170700-z102	proven
20260712-170700-z102	102	5134	5134	662.790	294.118	36.801	point		5133,5135	live-route-recording-20260712-170700-z102	proven
20260712-170700-z102	102	5135	5135	660.360	296.005	36.065	point		5134,5136	live-route-recording-20260712-170700-z102	proven
20260712-170700-z102	102	5136	5136	658.426	297.930	36.269	point		5135,5137	live-route-recording-20260712-170700-z102	proven
20260712-170700-z102	102	5137	5137	657.098	299.805	36.337	point		5136,5138	live-route-recording-20260712-170700-z102	proven
20260712-170700-z102	102	5138	5138	655.519	302.459	36.111	point		5137,5139	live-route-recording-20260712-170700-z102	proven
20260712-170700-z102	102	5139	5139	654.519	304.219	36.086	point		5138,5140	live-route-recording-20260712-170700-z102	proven
20260712-170700-z102	102	5140	5140	653.048	306.855	36.651	point		5139,5141	live-route-recording-20260712-170700-z102	proven
20260712-170700-z102	102	5141	5141	652.170	308.660	36.906	point		5140,5142	live-route-recording-20260712-170700-z102	proven
20260712-170700-z102	102	5142	5142	650.995	311.485	37.257	point		5141,5143	live-route-recording-20260712-170700-z102	proven
20260712-170700-z102	102	5143	5143	650.127	313.737	37.363	point		5142,5144	live-route-recording-20260712-170700-z102	proven
20260712-170700-z102	102	5144	5144	649.067	316.544	37.502	point		5143,5145	live-route-recording-20260712-170700-z102	proven
20260712-170700-z102	102	5145	5145	648.405	318.301	37.972	point		5144,5146	live-route-recording-20260712-170700-z102	proven
20260712-170700-z102	102	5146	5146	647.339	321.111	38.690	point		5145,5147	live-route-recording-20260712-170700-z102	proven
20260712-170700-z102	102	5147	5147	646.440	322.907	39.027	point		5146,5148	live-route-recording-20260712-170700-z102	proven
20260712-170700-z102	102	5148	5148	644.236	324.790	39.498	point		5147,5149	live-route-recording-20260712-170700-z102	proven
20260712-170700-z102	102	5149	5149	642.275	325.673	39.315	point		5148,5150	live-route-recording-20260712-170700-z102	proven
20260712-170700-z102	102	5150	5150	640.528	326.187	39.123	point		5149,5151	live-route-recording-20260712-170700-z102	proven
20260712-170700-z102	102	5151	5151	637.672	327.051	38.799	point		5150,5152	live-route-recording-20260712-170700-z102	proven
20260712-170700-z102	102	5152	5152	635.726	327.665	38.574	point		5151,5153	live-route-recording-20260712-170700-z102	proven
20260712-170700-z102	102	5153	5153	632.466	328.247	39.032	point		5152,5154	live-route-recording-20260712-170700-z102	proven
20260712-170700-z102	102	5154	5154	630.388	328.452	39.205	point		5153,5155	live-route-recording-20260712-170700-z102	proven
20260712-170700-z102	102	5155	5155	628.255	328.590	39.184	point		5154,5156	live-route-recording-20260712-170700-z102	proven
20260712-170700-z102	102	5156	5156	625.168	328.631	38.962	point		5155,5157	live-route-recording-20260712-170700-z102	proven
20260712-170700-z102	102	5157	5157	623.119	328.612	38.900	point		5156,5158	live-route-recording-20260712-170700-z102	proven
20260712-170700-z102	102	5158	5158	620.024	328.560	38.813	point		5157,5159	live-route-recording-20260712-170700-z102	proven
20260712-170700-z102	102	5159	5159	617.963	328.522	38.571	point		5158,5160	live-route-recording-20260712-170700-z102	proven
20260712-170700-z102	102	5160	5160	614.894	328.465	38.603	point		5159,5161	live-route-recording-20260712-170700-z102	proven
20260712-170700-z102	102	5161	5161	612.597	328.382	38.707	point		5160,5162	live-route-recording-20260712-170700-z102	proven
20260712-170700-z102	102	5162	5162	609.569	328.076	38.842	point		5161,5163	live-route-recording-20260712-170700-z102	proven
20260712-170700-z102	102	5163	5163	607.526	327.954	38.828	point		5162,5164	live-route-recording-20260712-170700-z102	proven
20260712-170700-z102	102	5164	5164	604.705	327.834	38.519	point		5163,5165	live-route-recording-20260712-170700-z102	proven
20260712-170700-z102	102	5165	5165	602.657	327.653	38.572	point		5164,5166	live-route-recording-20260712-170700-z102	proven
20260712-170700-z102	102	5166	5166	599.598	327.323	38.696	point		5165,5167	live-route-recording-20260712-170700-z102	proven
20260712-170700-z102	102	5167	5167	597.253	327.056	38.792	point		5166,5168	live-route-recording-20260712-170700-z102	proven
20260712-170700-z102	102	5168	5168	595.899	326.900	38.856	point		5167,5169	live-route-recording-20260712-170700-z102	proven
20260712-170700-z102	102	5169	5169	593.167	326.585	39.499	point		5168,5170	live-route-recording-20260712-170700-z102	proven
20260712-170700-z102	102	5170	5170	591.243	326.363	39.650	point		5169,5171	live-route-recording-20260712-170700-z102	proven
20260712-170700-z102	102	5171	5171	588.194	326.011	39.525	point		5170,5172	live-route-recording-20260712-170700-z102	proven
20260712-170700-z102	102	5172	5172	586.189	325.795	39.806	point		5171,5173	live-route-recording-20260712-170700-z102	proven
20260712-170700-z102	102	5173	5173	582.905	325.699	39.762	point		5172,5174	live-route-recording-20260712-170700-z102	proven
20260712-170700-z102	102	5174	5174	580.846	325.744	39.472	point		5173,5175	live-route-recording-20260712-170700-z102	proven
20260712-170700-z102	102	5175	5175	578.828	325.811	39.198	point		5174,5176	live-route-recording-20260712-170700-z102	proven
20260712-170700-z102	102	5176	5176	575.661	325.928	39.443	point		5175,5177	live-route-recording-20260712-170700-z102	proven
20260712-170700-z102	102	5177	5177	573.748	326.001	39.672	point		5176,5178	live-route-recording-20260712-170700-z102	proven
20260712-170700-z102	102	5178	5178	570.793	326.120	39.365	point		5177,5179	live-route-recording-20260712-170700-z102	proven
20260712-170700-z102	102	5179	5179	568.907	326.263	39.362	point		5178,5180	live-route-recording-20260712-170700-z102	proven
20260712-170700-z102	102	5180	5180	565.565	326.913	38.991	point		5179,5181	live-route-recording-20260712-170700-z102	proven
20260712-170700-z102	102	5181	5181	563.568	327.384	38.672	point		5180,5182	live-route-recording-20260712-170700-z102	proven
20260712-170700-z102	102	5182	5182	560.812	328.047	38.241	point		5181,5183	live-route-recording-20260712-170700-z102	proven
20260712-170700-z102	102	5183	5183	558.898	328.513	37.893	point		5182,5184	live-route-recording-20260712-170700-z102	proven
20260712-170700-z102	102	5184	5184	556.898	329.001	37.534	point		5183,5185	live-route-recording-20260712-170700-z102	proven
20260712-170700-z102	102	5185	5185	554.441	329.603	37.608	point		5184,5186	live-route-recording-20260712-170700-z102	proven
20260712-170700-z102	102	5186	5186	552.201	330.161	37.288	point		5185,5187	live-route-recording-20260712-170700-z102	proven
20260712-170700-z102	102	5187	5187	549.248	331.015	37.259	point		5186,5188	live-route-recording-20260712-170700-z102	proven
20260712-170700-z102	102	5188	5188	547.289	331.665	37.460	point		5187,5189	live-route-recording-20260712-170700-z102	proven
20260712-170700-z102	102	5189	5189	544.398	332.798	37.194	point		5188,5190	live-route-recording-20260712-170700-z102	proven
20260712-170700-z102	102	5190	5190	542.556	333.689	36.991	point		5189,5191	live-route-recording-20260712-170700-z102	proven
20260712-170700-z102	102	5191	5191	540.210	335.246	36.392	point		5190,5192	live-route-recording-20260712-170700-z102	proven
20260712-170700-z102	102	5192	5192	538.418	336.898	36.449	point		5191,5193	live-route-recording-20260712-170700-z102	proven
20260712-170700-z102	102	5193	5193	536.513	339.310	36.596	point		5192,5194	live-route-recording-20260712-170700-z102	proven
20260712-170700-z102	102	5194	5194	535.402	341.044	36.532	point		5193,5195	live-route-recording-20260712-170700-z102	proven
20260712-170700-z102	102	5195	5195	533.862	343.706	36.316	point		5194,5196	live-route-recording-20260712-170700-z102	proven
20260712-170700-z102	102	5196	5196	532.886	345.451	36.696	point		5195,5197	live-route-recording-20260712-170700-z102	proven
20260712-170700-z102	102	5197	5197	531.582	348.159	37.193	point		5196,5198	live-route-recording-20260712-170700-z102	proven
20260712-170700-z102	102	5198	5198	530.686	350.376	37.456	point		5197,5199	live-route-recording-20260712-170700-z102	proven
20260712-170700-z102	102	5199	5199	529.923	352.452	37.629	point		5198,5200	live-route-recording-20260712-170700-z102	proven
20260712-170700-z102	102	5200	5200	529.057	355.373	37.815	point		5199,5201	live-route-recording-20260712-170700-z102	proven
20260712-170700-z102	102	5201	5201	528.640	357.329	37.799	point		5200,5202	live-route-recording-20260712-170700-z102	proven
20260712-170700-z102	102	5202	5202	528.274	360.488	38.072	point		5201,5203	live-route-recording-20260712-170700-z102	proven
20260712-170700-z102	102	5203	5203	528.175	362.685	38.149	point		5202,5204	live-route-recording-20260712-170700-z102	proven
20260712-170700-z102	102	5204	5204	528.275	365.717	38.353	point		5203,5205	live-route-recording-20260712-170700-z102	proven
20260712-170700-z102	102	5205	5205	528.448	367.746	38.597	point		5204,5206	live-route-recording-20260712-170700-z102	proven
20260712-170700-z102	102	5206	5206	528.753	370.857	38.405	point		5205,5207	live-route-recording-20260712-170700-z102	proven
20260712-170700-z102	102	5207	5207	528.948	372.784	38.422	point		5206,5208	live-route-recording-20260712-170700-z102	proven
20260712-170700-z102	102	5208	5208	529.279	376.029	38.015	point		5207,5209	live-route-recording-20260712-170700-z102	proven
20260712-170700-z102	102	5209	5209	529.488	378.066	38.028	point		5208,5210	live-route-recording-20260712-170700-z102	proven
20260712-170700-z102	102	5210	5210	529.800	381.119	38.452	point		5209,5211	live-route-recording-20260712-170700-z102	proven
20260712-170700-z102	102	5211	5211	530.005	383.169	38.489	point		5210,5212	live-route-recording-20260712-170700-z102	proven
20260712-170700-z102	102	5212	5212	530.111	386.251	38.571	point		5211,5213	live-route-recording-20260712-170700-z102	proven
20260712-170700-z102	102	5213	5213	529.913	388.296	38.758	point		5212,5214	live-route-recording-20260712-170700-z102	proven
20260712-170700-z102	102	5214	5214	529.344	391.511	38.852	point		5213,5215	live-route-recording-20260712-170700-z102	proven
20260712-170700-z102	102	5215	5215	528.790	394.201	38.325	point		5214,5216	live-route-recording-20260712-170700-z102	proven
20260712-170700-z102	102	5216	5216	528.139	396.667	38.230	point		5215,5217	live-route-recording-20260712-170700-z102	proven
20260712-170700-z102	102	5217	5217	527.318	398.481	38.698	point		5216,5218	live-route-recording-20260712-170700-z102	proven
20260712-170700-z102	102	5218	5218	525.786	401.048	39.272	point		5217,5219	live-route-recording-20260712-170700-z102	proven
20260712-170700-z102	102	5219	5219	524.550	402.598	39.734	point		5218,5220	live-route-recording-20260712-170700-z102	proven
20260712-170700-z102	102	5220	5220	522.149	404.111	39.901	point		5219,5221	live-route-recording-20260712-170700-z102	proven
20260712-170700-z102	102	5221	5221	519.543	405.113	39.525	point		5220,5222	live-route-recording-20260712-170700-z102	proven
20260712-170700-z102	102	5222	5222	517.362	405.999	39.193	point		5221,5223	live-route-recording-20260712-170700-z102	proven
20260712-170700-z102	102	5223	5223	514.719	407.305	38.856	point		5222,5224	live-route-recording-20260712-170700-z102	proven
20260712-170700-z102	102	5224	5224	512.914	408.262	38.584	point		5223,5225	live-route-recording-20260712-170700-z102	proven
20260712-170700-z102	102	5225	5225	510.231	409.725	37.610	point		5224,5226	live-route-recording-20260712-170700-z102	proven
20260712-170700-z102	102	5226	5226	508.532	410.854	37.541	point		5225,5227	live-route-recording-20260712-170700-z102	proven
20260712-170700-z102	102	5227	5227	506.130	412.767	37.044	point		5226,5228	live-route-recording-20260712-170700-z102	proven
20260712-170700-z102	102	5228	5228	504.228	414.355	36.616	point		5227,5229	live-route-recording-20260712-170700-z102	proven
20260712-170700-z102	102	5229	5229	502.491	415.815	36.081	point		5228,5230	live-route-recording-20260712-170700-z102	proven
20260712-170700-z102	102	5230	5230	500.243	417.905	35.864	point		5229,5231	live-route-recording-20260712-170700-z102	proven
20260712-170700-z102	102	5231	5231	498.869	419.395	35.885	point		5230,5232	live-route-recording-20260712-170700-z102	proven
20260712-170700-z102	102	5232	5232	496.817	421.723	35.937	point		5231,5233	live-route-recording-20260712-170700-z102	proven
20260712-170700-z102	102	5233	5233	494.954	423.901	35.927	point		5232,5234	live-route-recording-20260712-170700-z102	proven
20260712-170700-z102	102	5234	5234	493.703	425.750	36.414	point		5233,5235	live-route-recording-20260712-170700-z102	proven
20260712-170700-z102	102	5235	5235	492.179	428.338	36.922	point		5234,5236	live-route-recording-20260712-170700-z102	proven
20260712-170700-z102	102	5236	5236	491.246	430.123	37.227	point		5235,5237	live-route-recording-20260712-170700-z102	proven
20260712-170700-z102	102	5237	5237	490.259	433.001	37.405	point		5236,5238	live-route-recording-20260712-170700-z102	proven
20260712-170700-z102	102	5238	5238	489.759	434.970	37.443	point		5237,5239	live-route-recording-20260712-170700-z102	proven
20260712-170700-z102	102	5239	5239	489.118	437.897	37.444	point		5238,5240	live-route-recording-20260712-170700-z102	proven
20260712-170700-z102	102	5240	5240	488.983	440.262	37.548	point		5239,5241	live-route-recording-20260712-170700-z102	proven
20260712-170700-z102	102	5241	5241	489.286	443.288	37.337	point		5240,5242	live-route-recording-20260712-170700-z102	proven
20260712-170700-z102	102	5242	5242	489.644	445.281	37.551	point		5241,5243	live-route-recording-20260712-170700-z102	proven
20260712-170700-z102	102	5243	5243	490.724	448.134	36.876	point		5242,5244	live-route-recording-20260712-170700-z102	proven
20260712-170700-z102	102	5244	5244	491.641	449.964	36.759	point		5243,5245	live-route-recording-20260712-170700-z102	proven
20260712-170700-z102	102	5245	5245	493.020	452.580	36.786	point		5244,5246	live-route-recording-20260712-170700-z102	proven
20260712-170700-z102	102	5246	5246	494.168	454.723	36.431	point		5245,5247	live-route-recording-20260712-170700-z102	proven
20260712-170700-z102	102	5247	5247	495.620	457.424	36.166	point		5246,5248	live-route-recording-20260712-170700-z102	proven
20260712-170700-z102	102	5248	5248	496.617	459.235	36.050	point		5247,5249	live-route-recording-20260712-170700-z102	proven
20260712-170700-z102	102	5249	5249	498.411	461.709	36.226	point		5248,5250	live-route-recording-20260712-170700-z102	proven
20260712-170700-z102	102	5250	5250	499.891	463.132	36.390	point		5249,5251	live-route-recording-20260712-170700-z102	proven
20260712-170700-z102	102	5251	5251	502.378	464.945	36.295	point		5250,5252	live-route-recording-20260712-170700-z102	proven
20260712-170700-z102	102	5252	5252	504.437	466.246	36.371	point		5251,5253	live-route-recording-20260712-170700-z102	proven
20260712-170700-z102	102	5253	5253	507.130	467.642	36.894	point		5252,5254	live-route-recording-20260712-170700-z102	proven
20260712-170700-z102	102	5254	5254	508.976	468.503	37.182	point		5253,5255	live-route-recording-20260712-170700-z102	proven
20260712-170700-z102	102	5255	5255	511.865	469.542	37.468	point		5254,5256	live-route-recording-20260712-170700-z102	proven
20260712-170700-z102	102	5256	5256	513.885	469.957	37.338	point		5255,5257	live-route-recording-20260712-170700-z102	proven
20260712-170700-z102	102	5257	5257	516.924	470.384	37.067	point		5256,5258	live-route-recording-20260712-170700-z102	proven
20260712-170700-z102	102	5258	5258	519.263	470.751	37.344	point		5257,5259	live-route-recording-20260712-170700-z102	proven
20260712-170700-z102	102	5259	5259	521.898	471.807	38.145	point		5258,5260	live-route-recording-20260712-170700-z102	proven
20260712-170700-z102	102	5260	5260	523.476	472.954	38.800	point		5259,5261	live-route-recording-20260712-170700-z102	proven
20260712-170700-z102	102	5261	5261	524.593	475.022	39.407	point		5260,5262	live-route-recording-20260712-170700-z102	proven
20260712-170700-z102	102	5262	5262	524.703	476.937	39.679	point		5261,5263	live-route-recording-20260712-170700-z102	proven
20260712-170700-z102	102	5263	5263	524.410	479.513	39.789	point		5262,5264	live-route-recording-20260712-170700-z102	proven
20260712-170700-z102	102	5264	5264	523.692	481.445	40.000	point		5263,5265	live-route-recording-20260712-170700-z102	proven
20260712-170700-z102	102	5265	5265	521.982	483.558	40.000	point		5264,5266	live-route-recording-20260712-170700-z102	proven
20260712-170700-z102	102	5266	5266	520.633	484.364	39.806	point		5265,5267	live-route-recording-20260712-170700-z102	proven
20260712-170700-z102	102	5267	5267	517.759	485.132	39.518	point		5266,5268	live-route-recording-20260712-170700-z102	proven
20260712-170700-z102	102	5268	5268	515.733	485.413	39.417	point		5267,5269	live-route-recording-20260712-170700-z102	proven
20260712-170700-z102	102	5269	5269	512.686	485.560	39.770	point		5268,5270	live-route-recording-20260712-170700-z102	proven
20260712-170700-z102	102	5270	5270	510.583	485.528	39.882	point		5269,5271	live-route-recording-20260712-170700-z102	proven
20260712-170700-z102	102	5271	5271	507.500	485.434	39.818	point		5270,5272	live-route-recording-20260712-170700-z102	proven
20260712-170700-z102	102	5272	5272	505.449	485.367	40.004	point		5271,5273	live-route-recording-20260712-170700-z102	proven
20260712-170700-z102	102	5273	5273	502.404	485.266	40.030	point		5272,5274	live-route-recording-20260712-170700-z102	proven
20260712-170700-z102	102	5274	5274	500.359	485.198	39.822	point		5273,5275	live-route-recording-20260712-170700-z102	proven
20260712-170700-z102	102	5275	5275	497.307	485.147	39.799	point		5274,5276	live-route-recording-20260712-170700-z102	proven
20260712-170700-z102	102	5276	5276	494.913	485.221	40.038	point		5275,5277	live-route-recording-20260712-170700-z102	proven
20260712-170700-z102	102	5277	5277	492.958	485.351	39.844	point		5276,5278	live-route-recording-20260712-170700-z102	proven
20260712-170700-z102	102	5278	5278	489.856	485.421	39.605	point		5277,5279	live-route-recording-20260712-170700-z102	proven
20260712-170700-z102	102	5279	5279	487.798	485.370	39.687	point		5278,5280	live-route-recording-20260712-170700-z102	proven
20260712-170700-z102	102	5280	5280	484.708	485.214	39.550	point		5279,5281	live-route-recording-20260712-170700-z102	proven
20260712-170700-z102	102	5281	5281	482.618	485.007	39.565	point		5280,5282	live-route-recording-20260712-170700-z102	proven
20260712-170700-z102	102	5282	5282	480.301	484.285	39.835	point		5281,5283	live-route-recording-20260712-170700-z102	proven
20260712-170700-z102	102	5283	5283	478.853	483.203	40.000	point		5282,5284	live-route-recording-20260712-170700-z102	proven
20260712-170700-z102	102	5284	5284	476.788	481.074	40.000	point		5283,5285	live-route-recording-20260712-170700-z102	proven
20260712-170700-z102	102	5285	5285	475.502	479.421	39.756	point		5284,5286	live-route-recording-20260712-170700-z102	proven
20260712-170700-z102	102	5286	5286	474.219	477.664	39.274	point		5285,5287	live-route-recording-20260712-170700-z102	proven
20260712-170700-z102	102	5287	5287	472.339	475.043	38.679	point		5286,5288	live-route-recording-20260712-170700-z102	proven
20260712-170700-z102	102	5288	5288	471.253	473.502	38.249	point		5287,5289	live-route-recording-20260712-170700-z102	proven
20260712-170700-z102	102	5289	5289	469.656	471.085	37.175	point		5288,5290	live-route-recording-20260712-170700-z102	proven
20260712-170700-z102	102	5290	5290	468.574	469.321	37.052	point		5289,5291	live-route-recording-20260712-170700-z102	proven
20260712-170700-z102	102	5291	5291	467.579	467.633	37.007	point		5290,5292	live-route-recording-20260712-170700-z102	proven
20260712-170700-z102	102	5292	5292	466.119	465.083	36.584	point		5291,5293	live-route-recording-20260712-170700-z102	proven
20260712-170700-z102	102	5293	5293	465.082	463.328	36.446	point		5292,5294	live-route-recording-20260712-170700-z102	proven
20260712-170700-z102	102	5294	5294	463.372	460.727	36.052	point		5293,5295	live-route-recording-20260712-170700-z102	proven
20260712-170700-z102	102	5295	5295	462.171	459.078	36.093	point		5294,5296	live-route-recording-20260712-170700-z102	proven
20260712-170700-z102	102	5296	5296	460.049	456.880	36.376	point		5295,5297	live-route-recording-20260712-170700-z102	proven
20260712-170700-z102	102	5297	5297	458.516	455.508	36.376	point		5296,5298	live-route-recording-20260712-170700-z102	proven
20260712-170700-z102	102	5298	5298	456.193	453.496	36.448	point		5297,5299	live-route-recording-20260712-170700-z102	proven
20260712-170700-z102	102	5299	5299	454.701	452.222	36.929	point		5298,5300	live-route-recording-20260712-170700-z102	proven
20260712-170700-z102	102	5300	5300	452.188	450.087	38.002	point		5299,5301	live-route-recording-20260712-170700-z102	proven
20260712-170700-z102	102	5301	5301	450.644	448.779	38.480	point		5300,5302	live-route-recording-20260712-170700-z102	proven
20260712-170700-z102	102	5302	5302	448.330	446.821	39.061	point		5301,5303	live-route-recording-20260712-170700-z102	proven
20260712-170700-z102	102	5303	5303	446.794	445.522	39.494	point		5302,5304	live-route-recording-20260712-170700-z102	proven
20260712-170700-z102	102	5304	5304	444.428	443.523	40.020	point		5303,5305	live-route-recording-20260712-170700-z102	proven
20260712-170700-z102	102	5305	5305	442.852	442.189	40.000	point		5304,5306	live-route-recording-20260712-170700-z102	proven
20260712-170700-z102	102	5306	5306	441.323	440.823	40.000	point		5305,5307	live-route-recording-20260712-170700-z102	proven
20260712-170700-z102	102	5307	5307	438.759	438.157	40.000	point		5306,5308	live-route-recording-20260712-170700-z102	proven
20260712-170700-z102	102	5308	5308	437.389	436.613	40.000	point		5307,5309	live-route-recording-20260712-170700-z102	proven
20260712-170700-z102	102	5309	5309	435.374	434.311	39.858	point		5308,5310	live-route-recording-20260712-170700-z102	proven
20260712-170700-z102	102	5310	5310	434.034	432.774	39.533	point		5309,5311	live-route-recording-20260712-170700-z102	proven
20260712-170700-z102	102	5311	5311	432.062	430.510	38.905	point		5310,5312	live-route-recording-20260712-170700-z102	proven
20260712-170700-z102	102	5312	5312	430.844	429.108	38.095	point		5311,5313	live-route-recording-20260712-170700-z102	proven
20260712-170700-z102	102	5313	5313	429.360	427.401	37.911	point		5312,5314	live-route-recording-20260712-170700-z102	proven
20260712-170700-z102	102	5314	5314	427.360	425.100	37.207	point		5313,5315	live-route-recording-20260712-170700-z102	proven
20260712-170700-z102	102	5315	5315	425.815	423.321	36.759	point		5314,5316	live-route-recording-20260712-170700-z102	proven
20260712-170700-z102	102	5316	5316	424.369	421.657	36.181	point		5315,5317	live-route-recording-20260712-170700-z102	proven
20260712-170700-z102	102	5317	5317	422.347	419.329	36.049	point		5316,5318	live-route-recording-20260712-170700-z102	proven
20260712-170700-z102	102	5318	5318	420.897	417.661	36.292	point		5317,5319	live-route-recording-20260712-170700-z102	proven
20260712-170700-z102	102	5319	5319	418.638	415.235	36.505	point		5318,5320	live-route-recording-20260712-170700-z102	proven
20260712-170700-z102	102	5320	5320	417.002	413.997	36.501	point		5319,5321	live-route-recording-20260712-170700-z102	proven
20260712-170700-z102	102	5321	5321	415.039	413.036	36.640	point		5320,5322	live-route-recording-20260712-170700-z102	proven
20260712-170700-z102	102	5322	5322	412.109	412.118	36.970	point		5321,5323	live-route-recording-20260712-170700-z102	proven
20260712-170700-z102	102	5323	5323	410.122	411.582	37.092	point		5322,5324	live-route-recording-20260712-170700-z102	proven
20260712-170700-z102	102	5324	5324	406.993	410.706	37.208	point		5323,5325	live-route-recording-20260712-170700-z102	proven
20260712-170700-z102	102	5325	5325	403.998	409.837	37.321	point		5324,5326	live-route-recording-20260712-170700-z102	proven
20260712-170700-z102	102	5326	5326	402.074	409.271	37.345	point		5325,5327	live-route-recording-20260712-170700-z102	proven
20260712-170700-z102	102	5327	5327	399.206	408.423	38.056	point		5326,5328	live-route-recording-20260712-170700-z102	proven
20260712-170700-z102	102	5328	5328	397.271	407.850	38.487	point		5327,5329	live-route-recording-20260712-170700-z102	proven
20260712-170700-z102	102	5329	5329	394.382	406.994	39.032	point		5328,5330	live-route-recording-20260712-170700-z102	proven
20260712-170700-z102	102	5330	5330	392.432	406.427	39.447	point		5329,5331	live-route-recording-20260712-170700-z102	proven
20260712-170700-z102	102	5331	5331	389.400	405.643	39.708	point		5330,5332	live-route-recording-20260712-170700-z102	proven
20260712-170700-z102	102	5332	5332	387.414	405.196	39.916	point		5331,5333	live-route-recording-20260712-170700-z102	proven
20260712-170700-z102	102	5333	5333	384.458	404.586	40.377	point		5332,5334	live-route-recording-20260712-170700-z102	proven
20260712-170700-z102	102	5334	5334	382.461	404.192	40.690	point		5333,5335	live-route-recording-20260712-170700-z102	proven
20260712-170700-z102	102	5335	5335	379.427	403.607	40.970	point		5334,5336	live-route-recording-20260712-170700-z102	proven
20260712-170700-z102	102	5336	5336	376.565	403.061	40.827	point		5335,5337	live-route-recording-20260712-170700-z102	proven
20260712-170700-z102	102	5337	5337	374.131	402.591	40.609	point		5336,5338	live-route-recording-20260712-170700-z102	proven
20260712-170700-z102	102	5338	5338	372.127	402.138	40.405	point		5337,5339	live-route-recording-20260712-170700-z102	proven
20260712-170700-z102	102	5339	5339	369.180	401.240	40.258	point		5338,5340	live-route-recording-20260712-170700-z102	proven
20260712-170700-z102	102	5340	5340	367.099	400.447	40.154	point		5339,5341	live-route-recording-20260712-170700-z102	proven
20260712-170700-z102	102	5341	5341	364.195	398.977	40.000	point		5340,5342	live-route-recording-20260712-170700-z102	proven
20260712-170700-z102	102	5342	5342	361.941	397.423	40.000	point		5341,5343	live-route-recording-20260712-170700-z102	proven
20260712-170700-z102	102	5343	5343	360.093	395.832	40.000	point		5342,5344	live-route-recording-20260712-170700-z102	proven
20260712-170700-z102	102	5344	5344	357.929	393.616	40.118	point		5343,5345	live-route-recording-20260712-170700-z102	proven
20260712-170700-z102	102	5345	5345	356.696	392.280	40.185	point		5344,5346	live-route-recording-20260712-170700-z102	proven
20260712-170700-z102	102	5346	5346	354.751	390.070	39.858	point		5345,5347	live-route-recording-20260712-170700-z102	proven
20260712-170700-z102	102	5347	5347	353.411	388.538	39.510	point		5346,5348	live-route-recording-20260712-170700-z102	proven
20260712-170700-z102	102	5348	5348	351.385	386.254	38.921	point		5347,5349	live-route-recording-20260712-170700-z102	proven
20260712-170700-z102	102	5349	5349	349.730	384.540	38.351	point		5348,5350	live-route-recording-20260712-170700-z102	proven
20260712-170700-z102	102	5350	5350	347.538	382.422	37.625	point		5349,5351	live-route-recording-20260712-170700-z102	proven
20260712-170700-z102	102	5351	5351	346.054	381.026	37.015	point		5350,5352	live-route-recording-20260712-170700-z102	proven
20260712-170700-z102	102	5352	5352	343.815	378.938	36.370	point		5351,5353	live-route-recording-20260712-170700-z102	proven
20260712-170700-z102	102	5353	5353	342.277	377.584	36.553	point		5352,5354	live-route-recording-20260712-170700-z102	proven
20260712-170700-z102	102	5354	5354	339.813	375.724	36.642	point		5353,5355	live-route-recording-20260712-170700-z102	proven
20260712-170700-z102	102	5355	5355	337.797	374.292	36.608	point		5354,5356	live-route-recording-20260712-170700-z102	proven
20260712-170700-z102	102	5356	5356	335.493	372.352	36.876	point		5355,5357	live-route-recording-20260712-170700-z102	proven
20260712-170700-z102	102	5357	5357	334.014	370.931	37.501	point		5356,5358	live-route-recording-20260712-170700-z102	proven
20260712-170700-z102	102	5358	5358	332.568	369.477	38.313	point		5357,5359	live-route-recording-20260712-170700-z102	proven
20260712-170700-z102	102	5359	5359	330.333	367.187	39.202	point		5358,5360	live-route-recording-20260712-170700-z102	proven
20260712-170700-z102	102	5360	5360	328.824	365.632	39.601	point		5359,5361	live-route-recording-20260712-170700-z102	proven
20260712-170700-z102	102	5361	5361	326.672	363.408	40.133	point		5360,5362	live-route-recording-20260712-170700-z102	proven
20260712-170700-z102	102	5362	5362	325.241	361.928	40.061	point		5361,5363	live-route-recording-20260712-170700-z102	proven
20260712-170700-z102	102	5363	5363	323.097	359.710	40.000	point		5362,5364	live-route-recording-20260712-170700-z102	proven
20260712-170700-z102	102	5364	5364	321.702	358.195	40.000	point		5363,5365	live-route-recording-20260712-170700-z102	proven
20260712-170700-z102	102	5365	5365	319.783	355.794	40.000	point		5364,5366	live-route-recording-20260712-170700-z102	proven
20260712-170700-z102	102	5366	5366	318.483	354.198	40.089	point		5365,5367	live-route-recording-20260712-170700-z102	proven
20260712-170700-z102	102	5367	5367	317.113	352.622	40.168	point		5366,5368	live-route-recording-20260712-170700-z102	proven
20260712-170700-z102	102	5368	5368	314.870	350.314	39.884	point		5367,5369	live-route-recording-20260712-170700-z102	proven
20260712-170700-z102	102	5369	5369	313.410	348.904	39.488	point		5368,5370	live-route-recording-20260712-170700-z102	proven
20260712-170700-z102	102	5370	5370	311.214	346.830	38.814	point		5369,5371	live-route-recording-20260712-170700-z102	proven
20260712-170700-z102	102	5371	5371	309.759	345.465	38.304	point		5370,5372	live-route-recording-20260712-170700-z102	proven
20260712-170700-z102	102	5372	5372	307.643	343.484	37.551	point		5371,5373	live-route-recording-20260712-170700-z102	proven
20260712-170700-z102	102	5373	5373	306.370	342.294	36.957	point		5372,5374	live-route-recording-20260712-170700-z102	proven
20260712-170700-z102	102	5374	5374	304.600	340.639	36.306	point		5373,5375	live-route-recording-20260712-170700-z102	proven
20260712-170700-z102	102	5375	5375	303.104	339.240	36.206	point		5374,5376	live-route-recording-20260712-170700-z102	proven
20260712-170700-z102	102	5376	5376	300.852	337.149	36.435	point		5375,5377	live-route-recording-20260712-170700-z102	proven
20260712-170700-z102	102	5377	5377	299.295	335.803	36.469	point		5376,5378	live-route-recording-20260712-170700-z102	proven
20260712-170700-z102	102	5378	5378	296.850	333.931	36.482	point		5377,5379	live-route-recording-20260712-170700-z102	proven
20260712-170700-z102	102	5379	5379	294.902	332.547	36.813	point		5378,5380	live-route-recording-20260712-170700-z102	proven
20260712-170700-z102	102	5380	5380	293.284	331.422	37.264	point		5379,5381	live-route-recording-20260712-170700-z102	proven
20260712-170700-z102	102	5381	5381	290.680	329.631	38.042	point		5380,5382	live-route-recording-20260712-170700-z102	proven
20260712-170700-z102	102	5382	5382	289.010	328.488	38.392	point		5381,5383	live-route-recording-20260712-170700-z102	proven
20260712-170700-z102	102	5383	5383	286.517	326.783	38.990	point		5382,5384	live-route-recording-20260712-170700-z102	proven
20260712-170700-z102	102	5384	5384	284.874	325.616	39.379	point		5383,5385	live-route-recording-20260712-170700-z102	proven
20260712-170700-z102	102	5385	5385	282.461	323.422	40.000	point		5384,5386	live-route-recording-20260712-170700-z102	proven
20260712-170700-z102	102	5386	5386	281.214	321.791	40.000	point		5385,5387	live-route-recording-20260712-170700-z102	proven
20260712-170700-z102	102	5387	5387	279.880	319.031	39.991	point		5386,5388	live-route-recording-20260712-170700-z102	proven
20260712-170700-z102	102	5388	5388	279.368	317.042	39.959	point		5387,5389	live-route-recording-20260712-170700-z102	proven
20260712-170700-z102	102	5389	5389	279.082	314.833	39.775	point		5388,5390	live-route-recording-20260712-170700-z102	proven
20260712-170700-z102	102	5390	5390	278.861	311.767	40.074	point		4834,5389,5391	live-route-recording-20260712-170700-z102	proven
20260712-170700-z102	102	5391	5391	278.756	309.893	40.225	point		5390,5392	live-route-recording-20260712-170700-z102	proven
20260712-170700-z102	102	5392	5392	278.500	306.456	40.461	point		5391,5393	live-route-recording-20260712-170700-z102	proven
20260712-170700-z102	102	5393	5393	278.189	304.432	40.645	point		5392,5394	live-route-recording-20260712-170700-z102	proven
20260712-170700-z102	102	5394	5394	277.549	301.401	40.783	point		5393,5395	live-route-recording-20260712-170700-z102	proven
20260712-170700-z102	102	5395	5395	277.307	299.359	40.807	point		5394,5396	live-route-recording-20260712-170700-z102	proven
20260712-170700-z102	102	5396	5396	277.430	296.262	40.729	point		5395,5397	live-route-recording-20260712-170700-z102	proven
20260712-170700-z102	102	5397	5397	277.673	294.221	40.549	point		5396,5398	live-route-recording-20260712-170700-z102	proven
20260712-170700-z102	102	5398	5398	278.174	291.834	40.321	point		5397,5399	live-route-recording-20260712-170700-z102	proven
20260712-170700-z102	102	5399	5399	279.569	289.082	40.239	point		5398,5400	live-route-recording-20260712-170700-z102	proven
20260712-170700-z102	102	5400	5400	280.545	287.276	40.163	point		5399,5401	live-route-recording-20260712-170700-z102	proven
20260712-170700-z102	102	5401	5401	282.027	284.369	40.017	point		5400,5402	live-route-recording-20260712-170700-z102	proven
20260712-170700-z102	102	5402	5402	282.945	282.531	40.000	point		5401,5403	live-route-recording-20260712-170700-z102	proven
20260712-170700-z102	102	5403	5403	284.250	279.914	40.000	point		5402,5404	live-route-recording-20260712-170700-z102	proven
20260712-170700-z102	102	5404	5404	285.301	277.806	40.064	point		5403,5405	live-route-recording-20260712-170700-z102	proven
20260712-170700-z102	102	5405	5405	286.293	275.816	40.114	point		5404,5406	live-route-recording-20260712-170700-z102	proven
20260712-170700-z102	102	5406	5406	287.669	273.055	40.067	point		5405,5407	live-route-recording-20260712-170700-z102	proven
20260712-170700-z102	102	5407	5407	288.587	271.211	40.035	point		5406,5408	live-route-recording-20260712-170700-z102	proven
20260712-170700-z102	102	5408	5408	289.971	268.434	40.122	point		5407,5409	live-route-recording-20260712-170700-z102	proven
20260712-170700-z102	102	5409	5409	291.196	265.786	40.281	point		5408,5410	live-route-recording-20260712-170700-z102	proven
20260712-170700-z102	102	5410	5410	291.867	263.461	40.440	point		5409,5411	live-route-recording-20260712-170700-z102	proven
20260712-170700-z102	102	5411	5411	292.326	260.402	40.803	point		5410,5412	live-route-recording-20260712-170700-z102	proven
20260712-170700-z102	102	5412	5412	292.555	258.370	40.618	point		5411,5413	live-route-recording-20260712-170700-z102	proven
20260712-170700-z102	102	5413	5413	292.774	255.311	40.315	point		5412,5414	live-route-recording-20260712-170700-z102	proven
20260712-170700-z102	102	5414	5414	292.459	253.417	40.193	point		5413,5415	live-route-recording-20260712-170700-z102	proven
20260712-170700-z102	102	5415	5415	291.211	250.977	40.162	point		5414,5416	live-route-recording-20260712-170700-z102	proven
20260712-170700-z102	102	5416	5416	289.877	249.069	40.282	point		5415,5417	live-route-recording-20260712-170700-z102	proven
20260712-170700-z102	102	5417	5417	288.418	247.723	40.357	point		5416,5418	live-route-recording-20260712-170700-z102	proven
20260712-170700-z102	102	5418	5418	286.092	246.325	40.295	point		5417,5419	live-route-recording-20260712-170700-z102	proven
20260712-170700-z102	102	5419	5419	284.757	246.329	40.346	point		5418,5420	live-route-recording-20260712-170700-z102	proven
20260712-170700-z102	102	5420	5420	283.921	247.159	40.400	point		5419,5421	live-route-recording-20260712-170700-z102	proven
20260712-170700-z102	102	5421	5421	283.964	247.671	40.428	mark	cliff path 4 1st path bottom	5420,5422	live-route-recording-20260712-170700-z102	proven
20260712-170700-z102	102	5422	5422	283.856	249.400	40.209	point		5421,5423	live-route-recording-20260712-170700-z102	proven
20260712-170700-z102	102	5423	5423	283.591	251.229	39.904	point		5422,5424	live-route-recording-20260712-170700-z102	proven
20260712-170700-z102	102	5424	5424	283.321	254.136	39.274	point		5423,5425	live-route-recording-20260712-170700-z102	proven
20260712-170700-z102	102	5425	5425	283.280	256.042	38.864	point		5424,5426	live-route-recording-20260712-170700-z102	proven
20260712-170700-z102	102	5426	5426	283.264	259.162	38.416	point		5425,5427	live-route-recording-20260712-170700-z102	proven
20260712-170700-z102	102	5427	5427	283.203	261.233	38.354	point		5426,5428	live-route-recording-20260712-170700-z102	proven
20260712-170700-z102	102	5428	5428	282.442	263.404	38.335	point		5427,5429,5851	live-route-recording-20260712-170700-z102	proven
20260712-170700-z102	102	5429	5429	281.310	264.087	38.259	point		5428,5430	live-route-recording-20260712-170700-z102	proven
20260712-170700-z102	102	5430	5430	279.429	263.654	37.981	point		5429,5431	live-route-recording-20260712-170700-z102	proven
20260712-170700-z102	102	5431	5431	278.561	262.183	37.710	point		5430,5432	live-route-recording-20260712-170700-z102	proven
20260712-170700-z102	102	5432	5432	277.689	259.450	37.289	point		5431,5433	live-route-recording-20260712-170700-z102	proven
20260712-170700-z102	102	5433	5433	277.045	257.627	36.966	point		5432,5434	live-route-recording-20260712-170700-z102	proven
20260712-170700-z102	102	5434	5434	276.009	254.765	36.282	point		5433,5435	live-route-recording-20260712-170700-z102	proven
20260712-170700-z102	102	5435	5435	275.312	252.845	35.815	point		5434,5436	live-route-recording-20260712-170700-z102	proven
20260712-170700-z102	102	5436	5436	274.538	250.717	35.770	point		5435,5437	live-route-recording-20260712-170700-z102	proven
20260712-170700-z102	102	5437	5437	272.975	250.834	35.523	point		5436,5438	live-route-recording-20260712-170700-z102	proven
20260712-170700-z102	102	5438	5438	271.636	251.392	35.266	point		5437,5439	live-route-recording-20260712-170700-z102	proven
20260712-170700-z102	102	5439	5439	270.456	251.431	35.067	point		5438,5440	live-route-recording-20260712-170700-z102	proven
20260712-170700-z102	102	5440	5440	268.890	250.595	34.615	point		5439,5441	live-route-recording-20260712-170700-z102	proven
20260712-170700-z102	102	5441	5441	267.581	249.269	34.352	point		5440,5442	live-route-recording-20260712-170700-z102	proven
20260712-170700-z102	102	5442	5442	266.607	246.470	33.728	point		5441,5443	live-route-recording-20260712-170700-z102	proven
20260712-170700-z102	102	5443	5443	266.263	244.671	33.285	point		5442,5444	live-route-recording-20260712-170700-z102	proven
20260712-170700-z102	102	5444	5444	265.971	242.776	33.043	point		5443,5445	live-route-recording-20260712-170700-z102	proven
20260712-170700-z102	102	5445	5445	265.835	239.806	33.046	point		5444,5446	live-route-recording-20260712-170700-z102	proven
20260712-170700-z102	102	5446	5446	265.866	237.549	32.910	point		5445,5447	live-route-recording-20260712-170700-z102	proven
20260712-170700-z102	102	5447	5447	265.955	234.728	32.562	point		5446,5448	live-route-recording-20260712-170700-z102	proven
20260712-170700-z102	102	5448	5448	266.027	232.698	32.150	point		5447,5449	live-route-recording-20260712-170700-z102	proven
20260712-170700-z102	102	5449	5449	266.125	229.962	31.747	point		5448,5450	live-route-recording-20260712-170700-z102	proven
20260712-170700-z102	102	5450	5450	265.432	229.039	31.565	point		5449,5451	live-route-recording-20260712-170700-z102	proven
20260712-170700-z102	102	5451	5451	264.489	228.480	31.354	point		5450,5452	live-route-recording-20260712-170700-z102	proven
20260712-170700-z102	102	5452	5452	261.788	227.207	29.956	point		5451,5453	live-route-recording-20260712-170700-z102	proven
20260712-170700-z102	102	5453	5453	259.921	226.507	29.257	point		5452,5454	live-route-recording-20260712-170700-z102	proven
20260712-170700-z102	102	5454	5454	257.107	225.498	28.398	point		5453,5455	live-route-recording-20260712-170700-z102	proven
20260712-170700-z102	102	5455	5455	255.243	224.838	27.774	point		5454,5456	live-route-recording-20260712-170700-z102	proven
20260712-170700-z102	102	5456	5456	252.406	223.832	26.808	point		5455,5457	live-route-recording-20260712-170700-z102	proven
20260712-170700-z102	102	5457	5457	250.523	223.083	26.355	point		5456,5458	live-route-recording-20260712-170700-z102	proven
20260712-170700-z102	102	5458	5458	248.821	221.743	25.929	point		5457,5459	live-route-recording-20260712-170700-z102	proven
20260712-170700-z102	102	5459	5459	247.441	219.222	25.578	point		5458,5460	live-route-recording-20260712-170700-z102	proven
20260712-170700-z102	102	5460	5460	246.924	217.083	25.252	point		5459,5461	live-route-recording-20260712-170700-z102	proven
20260712-170700-z102	102	5461	5461	246.852	214.262	24.880	point		5460,5462	live-route-recording-20260712-170700-z102	proven
20260712-170700-z102	102	5462	5462	246.949	212.475	24.548	point		5461,5463	live-route-recording-20260712-170700-z102	proven
20260712-170700-z102	102	5463	5463	247.296	210.005	24.278	point		5462,5464	live-route-recording-20260712-170700-z102	proven
20260712-170700-z102	102	5464	5464	247.638	207.750	23.992	point		5463,5465	live-route-recording-20260712-170700-z102	proven
20260712-170700-z102	102	5465	5465	247.996	204.948	24.144	point		5464,5466	live-route-recording-20260712-170700-z102	proven
20260712-170700-z102	102	5466	5466	248.030	204.696	24.161	mark	cliff path 4 1st path top	5465,5467	live-route-recording-20260712-170700-z102	proven
20260712-170700-z102	102	5467	5467	246.717	203.493	24.135	point		5466,5468	live-route-recording-20260712-170700-z102	proven
20260712-170700-z102	102	5468	5468	244.124	202.640	24.000	point		5467,5469	live-route-recording-20260712-170700-z102	proven
20260712-170700-z102	102	5469	5469	241.423	201.873	24.000	point		5468,5470	live-route-recording-20260712-170700-z102	proven
20260712-170700-z102	102	5470	5470	239.503	201.120	24.000	point		5469,5471	live-route-recording-20260712-170700-z102	proven
20260712-170700-z102	102	5471	5471	236.880	199.485	24.000	point		5470,5472	live-route-recording-20260712-170700-z102	proven
20260712-170700-z102	102	5472	5472	235.430	198.175	23.724	point		5471,5473	live-route-recording-20260712-170700-z102	proven
20260712-170700-z102	102	5473	5473	234.214	196.699	23.273	point		5472,5474	live-route-recording-20260712-170700-z102	proven
20260712-170700-z102	102	5474	5474	232.297	194.134	22.470	point		5473,5475	live-route-recording-20260712-170700-z102	proven
20260712-170700-z102	102	5475	5475	231.629	193.120	22.100	point		5474,5476	live-route-recording-20260712-170700-z102	proven
20260712-170700-z102	102	5476	5476	231.194	191.998	21.849	point		5475,5477	live-route-recording-20260712-170700-z102	proven
20260712-170700-z102	102	5477	5477	230.930	190.879	21.633	point		5476,5478	live-route-recording-20260712-170700-z102	proven
20260712-170700-z102	102	5478	5478	232.586	191.080	22.358	point		5477,5479	live-route-recording-20260712-170700-z102	proven
20260712-170700-z102	102	5479	5479	235.684	191.529	23.258	point		5478,5480	live-route-recording-20260712-170700-z102	proven
20260712-170700-z102	102	5480	5480	237.724	191.740	23.345	point		5479,5481	live-route-recording-20260712-170700-z102	proven
20260712-170700-z102	102	5481	5481	240.822	192.057	23.513	point		5480,5482	live-route-recording-20260712-170700-z102	proven
20260712-170700-z102	102	5482	5482	242.859	192.265	23.692	point		5481,5483	live-route-recording-20260712-170700-z102	proven
20260712-170700-z102	102	5483	5483	245.933	192.580	23.647	point		5482,5484	live-route-recording-20260712-170700-z102	proven
20260712-170700-z102	102	5484	5484	248.782	192.808	23.632	point		5483,5485	live-route-recording-20260712-170700-z102	proven
20260712-170700-z102	102	5485	5485	250.670	192.700	24.038	point		5484,5486	live-route-recording-20260712-170700-z102	proven
20260712-170700-z102	102	5486	5486	253.722	192.346	24.194	point		5485,5487	live-route-recording-20260712-170700-z102	proven
20260712-170700-z102	102	5487	5487	255.781	192.203	24.230	point		5486,5488	live-route-recording-20260712-170700-z102	proven
20260712-170700-z102	102	5488	5488	258.854	192.143	24.146	point		5487,5489	live-route-recording-20260712-170700-z102	proven
20260712-170700-z102	102	5489	5489	260.908	192.138	24.155	point		5488,5490	live-route-recording-20260712-170700-z102	proven
20260712-170700-z102	102	5490	5490	263.991	192.270	24.230	point		5489,5491	live-route-recording-20260712-170700-z102	proven
20260712-170700-z102	102	5491	5491	266.291	192.634	23.946	point		5490,5492	live-route-recording-20260712-170700-z102	proven
20260712-170700-z102	102	5492	5492	269.304	193.239	23.790	point		5491,5493	live-route-recording-20260712-170700-z102	proven
20260712-170700-z102	102	5493	5493	271.308	193.637	24.008	point		5492,5494	live-route-recording-20260712-170700-z102	proven
20260712-170700-z102	102	5494	5494	273.642	193.973	24.401	point		5493,5495	live-route-recording-20260712-170700-z102	proven
20260712-170700-z102	102	5495	5495	276.717	194.063	24.236	point		5494,5496	live-route-recording-20260712-170700-z102	proven
20260712-170700-z102	102	5496	5496	279.454	194.074	24.134	point		5495,5497	live-route-recording-20260712-170700-z102	proven
20260712-170700-z102	102	5497	5497	281.905	194.073	24.194	point		5496,5498	live-route-recording-20260712-170700-z102	proven
20260712-170700-z102	102	5498	5498	283.016	194.071	24.331	point		5497,5499	live-route-recording-20260712-170700-z102	proven
20260712-170700-z102	102	5499	5499	283.125	191.650	24.580	point		5498,5500	live-route-recording-20260712-170700-z102	proven
20260712-170700-z102	102	5500	5500	282.418	188.665	24.453	point		5499,5501	live-route-recording-20260712-170700-z102	proven
20260712-170700-z102	102	5501	5501	281.933	186.662	24.530	point		5500,5502	live-route-recording-20260712-170700-z102	proven
20260712-170700-z102	102	5502	5502	281.437	184.620	24.734	point		5501,5503	live-route-recording-20260712-170700-z102	proven
20260712-170700-z102	102	5503	5503	280.522	181.502	24.924	point		5502,5504	live-route-recording-20260712-170700-z102	proven
20260712-170700-z102	102	5504	5504	279.845	179.693	24.934	point		5503,5505	live-route-recording-20260712-170700-z102	proven
20260712-170700-z102	102	5505	5505	278.733	176.947	24.577	point		5504,5506	live-route-recording-20260712-170700-z102	proven
20260712-170700-z102	102	5506	5506	277.561	174.094	24.527	point		5505,5507	live-route-recording-20260712-170700-z102	proven
20260712-170700-z102	102	5507	5507	276.783	172.204	24.480	point		5506,5508	live-route-recording-20260712-170700-z102	proven
20260712-170700-z102	102	5508	5508	276.173	170.723	24.495	point		5507,5509	live-route-recording-20260712-170700-z102	proven
20260712-170700-z102	102	5509	5509	275.879	168.387	24.467	point		5508,5510	live-route-recording-20260712-170700-z102	proven
20260712-170700-z102	102	5510	5510	275.959	166.812	24.341	point		5509,5511	live-route-recording-20260712-170700-z102	proven
20260712-170700-z102	102	5511	5511	276.525	164.161	24.000	point		5510,5512	live-route-recording-20260712-170700-z102	proven
20260712-170700-z102	102	5512	5512	277.083	162.319	24.000	point		5511,5513	live-route-recording-20260712-170700-z102	proven
20260712-170700-z102	102	5513	5513	278.165	159.431	24.000	point		5512,5514	live-route-recording-20260712-170700-z102	proven
20260712-170700-z102	102	5514	5514	279.069	157.457	24.000	point		5513,5515	live-route-recording-20260712-170700-z102	proven
20260712-170700-z102	102	5515	5515	280.358	154.780	24.081	point		5514,5516	live-route-recording-20260712-170700-z102	proven
20260712-170700-z102	102	5516	5516	281.253	152.937	24.229	point		5515,5517	live-route-recording-20260712-170700-z102	proven
20260712-170700-z102	102	5517	5517	282.661	150.174	24.455	point		5516,5518	live-route-recording-20260712-170700-z102	proven
20260712-170700-z102	102	5518	5518	284.067	148.280	24.619	point		5517,5519	live-route-recording-20260712-170700-z102	proven
20260712-170700-z102	102	5519	5519	285.743	146.585	25.269	point		5518,5520	live-route-recording-20260712-170700-z102	proven
20260712-170700-z102	102	5520	5520	287.410	144.983	25.927	point		5519,5521	live-route-recording-20260712-170700-z102	proven
20260712-170700-z102	102	5521	5521	289.561	142.933	26.697	point		5520,5522	live-route-recording-20260712-170700-z102	proven
20260712-170700-z102	102	5522	5522	290.977	141.536	27.140	point		5521,5523	live-route-recording-20260712-170700-z102	proven
20260712-170700-z102	102	5523	5523	291.607	139.641	27.281	point		5522,5524	live-route-recording-20260712-170700-z102	proven
20260712-170700-z102	102	5524	5524	291.352	138.644	26.996	point		5523,5525	live-route-recording-20260712-170700-z102	proven
20260712-170700-z102	102	5525	5525	290.391	136.846	26.370	point		5524,5526	live-route-recording-20260712-170700-z102	proven
20260712-170700-z102	102	5526	5526	289.487	135.306	25.921	point		5525,5527	live-route-recording-20260712-170700-z102	proven
20260712-170700-z102	102	5527	5527	287.920	132.651	25.282	point		5526,5528	live-route-recording-20260712-170700-z102	proven
20260712-170700-z102	102	5528	5528	286.797	130.739	24.983	point		5527,5529	live-route-recording-20260712-170700-z102	proven
20260712-170700-z102	102	5529	5529	285.570	128.258	24.815	point		5528,5530	live-route-recording-20260712-170700-z102	proven
20260712-170700-z102	102	5530	5530	284.940	126.442	24.485	point		5529,5531	live-route-recording-20260712-170700-z102	proven
20260712-170700-z102	102	5531	5531	284.533	123.393	24.154	point		5530,5532	live-route-recording-20260712-170700-z102	proven
20260712-170700-z102	102	5532	5532	284.601	121.463	24.183	point		5531,5533	live-route-recording-20260712-170700-z102	proven
20260712-170700-z102	102	5533	5533	285.199	119.496	24.430	point		5532,5534	live-route-recording-20260712-170700-z102	proven
20260712-170700-z102	102	5534	5534	286.957	118.475	25.183	point		5533,5535	live-route-recording-20260712-170700-z102	proven
20260712-170700-z102	102	5535	5535	288.749	118.551	25.945	point		5534,5536	live-route-recording-20260712-170700-z102	proven
20260712-170700-z102	102	5536	5536	290.560	118.894	26.714	point		5535,5537	live-route-recording-20260712-170700-z102	proven
20260712-170700-z102	102	5537	5537	293.622	119.583	27.652	point		5536,5538	live-route-recording-20260712-170700-z102	proven
20260712-170700-z102	102	5538	5538	295.508	120.024	27.959	point		5537,5539	live-route-recording-20260712-170700-z102	proven
20260712-170700-z102	102	5539	5539	297.965	120.463	29.983	point		5538,5540	live-route-recording-20260712-170700-z102	proven
20260712-170700-z102	102	5540	5540	300.597	120.774	31.027	point		5539,5541	live-route-recording-20260712-170700-z102	proven
20260712-170700-z102	102	5541	5541	302.732	120.967	31.125	point		5540,5542	live-route-recording-20260712-170700-z102	proven
20260712-170700-z102	102	5542	5542	305.443	121.186	33.003	point		5541,5543	live-route-recording-20260712-170700-z102	proven
20260712-170700-z102	102	5543	5543	307.364	121.336	33.086	point		5542,5544	live-route-recording-20260712-170700-z102	proven
20260712-170700-z102	102	5544	5544	310.355	121.565	34.337	point		5543,5545	live-route-recording-20260712-170700-z102	proven
20260712-170700-z102	102	5545	5545	311.853	121.677	34.624	point		5544,5546	live-route-recording-20260712-170700-z102	proven
20260712-170700-z102	102	5546	5546	313.701	121.814	35.128	point		5545,5547	live-route-recording-20260712-170700-z102	proven
20260712-170700-z102	102	5547	5547	315.967	121.972	39.673	point		5546,5548	live-route-recording-20260712-170700-z102	proven
20260712-170700-z102	102	5548	5548	319.045	122.209	39.939	point		5547,5549	live-route-recording-20260712-170700-z102	proven
20260712-170700-z102	102	5549	5549	321.114	122.367	40.000	point		5548,5550	live-route-recording-20260712-170700-z102	proven
20260712-170700-z102	102	5550	5550	324.173	122.597	40.000	point		5549,5551	live-route-recording-20260712-170700-z102	proven
20260712-170700-z102	102	5551	5551	326.236	122.732	40.111	point		5550,5552	live-route-recording-20260712-170700-z102	proven
20260712-170700-z102	102	5552	5552	329.317	122.895	40.265	point		5551,5553	live-route-recording-20260712-170700-z102	proven
20260712-170700-z102	102	5553	5553	331.981	123.135	40.394	point		5552,5554	live-route-recording-20260712-170700-z102	proven
20260712-170700-z102	102	5554	5554	333.988	123.506	40.595	point		5553,5555	live-route-recording-20260712-170700-z102	proven
20260712-170700-z102	102	5555	5555	336.923	124.399	40.877	point		5554,5556	live-route-recording-20260712-170700-z102	proven
20260712-170700-z102	102	5556	5556	338.846	125.162	41.040	point		5555,5557	live-route-recording-20260712-170700-z102	proven
20260712-170700-z102	102	5557	5557	341.643	126.442	41.076	point		5556,5558	live-route-recording-20260712-170700-z102	proven
20260712-170700-z102	102	5558	5558	344.230	127.733	40.535	point		5557,5559	live-route-recording-20260712-170700-z102	proven
20260712-170700-z102	102	5559	5559	346.343	128.886	40.303	point		5558,5560	live-route-recording-20260712-170700-z102	proven
20260712-170700-z102	102	5560	5560	348.955	130.540	40.000	point		5559,5561	live-route-recording-20260712-170700-z102	proven
20260712-170700-z102	102	5561	5561	350.659	131.708	40.000	point		5560,5562	live-route-recording-20260712-170700-z102	proven
20260712-170700-z102	102	5562	5562	353.148	133.476	40.254	point		5561,5563	live-route-recording-20260712-170700-z102	proven
20260712-170700-z102	102	5563	5563	354.789	134.668	40.537	point		5562,5564	live-route-recording-20260712-170700-z102	proven
20260712-170700-z102	102	5564	5564	357.285	136.500	40.824	point		5563,5565	live-route-recording-20260712-170700-z102	proven
20260712-170700-z102	102	5565	5565	359.256	137.953	40.897	point		5564,5566	live-route-recording-20260712-170700-z102	proven
20260712-170700-z102	102	5566	5566	361.731	139.786	40.988	point		5565,5567	live-route-recording-20260712-170700-z102	proven
20260712-170700-z102	102	5567	5567	363.387	141.013	40.948	point		5566,5568	live-route-recording-20260712-170700-z102	proven
20260712-170700-z102	102	5568	5568	365.857	142.845	40.715	point		5567,5569	live-route-recording-20260712-170700-z102	proven
20260712-170700-z102	102	5569	5569	367.528	144.057	40.529	point		5568,5570	live-route-recording-20260712-170700-z102	proven
20260712-170700-z102	102	5570	5570	370.090	145.766	40.500	point		5569,5571	live-route-recording-20260712-170700-z102	proven
20260712-170700-z102	102	5571	5571	372.130	147.141	40.500	point		5570,5572	live-route-recording-20260712-170700-z102	proven
20260712-170700-z102	102	5572	5572	374.607	148.979	40.500	point		5571,5573	live-route-recording-20260712-170700-z102	proven
20260712-170700-z102	102	5573	5573	376.284	150.167	40.470	point		5572,5574	live-route-recording-20260712-170700-z102	proven
20260712-170700-z102	102	5574	5574	378.858	151.861	40.476	point		5573,5575,5766	live-route-recording-20260712-170700-z102	proven
20260712-170700-z102	102	5575	5575	380.608	152.954	40.570	point		5574,5576	live-route-recording-20260712-170700-z102	proven
20260712-170700-z102	102	5576	5576	383.258	154.571	40.689	point		5575,5577	live-route-recording-20260712-170700-z102	proven
20260712-170700-z102	102	5577	5577	385.520	155.933	40.632	point		5576,5578	live-route-recording-20260712-170700-z102	proven
20260712-170700-z102	102	5578	5578	387.266	156.980	40.469	point		5577,5579	live-route-recording-20260712-170700-z102	proven
20260712-170700-z102	102	5579	5579	389.923	158.561	40.303	point		5578,5580	live-route-recording-20260712-170700-z102	proven
20260712-170700-z102	102	5580	5580	391.711	159.562	40.184	point		5579,5581	live-route-recording-20260712-170700-z102	proven
20260712-170700-z102	102	5581	5581	394.555	160.802	40.265	point		5580,5582	live-route-recording-20260712-170700-z102	proven
20260712-170700-z102	102	5582	5582	397.309	161.767	40.109	point		5581,5583	live-route-recording-20260712-170700-z102	proven
20260712-170700-z102	102	5583	5583	399.643	162.510	40.155	point		5582,5584	live-route-recording-20260712-170700-z102	proven
20260712-170700-z102	102	5584	5584	402.601	163.403	40.211	point		5583,5585	live-route-recording-20260712-170700-z102	proven
20260712-170700-z102	102	5585	5585	404.572	163.986	40.206	point		5584,5586	live-route-recording-20260712-170700-z102	proven
20260712-170700-z102	102	5586	5586	407.498	164.844	40.409	point		5585,5587	live-route-recording-20260712-170700-z102	proven
20260712-170700-z102	102	5587	5587	409.451	165.415	40.570	point		5586,5588	live-route-recording-20260712-170700-z102	proven
20260712-170700-z102	102	5588	5588	412.383	166.269	41.015	point		5587,5589	live-route-recording-20260712-170700-z102	proven
20260712-170700-z102	102	5589	5589	414.717	166.949	41.344	point		5588,5590	live-route-recording-20260712-170700-z102	proven
20260712-170700-z102	102	5590	5590	417.674	167.810	41.681	point		5589,5591	live-route-recording-20260712-170700-z102	proven
20260712-170700-z102	102	5591	5591	419.646	168.384	41.827	point		5590,5592	live-route-recording-20260712-170700-z102	proven
20260712-170700-z102	102	5592	5592	422.601	169.286	41.645	point		5591,5593	live-route-recording-20260712-170700-z102	proven
20260712-170700-z102	102	5593	5593	424.516	170.039	41.547	point		5592,5594	live-route-recording-20260712-170700-z102	proven
20260712-170700-z102	102	5594	5594	427.281	171.423	41.460	point		5593,5595	live-route-recording-20260712-170700-z102	proven
20260712-170700-z102	102	5595	5595	429.435	172.619	41.314	point		5594,5596	live-route-recording-20260712-170700-z102	proven
20260712-170700-z102	102	5596	5596	431.361	173.736	41.073	point		5595,5597	live-route-recording-20260712-170700-z102	proven
20260712-170700-z102	102	5597	5597	434.020	175.306	40.898	point		5596,5598	live-route-recording-20260712-170700-z102	proven
20260712-170700-z102	102	5598	5598	435.779	176.377	40.818	point		5597,5599	live-route-recording-20260712-170700-z102	proven
20260712-170700-z102	102	5599	5599	438.301	178.141	40.906	point		5598,5600	live-route-recording-20260712-170700-z102	proven
20260712-170700-z102	102	5600	5600	440.613	179.940	40.996	point		5599,5601	live-route-recording-20260712-170700-z102	proven
20260712-170700-z102	102	5601	5601	442.519	181.476	40.925	point		5600,5602	live-route-recording-20260712-170700-z102	proven
20260712-170700-z102	102	5602	5602	444.888	183.417	40.759	point		5601,5603	live-route-recording-20260712-170700-z102	proven
20260712-170700-z102	102	5603	5603	446.491	184.737	40.611	point		5602,5604	live-route-recording-20260712-170700-z102	proven
20260712-170700-z102	102	5604	5604	448.879	186.707	40.500	point		5603,5605	live-route-recording-20260712-170700-z102	proven
20260712-170700-z102	102	5605	5605	450.459	188.012	40.500	point		5604,5606	live-route-recording-20260712-170700-z102	proven
20260712-170700-z102	102	5606	5606	452.846	189.983	40.500	point		5605,5607	live-route-recording-20260712-170700-z102	proven
20260712-170700-z102	102	5607	5607	454.735	191.543	40.500	point		5606,5608	live-route-recording-20260712-170700-z102	proven
20260712-170700-z102	102	5608	5608	456.449	192.958	40.591	point		5607,5609	live-route-recording-20260712-170700-z102	proven
20260712-170700-z102	102	5609	5609	458.998	194.968	40.864	point		5608,5610	live-route-recording-20260712-170700-z102	proven
20260712-170700-z102	102	5610	5610	460.678	196.141	40.965	point		5609,5611	live-route-recording-20260712-170700-z102	proven
20260712-170700-z102	102	5611	5611	463.416	197.893	40.828	point		5610,5612	live-route-recording-20260712-170700-z102	proven
20260712-170700-z102	102	5612	5612	465.170	198.969	40.679	point		5611,5613	live-route-recording-20260712-170700-z102	proven
20260712-170700-z102	102	5613	5613	467.841	200.584	40.438	point		5612,5614	live-route-recording-20260712-170700-z102	proven
20260712-170700-z102	102	5614	5614	469.602	201.642	40.409	point		5613,5615	live-route-recording-20260712-170700-z102	proven
20260712-170700-z102	102	5615	5615	472.288	203.190	40.361	point		5614,5616,5722	live-route-recording-20260712-170700-z102	proven
20260712-170700-z102	102	5616	5616	474.125	204.080	40.332	point		5615,5617	live-route-recording-20260712-170700-z102	proven
20260712-170700-z102	102	5617	5617	476.988	205.102	40.577	point		5616,5618	live-route-recording-20260712-170700-z102	proven
20260712-170700-z102	102	5618	5618	479.837	205.763	40.716	point		5617,5619	live-route-recording-20260712-170700-z102	proven
20260712-170700-z102	102	5619	5619	482.223	206.291	40.864	point		5618,5620	live-route-recording-20260712-170700-z102	proven
20260712-170700-z102	102	5620	5620	485.168	207.063	41.017	point		5619,5621	live-route-recording-20260712-170700-z102	proven
20260712-170700-z102	102	5621	5621	487.442	207.697	41.669	point		5620,5622	live-route-recording-20260712-170700-z102	proven
20260712-170700-z102	102	5622	5622	489.421	208.262	41.850	point		5621,5623	live-route-recording-20260712-170700-z102	proven
20260712-170700-z102	102	5623	5623	492.387	209.121	41.785	point		5622,5624	live-route-recording-20260712-170700-z102	proven
20260712-170700-z102	102	5624	5624	494.754	209.811	41.996	point		5623,5625	live-route-recording-20260712-170700-z102	proven
20260712-170700-z102	102	5625	5625	497.659	210.760	42.454	point		5624,5626	live-route-recording-20260712-170700-z102	proven
20260712-170700-z102	102	5626	5626	499.417	211.732	42.855	point		5625,5627	live-route-recording-20260712-170700-z102	proven
20260712-170700-z102	102	5627	5627	501.673	213.695	43.357	point		5626,5628	live-route-recording-20260712-170700-z102	proven
20260712-170700-z102	102	5628	5628	503.504	215.047	43.624	point		5627,5629	live-route-recording-20260712-170700-z102	proven
20260712-170700-z102	102	5629	5629	504.698	216.476	44.303	point		5628,5630	live-route-recording-20260712-170700-z102	proven
20260712-170700-z102	102	5630	5630	506.880	216.981	43.172	point		5629,5631	live-route-recording-20260712-170700-z102	proven
20260712-170700-z102	102	5631	5631	508.709	217.657	42.340	point		5630,5632	live-route-recording-20260712-170700-z102	proven
20260712-170700-z102	102	5632	5632	511.545	219.125	41.305	point		5631,5633	live-route-recording-20260712-170700-z102	proven
20260712-170700-z102	102	5633	5633	513.195	220.104	41.167	point		5632,5634	live-route-recording-20260712-170700-z102	proven
20260712-170700-z102	102	5634	5634	515.652	221.952	40.921	point		5633,5635	live-route-recording-20260712-170700-z102	proven
20260712-170700-z102	102	5635	5635	517.782	223.951	40.801	point		5634,5636	live-route-recording-20260712-170700-z102	proven
20260712-170700-z102	102	5636	5636	519.488	225.652	40.631	point		5635,5637	live-route-recording-20260712-170700-z102	proven
20260712-170700-z102	102	5637	5637	521.657	227.853	40.406	point		5636,5638	live-route-recording-20260712-170700-z102	proven
20260712-170700-z102	102	5638	5638	523.096	229.319	40.333	point		5637,5639	live-route-recording-20260712-170700-z102	proven
20260712-170700-z102	102	5639	5639	525.249	231.514	40.315	point		5638,5640	live-route-recording-20260712-170700-z102	proven
20260712-170700-z102	102	5640	5640	526.705	232.964	40.326	point		5639,5641	live-route-recording-20260712-170700-z102	proven
20260712-170700-z102	102	5641	5641	528.994	235.010	40.321	point		5640,5642	live-route-recording-20260712-170700-z102	proven
20260712-170700-z102	102	5642	5642	530.550	236.159	40.312	point		5641,5643	live-route-recording-20260712-170700-z102	proven
20260712-170700-z102	102	5643	5643	532.931	237.492	40.489	point		5642,5644	live-route-recording-20260712-170700-z102	proven
20260712-170700-z102	102	5644	5644	534.781	238.389	40.674	point		5643,5645	live-route-recording-20260712-170700-z102	proven
20260712-170700-z102	102	5645	5645	536.641	239.264	40.831	point		5644,5646	live-route-recording-20260712-170700-z102	proven
20260712-170700-z102	102	5646	5646	539.903	240.156	40.994	point		5645,5647	live-route-recording-20260712-170700-z102	proven
20260712-170700-z102	102	5647	5647	542.644	240.275	40.867	point		5646,5648	live-route-recording-20260712-170700-z102	proven
20260712-170700-z102	102	5648	5648	545.141	240.236	40.682	point		5647,5649	live-route-recording-20260712-170700-z102	proven
20260712-170700-z102	102	5649	5649	548.242	240.240	40.387	point		5648,5650	live-route-recording-20260712-170700-z102	proven
20260712-170700-z102	102	5650	5650	550.045	240.382	40.394	point		5649,5651	live-route-recording-20260712-170700-z102	proven
20260712-170700-z102	102	5651	5651	553.064	241.027	40.405	point		5650,5652	live-route-recording-20260712-170700-z102	proven
20260712-170700-z102	102	5652	5652	555.002	241.597	40.318	point		5651,5653	live-route-recording-20260712-170700-z102	proven
20260712-170700-z102	102	5653	5653	557.697	242.476	40.153	point		5652,5654	live-route-recording-20260712-170700-z102	proven
20260712-170700-z102	102	5654	5654	559.999	243.254	40.202	point		5653,5655	live-route-recording-20260712-170700-z102	proven
20260712-170700-z102	102	5655	5655	562.918	244.241	40.263	point		5654,5656	live-route-recording-20260712-170700-z102	proven
20260712-170700-z102	102	5656	5656	564.853	244.895	40.460	point		5655,5657	live-route-recording-20260712-170700-z102	proven
20260712-170700-z102	102	5657	5657	567.734	245.849	40.884	point		5656,5658	live-route-recording-20260712-170700-z102	proven
20260712-170700-z102	102	5658	5658	569.707	246.402	40.980	point		5657,5659	live-route-recording-20260712-170700-z102	proven
20260712-170700-z102	102	5659	5659	572.717	246.935	41.219	point		5658,5660	live-route-recording-20260712-170700-z102	proven
20260712-170700-z102	102	5660	5660	575.151	247.205	41.445	point		5659,5661	live-route-recording-20260712-170700-z102	proven
20260712-170700-z102	102	5661	5661	576.224	247.297	41.558	point		5660,5662	live-route-recording-20260712-170700-z102	proven
20260712-170700-z102	102	5662	5662	575.831	245.478	41.105	point		5661,5663	live-route-recording-20260712-170700-z102	proven
20260712-170700-z102	102	5663	5663	574.127	243.766	40.595	point		5662,5664	live-route-recording-20260712-170700-z102	proven
20260712-170700-z102	102	5664	5664	572.331	243.090	40.429	point		5663,5665	live-route-recording-20260712-170700-z102	proven
20260712-170700-z102	102	5665	5665	569.666	242.437	40.282	point		5664,5666	live-route-recording-20260712-170700-z102	proven
20260712-170700-z102	102	5666	5666	567.535	241.826	40.176	point		5665,5667	live-route-recording-20260712-170700-z102	proven
20260712-170700-z102	102	5667	5667	564.713	240.905	40.035	point		5666,5668	live-route-recording-20260712-170700-z102	proven
20260712-170700-z102	102	5668	5668	562.960	240.468	40.028	point		5667,5669	live-route-recording-20260712-170700-z102	proven
20260712-170700-z102	102	5669	5669	560.180	239.855	39.989	point		5668,5670	live-route-recording-20260712-170700-z102	proven
20260712-170700-z102	102	5670	5670	557.496	239.282	39.953	point		5669,5671	live-route-recording-20260712-170700-z102	proven
20260712-170700-z102	102	5671	5671	555.173	238.787	39.963	point		5670,5672	live-route-recording-20260712-170700-z102	proven
20260712-170700-z102	102	5672	5672	552.992	238.287	40.041	point		5671,5673	live-route-recording-20260712-170700-z102	proven
20260712-170700-z102	102	5673	5673	550.159	237.383	40.237	point		5672,5674	live-route-recording-20260712-170700-z102	proven
20260712-170700-z102	102	5674	5674	548.228	236.670	40.373	point		5673,5675	live-route-recording-20260712-170700-z102	proven
20260712-170700-z102	102	5675	5675	545.323	235.574	40.607	point		5674,5676	live-route-recording-20260712-170700-z102	proven
20260712-170700-z102	102	5676	5676	542.592	234.535	40.680	point		5675,5677	live-route-recording-20260712-170700-z102	proven
20260712-170700-z102	102	5677	5677	540.312	233.667	40.685	point		5676,5678	live-route-recording-20260712-170700-z102	proven
20260712-170700-z102	102	5678	5678	537.421	232.567	40.564	point		5677,5679	live-route-recording-20260712-170700-z102	proven
20260712-170700-z102	102	5679	5679	535.493	231.832	40.485	point		5678,5680	live-route-recording-20260712-170700-z102	proven
20260712-170700-z102	102	5680	5680	532.643	230.616	40.500	point		5679,5681	live-route-recording-20260712-170700-z102	proven
20260712-170700-z102	102	5681	5681	530.797	229.689	40.500	point		5680,5682	live-route-recording-20260712-170700-z102	proven
20260712-170700-z102	102	5682	5682	528.098	228.228	40.500	point		5681,5683	live-route-recording-20260712-170700-z102	proven
20260712-170700-z102	102	5683	5683	526.112	227.061	40.542	point		5682,5684	live-route-recording-20260712-170700-z102	proven
20260712-170700-z102	102	5684	5684	523.622	225.251	40.671	point		5683,5685	live-route-recording-20260712-170700-z102	proven
20260712-170700-z102	102	5685	5685	521.984	223.983	40.798	point		5684,5686	live-route-recording-20260712-170700-z102	proven
20260712-170700-z102	102	5686	5686	519.458	222.223	40.888	point		5685,5687	live-route-recording-20260712-170700-z102	proven
20260712-170700-z102	102	5687	5687	517.744	221.091	40.944	point		5686,5688	live-route-recording-20260712-170700-z102	proven
20260712-170700-z102	102	5688	5688	515.166	219.408	41.010	point		5687,5689	live-route-recording-20260712-170700-z102	proven
20260712-170700-z102	102	5689	5689	512.934	217.954	41.060	point		5688,5690	live-route-recording-20260712-170700-z102	proven
20260712-170700-z102	102	5690	5690	511.297	216.839	41.257	point		5689,5691	live-route-recording-20260712-170700-z102	proven
20260712-170700-z102	102	5691	5691	509.051	215.007	41.776	point		5690,5692	live-route-recording-20260712-170700-z102	proven
20260712-170700-z102	102	5692	5692	507.802	214.081	42.010	point		5691,5693	live-route-recording-20260712-170700-z102	proven
20260712-170700-z102	102	5693	5693	506.299	214.773	42.380	point		5692,5694	live-route-recording-20260712-170700-z102	proven
20260712-170700-z102	102	5694	5694	505.313	215.878	43.290	point		5693,5695	live-route-recording-20260712-170700-z102	proven
20260712-170700-z102	102	5695	5695	503.404	217.606	45.069	point		5694,5696	live-route-recording-20260712-170700-z102	proven
20260712-170700-z102	102	5696	5696	502.005	218.964	45.558	point		5695,5697	live-route-recording-20260712-170700-z102	proven
20260712-170700-z102	102	5697	5697	499.890	221.036	46.569	point		5696,5698	live-route-recording-20260712-170700-z102	proven
20260712-170700-z102	102	5698	5698	498.395	222.361	46.636	point		5697,5699	live-route-recording-20260712-170700-z102	proven
20260712-170700-z102	102	5699	5699	499.279	221.500	46.592	point		5698,5700	live-route-recording-20260712-170700-z102	proven
20260712-170700-z102	102	5700	5700	500.922	220.474	46.253	point		5699,5701	live-route-recording-20260712-170700-z102	proven
20260712-170700-z102	102	5701	5701	503.651	219.228	45.207	point		5700,5702	live-route-recording-20260712-170700-z102	proven
20260712-170700-z102	102	5702	5702	505.530	218.426	44.179	point		5701,5703	live-route-recording-20260712-170700-z102	proven
20260712-170700-z102	102	5703	5703	507.241	217.702	43.106	point		5702,5704	live-route-recording-20260712-170700-z102	proven
20260712-170700-z102	102	5704	5704	509.811	216.387	41.785	point		5703,5705	live-route-recording-20260712-170700-z102	proven
20260712-170700-z102	102	5705	5705	511.191	214.558	41.094	point		5704,5706	live-route-recording-20260712-170700-z102	proven
20260712-170700-z102	102	5706	5706	511.021	213.354	41.115	point		5705,5707	live-route-recording-20260712-170700-z102	proven
20260712-170700-z102	102	5707	5707	509.350	211.548	41.224	point		5706,5708	live-route-recording-20260712-170700-z102	proven
20260712-170700-z102	102	5708	5708	507.658	210.367	41.215	point		5707,5709	live-route-recording-20260712-170700-z102	proven
20260712-170700-z102	102	5709	5709	505.384	209.106	41.263	point		5708,5710	live-route-recording-20260712-170700-z102	proven
20260712-170700-z102	102	5710	5710	502.821	208.182	41.410	point		5709,5711	live-route-recording-20260712-170700-z102	proven
20260712-170700-z102	102	5711	5711	500.590	207.577	41.575	point		5710,5712	live-route-recording-20260712-170700-z102	proven
20260712-170700-z102	102	5712	5712	497.605	206.851	41.454	point		5711,5713	live-route-recording-20260712-170700-z102	proven
20260712-170700-z102	102	5713	5713	495.722	206.402	41.315	point		5712,5714	live-route-recording-20260712-170700-z102	proven
20260712-170700-z102	102	5714	5714	492.727	205.690	40.877	point		5713,5715	live-route-recording-20260712-170700-z102	proven
20260712-170700-z102	102	5715	5715	490.730	205.215	40.638	point		5714,5716	live-route-recording-20260712-170700-z102	proven
20260712-170700-z102	102	5716	5716	487.718	204.576	40.334	point		5715,5717	live-route-recording-20260712-170700-z102	proven
20260712-170700-z102	102	5717	5717	485.657	204.377	40.303	point		5716,5718	live-route-recording-20260712-170700-z102	proven
20260712-170700-z102	102	5718	5718	482.579	204.237	40.263	point		5717,5719	live-route-recording-20260712-170700-z102	proven
20260712-170700-z102	102	5719	5719	480.516	204.171	40.259	point		5718,5720	live-route-recording-20260712-170700-z102	proven
20260712-170700-z102	102	5720	5720	478.305	204.058	40.222	point		5719,5721	live-route-recording-20260712-170700-z102	proven
20260712-170700-z102	102	5721	5721	475.261	203.572	40.252	point		5720,5722	live-route-recording-20260712-170700-z102	proven
20260712-170700-z102	102	5722	5722	472.672	202.894	40.325	point		5615,5721,5723	live-route-recording-20260712-170700-z102	proven
20260712-170700-z102	102	5723	5723	470.565	202.291	40.397	point		5722,5724	live-route-recording-20260712-170700-z102	proven
20260712-170700-z102	102	5724	5724	467.605	201.439	40.514	point		5723,5725	live-route-recording-20260712-170700-z102	proven
20260712-170700-z102	102	5725	5725	465.643	200.873	40.679	point		5724,5726	live-route-recording-20260712-170700-z102	proven
20260712-170700-z102	102	5726	5726	462.689	200.022	40.865	point		5725,5727	live-route-recording-20260712-170700-z102	proven
20260712-170700-z102	102	5727	5727	460.721	199.455	40.963	point		5726,5728	live-route-recording-20260712-170700-z102	proven
20260712-170700-z102	102	5728	5728	457.755	198.600	40.887	point		5727,5729	live-route-recording-20260712-170700-z102	proven
20260712-170700-z102	102	5729	5729	455.398	197.920	40.736	point		5728,5730	live-route-recording-20260712-170700-z102	proven
20260712-170700-z102	102	5730	5730	453.432	197.354	40.539	point		5729,5731	live-route-recording-20260712-170700-z102	proven
20260712-170700-z102	102	5731	5731	450.488	196.422	40.323	point		5730,5732	live-route-recording-20260712-170700-z102	proven
20260712-170700-z102	102	5732	5732	448.611	195.542	40.261	point		5731,5733	live-route-recording-20260712-170700-z102	proven
20260712-170700-z102	102	5733	5733	445.815	193.878	40.191	point		5732,5734	live-route-recording-20260712-170700-z102	proven
20260712-170700-z102	102	5734	5734	444.085	192.751	40.161	point		5733,5735	live-route-recording-20260712-170700-z102	proven
20260712-170700-z102	102	5735	5735	442.163	191.471	40.225	point		5734,5736	live-route-recording-20260712-170700-z102	proven
20260712-170700-z102	102	5736	5736	439.449	189.650	40.316	point		5735,5737	live-route-recording-20260712-170700-z102	proven
20260712-170700-z102	102	5737	5737	437.740	188.502	40.374	point		5736,5738	live-route-recording-20260712-170700-z102	proven
20260712-170700-z102	102	5738	5738	435.286	186.726	40.670	point		5737,5739	live-route-recording-20260712-170700-z102	proven
20260712-170700-z102	102	5739	5739	434.112	185.104	41.111	point		5738,5740	live-route-recording-20260712-170700-z102	proven
20260712-170700-z102	102	5740	5740	433.192	182.297	41.224	point		5739,5741	live-route-recording-20260712-170700-z102	proven
20260712-170700-z102	102	5741	5741	432.741	180.333	41.184	point		5740,5742	live-route-recording-20260712-170700-z102	proven
20260712-170700-z102	102	5742	5742	431.946	177.479	41.054	point		5741,5743	live-route-recording-20260712-170700-z102	proven
20260712-170700-z102	102	5743	5743	431.168	175.576	41.098	point		5742,5744	live-route-recording-20260712-170700-z102	proven
20260712-170700-z102	102	5744	5744	429.837	173.226	41.264	point		5743,5745	live-route-recording-20260712-170700-z102	proven
20260712-170700-z102	102	5745	5745	428.464	171.704	41.365	point		5744,5746	live-route-recording-20260712-170700-z102	proven
20260712-170700-z102	102	5746	5746	426.152	169.674	41.274	point		5745,5747	live-route-recording-20260712-170700-z102	proven
20260712-170700-z102	102	5747	5747	424.463	168.517	41.268	point		5746,5748	live-route-recording-20260712-170700-z102	proven
20260712-170700-z102	102	5748	5748	422.757	167.634	41.314	point		5747,5749	live-route-recording-20260712-170700-z102	proven
20260712-170700-z102	102	5749	5749	419.893	166.503	41.448	point		5748,5750	live-route-recording-20260712-170700-z102	proven
20260712-170700-z102	102	5750	5750	417.965	165.804	41.205	point		5749,5751	live-route-recording-20260712-170700-z102	proven
20260712-170700-z102	102	5751	5751	415.061	164.771	40.862	point		5750,5752	live-route-recording-20260712-170700-z102	proven
20260712-170700-z102	102	5752	5752	412.913	164.011	40.466	point		5751,5753	live-route-recording-20260712-170700-z102	proven
20260712-170700-z102	102	5753	5753	411.129	163.380	40.355	point		5752,5754	live-route-recording-20260712-170700-z102	proven
20260712-170700-z102	102	5754	5754	408.011	162.277	40.199	point		5753,5755	live-route-recording-20260712-170700-z102	proven
20260712-170700-z102	102	5755	5755	406.061	161.588	40.102	point		5754,5756	live-route-recording-20260712-170700-z102	proven
20260712-170700-z102	102	5756	5756	403.149	160.558	40.033	point		5755,5757	live-route-recording-20260712-170700-z102	proven
20260712-170700-z102	102	5757	5757	401.207	159.871	39.990	point		5756,5758	live-route-recording-20260712-170700-z102	proven
20260712-170700-z102	102	5758	5758	398.290	158.839	39.926	point		5757,5759	live-route-recording-20260712-170700-z102	proven
20260712-170700-z102	102	5759	5759	396.349	158.152	39.883	point		5758,5760	live-route-recording-20260712-170700-z102	proven
20260712-170700-z102	102	5760	5760	393.078	156.996	39.956	point		5759,5761	live-route-recording-20260712-170700-z102	proven
20260712-170700-z102	102	5761	5761	391.128	156.307	40.060	point		5760,5762	live-route-recording-20260712-170700-z102	proven
20260712-170700-z102	102	5762	5762	388.228	155.281	40.288	point		5761,5763	live-route-recording-20260712-170700-z102	proven
20260712-170700-z102	102	5763	5763	386.287	154.595	40.414	point		5762,5764	live-route-recording-20260712-170700-z102	proven
20260712-170700-z102	102	5764	5764	383.366	153.561	40.610	point		5763,5765	live-route-recording-20260712-170700-z102	proven
20260712-170700-z102	102	5765	5765	381.424	152.874	40.562	point		5764,5766	live-route-recording-20260712-170700-z102	proven
20260712-170700-z102	102	5766	5766	379.096	152.051	40.501	point		5574,5765,5767	live-route-recording-20260712-170700-z102	proven
20260712-170700-z102	102	5767	5767	376.189	151.010	40.479	point		5766,5768	live-route-recording-20260712-170700-z102	proven
20260712-170700-z102	102	5768	5768	374.288	150.180	40.500	point		5767,5769	live-route-recording-20260712-170700-z102	proven
20260712-170700-z102	102	5769	5769	371.625	148.598	40.500	point		5768,5770	live-route-recording-20260712-170700-z102	proven
20260712-170700-z102	102	5770	5770	369.905	147.464	40.500	point		5769,5771	live-route-recording-20260712-170700-z102	proven
20260712-170700-z102	102	5771	5771	367.328	145.738	40.548	point		5770,5772	live-route-recording-20260712-170700-z102	proven
20260712-170700-z102	102	5772	5772	365.308	144.378	40.700	point		5771,5773	live-route-recording-20260712-170700-z102	proven
20260712-170700-z102	102	5773	5773	363.595	143.223	40.838	point		5772,5774	live-route-recording-20260712-170700-z102	proven
20260712-170700-z102	102	5774	5774	360.894	141.402	40.929	point		5773,5775	live-route-recording-20260712-170700-z102	proven
20260712-170700-z102	102	5775	5775	359.205	140.233	40.987	point		5774,5776	live-route-recording-20260712-170700-z102	proven
20260712-170700-z102	102	5776	5776	356.839	138.236	40.911	point		5775,5777	live-route-recording-20260712-170700-z102	proven
20260712-170700-z102	102	5777	5777	354.788	136.200	40.690	point		5776,5778	live-route-recording-20260712-170700-z102	proven
20260712-170700-z102	102	5778	5778	353.089	134.472	40.348	point		5777,5779	live-route-recording-20260712-170700-z102	proven
20260712-170700-z102	102	5779	5779	351.013	132.353	40.046	point		5778,5780	live-route-recording-20260712-170700-z102	proven
20260712-170700-z102	102	5780	5780	349.587	130.895	40.000	point		5779,5781	live-route-recording-20260712-170700-z102	proven
20260712-170700-z102	102	5781	5781	347.513	128.778	40.088	point		5780,5782	live-route-recording-20260712-170700-z102	proven
20260712-170700-z102	102	5782	5782	346.092	127.326	40.340	point		5781,5783	live-route-recording-20260712-170700-z102	proven
20260712-170700-z102	102	5783	5783	343.894	125.205	40.745	point		5782,5784	live-route-recording-20260712-170700-z102	proven
20260712-170700-z102	102	5784	5784	342.022	124.057	40.898	point		5783,5785	live-route-recording-20260712-170700-z102	proven
20260712-170700-z102	102	5785	5785	339.166	123.262	40.957	point		5784,5786	live-route-recording-20260712-170700-z102	proven
20260712-170700-z102	102	5786	5786	337.273	122.888	40.863	point		5785,5787	live-route-recording-20260712-170700-z102	proven
20260712-170700-z102	102	5787	5787	334.371	122.357	40.633	point		5786,5788	live-route-recording-20260712-170700-z102	proven
20260712-170700-z102	102	5788	5788	332.342	122.098	40.430	point		5787,5789	live-route-recording-20260712-170700-z102	proven
20260712-170700-z102	102	5789	5789	329.400	122.182	40.269	point		5788,5790	live-route-recording-20260712-170700-z102	proven
20260712-170700-z102	102	5790	5790	327.710	122.802	40.184	point		5789,5791	live-route-recording-20260712-170700-z102	proven
20260712-170700-z102	102	5791	5791	326.328	124.057	40.115	point		5790,5792	live-route-recording-20260712-170700-z102	proven
20260712-170700-z102	102	5792	5792	324.662	126.356	40.291	point		5791,5793	live-route-recording-20260712-170700-z102	proven
20260712-170700-z102	102	5793	5793	323.753	127.932	40.420	point		5792,5794	live-route-recording-20260712-170700-z102	proven
20260712-170700-z102	102	5794	5794	322.431	130.713	40.416	point		5793,5795	live-route-recording-20260712-170700-z102	proven
20260712-170700-z102	102	5795	5795	321.429	133.178	40.513	point		5794,5796	live-route-recording-20260712-170700-z102	proven
20260712-170700-z102	102	5796	5796	320.905	135.422	40.738	point		5795,5797	live-route-recording-20260712-170700-z102	proven
20260712-170700-z102	102	5797	5797	320.588	138.494	40.924	point		5796,5798	live-route-recording-20260712-170700-z102	proven
20260712-170700-z102	102	5798	5798	320.508	140.550	41.002	point		5797,5799	live-route-recording-20260712-170700-z102	proven
20260712-170700-z102	102	5799	5799	320.452	143.407	40.855	point		5798,5800	live-route-recording-20260712-170700-z102	proven
20260712-170700-z102	102	5800	5800	320.420	145.458	40.675	point		5799,5801	live-route-recording-20260712-170700-z102	proven
20260712-170700-z102	102	5801	5801	320.374	148.536	40.372	point		5800,5802	live-route-recording-20260712-170700-z102	proven
20260712-170700-z102	102	5802	5802	320.337	150.988	40.250	point		5801,5803	live-route-recording-20260712-170700-z102	proven
20260712-170700-z102	102	5803	5803	320.291	154.084	40.095	point		5802,5804	live-route-recording-20260712-170700-z102	proven
20260712-170700-z102	102	5804	5804	320.260	156.137	39.992	point		5803,5805	live-route-recording-20260712-170700-z102	proven
20260712-170700-z102	102	5805	5805	320.227	158.367	40.000	point		5804,5806	live-route-recording-20260712-170700-z102	proven
20260712-170700-z102	102	5806	5806	320.181	161.451	40.000	point		5805,5807	live-route-recording-20260712-170700-z102	proven
20260712-170700-z102	102	5807	5807	320.137	164.375	40.018	point		5806,5808	live-route-recording-20260712-170700-z102	proven
20260712-170700-z102	102	5808	5808	320.100	166.846	40.141	point		5807,5809	live-route-recording-20260712-170700-z102	proven
20260712-170700-z102	102	5809	5809	320.054	169.931	40.297	point		5808,5810	live-route-recording-20260712-170700-z102	proven
20260712-170700-z102	102	5810	5810	320.023	171.975	40.393	point		5809,5811	live-route-recording-20260712-170700-z102	proven
20260712-170700-z102	102	5811	5811	319.977	175.054	40.696	point		5810,5812	live-route-recording-20260712-170700-z102	proven
20260712-170700-z102	102	5812	5812	319.946	177.114	40.836	point		5811,5813	live-route-recording-20260712-170700-z102	proven
20260712-170700-z102	102	5813	5813	319.901	180.196	40.963	point		5812,5814	live-route-recording-20260712-170700-z102	proven
20260712-170700-z102	102	5814	5814	319.865	182.619	40.837	point		5813,5815	live-route-recording-20260712-170700-z102	proven
20260712-170700-z102	102	5815	5815	319.834	184.673	40.692	point		5814,5816	live-route-recording-20260712-170700-z102	proven
20260712-170700-z102	102	5816	5816	319.802	186.818	40.482	point		5815,5817	live-route-recording-20260712-170700-z102	proven
20260712-170700-z102	102	5817	5817	319.771	188.880	40.312	point		5816,5818	live-route-recording-20260712-170700-z102	proven
20260712-170700-z102	102	5818	5818	319.724	191.977	40.171	point		5817,5819	live-route-recording-20260712-170700-z102	proven
20260712-170700-z102	102	5819	5819	319.681	194.878	40.033	point		5818,5820	live-route-recording-20260712-170700-z102	proven
20260712-170700-z102	102	5820	5820	319.645	197.302	39.976	point		5819,5821	live-route-recording-20260712-170700-z102	proven
20260712-170700-z102	102	5821	5821	319.535	199.524	39.969	point		5820,5822	live-route-recording-20260712-170700-z102	proven
20260712-170700-z102	102	5822	5822	319.021	202.746	39.937	point		5821,5823	live-route-recording-20260712-170700-z102	proven
20260712-170700-z102	102	5823	5823	318.592	204.760	39.947	point		5822,5824	live-route-recording-20260712-170700-z102	proven
20260712-170700-z102	102	5824	5824	317.920	207.782	40.039	point		5823,5825	live-route-recording-20260712-170700-z102	proven
20260712-170700-z102	102	5825	5825	317.321	210.452	40.301	point		5824,5826	live-route-recording-20260712-170700-z102	proven
20260712-170700-z102	102	5826	5826	316.791	212.810	40.477	point		5825,5827	live-route-recording-20260712-170700-z102	proven
20260712-170700-z102	102	5827	5827	316.271	214.987	40.695	point		5826,5828	live-route-recording-20260712-170700-z102	proven
20260712-170700-z102	102	5828	5828	315.115	217.704	40.767	point		5827,5829	live-route-recording-20260712-170700-z102	proven
20260712-170700-z102	102	5829	5829	314.027	219.366	40.714	point		5828,5830	live-route-recording-20260712-170700-z102	proven
20260712-170700-z102	102	5830	5830	312.216	221.855	40.516	point		5829,5831	live-route-recording-20260712-170700-z102	proven
20260712-170700-z102	102	5831	5831	310.477	223.818	40.480	point		5830,5832	live-route-recording-20260712-170700-z102	proven
20260712-170700-z102	102	5832	5832	308.817	225.410	40.500	point		5831,5833	live-route-recording-20260712-170700-z102	proven
20260712-170700-z102	102	5833	5833	306.540	227.498	40.500	point		5832,5834	live-route-recording-20260712-170700-z102	proven
20260712-170700-z102	102	5834	5834	305.014	228.889	40.500	point		5833,5835	live-route-recording-20260712-170700-z102	proven
20260712-170700-z102	102	5835	5835	302.736	230.962	40.500	point		5834,5836	live-route-recording-20260712-170700-z102	proven
20260712-170700-z102	102	5836	5836	301.220	232.342	40.536	point		5835,5837	live-route-recording-20260712-170700-z102	proven
20260712-170700-z102	102	5837	5837	298.947	234.410	40.741	point		5836,5838	live-route-recording-20260712-170700-z102	proven
20260712-170700-z102	102	5838	5838	297.103	236.088	40.854	point		5837,5839	live-route-recording-20260712-170700-z102	proven
20260712-170700-z102	102	5839	5839	295.593	237.461	40.755	point		5838,5840	live-route-recording-20260712-170700-z102	proven
20260712-170700-z102	102	5840	5840	293.366	239.600	40.532	point		5839,5841	live-route-recording-20260712-170700-z102	proven
20260712-170700-z102	102	5841	5841	291.853	241.228	40.381	point		5840,5842	live-route-recording-20260712-170700-z102	proven
20260712-170700-z102	102	5842	5842	289.839	243.556	40.398	point		5841,5843	live-route-recording-20260712-170700-z102	proven
20260712-170700-z102	102	5843	5843	288.313	245.401	40.415	point		5842,5844	live-route-recording-20260712-170700-z102	proven
20260712-170700-z102	102	5844	5844	286.948	247.182	40.317	point		5843,5845	live-route-recording-20260712-170700-z102	proven
20260712-170700-z102	102	5845	5845	285.966	249.173	40.326	point		5844,5846	live-route-recording-20260712-170700-z102	proven
20260712-170700-z102	102	5846	5846	285.466	252.523	39.797	point		5845,5847	live-route-recording-20260712-170700-z102	proven
20260712-170700-z102	102	5847	5847	285.360	254.705	39.340	point		5846,5848	live-route-recording-20260712-170700-z102	proven
20260712-170700-z102	102	5848	5848	285.291	257.076	39.003	point		5847,5849	live-route-recording-20260712-170700-z102	proven
20260712-170700-z102	102	5849	5849	284.999	259.257	38.668	point		5848,5850	live-route-recording-20260712-170700-z102	proven
20260712-170700-z102	102	5850	5850	283.823	262.148	38.409	point		5849,5851	live-route-recording-20260712-170700-z102	proven
20260712-170700-z102	102	5851	5851	282.693	263.282	38.352	point		5428,5850,5852	live-route-recording-20260712-170700-z102	proven
20260712-170700-z102	102	5852	5852	280.801	263.640	38.210	point		5851,5853	live-route-recording-20260712-170700-z102	proven
20260712-170700-z102	102	5853	5853	279.768	262.840	37.990	point		5852,5854	live-route-recording-20260712-170700-z102	proven
20260712-170700-z102	102	5854	5854	278.216	260.213	37.446	point		5853,5855	live-route-recording-20260712-170700-z102	proven
20260712-170700-z102	102	5855	5855	277.366	258.364	37.117	point		5854,5856	live-route-recording-20260712-170700-z102	proven
20260712-170700-z102	102	5856	5856	276.270	255.876	36.502	point		5855,5857	live-route-recording-20260712-170700-z102	proven
20260712-170700-z102	102	5857	5857	275.426	254.034	35.982	point		5856,5858	live-route-recording-20260712-170700-z102	proven
20260712-170700-z102	102	5858	5858	273.853	251.377	35.612	point		5857,5859	live-route-recording-20260712-170700-z102	proven
20260712-170700-z102	102	5859	5859	272.836	249.599	35.584	point		5858,5860	live-route-recording-20260712-170700-z102	proven
20260712-170700-z102	102	5860	5860	271.795	246.825	35.318	point		5859,5861	live-route-recording-20260712-170700-z102	proven
20260712-170700-z102	102	5861	5861	271.149	244.857	35.329	point		5860,5862	live-route-recording-20260712-170700-z102	proven
20260712-170700-z102	102	5862	5862	270.603	243.093	34.564	point		5861,5863	live-route-recording-20260712-170700-z102	proven
20260712-170700-z102	102	5863	5863	270.212	240.751	34.308	point		5862,5864	live-route-recording-20260712-170700-z102	proven
20260712-170700-z102	102	5864	5864	270.181	239.531	34.302	point		5863,5865	live-route-recording-20260712-170700-z102	proven
20260712-170700-z102	102	5865	5865	270.302	236.805	34.326	point		5864,5866	live-route-recording-20260712-170700-z102	proven
20260712-170700-z102	102	5866	5866	270.478	234.779	34.119	point		5865,5867	live-route-recording-20260712-170700-z102	proven
20260712-170700-z102	102	5867	5867	271.482	232.028	33.700	point		5866,5868	live-route-recording-20260712-170700-z102	proven
20260712-170700-z102	102	5868	5868	272.253	230.864	33.556	point		5867,5869	live-route-recording-20260712-170700-z102	proven
20260712-170700-z102	102	5869	5869	273.054	229.326	33.285	point		5868,5870	live-route-recording-20260712-170700-z102	proven
20260712-170700-z102	102	5870	5870	272.533	228.426	33.064	point		5869,5871	live-route-recording-20260712-170700-z102	proven
20260712-170700-z102	102	5871	5871	270.137	227.683	32.334	point		5870,5872	live-route-recording-20260712-170700-z102	proven
20260712-170700-z102	102	5872	5872	268.347	227.623	31.865	point		5871,5873	live-route-recording-20260712-170700-z102	proven
20260712-170700-z102	102	5873	5873	265.408	227.950	31.423	point		5872,5874	live-route-recording-20260712-170700-z102	proven
20260712-170700-z102	102	5874	5874	263.910	228.218	31.160	point		5873,5875	live-route-recording-20260712-170700-z102	proven
20260712-170700-z102	102	5875	5875	260.674	227.984	29.685	point		5874,5876	live-route-recording-20260712-170700-z102	proven
20260712-170700-z102	102	5876	5876	258.739	227.550	29.036	point		5875,5877	live-route-recording-20260712-170700-z102	proven
20260712-170700-z102	102	5877	5877	256.018	226.381	28.112	point		5876,5878	live-route-recording-20260712-170700-z102	proven
20260712-170700-z102	102	5878	5878	254.226	225.207	27.479	point		5877,5879	live-route-recording-20260712-170700-z102	proven
20260712-170700-z102	102	5879	5879	252.910	223.733	26.954	point		5878,5880	live-route-recording-20260712-170700-z102	proven
20260712-170700-z102	102	5880	5880	251.601	221.195	26.336	point		5879,5881	live-route-recording-20260712-170700-z102	proven
20260712-170700-z102	102	5881	5881	251.079	218.833	25.957	point		5880,5882	live-route-recording-20260712-170700-z102	proven
20260712-170700-z102	102	5882	5882	251.191	215.794	25.395	point		5881,5883	live-route-recording-20260712-170700-z102	proven
20260712-170700-z102	102	5883	5883	251.478	213.786	25.036	point		5882,5884	live-route-recording-20260712-170700-z102	proven
20260712-170700-z102	102	5884	5884	251.982	210.758	24.662	point		5883,5885	live-route-recording-20260712-170700-z102	proven
20260712-170700-z102	102	5885	5885	252.335	208.720	24.563	point		5884,5886	live-route-recording-20260712-170700-z102	proven
20260712-170700-z102	102	5886	5886	252.674	206.782	24.546	point		5885,5887	live-route-recording-20260712-170700-z102	proven
20260712-170700-z102	102	5887	5887	253.038	204.699	24.534	point		5886,5888	live-route-recording-20260712-170700-z102	proven
20260712-170700-z102	102	5888	5888	253.421	202.513	24.538	point		5887,5889	live-route-recording-20260712-170700-z102	proven
20260712-170700-z102	102	5889	5889	253.949	199.470	24.604	point		5888,5890	live-route-recording-20260712-170700-z102	proven
20260712-170700-z102	102	5890	5890	254.261	197.463	24.487	point		5889,5891	live-route-recording-20260712-170700-z102	proven
20260712-170700-z102	102	5891	5891	254.619	194.403	24.042	point		5890,5892	live-route-recording-20260712-170700-z102	proven
20260712-170700-z102	102	5892	5892	254.870	191.495	24.172	point		5891,5893	live-route-recording-20260712-170700-z102	proven
20260712-170700-z102	102	5893	5893	255.056	189.061	23.906	point		5892,5894	live-route-recording-20260712-170700-z102	proven
20260712-170700-z102	102	5894	5894	255.278	186.016	23.419	point		5893,5895	live-route-recording-20260712-170700-z102	proven
20260712-170700-z102	102	5895	5895	255.420	184.037	22.998	point		5894,5896	live-route-recording-20260712-170700-z102	proven
20260712-170700-z102	102	5896	5896	255.628	181.123	22.047	point		5895,5897	live-route-recording-20260712-170700-z102	proven
20260712-170700-z102	102	5897	5897	255.765	179.204	21.324	point		5896,5898	live-route-recording-20260712-170700-z102	proven
20260712-170700-z102	102	5898	5898	255.974	176.269	20.085	point		5897,5899	live-route-recording-20260712-170700-z102	proven
20260712-170700-z102	102	5899	5899	256.148	173.836	19.642	point		5898,5900	live-route-recording-20260712-170700-z102	proven
20260712-170700-z102	102	5900	5900	256.367	170.764	19.239	point		5899,5901	live-route-recording-20260712-170700-z102	proven
20260712-170700-z102	102	5901	5901	256.512	168.718	19.069	point		5900,5902	live-route-recording-20260712-170700-z102	proven
20260712-170700-z102	102	5902	5902	256.733	165.629	18.838	point		5901,5903	live-route-recording-20260712-170700-z102	proven
20260712-170700-z102	102	5903	5903	256.878	163.596	18.770	point		5902,5904	live-route-recording-20260712-170700-z102	proven
20260712-170700-z102	102	5904	5904	257.096	160.524	18.807	point		5903,5905	live-route-recording-20260712-170700-z102	proven
20260712-170700-z102	102	5905	5905	257.271	158.072	18.792	point		5904,5906	live-route-recording-20260712-170700-z102	proven
20260712-170700-z102	102	5906	5906	257.490	154.995	18.970	point		5905,5907	live-route-recording-20260712-170700-z102	proven
20260712-170700-z102	102	5907	5907	257.649	152.762	18.840	point		5906,5908	live-route-recording-20260712-170700-z102	proven
20260712-170700-z102	102	5908	5908	257.797	150.682	18.706	point		5907,5909	live-route-recording-20260712-170700-z102	proven
20260712-170700-z102	102	5909	5909	258.017	147.610	18.527	point		5908,5910	live-route-recording-20260712-170700-z102	proven
20260712-170700-z102	102	5910	5910	258.205	144.968	18.239	point		5909,5911	live-route-recording-20260712-170700-z102	proven
20260712-170700-z102	102	5911	5911	258.378	142.549	18.163	point		5910,5912	live-route-recording-20260712-170700-z102	proven
20260712-170700-z102	102	5912	5912	258.524	140.500	17.774	point		5911,5913	live-route-recording-20260712-170700-z102	proven
20260712-170700-z102	102	5913	5913	258.740	137.462	18.003	point		5912,5914	live-route-recording-20260712-170700-z102	proven
20260712-170700-z102	102	5914	5914	258.880	135.497	18.398	point		5913,5915	live-route-recording-20260712-170700-z102	proven
20260712-170700-z102	102	5915	5915	259.099	132.432	18.935	point		5914,5916	live-route-recording-20260712-170700-z102	proven
20260712-170700-z102	102	5916	5916	259.257	130.209	19.003	point		5915,5917	live-route-recording-20260712-170700-z102	proven
20260712-170700-z102	102	5917	5917	259.490	126.939	19.027	point		5916,5918	live-route-recording-20260712-170700-z102	proven
20260712-170700-z102	102	5918	5918	259.636	124.893	19.298	point		5917,5919	live-route-recording-20260712-170700-z102	proven
20260712-170700-z102	102	5919	5919	259.854	121.823	19.370	point		5918,5920	live-route-recording-20260712-170700-z102	proven
20260712-170700-z102	102	5920	5920	259.999	119.793	19.432	point		5919,5921	live-route-recording-20260712-170700-z102	proven
20260712-170700-z102	102	5921	5921	260.215	116.763	19.926	point		5920,5922	live-route-recording-20260712-170700-z102	proven
20260712-170700-z102	102	5922	5922	260.376	114.763	20.244	point		5921,5923	live-route-recording-20260712-170700-z102	proven
20260712-170700-z102	102	5923	5923	260.686	112.437	20.723	point		5922,5924	live-route-recording-20260712-170700-z102	proven
20260712-170700-z102	102	5924	5924	261.053	110.357	21.358	point		5923,5925	live-route-recording-20260712-170700-z102	proven
20260712-170700-z102	102	5925	5925	261.558	107.335	22.077	point		5924,5926	live-route-recording-20260712-170700-z102	proven
20260712-170700-z102	102	5926	5926	261.870	105.302	22.241	point		5925,5927	live-route-recording-20260712-170700-z102	proven
20260712-170700-z102	102	5927	5927	262.313	102.271	22.269	point		5926,5928	live-route-recording-20260712-170700-z102	proven
20260712-170700-z102	102	5928	5928	262.596	100.295	22.513	point		5927,5929	live-route-recording-20260712-170700-z102	proven
20260712-170700-z102	102	5929	5929	263.052	97.077	23.436	point		5928,5930	live-route-recording-20260712-170700-z102	proven
20260712-170700-z102	102	5930	5930	263.337	95.062	23.716	point		5929,5931	live-route-recording-20260712-170700-z102	proven
20260712-170700-z102	102	5931	5931	263.767	92.019	24.030	point		5930,5932	live-route-recording-20260712-170700-z102	proven
20260712-170700-z102	102	5932	5932	264.054	89.986	24.146	point		5931,5933	live-route-recording-20260712-170700-z102	proven
20260712-170700-z102	102	5933	5933	264.486	86.928	24.221	point		5932,5934	live-route-recording-20260712-170700-z102	proven
20260712-170700-z102	102	5934	5934	264.774	84.889	24.140	point		5933,5935	live-route-recording-20260712-170700-z102	proven
20260712-170700-z102	102	5935	5935	265.059	82.871	24.097	point		5934,5936	live-route-recording-20260712-170700-z102	proven
20260712-170700-z102	102	5936	5936	265.545	79.425	24.509	point		5935,5937	live-route-recording-20260712-170700-z102	proven
20260712-170700-z102	102	5937	5937	265.831	77.400	24.135	point		5936,5938	live-route-recording-20260712-170700-z102	proven
20260712-170700-z102	102	5938	5938	266.258	74.379	23.755	point		5937,5939	live-route-recording-20260712-170700-z102	proven
20260712-170700-z102	102	5939	5939	266.546	72.344	23.235	point		5938,5940	live-route-recording-20260712-170700-z102	proven
20260712-170700-z102	102	5940	5940	266.975	69.301	23.114	point		5939,5941	live-route-recording-20260712-170700-z102	proven
20260712-170700-z102	102	5941	5941	267.262	67.272	23.120	point		5940,5942	live-route-recording-20260712-170700-z102	proven
20260712-170700-z102	102	5942	5942	267.595	64.911	23.378	point		5941,5943	live-route-recording-20260712-170700-z102	proven
20260712-170700-z102	102	5943	5943	268.020	61.898	23.950	point		5942,5944	live-route-recording-20260712-170700-z102	proven
20260712-170700-z102	102	5944	5944	268.308	59.856	24.406	point		5943,5945	live-route-recording-20260712-170700-z102	proven
20260712-170700-z102	102	5945	5945	268.740	56.796	23.977	point		5944,5946	live-route-recording-20260712-170700-z102	proven
20260712-170700-z102	102	5946	5946	269.028	54.756	23.996	point		5945,5947	live-route-recording-20260712-170700-z102	proven
20260712-170700-z102	102	5947	5947	269.459	51.701	24.030	point		5946,5948	live-route-recording-20260712-170700-z102	proven
20260712-170700-z102	102	5948	5948	269.820	49.141	23.788	point		5947,5949	live-route-recording-20260712-170700-z102	proven
20260712-170700-z102	102	5949	5949	270.103	47.138	23.818	point		5948,5950	live-route-recording-20260712-170700-z102	proven
20260712-170700-z102	102	5950	5950	270.533	44.088	24.467	point		5949,5951	live-route-recording-20260712-170700-z102	proven
20260712-170700-z102	102	5951	5951	270.821	42.046	24.409	point		5950,5952	live-route-recording-20260712-170700-z102	proven
20260712-170700-z102	102	5952	5952	271.251	38.998	24.236	point		5951,5953	live-route-recording-20260712-170700-z102	proven
20260712-170700-z102	102	5953	5953	271.660	36.101	24.216	point		5952,5954	live-route-recording-20260712-170700-z102	proven
20260712-170700-z102	102	5954	5954	271.998	33.707	24.024	point		5953,5955	live-route-recording-20260712-170700-z102	proven
20260712-170700-z102	102	5955	5955	272.424	30.683	23.595	point		5954,5956	live-route-recording-20260712-170700-z102	proven
20260712-170700-z102	102	5956	5956	272.711	28.652	23.181	point		5955,5957	live-route-recording-20260712-170700-z102	proven
20260712-170700-z102	102	5957	5957	273.143	25.589	23.031	point		5956,5958	live-route-recording-20260712-170700-z102	proven
20260712-170700-z102	102	5958	5958	273.427	23.575	22.932	point		5957,5959	live-route-recording-20260712-170700-z102	proven
20260712-170700-z102	102	5959	5959	273.854	20.549	23.397	point		5958,5960	live-route-recording-20260712-170700-z102	proven
20260712-170700-z102	102	5960	5960	274.193	18.149	23.598	point		5959,5961	live-route-recording-20260712-170700-z102	proven
20260712-170700-z102	102	5961	5961	274.622	15.113	23.455	point		5960,5962	live-route-recording-20260712-170700-z102	proven
20260712-170700-z102	102	5962	5962	274.911	13.061	23.359	point		5961,5963	live-route-recording-20260712-170700-z102	proven
20260712-170700-z102	102	5963	5963	275.199	11.024	23.478	point		5962,5964	live-route-recording-20260712-170700-z102	proven
20260712-170700-z102	102	5964	5964	275.653	7.804	23.597	point		5963,5965	live-route-recording-20260712-170700-z102	proven
20260712-170700-z102	102	5965	5965	276.067	4.874	23.765	point		5964,5966	live-route-recording-20260712-170700-z102	proven
20260712-170700-z102	102	5966	5966	276.409	2.459	23.730	point		5965,5967	live-route-recording-20260712-170700-z102	proven
20260712-170700-z102	102	5967	5967	276.843	-0.609	23.849	point		5966,5968	live-route-recording-20260712-170700-z102	proven
20260712-170700-z102	102	5968	5968	277.132	-2.653	23.885	point		5967,5969	live-route-recording-20260712-170700-z102	proven
20260712-170700-z102	102	5969	5969	277.563	-5.706	23.979	point		5968,5970	live-route-recording-20260712-170700-z102	proven
20260712-170700-z102	102	5970	5970	277.851	-7.742	24.050	point		5969,5971	live-route-recording-20260712-170700-z102	proven
20260712-170700-z102	102	5971	5971	278.282	-10.793	24.230	point		5970,5972	live-route-recording-20260712-170700-z102	proven
20260712-170700-z102	102	5972	5972	278.620	-13.187	24.427	point		5971,5973	live-route-recording-20260712-170700-z102	proven
20260712-170700-z102	102	5973	5973	278.931	-15.392	24.666	point		5972,5974	live-route-recording-20260712-170700-z102	proven
20260712-170700-z102	102	5974	5974	279.364	-18.449	24.880	point		5973,5975	live-route-recording-20260712-170700-z102	proven
20260712-170700-z102	102	5975	5975	279.684	-20.484	24.901	point		5974,5976	live-route-recording-20260712-170700-z102	proven
20260712-170700-z102	102	5976	5976	280.378	-23.664	24.756	point		5975,5977	live-route-recording-20260712-170700-z102	proven
20260712-170700-z102	102	5977	5977	281.030	-25.788	24.704	point		5976,5978	live-route-recording-20260712-170700-z102	proven
20260712-170700-z102	102	5978	5978	282.220	-28.760	24.542	point		5977,5979	live-route-recording-20260712-170700-z102	proven
20260712-170700-z102	102	5979	5979	283.096	-30.618	24.502	point		5978,5980	live-route-recording-20260712-170700-z102	proven
20260712-170700-z102	102	5980	5980	284.489	-33.361	24.378	point		5979,5981	live-route-recording-20260712-170700-z102	proven
20260712-170700-z102	102	5981	5981	285.426	-35.205	24.265	point		5980,5982	live-route-recording-20260712-170700-z102	proven
20260712-170700-z102	102	5982	5982	286.788	-38.166	24.177	point		5981,5983	live-route-recording-20260712-170700-z102	proven
20260712-170700-z102	102	5983	5983	287.570	-40.071	24.171	point		5982,5984	live-route-recording-20260712-170700-z102	proven
20260712-170700-z102	102	5984	5984	288.685	-42.979	24.084	point		5983,5985	live-route-recording-20260712-170700-z102	proven
20260712-170700-z102	102	5985	5985	289.394	-44.895	24.023	point		5984,5986	live-route-recording-20260712-170700-z102	proven
20260712-170700-z102	102	5986	5986	290.097	-46.822	23.939	point		5985,5987	live-route-recording-20260712-170700-z102	proven
20260712-170700-z102	102	5987	5987	291.200	-49.871	23.664	point		5986,5988	live-route-recording-20260712-170700-z102	proven
20260712-170700-z102	102	5988	5988	291.900	-51.813	23.420	point		5987,5989	live-route-recording-20260712-170700-z102	proven
20260712-170700-z102	102	5989	5989	293.059	-55.034	23.534	point		5988,5990	live-route-recording-20260712-170700-z102	proven
20260712-170700-z102	102	5990	5990	293.822	-57.161	23.429	point		5989,5991	live-route-recording-20260712-170700-z102	proven
20260712-170700-z102	102	5991	5991	294.515	-59.091	23.243	point		5990,5992	live-route-recording-20260712-170700-z102	proven
20260712-170700-z102	102	5992	5992	295.564	-62.012	23.073	point		5991,5993	live-route-recording-20260712-170700-z102	proven
20260712-170700-z102	102	5993	5993	296.258	-63.944	23.076	point		5992,5994	live-route-recording-20260712-170700-z102	proven
20260712-170700-z102	102	5994	5994	297.353	-66.993	23.238	point		5993,5995	live-route-recording-20260712-170700-z102	proven
20260712-170700-z102	102	5995	5995	298.049	-68.934	23.347	point		5994,5996	live-route-recording-20260712-170700-z102	proven
20260712-170700-z102	102	5996	5996	299.113	-71.896	23.517	point		5995,5997	live-route-recording-20260712-170700-z102	proven
20260712-170700-z102	102	5997	5997	299.870	-74.003	23.482	point		5996,5998	live-route-recording-20260712-170700-z102	proven
20260712-170700-z102	102	5998	5998	300.628	-76.115	23.347	point		5997,5999	live-route-recording-20260712-170700-z102	proven
20260712-170700-z102	102	5999	5999	301.733	-79.195	23.277	point		5998,6000	live-route-recording-20260712-170700-z102	proven
20260712-170700-z102	102	6000	6000	302.429	-81.132	23.190	point		5999,6001	live-route-recording-20260712-170700-z102	proven
20260712-170700-z102	102	6001	6001	303.472	-84.038	23.059	point		6000,6002	live-route-recording-20260712-170700-z102	proven
20260712-170700-z102	102	6002	6002	304.183	-86.016	23.222	point		6001,6003	live-route-recording-20260712-170700-z102	proven
20260712-170700-z102	102	6003	6003	304.992	-88.271	23.514	point		6002,6004	live-route-recording-20260712-170700-z102	proven
20260712-170700-z102	102	6004	6004	306.035	-91.175	23.687	point		6003,6005	live-route-recording-20260712-170700-z102	proven
20260712-170700-z102	102	6005	6005	306.733	-93.120	23.261	point		6004,6006	live-route-recording-20260712-170700-z102	proven
20260712-170700-z102	102	6006	6006	307.775	-96.023	23.322	point		6005,6007	live-route-recording-20260712-170700-z102	proven
20260712-170700-z102	102	6007	6007	308.469	-97.956	23.316	point		6006,6008	live-route-recording-20260712-170700-z102	proven
20260712-170700-z102	102	6008	6008	309.518	-100.877	23.341	point		6007,6009	live-route-recording-20260712-170700-z102	proven
20260712-170700-z102	102	6009	6009	310.215	-102.817	23.522	point		6008,6010	live-route-recording-20260712-170700-z102	proven
20260712-170700-z102	102	6010	6010	311.254	-105.714	23.665	point		6009,6011	live-route-recording-20260712-170700-z102	proven
20260712-170700-z102	102	6011	6011	311.948	-107.646	23.702	point		6010,6012	live-route-recording-20260712-170700-z102	proven
20260712-170700-z102	102	6012	6012	312.991	-110.552	23.868	point		6011,6013	live-route-recording-20260712-170700-z102	proven
20260712-170700-z102	102	6013	6013	313.687	-112.490	23.829	point		6012,6014	live-route-recording-20260712-170700-z102	proven
20260712-170700-z102	102	6014	6014	314.615	-115.072	23.726	point		6013,6015	live-route-recording-20260712-170700-z102	proven
20260712-170700-z102	102	6015	6015	315.446	-117.387	23.714	point		6014,6016	live-route-recording-20260712-170700-z102	proven
20260712-170700-z102	102	6016	6016	316.489	-120.292	23.805	point		6015,6017	live-route-recording-20260712-170700-z102	proven
20260712-170700-z102	102	6017	6017	317.185	-122.229	23.892	point		6016,6018	live-route-recording-20260712-170700-z102	proven
20260712-170700-z102	102	6018	6018	318.227	-125.131	23.978	point		6017,6019	live-route-recording-20260712-170700-z102	proven
20260712-170700-z102	102	6019	6019	318.922	-127.066	24.023	point		6018,6020	live-route-recording-20260712-170700-z102	proven
20260712-170700-z102	102	6020	6020	320.004	-129.933	24.281	point		6019,6021	live-route-recording-20260712-170700-z102	proven
20260712-170700-z102	102	6021	6021	320.980	-132.149	24.406	point		6020,6022	live-route-recording-20260712-170700-z102	proven
20260712-170700-z102	102	6022	6022	322.460	-134.850	24.681	point		6021,6023	live-route-recording-20260712-170700-z102	proven
20260712-170700-z102	102	6023	6023	323.588	-136.566	24.827	point		6022,6024	live-route-recording-20260712-170700-z102	proven
20260712-170700-z102	102	6024	6024	325.417	-139.038	24.870	point		6023,6025	live-route-recording-20260712-170700-z102	proven
20260712-170700-z102	102	6025	6025	326.686	-140.644	24.554	point		6024,6026	live-route-recording-20260712-170700-z102	proven
20260712-170700-z102	102	6026	6026	328.650	-143.016	24.248	point		6025,6027	live-route-recording-20260712-170700-z102	proven
20260712-170700-z102	102	6027	6027	330.389	-144.760	24.161	point		6026,6028	live-route-recording-20260712-170700-z102	proven
20260712-170700-z102	102	6028	6028	332.742	-146.781	24.022	point		6027,6029	live-route-recording-20260712-170700-z102	proven
20260712-170700-z102	102	6029	6029	334.382	-148.036	24.118	point		6028,6030	live-route-recording-20260712-170700-z102	proven
20260712-170700-z102	102	6030	6030	336.804	-149.913	24.472	point		6029,6031	live-route-recording-20260712-170700-z102	proven
20260712-170700-z102	102	6031	6031	338.387	-151.200	24.712	point		6030,6032	live-route-recording-20260712-170700-z102	proven
20260712-170700-z102	102	6032	6032	340.749	-153.201	24.911	point		6031,6033	live-route-recording-20260712-170700-z102	proven
20260712-170700-z102	102	6033	6033	342.604	-154.800	24.869	point		6032,6034	live-route-recording-20260712-170700-z102	proven
20260712-170700-z102	102	6034	6034	344.945	-156.829	24.701	point		6033,6035	live-route-recording-20260712-170700-z102	proven
20260712-170700-z102	102	6035	6035	346.501	-158.180	24.546	point		6034,6036	live-route-recording-20260712-170700-z102	proven
20260712-170700-z102	102	6036	6036	348.823	-160.197	24.358	point		6035,6037	live-route-recording-20260712-170700-z102	proven
20260712-170700-z102	102	6037	6037	350.382	-161.551	24.314	point		6036,6038	live-route-recording-20260712-170700-z102	proven
20260712-170700-z102	102	6038	6038	352.710	-163.573	24.405	point		6037,6039	live-route-recording-20260712-170700-z102	proven
20260712-170700-z102	102	6039	6039	354.556	-165.176	24.315	point		6038,6040	live-route-recording-20260712-170700-z102	proven
20260712-170700-z102	102	6040	6040	356.879	-167.195	24.390	point		6039,6041	live-route-recording-20260712-170700-z102	proven
20260712-170700-z102	102	6041	6041	358.435	-168.547	24.240	point		6040,6042	live-route-recording-20260712-170700-z102	proven
20260712-170700-z102	102	6042	6042	360.772	-170.577	24.328	point		6041,6043	live-route-recording-20260712-170700-z102	proven
20260712-170700-z102	102	6043	6043	362.449	-172.035	24.401	point		6042,6044	live-route-recording-20260712-170700-z102	proven
20260712-170700-z102	102	6044	6044	364.645	-173.942	24.590	point		6043,6045	live-route-recording-20260712-170700-z102	proven
20260712-170700-z102	102	6045	6045	366.461	-175.520	24.748	point		6044,6046	live-route-recording-20260712-170700-z102	proven
20260712-170700-z102	102	6046	6046	368.805	-177.556	24.715	point		6045,6047	live-route-recording-20260712-170700-z102	proven
20260712-170700-z102	102	6047	6047	370.360	-178.907	24.560	point		6046,6048	live-route-recording-20260712-170700-z102	proven
20260712-170700-z102	102	6048	6048	372.702	-180.942	24.316	point		6047,6049	live-route-recording-20260712-170700-z102	proven
20260712-170700-z102	102	6049	6049	374.246	-182.283	24.171	point		6048,6050	live-route-recording-20260712-170700-z102	proven
20260712-170700-z102	102	6050	6050	376.584	-184.314	23.987	point		6049,6051	live-route-recording-20260712-170700-z102	proven
20260712-170700-z102	102	6051	6051	378.469	-185.952	24.128	point		6050,6052	live-route-recording-20260712-170700-z102	proven
20260712-170700-z102	102	6052	6052	380.795	-187.973	24.236	point		6051,6053	live-route-recording-20260712-170700-z102	proven
20260712-170700-z102	102	6053	6053	382.346	-189.320	24.381	point		6052,6054	live-route-recording-20260712-170700-z102	proven
20260712-170700-z102	102	6054	6054	384.688	-191.355	24.549	point		6053,6055	live-route-recording-20260712-170700-z102	proven
20260712-170700-z102	102	6055	6055	386.224	-192.690	24.481	point		6054,6056	live-route-recording-20260712-170700-z102	proven
20260712-170700-z102	102	6056	6056	388.544	-194.705	24.299	point		6055,6057	live-route-recording-20260712-170700-z102	proven
20260712-170700-z102	102	6057	6057	390.363	-196.285	24.305	point		6056,6058	live-route-recording-20260712-170700-z102	proven
20260712-170700-z102	102	6058	6058	392.688	-198.305	24.269	point		6057,6059	live-route-recording-20260712-170700-z102	proven
20260712-170700-z102	102	6059	6059	394.243	-199.656	24.107	point		6058,6060	live-route-recording-20260712-170700-z102	proven
20260712-170700-z102	102	6060	6060	395.922	-201.115	23.999	point		6059,6061	live-route-recording-20260712-170700-z102	proven
20260712-170700-z102	102	6061	6061	398.257	-203.143	23.851	point		6060,6062	live-route-recording-20260712-170700-z102	proven
20260712-170700-z102	102	6062	6062	400.456	-205.053	23.683	point		6061,6063	live-route-recording-20260712-170700-z102	proven
20260712-170700-z102	102	6063	6063	402.300	-206.656	23.582	point		6062,6064	live-route-recording-20260712-170700-z102	proven
20260712-170700-z102	102	6064	6064	404.628	-208.678	23.485	point		6063,6065	live-route-recording-20260712-170700-z102	proven
20260712-170700-z102	102	6065	6065	406.184	-210.030	23.523	point		6064,6066	live-route-recording-20260712-170700-z102	proven
20260712-170700-z102	102	6066	6066	408.514	-212.054	23.651	point		6065,6067	live-route-recording-20260712-170700-z102	proven
20260712-170700-z102	102	6067	6067	410.067	-213.404	23.411	point		6066,6068	live-route-recording-20260712-170700-z102	proven
20260712-170700-z102	102	6068	6068	412.399	-215.429	23.228	point		6067,6069	live-route-recording-20260712-170700-z102	proven
20260712-170700-z102	102	6069	6069	414.216	-217.008	23.441	point		6068,6070	live-route-recording-20260712-170700-z102	proven
20260712-170700-z102	102	6070	6070	416.557	-219.041	23.577	point		6069,6071	live-route-recording-20260712-170700-z102	proven
20260712-170700-z102	102	6071	6071	418.113	-220.393	23.628	point		6070,6072	live-route-recording-20260712-170700-z102	proven
20260712-170700-z102	102	6072	6072	419.791	-221.851	23.404	point		6071,6073	live-route-recording-20260712-170700-z102	proven
20260712-170700-z102	102	6073	6073	422.101	-223.858	22.793	point		6072,6074	live-route-recording-20260712-170700-z102	proven
20260712-170700-z102	102	6074	6074	424.293	-225.762	22.960	point		6073,6075	live-route-recording-20260712-170700-z102	proven
20260712-170700-z102	102	6075	6075	426.126	-227.354	23.342	point		6074,6076	live-route-recording-20260712-170700-z102	proven
20260712-170700-z102	102	6076	6076	428.458	-229.380	23.546	point		6075,6077	live-route-recording-20260712-170700-z102	proven
20260712-170700-z102	102	6077	6077	430.005	-230.725	23.536	point		6076,6078	live-route-recording-20260712-170700-z102	proven
20260712-170700-z102	102	6078	6078	432.332	-232.746	23.613	point		6077,6079	live-route-recording-20260712-170700-z102	proven
20260712-170700-z102	102	6079	6079	433.883	-234.093	23.731	point		6078,6080	live-route-recording-20260712-170700-z102	proven
20260712-170700-z102	102	6080	6080	436.212	-236.117	23.747	point		6079,6081	live-route-recording-20260712-170700-z102	proven
20260712-170700-z102	102	6081	6081	438.041	-237.706	23.956	point		6080,6082	live-route-recording-20260712-170700-z102	proven
20260712-170700-z102	102	6082	6082	440.374	-239.732	24.000	point		6081,6083	live-route-recording-20260712-170700-z102	proven
20260712-170700-z102	102	6083	6083	441.918	-241.074	24.000	point		6082,6084	live-route-recording-20260712-170700-z102	proven
20260712-170700-z102	102	6084	6084	444.234	-243.086	24.000	point		6083,6085	live-route-recording-20260712-170700-z102	proven
20260712-170700-z102	102	6085	6085	445.779	-244.429	23.922	point		6084,6086	live-route-recording-20260712-170700-z102	proven
20260712-170700-z102	102	6086	6086	448.077	-246.425	23.437	point		6085,6087	live-route-recording-20260712-170700-z102	proven
20260712-170700-z102	102	6087	6087	449.761	-247.888	22.977	point		6086,6088	live-route-recording-20260712-170700-z102	proven
20260712-170700-z102	102	6088	6088	451.860	-249.711	22.166	point		6087,6089	live-route-recording-20260712-170700-z102	proven
20260712-170700-z102	102	6089	6089	453.394	-251.044	21.812	point		6088,6090	live-route-recording-20260712-170700-z102	proven
20260712-170700-z102	102	6090	6090	455.682	-253.032	21.175	point		6089,6091	live-route-recording-20260712-170700-z102	proven
20260712-170700-z102	102	6091	6091	457.027	-254.200	20.763	point		6090,6092	live-route-recording-20260712-170700-z102	proven
20260712-170700-z102	102	6092	6092	459.355	-256.222	20.101	point		6091,6093	live-route-recording-20260712-170700-z102	proven
20260712-170700-z102	102	6093	6093	461.291	-257.904	20.189	point		6092,6094	live-route-recording-20260712-170700-z102	proven
20260712-170700-z102	102	6094	6094	462.838	-259.247	20.414	point		6093,6095	live-route-recording-20260712-170700-z102	proven
20260712-170700-z102	102	6095	6095	465.141	-261.248	20.667	point		6094,6096	live-route-recording-20260712-170700-z102	proven
20260712-170700-z102	102	6096	6096	466.654	-262.562	20.845	point		6095,6097	live-route-recording-20260712-170700-z102	proven
20260712-170700-z102	102	6097	6097	468.830	-264.453	21.323	point		6096,6098	live-route-recording-20260712-170700-z102	proven
20260712-170700-z102	102	6098	6098	470.870	-266.225	22.454	point		6097,6099	live-route-recording-20260712-170700-z102	proven
20260712-170700-z102	102	6099	6099	472.575	-267.856	23.322	point		6098,6100	live-route-recording-20260712-170700-z102	proven
20260712-170700-z102	102	6100	6100	474.411	-270.286	23.747	point		6099,6101	live-route-recording-20260712-170700-z102	proven
20260712-170700-z102	102	6101	6101	475.410	-272.066	23.883	point		6100,6102	live-route-recording-20260712-170700-z102	proven
20260712-170700-z102	102	6102	6102	476.698	-274.879	24.055	point		6101,6103	live-route-recording-20260712-170700-z102	proven
20260712-170700-z102	102	6103	6103	477.469	-276.789	24.000	point		6102,6104	live-route-recording-20260712-170700-z102	proven
20260712-170700-z102	102	6104	6104	478.577	-279.674	24.000	point		6103,6105	live-route-recording-20260712-170700-z102	proven
20260712-170700-z102	102	6105	6105	479.427	-281.945	24.000	point		6104,6106	live-route-recording-20260712-170700-z102	proven
20260712-170700-z102	102	6106	6106	480.493	-284.828	23.879	point		6105,6107	live-route-recording-20260712-170700-z102	proven
20260712-170700-z102	102	6107	6107	481.211	-286.780	23.896	point		6106,6108	live-route-recording-20260712-170700-z102	proven
20260712-170700-z102	102	6108	6108	482.392	-289.622	23.817	point		6107,6109	live-route-recording-20260712-170700-z102	proven
20260712-170700-z102	102	6109	6109	483.452	-291.572	23.716	point		6108,6110	live-route-recording-20260712-170700-z102	proven
20260712-170700-z102	102	6110	6110	485.032	-294.031	23.602	point		6109,6111	live-route-recording-20260712-170700-z102	proven
20260712-170700-z102	102	6111	6111	486.509	-296.006	23.651	point		6110,6112	live-route-recording-20260712-170700-z102	proven
20260712-170700-z102	102	6112	6112	488.530	-298.321	23.893	point		6111,6113	live-route-recording-20260712-170700-z102	proven
20260712-170700-z102	102	6113	6113	490.052	-299.930	24.074	point		6112,6114	live-route-recording-20260712-170700-z102	proven
20260712-170700-z102	102	6114	6114	491.509	-301.431	23.700	point		6113,6115	live-route-recording-20260712-170700-z102	proven
20260712-170700-z102	102	6115	6115	493.785	-303.741	23.666	point		6114,6116	live-route-recording-20260712-170700-z102	proven
20260712-170700-z102	102	6116	6116	495.713	-305.683	23.419	point		6115,6117	live-route-recording-20260712-170700-z102	proven
20260712-170700-z102	102	6117	6117	497.417	-307.394	23.426	point		6116,6118	live-route-recording-20260712-170700-z102	proven
20260712-170700-z102	102	6118	6118	499.586	-309.569	23.784	point		6117,6119	live-route-recording-20260712-170700-z102	proven
20260712-170700-z102	102	6119	6119	501.038	-311.025	23.911	point		6118,6120	live-route-recording-20260712-170700-z102	proven
20260712-170700-z102	102	6120	6120	503.194	-313.185	23.565	point		6119,6121	live-route-recording-20260712-170700-z102	proven
20260712-170700-z102	102	6121	6121	504.647	-314.642	23.217	point		6120,6122	live-route-recording-20260712-170700-z102	proven
20260712-170700-z102	102	6122	6122	506.809	-316.847	23.000	point		6121,6123	live-route-recording-20260712-170700-z102	proven
20260712-170700-z102	102	6123	6123	508.460	-318.662	23.051	point		6122,6124	live-route-recording-20260712-170700-z102	proven
20260712-170700-z102	102	6124	6124	510.425	-321.046	23.297	point		6123,6125	live-route-recording-20260712-170700-z102	proven
20260712-170700-z102	102	6125	6125	511.688	-322.662	23.454	point		6124,6126	live-route-recording-20260712-170700-z102	proven
20260712-170700-z102	102	6126	6126	513.040	-324.430	23.575	point		6125,6127	live-route-recording-20260712-170700-z102	proven
20260712-170700-z102	102	6127	6127	514.846	-326.930	23.796	point		6126,6128	live-route-recording-20260712-170700-z102	proven
20260712-170700-z102	102	6128	6128	516.396	-329.358	24.120	point		6127,6129	live-route-recording-20260712-170700-z102	proven
20260712-170700-z102	102	6129	6129	517.641	-331.477	24.373	point		6128,6130	live-route-recording-20260712-170700-z102	proven
20260712-170700-z102	102	6130	6130	519.145	-334.164	24.612	point		6129,6131	live-route-recording-20260712-170700-z102	proven
20260712-170700-z102	102	6131	6131	520.136	-335.972	24.793	point		6130,6132	live-route-recording-20260712-170700-z102	proven
20260712-170700-z102	102	6132	6132	521.608	-338.688	24.888	point		6131,6133	live-route-recording-20260712-170700-z102	proven
20260712-170700-z102	102	6133	6133	522.585	-340.498	24.644	point		6132,6134	live-route-recording-20260712-170700-z102	proven
20260712-170700-z102	102	6134	6134	524.048	-343.212	24.535	point		6133,6135	live-route-recording-20260712-170700-z102	proven
20260712-170700-z102	102	6135	6135	525.211	-345.374	24.452	point		6134,6136	live-route-recording-20260712-170700-z102	proven
20260712-170700-z102	102	6136	6136	526.664	-348.077	24.461	point		6135,6137	live-route-recording-20260712-170700-z102	proven
20260712-170700-z102	102	6137	6137	527.641	-349.896	24.375	point		6136,6138	live-route-recording-20260712-170700-z102	proven
20260712-170700-z102	102	6138	6138	528.694	-351.855	24.283	point		6137,6139	live-route-recording-20260712-170700-z102	proven
20260712-170700-z102	102	6139	6139	530.158	-354.578	24.407	point		6138,6140	live-route-recording-20260712-170700-z102	proven
20260712-170700-z102	102	6140	6140	531.536	-357.152	24.196	point		6139,6141	live-route-recording-20260712-170700-z102	proven
20260712-170700-z102	102	6141	6141	532.592	-359.328	24.411	point		6140,6142	live-route-recording-20260712-170700-z102	proven
20260712-170700-z102	102	6142	6142	533.671	-362.234	24.701	point		6141,6143	live-route-recording-20260712-170700-z102	proven
20260712-170700-z102	102	6143	6143	534.239	-364.185	24.733	point		6142,6144	live-route-recording-20260712-170700-z102	proven
20260712-170700-z102	102	6144	6144	534.961	-367.111	25.378	point		6143,6145	live-route-recording-20260712-170700-z102	proven
20260712-170700-z102	102	6145	6145	535.404	-369.087	25.859	point		6144,6146	live-route-recording-20260712-170700-z102	proven
20260712-170700-z102	102	6146	6146	536.024	-371.906	26.432	point		6145,6147	live-route-recording-20260712-170700-z102	proven
20260712-170700-z102	102	6147	6147	536.612	-374.073	27.370	point		6146,6148	live-route-recording-20260712-170700-z102	proven
20260712-170700-z102	102	6148	6148	537.573	-376.862	28.485	point		6147,6149	live-route-recording-20260712-170700-z102	proven
20260712-170700-z102	102	6149	6149	538.081	-378.633	28.762	point		6148,6150	live-route-recording-20260712-170700-z102	proven
20260712-170700-z102	102	6150	6150	538.473	-381.422	30.640	point		6149,6151	live-route-recording-20260712-170700-z102	proven
20260712-170700-z102	102	6151	6151	538.545	-383.432	30.942	point		6150,6152	live-route-recording-20260712-170700-z102	proven
20260712-170700-z102	102	6152	6152	538.587	-386.375	31.342	point		6151,6153	live-route-recording-20260712-170700-z102	proven
20260712-170700-z102	102	6153	6153	538.535	-388.622	32.286	point		6152,6154	live-route-recording-20260712-170700-z102	proven
20260712-170700-z102	102	6154	6154	538.336	-389.855	32.612	point		6153,6155	live-route-recording-20260712-170700-z102	proven
20260712-170700-z102	102	6155	6155	537.634	-391.656	34.734	point		6154,6156	live-route-recording-20260712-170700-z102	proven
20260712-170700-z102	102	6156	6156	536.618	-393.555	39.562	point		6155,6157	live-route-recording-20260712-170700-z102	proven
20260712-170700-z102	102	6157	6157	535.013	-396.174	40.583	point		6156,6158	live-route-recording-20260712-170700-z102	proven
20260712-170700-z102	102	6158	6158	533.463	-398.437	40.496	point		6157,6159	live-route-recording-20260712-170700-z102	proven
20260712-170700-z102	102	6159	6159	532.021	-400.379	40.398	point		6158,6160	live-route-recording-20260712-170700-z102	proven
20260712-170700-z102	102	6160	6160	529.882	-402.605	40.293	point		6159,6161	live-route-recording-20260712-170700-z102	proven
20260712-170700-z102	102	6161	6161	528.157	-403.723	40.207	point		6160,6162	live-route-recording-20260712-170700-z102	proven
20260712-170700-z102	102	6162	6162	525.267	-404.732	40.098	point		6161,6163	live-route-recording-20260712-170700-z102	proven
20260712-170700-z102	102	6163	6163	523.241	-405.132	40.056	point		6162,6164	live-route-recording-20260712-170700-z102	proven
20260712-170700-z102	102	6164	6164	520.172	-405.349	40.066	point		6163,6165	live-route-recording-20260712-170700-z102	proven
20260712-170700-z102	102	6165	6165	517.851	-404.687	39.897	point		6164,6166	live-route-recording-20260712-170700-z102	proven
20260712-170700-z102	102	6166	6166	516.741	-402.392	39.795	point		6165,6167	live-route-recording-20260712-170700-z102	proven
20260712-170700-z102	102	6167	6167	517.445	-400.735	39.839	point		6166,6168	live-route-recording-20260712-170700-z102	proven
20260712-170700-z102	102	6168	6168	518.764	-399.401	39.921	point		6167,6169	live-route-recording-20260712-170700-z102	proven
20260712-170700-z102	102	6169	6169	519.996	-398.627	39.913	point		6168,6170	live-route-recording-20260712-170700-z102	proven
20260712-170700-z102	102	6170	6170	522.644	-397.424	39.837	point		6169,6171	live-route-recording-20260712-170700-z102	proven
20260712-170700-z102	102	6171	6171	524.576	-396.607	39.830	point		6170,6172	live-route-recording-20260712-170700-z102	proven
20260712-170700-z102	102	6172	6172	527.147	-395.696	39.773	point		6171,6173	live-route-recording-20260712-170700-z102	proven
20260712-170700-z102	102	6173	6173	529.232	-395.022	39.759	point		6172,6174	live-route-recording-20260712-170700-z102	proven
20260712-170700-z102	102	6174	6174	531.450	-394.653	40.148	point		6173,6175	live-route-recording-20260712-170700-z102	proven
20260712-170700-z102	102	6175	6175	534.704	-394.811	40.178	point		6174,6176	live-route-recording-20260712-170700-z102	proven
20260712-170700-z102	102	6176	6176	536.713	-395.197	40.277	point		6175,6177	live-route-recording-20260712-170700-z102	proven
20260712-170700-z102	102	6177	6177	539.638	-396.173	40.755	point		6176,6178	live-route-recording-20260712-170700-z102	proven
20260712-170700-z102	102	6178	6178	541.549	-396.940	40.740	point		6177,6179	live-route-recording-20260712-170700-z102	proven
20260712-170700-z102	102	6179	6179	544.461	-397.929	40.626	point		6178,6180	live-route-recording-20260712-170700-z102	proven
20260712-170700-z102	102	6180	6180	546.425	-398.494	40.463	point		6179,6181	live-route-recording-20260712-170700-z102	proven
20260712-170700-z102	102	6181	6181	549.391	-399.310	40.285	point		6180,6182	live-route-recording-20260712-170700-z102	proven
20260712-170700-z102	102	6182	6182	552.193	-400.049	40.163	point		6181,6183	live-route-recording-20260712-170700-z102	proven
20260712-170700-z102	102	6183	6183	554.476	-400.425	40.075	point		6182,6184	live-route-recording-20260712-170700-z102	proven
20260712-170700-z102	102	6184	6184	557.315	-400.585	40.000	point		6183,6185	live-route-recording-20260712-170700-z102	proven
20260712-170700-z102	102	6185	6185	559.116	-400.404	40.000	point		6184,6186	live-route-recording-20260712-170700-z102	proven
20260712-170700-z102	102	6186	6186	562.040	-399.445	39.964	point		6185,6187	live-route-recording-20260712-170700-z102	proven
20260712-170700-z102	102	6187	6187	564.103	-398.613	39.912	point		6186,6188	live-route-recording-20260712-170700-z102	proven
20260712-170700-z102	102	6188	6188	566.565	-397.573	39.974	point		6187,6189	live-route-recording-20260712-170700-z102	proven
20260712-170700-z102	102	6189	6189	568.685	-396.666	40.062	point		6188,6190	live-route-recording-20260712-170700-z102	proven
20260712-170700-z102	102	6190	6190	571.443	-395.280	40.251	point		6189,6191	live-route-recording-20260712-170700-z102	proven
20260712-170700-z102	102	6191	6191	573.180	-394.188	40.327	point		6190,6192	live-route-recording-20260712-170700-z102	proven
20260712-170700-z102	102	6192	6192	574.877	-393.037	40.433	point		6191,6193	live-route-recording-20260712-170700-z102	proven
20260712-170700-z102	102	6193	6193	577.567	-391.173	40.421	point		6192,6194	live-route-recording-20260712-170700-z102	proven
20260712-170700-z102	102	6194	6194	579.395	-389.892	40.307	point		6193,6195	live-route-recording-20260712-170700-z102	proven
20260712-170700-z102	102	6195	6195	581.656	-387.901	40.281	point		6194,6196	live-route-recording-20260712-170700-z102	proven
20260712-170700-z102	102	6196	6196	583.811	-385.687	40.463	point		6195,6197	live-route-recording-20260712-170700-z102	proven
20260712-170700-z102	102	6197	6197	585.111	-384.109	40.461	point		6196,6198	live-route-recording-20260712-170700-z102	proven
20260712-170700-z102	102	6198	6198	586.841	-381.688	40.484	point		6197,6199	live-route-recording-20260712-170700-z102	proven
20260712-170700-z102	102	6199	6199	588.013	-379.990	40.476	point		6198,6200	live-route-recording-20260712-170700-z102	proven
20260712-170700-z102	102	6200	6200	589.685	-377.539	40.228	point		6199,6201	live-route-recording-20260712-170700-z102	proven
20260712-170700-z102	102	6201	6201	590.830	-375.542	40.033	point		6200,6202	live-route-recording-20260712-170700-z102	proven
20260712-170700-z102	102	6202	6202	592.210	-372.775	39.860	point		6201,6203	live-route-recording-20260712-170700-z102	proven
20260712-170700-z102	102	6203	6203	593.112	-370.907	39.791	point		6202,6204	live-route-recording-20260712-170700-z102	proven
20260712-170700-z102	102	6204	6204	594.418	-368.103	39.870	point		6203,6205	live-route-recording-20260712-170700-z102	proven
20260712-170700-z102	102	6205	6205	595.072	-366.158	39.809	point		6204,6206	live-route-recording-20260712-170700-z102	proven
20260712-170700-z102	102	6206	6206	595.598	-363.855	39.522	point		6205,6207	live-route-recording-20260712-170700-z102	proven
20260712-170700-z102	102	6207	6207	595.905	-361.949	39.658	point		6206,6208	live-route-recording-20260712-170700-z102	proven
20260712-170700-z102	102	6208	6208	596.216	-359.233	39.762	point		6207,6209	live-route-recording-20260712-170700-z102	proven
20260712-170700-z102	102	6209	6209	596.295	-357.294	39.767	point		6208,6210	live-route-recording-20260712-170700-z102	proven
20260712-170700-z102	102	6210	6210	596.286	-354.218	39.908	point		6209,6211	live-route-recording-20260712-170700-z102	proven
20260712-170700-z102	102	6211	6211	596.264	-352.164	40.074	point		6210,6212	live-route-recording-20260712-170700-z102	proven
20260712-170700-z102	102	6212	6212	596.226	-349.084	40.226	point		6211,6213	live-route-recording-20260712-170700-z102	proven
20260712-170700-z102	102	6213	6213	596.194	-346.479	40.431	point		6212,6214	live-route-recording-20260712-170700-z102	proven
20260712-170700-z102	102	6214	6214	596.188	-344.429	40.640	point		6213,6215	live-route-recording-20260712-170700-z102	proven
20260712-170700-z102	102	6215	6215	596.431	-341.471	40.742	point		6214,6216	live-route-recording-20260712-170700-z102	proven
20260712-170700-z102	102	6216	6216	596.691	-339.423	40.774	point		6215,6217	live-route-recording-20260712-170700-z102	proven
20260712-170700-z102	102	6217	6217	597.106	-336.370	40.646	point		6216,6218	live-route-recording-20260712-170700-z102	proven
20260712-170700-z102	102	6218	6218	597.504	-333.498	40.397	point		6217,6219	live-route-recording-20260712-170700-z102	proven
20260712-170700-z102	102	6219	6219	597.838	-331.085	40.219	point		6218,6220	live-route-recording-20260712-170700-z102	proven
20260712-170700-z102	102	6220	6220	598.099	-328.036	39.752	point		6219,6221	live-route-recording-20260712-170700-z102	proven
20260712-170700-z102	102	6221	6221	598.037	-326.228	39.573	point		6220,6222	live-route-recording-20260712-170700-z102	proven
20260712-170700-z102	102	6222	6222	597.752	-323.239	39.641	point		6221,6223	live-route-recording-20260712-170700-z102	proven
20260712-170700-z102	102	6223	6223	597.522	-321.195	39.843	point		6222,6224	live-route-recording-20260712-170700-z102	proven
20260712-170700-z102	102	6224	6224	597.336	-318.111	39.832	point		6223,6225	live-route-recording-20260712-170700-z102	proven
20260712-170700-z102	102	6225	6225	597.909	-316.522	39.868	point		6224,6226	live-route-recording-20260712-170700-z102	proven
20260712-170700-z102	102	6226	6226	599.826	-315.447	39.722	point		6225,6227	live-route-recording-20260712-170700-z102	proven
20260712-170700-z102	102	6227	6227	601.663	-315.375	39.709	point		6226,6228	live-route-recording-20260712-170700-z102	proven
20260712-170700-z102	102	6228	6228	603.871	-316.070	39.973	point		6227,6229	live-route-recording-20260712-170700-z102	proven
20260712-170700-z102	102	6229	6229	605.451	-317.281	39.398	point		6228,6230	live-route-recording-20260712-170700-z102	proven
20260712-170700-z102	102	6230	6230	606.781	-319.496	38.895	point		6229,6231	live-route-recording-20260712-170700-z102	proven
20260712-170700-z102	102	6231	6231	607.464	-321.527	38.644	point		6230,6232	live-route-recording-20260712-170700-z102	proven
20260712-170700-z102	102	6232	6232	608.018	-323.364	38.280	point		6231,6233	live-route-recording-20260712-170700-z102	proven
20260712-170700-z102	102	6233	6233	608.791	-326.282	38.444	point		6232,6234	live-route-recording-20260712-170700-z102	proven
20260712-170700-z102	102	6234	6234	609.015	-328.259	38.996	point		6233,6235	live-route-recording-20260712-170700-z102	proven
20260712-170700-z102	102	6235	6235	609.050	-331.332	39.010	point		6234,6236	live-route-recording-20260712-170700-z102	proven
20260712-170700-z102	102	6236	6236	608.887	-334.241	38.927	point		6235,6237	live-route-recording-20260712-170700-z102	proven
20260712-170700-z102	102	6237	6237	608.630	-336.670	38.895	point		6236,6238	live-route-recording-20260712-170700-z102	proven
20260712-170700-z102	102	6238	6238	608.266	-339.739	38.967	point		6237,6239	live-route-recording-20260712-170700-z102	proven
20260712-170700-z102	102	6239	6239	608.020	-341.775	38.873	point		6238,6240	live-route-recording-20260712-170700-z102	proven
20260712-170700-z102	102	6240	6240	607.649	-344.828	38.993	point		6239,6241	live-route-recording-20260712-170700-z102	proven
20260712-170700-z102	102	6241	6241	607.403	-346.855	39.135	point		6240,6242	live-route-recording-20260712-170700-z102	proven
20260712-170700-z102	102	6242	6242	607.032	-349.908	39.274	point		6241,6243	live-route-recording-20260712-170700-z102	proven
20260712-170700-z102	102	6243	6243	606.734	-352.356	39.363	point		6242,6244	live-route-recording-20260712-170700-z102	proven
20260712-170700-z102	102	6244	6244	606.362	-355.411	39.132	point		6243,6245	live-route-recording-20260712-170700-z102	proven
20260712-170700-z102	102	6245	6245	606.115	-357.445	39.149	point		6244,6246	live-route-recording-20260712-170700-z102	proven
20260712-170700-z102	102	6246	6246	605.982	-360.519	39.199	point		6245,6247	live-route-recording-20260712-170700-z102	proven
20260712-170700-z102	102	6247	6247	606.250	-362.570	39.099	point		6246,6248	live-route-recording-20260712-170700-z102	proven
20260712-170700-z102	102	6248	6248	606.901	-365.574	38.917	point		6247,6249	live-route-recording-20260712-170700-z102	proven
20260712-170700-z102	102	6249	6249	607.464	-367.961	38.755	point		6248,6250	live-route-recording-20260712-170700-z102	proven
20260712-170700-z102	102	6250	6250	608.198	-370.938	38.833	point		6249,6251	live-route-recording-20260712-170700-z102	proven
20260712-170700-z102	102	6251	6251	608.772	-372.915	38.679	point		6250,6252	live-route-recording-20260712-170700-z102	proven
20260712-170700-z102	102	6252	6252	609.517	-374.997	38.220	point		6251,6253	live-route-recording-20260712-170700-z102	proven
20260712-170700-z102	102	6253	6253	610.660	-377.863	37.757	point		6252,6254	live-route-recording-20260712-170700-z102	proven
20260712-170700-z102	102	6254	6254	611.759	-380.289	37.538	point		6253,6255	live-route-recording-20260712-170700-z102	proven
20260712-170700-z102	102	6255	6255	612.978	-382.331	37.773	point		6254,6256	live-route-recording-20260712-170700-z102	proven
20260712-170700-z102	102	6256	6256	614.758	-384.785	37.974	point		6255,6257	live-route-recording-20260712-170700-z102	proven
20260712-170700-z102	102	6257	6257	616.098	-386.245	38.174	point		6256,6258	live-route-recording-20260712-170700-z102	proven
20260712-170700-z102	102	6258	6258	618.203	-388.355	38.897	point		6257,6259	live-route-recording-20260712-170700-z102	proven
20260712-170700-z102	102	6259	6259	619.673	-389.804	39.067	point		6258,6260	live-route-recording-20260712-170700-z102	proven
20260712-170700-z102	102	6260	6260	621.689	-392.007	39.416	point		6259,6261	live-route-recording-20260712-170700-z102	proven
20260712-170700-z102	102	6261	6261	622.968	-393.782	40.007	point		6260,6262	live-route-recording-20260712-170700-z102	proven
20260712-170700-z102	102	6262	6262	624.661	-396.259	40.730	point		6261,6263	live-route-recording-20260712-170700-z102	proven
20260712-170700-z102	102	6263	6263	625.802	-397.952	40.616	point		6262,6264	live-route-recording-20260712-170700-z102	proven
20260712-170700-z102	102	6264	6264	627.515	-400.501	40.444	point		6263,6265	live-route-recording-20260712-170700-z102	proven
20260712-170700-z102	102	6265	6265	628.661	-402.206	40.366	point		6264,6266	live-route-recording-20260712-170700-z102	proven
20260712-170700-z102	102	6266	6266	630.468	-404.711	40.239	point		6265,6267	live-route-recording-20260712-170700-z102	proven
20260712-170700-z102	102	6267	6267	632.016	-406.308	40.082	point		6266,6268	live-route-recording-20260712-170700-z102	proven
20260712-170700-z102	102	6268	6268	634.123	-408.236	40.092	point		6267,6269	live-route-recording-20260712-170700-z102	proven
20260712-170700-z102	102	6269	6269	635.641	-409.611	40.261	point		6268,6270	live-route-recording-20260712-170700-z102	proven
20260712-170700-z102	102	6270	6270	637.446	-411.646	40.381	point		6269,6271	live-route-recording-20260712-170700-z102	proven
20260712-170700-z102	102	6271	6271	638.641	-413.302	40.526	point		6270,6272	live-route-recording-20260712-170700-z102	proven
20260712-170700-z102	102	6272	6272	639.617	-415.430	40.739	point		6271,6273	live-route-recording-20260712-170700-z102	proven
20260712-170700-z102	102	6273	6273	639.564	-417.537	40.876	point		6272,6274	live-route-recording-20260712-170700-z102	proven
20260712-170700-z102	102	6274	6274	639.190	-419.554	40.923	point		6273,6275	live-route-recording-20260712-170700-z102	proven
20260712-170700-z102	102	6275	6275	638.527	-422.771	40.670	point		6274,6276	live-route-recording-20260712-170700-z102	proven
20260712-170700-z102	102	6276	6276	638.256	-424.801	40.605	point		6275,6277	live-route-recording-20260712-170700-z102	proven
20260712-170700-z102	102	6277	6277	638.215	-428.063	40.396	point		6276,6278	live-route-recording-20260712-170700-z102	proven
20260712-170700-z102	102	6278	6278	638.379	-430.805	40.259	point		6277,6279	live-route-recording-20260712-170700-z102	proven
20260712-170700-z102	102	6279	6279	638.587	-433.192	40.139	point		6278,6280	live-route-recording-20260712-170700-z102	proven
20260712-170700-z102	102	6280	6280	639.325	-436.161	39.991	point		6279,6281	live-route-recording-20260712-170700-z102	proven
20260712-170700-z102	102	6281	6281	639.961	-438.125	40.000	point		6280,6282	live-route-recording-20260712-170700-z102	proven
20260712-170700-z102	102	6282	6282	640.955	-441.045	40.000	point		6281,6283	live-route-recording-20260712-170700-z102	proven
20260712-170700-z102	102	6283	6283	641.588	-442.882	40.000	point		6282,6284	live-route-recording-20260712-170700-z102	proven
20260712-170700-z102	102	6284	6284	642.566	-445.805	40.089	point		6283,6285	live-route-recording-20260712-170700-z102	proven
20260712-170700-z102	102	6285	6285	643.146	-448.029	40.200	point		6284,6286	live-route-recording-20260712-170700-z102	proven
20260712-170700-z102	102	6286	6286	643.710	-450.937	40.346	point		6285,6287	live-route-recording-20260712-170700-z102	proven
20260712-170700-z102	102	6287	6287	644.076	-452.955	40.449	point		6286,6288	live-route-recording-20260712-170700-z102	proven
20260712-170700-z102	102	6288	6288	644.407	-454.794	40.552	point		6287,6289	live-route-recording-20260712-170700-z102	proven
20260712-170700-z102	102	6289	6289	644.200	-456.680	40.677	point		6288,6290	live-route-recording-20260712-170700-z102	proven
20260712-170700-z102	102	6290	6290	643.886	-459.232	40.961	point		6289,6291	live-route-recording-20260712-170700-z102	proven
20260712-170700-z102	102	6291	6291	643.814	-462.014	40.898	point		6290,6292	live-route-recording-20260712-170700-z102	proven
20260712-170700-z102	102	6292	6292	643.576	-464.174	40.778	point		6291,6293	live-route-recording-20260712-170700-z102	proven
20260712-170700-z102	102	6293	6293	643.110	-467.101	40.486	point		6292,6294	live-route-recording-20260712-170700-z102	proven
20260712-170700-z102	102	6294	6294	642.767	-469.134	40.342	point		6293,6295	live-route-recording-20260712-170700-z102	proven
20260712-170700-z102	102	6295	6295	642.245	-472.187	40.190	point		6294,6296	live-route-recording-20260712-170700-z102	proven
20260712-170700-z102	102	6296	6296	641.850	-474.215	40.088	point		6295,6297	live-route-recording-20260712-170700-z102	proven
20260712-170700-z102	102	6297	6297	640.484	-476.251	39.986	point		6296,6298	live-route-recording-20260712-170700-z102	proven
20260712-170700-z102	102	6298	6298	638.699	-477.517	40.080	point		6297,6299	live-route-recording-20260712-170700-z102	proven
20260712-170700-z102	102	6299	6299	636.303	-479.053	40.058	point		6298,6300	live-route-recording-20260712-170700-z102	proven
20260712-170700-z102	102	6300	6300	634.859	-480.157	40.045	point		6299,6301	live-route-recording-20260712-170700-z102	proven
20260712-170700-z102	102	6301	6301	632.456	-482.111	40.176	point		6300,6302	live-route-recording-20260712-170700-z102	proven
20260712-170700-z102	102	6302	6302	630.729	-483.535	40.262	point		6301,6303	live-route-recording-20260712-170700-z102	proven
20260712-170700-z102	102	6303	6303	628.500	-485.376	39.918	point		6302,6304	live-route-recording-20260712-170700-z102	proven
20260712-170700-z102	102	6304	6304	626.628	-486.924	39.452	point		6303,6305	live-route-recording-20260712-170700-z102	proven
20260712-170700-z102	102	6305	6305	624.306	-488.845	38.558	point		6304,6306	live-route-recording-20260712-170700-z102	proven
20260712-170700-z102	102	6306	6306	622.743	-490.138	37.941	point		6305,6307	live-route-recording-20260712-170700-z102	proven
20260712-170700-z102	102	6307	6307	621.165	-491.443	37.499	point		6306,6308	live-route-recording-20260712-170700-z102	proven
20260712-170700-z102	102	6308	6308	618.669	-493.507	37.411	point		6307,6309	live-route-recording-20260712-170700-z102	proven
20260712-170700-z102	102	6309	6309	616.495	-495.448	37.337	point		6308,6310	live-route-recording-20260712-170700-z102	proven
20260712-170700-z102	102	6310	6310	615.093	-497.323	37.350	point		6309,6311	live-route-recording-20260712-170700-z102	proven
20260712-170700-z102	102	6311	6311	613.715	-500.039	37.391	point		6310,6312	live-route-recording-20260712-170700-z102	proven
20260712-170700-z102	102	6312	6312	612.866	-501.876	37.500	point		6311,6313	live-route-recording-20260712-170700-z102	proven
20260712-170700-z102	102	6313	6313	611.608	-504.649	37.763	point		6312,6314	live-route-recording-20260712-170700-z102	proven
20260712-170700-z102	102	6314	6314	610.752	-506.504	37.955	point		6313,6315	live-route-recording-20260712-170700-z102	proven
20260712-170700-z102	102	6315	6315	609.593	-509.344	37.888	point		6314,6316	live-route-recording-20260712-170700-z102	proven
20260712-170700-z102	102	6316	6316	608.838	-511.496	38.220	point		6315,6317	live-route-recording-20260712-170700-z102	proven
20260712-170700-z102	102	6317	6317	607.879	-514.386	38.622	point		6316,6318	live-route-recording-20260712-170700-z102	proven
20260712-170700-z102	102	6318	6318	607.237	-516.334	38.725	point		6317,6319	live-route-recording-20260712-170700-z102	proven
20260712-170700-z102	102	6319	6319	606.197	-519.191	39.118	point		6318,6320	live-route-recording-20260712-170700-z102	proven
20260712-170700-z102	102	6320	6320	605.145	-520.890	39.513	point		6319,6321	live-route-recording-20260712-170700-z102	proven
20260712-170700-z102	102	6321	6321	603.162	-523.210	40.000	point		6320,6322	live-route-recording-20260712-170700-z102	proven
20260712-170700-z102	102	6322	6322	601.483	-524.854	39.622	point		6321,6323	live-route-recording-20260712-170700-z102	proven
20260712-170700-z102	102	6323	6323	599.112	-525.790	39.272	point		6322,6324	live-route-recording-20260712-170700-z102	proven
20260712-170700-z102	102	6324	6324	597.551	-525.726	39.291	point		6323,6325	live-route-recording-20260712-170700-z102	proven
20260712-170700-z102	102	6325	6325	595.891	-524.720	39.618	point		6324,6326	live-route-recording-20260712-170700-z102	proven
20260712-170700-z102	102	6326	6326	595.251	-523.038	39.662	point		6325,6327	live-route-recording-20260712-170700-z102	proven
20260712-170700-z102	102	6327	6327	594.868	-520.084	39.518	point		6326,6328	live-route-recording-20260712-170700-z102	proven
20260712-170700-z102	102	6328	6328	594.713	-518.057	39.460	point		6327,6329	live-route-recording-20260712-170700-z102	proven
20260712-170700-z102	102	6329	6329	594.505	-515.009	39.510	point		6328,6330	live-route-recording-20260712-170700-z102	proven
20260712-170700-z102	102	6330	6330	594.368	-512.959	39.649	point		6329,6331	live-route-recording-20260712-170700-z102	proven
20260712-170700-z102	102	6331	6331	594.163	-509.883	39.617	point		6330,6332	live-route-recording-20260712-170700-z102	proven
20260712-170700-z102	102	6332	6332	594.082	-508.662	39.646	point		6331,6333	live-route-recording-20260712-170700-z102	proven
20260712-170700-z102	102	6333	6333	593.901	-505.952	39.517	point		6332,6334	live-route-recording-20260712-170700-z102	proven
20260712-170700-z102	102	6334	6334	593.750	-503.677	39.656	point		6333,6335	live-route-recording-20260712-170700-z102	proven
20260712-170700-z102	102	6335	6335	593.713	-500.827	39.787	point		6334,6336	live-route-recording-20260712-170700-z102	proven
20260712-170700-z102	102	6336	6336	593.872	-498.802	39.906	point		6335,6337	live-route-recording-20260712-170700-z102	proven
20260712-170700-z102	102	6337	6337	594.299	-495.778	40.003	point		6336,6338	live-route-recording-20260712-170700-z102	proven
20260712-170700-z102	102	6338	6338	594.759	-493.785	40.252	point		6337,6339	live-route-recording-20260712-170700-z102	proven
20260712-170700-z102	102	6339	6339	595.552	-490.795	40.207	point		6338,6340	live-route-recording-20260712-170700-z102	proven
20260712-170700-z102	102	6340	6340	595.789	-488.712	40.160	point		6339,6341	live-route-recording-20260712-170700-z102	proven
20260712-170700-z102	102	6341	6341	595.712	-485.621	40.011	point		6340,6342	live-route-recording-20260712-170700-z102	proven
20260712-170700-z102	102	6342	6342	595.600	-483.578	39.792	point		6341,6343	live-route-recording-20260712-170700-z102	proven
20260712-170700-z102	102	6343	6343	595.406	-480.501	39.720	point		6342,6344	live-route-recording-20260712-170700-z102	proven
20260712-170700-z102	102	6344	6344	595.275	-478.450	39.670	point		6343,6345	live-route-recording-20260712-170700-z102	proven
20260712-170700-z102	102	6345	6345	595.055	-475.377	39.618	point		6344,6346	live-route-recording-20260712-170700-z102	proven
20260712-170700-z102	102	6346	6346	594.676	-473.233	39.571	point		6345,6347	live-route-recording-20260712-170700-z102	proven
20260712-170700-z102	102	6347	6347	593.364	-471.184	39.205	point		6346,6348	live-route-recording-20260712-170700-z102	proven
20260712-170700-z102	102	6348	6348	591.729	-470.263	38.618	point		6347,6349	live-route-recording-20260712-170700-z102	proven
20260712-170700-z102	102	6349	6349	589.336	-468.894	37.569	point		6348,6350	live-route-recording-20260712-170700-z102	proven
20260712-170700-z102	102	6350	6350	587.762	-467.621	36.879	point		6349,6351	live-route-recording-20260712-170700-z102	proven
20260712-170700-z102	102	6351	6351	586.147	-465.536	36.359	point		6350,6352	live-route-recording-20260712-170700-z102	proven
20260712-170700-z102	102	6352	6352	585.044	-463.645	35.986	point		6351,6353	live-route-recording-20260712-170700-z102	proven
20260712-170700-z102	102	6353	6353	583.551	-461.122	36.194	point		6352,6354	live-route-recording-20260712-170700-z102	proven
20260712-170700-z102	102	6354	6354	582.231	-459.552	36.183	point		6353,6355	live-route-recording-20260712-170700-z102	proven
20260712-170700-z102	102	6355	6355	580.808	-458.065	36.020	point		6354,6356	live-route-recording-20260712-170700-z102	proven
20260712-170700-z102	102	6356	6356	578.522	-455.817	36.087	point		6355,6357	live-route-recording-20260712-170700-z102	proven
20260712-170700-z102	102	6357	6357	576.391	-454.006	36.825	point		6356,6358	live-route-recording-20260712-170700-z102	proven
20260712-170700-z102	102	6358	6358	574.383	-452.437	37.257	point		6357,6359	live-route-recording-20260712-170700-z102	proven
20260712-170700-z102	102	6359	6359	572.765	-451.215	37.666	point		6358,6360	live-route-recording-20260712-170700-z102	proven
20260712-170700-z102	102	6360	6360	570.279	-449.485	37.853	point		6359,6361	live-route-recording-20260712-170700-z102	proven
20260712-170700-z102	102	6361	6361	568.541	-448.583	38.445	point		6360,6362	live-route-recording-20260712-170700-z102	proven
20260712-170700-z102	102	6362	6362	565.657	-447.574	38.801	point		6361,6363	live-route-recording-20260712-170700-z102	proven
20260712-170700-z102	102	6363	6363	562.765	-447.198	38.743	point		6362,6364	live-route-recording-20260712-170700-z102	proven
20260712-170700-z102	102	6364	6364	560.355	-447.102	38.779	point		6363,6365	live-route-recording-20260712-170700-z102	proven
20260712-170700-z102	102	6365	6365	557.290	-447.401	38.667	point		6364,6366	live-route-recording-20260712-170700-z102	proven
20260712-170700-z102	102	6366	6366	555.285	-447.847	38.490	point		6365,6367	live-route-recording-20260712-170700-z102	proven
20260712-170700-z102	102	6367	6367	552.350	-448.787	38.139	point		6366,6368	live-route-recording-20260712-170700-z102	proven
20260712-170700-z102	102	6368	6368	550.430	-449.544	37.928	point		6367,6369	live-route-recording-20260712-170700-z102	proven
20260712-170700-z102	102	6369	6369	547.933	-450.938	37.562	point		6368,6370	live-route-recording-20260712-170700-z102	proven
20260712-170700-z102	102	6370	6370	546.051	-452.180	36.948	point		6369,6371	live-route-recording-20260712-170700-z102	proven
20260712-170700-z102	102	6371	6371	543.521	-453.918	36.378	point		6370,6372	live-route-recording-20260712-170700-z102	proven
20260712-170700-z102	102	6372	6372	541.985	-455.290	36.320	point		6371,6373	live-route-recording-20260712-170700-z102	proven
20260712-170700-z102	102	6373	6373	539.987	-457.482	36.188	point		6372,6374	live-route-recording-20260712-170700-z102	proven
20260712-170700-z102	102	6374	6374	538.641	-459.016	35.972	point		6373,6375	live-route-recording-20260712-170700-z102	proven
20260712-170700-z102	102	6375	6375	536.622	-461.335	36.009	point		6374,6376	live-route-recording-20260712-170700-z102	proven
20260712-170700-z102	102	6376	6376	535.099	-463.115	36.374	point		6375,6377	live-route-recording-20260712-170700-z102	proven
20260712-170700-z102	102	6377	6377	533.938	-464.748	36.663	point		6376,6378	live-route-recording-20260712-170700-z102	proven
20260712-170700-z102	102	6378	6378	532.463	-467.383	37.069	point		6377,6379	live-route-recording-20260712-170700-z102	proven
20260712-170700-z102	102	6379	6379	531.533	-469.213	37.039	point		6378,6380	live-route-recording-20260712-170700-z102	proven
20260712-170700-z102	102	6380	6380	530.293	-471.853	37.174	point		6379,6381	live-route-recording-20260712-170700-z102	proven
20260712-170700-z102	102	6381	6381	529.455	-474.531	37.687	point		6380,6382	live-route-recording-20260712-170700-z102	proven
20260712-170700-z102	102	6382	6382	529.119	-476.877	37.409	point		6381,6383	live-route-recording-20260712-170700-z102	proven
20260712-170700-z102	102	6383	6383	529.145	-479.656	37.425	point		6382,6384	live-route-recording-20260712-170700-z102	proven
20260712-170700-z102	102	6384	6384	529.253	-481.706	37.342	point		6383,6385	live-route-recording-20260712-170700-z102	proven
20260712-170700-z102	102	6385	6385	529.597	-484.649	37.597	point		6384,6386	live-route-recording-20260712-170700-z102	proven
20260712-170700-z102	102	6386	6386	529.872	-486.537	37.979	point		6385,6387	live-route-recording-20260712-170700-z102	proven
20260712-170700-z102	102	6387	6387	530.327	-489.540	38.481	point		6386,6388	live-route-recording-20260712-170700-z102	proven
20260712-170700-z102	102	6388	6388	530.693	-491.930	38.519	point		6387,6389	live-route-recording-20260712-170700-z102	proven
20260712-170700-z102	102	6389	6389	530.942	-493.975	38.319	point		6388,6390	live-route-recording-20260712-170700-z102	proven
20260712-170700-z102	102	6390	6390	530.893	-497.205	38.189	point		6389,6391	live-route-recording-20260712-170700-z102	proven
20260712-170700-z102	102	6391	6391	530.712	-499.267	38.062	point		6390,6392	live-route-recording-20260712-170700-z102	proven
20260712-170700-z102	102	6392	6392	530.666	-502.328	37.335	point		6391,6393	live-route-recording-20260712-170700-z102	proven
20260712-170700-z102	102	6393	6393	530.837	-505.040	37.345	point		6392,6394	live-route-recording-20260712-170700-z102	proven
20260712-170700-z102	102	6394	6394	530.787	-507.429	37.536	point		6393,6395	live-route-recording-20260712-170700-z102	proven
20260712-170700-z102	102	6395	6395	530.530	-510.500	37.346	point		6394,6396	live-route-recording-20260712-170700-z102	proven
20260712-170700-z102	102	6396	6396	530.325	-512.551	37.293	point		6395,6397	live-route-recording-20260712-170700-z102	proven
20260712-170700-z102	102	6397	6397	530.006	-515.616	36.946	point		6396,6398	live-route-recording-20260712-170700-z102	proven
20260712-170700-z102	102	6398	6398	529.798	-517.603	36.935	point		6397,6399	live-route-recording-20260712-170700-z102	proven
20260712-170700-z102	102	6399	6399	529.489	-520.564	37.168	point		6398,6400	live-route-recording-20260712-170700-z102	proven
20260712-170700-z102	102	6400	6400	529.245	-522.853	37.347	point		6399,6401	live-route-recording-20260712-170700-z102	proven
20260712-170700-z102	102	6401	6401	528.435	-525.675	37.684	point		6400,6402	live-route-recording-20260712-170700-z102	proven
20260712-170700-z102	102	6402	6402	527.508	-526.725	37.962	point		6401,6403	live-route-recording-20260712-170700-z102	proven
20260712-170700-z102	102	6403	6403	524.861	-528.279	37.955	point		6402,6404	live-route-recording-20260712-170700-z102	proven
20260712-170700-z102	102	6404	6404	523.006	-528.726	37.742	point		6403,6405	live-route-recording-20260712-170700-z102	proven
20260712-170700-z102	102	6405	6405	520.398	-528.555	37.870	point		6404,6406	live-route-recording-20260712-170700-z102	proven
20260712-170700-z102	102	6406	6406	518.452	-527.323	38.636	point		6405,6407	live-route-recording-20260712-170700-z102	proven
20260712-170700-z102	102	6407	6407	517.303	-525.878	39.097	point		6406,6408	live-route-recording-20260712-170700-z102	proven
20260712-170700-z102	102	6408	6408	516.610	-523.471	39.786	point		6407,6409	live-route-recording-20260712-170700-z102	proven
20260712-170700-z102	102	6409	6409	516.623	-521.775	39.787	point		6408,6410	live-route-recording-20260712-170700-z102	proven
20260712-170700-z102	102	6410	6410	517.060	-518.738	39.815	point		6409,6411	live-route-recording-20260712-170700-z102	proven
20260712-170700-z102	102	6411	6411	517.550	-516.001	39.869	point		6410,6412	live-route-recording-20260712-170700-z102	proven
20260712-170700-z102	102	6412	6412	517.902	-513.979	39.988	point		6411,6413	live-route-recording-20260712-170700-z102	proven
20260712-170700-z102	102	6413	6413	518.158	-511.023	40.141	point		6412,6414	live-route-recording-20260712-170700-z102	proven
20260712-170700-z102	102	6414	6414	518.240	-508.958	40.239	point		6413,6415	live-route-recording-20260712-170700-z102	proven
20260712-170700-z102	102	6415	6415	518.334	-505.886	40.502	point		6414,6416	live-route-recording-20260712-170700-z102	proven
20260712-170700-z102	102	6416	6416	518.394	-503.818	40.701	point		6415,6417	live-route-recording-20260712-170700-z102	proven
20260712-170700-z102	102	6417	6417	518.482	-500.741	40.764	point		6416,6418	live-route-recording-20260712-170700-z102	proven
20260712-170700-z102	102	6418	6418	518.551	-498.334	40.728	point		6417,6419	live-route-recording-20260712-170700-z102	proven
20260712-170700-z102	102	6419	6419	518.638	-495.252	40.544	point		6418,6420	live-route-recording-20260712-170700-z102	proven
20260712-170700-z102	102	6420	6420	518.697	-493.196	40.346	point		6419,6421	live-route-recording-20260712-170700-z102	proven
20260712-170700-z102	102	6421	6421	518.718	-490.109	40.181	point		6420,6422	live-route-recording-20260712-170700-z102	proven
20260712-170700-z102	102	6422	6422	518.593	-488.060	40.111	point		6421,6423	live-route-recording-20260712-170700-z102	proven
20260712-170700-z102	102	6423	6423	518.253	-484.993	39.938	point		6422,6424	live-route-recording-20260712-170700-z102	proven
20260712-170700-z102	102	6424	6424	517.965	-482.706	39.871	point		6423,6425	live-route-recording-20260712-170700-z102	proven
20260712-170700-z102	102	6425	6425	517.576	-479.646	39.847	point		6424,6426	live-route-recording-20260712-170700-z102	proven
20260712-170700-z102	102	6426	6426	517.314	-477.593	39.830	point		6425,6427	live-route-recording-20260712-170700-z102	proven
20260712-170700-z102	102	6427	6427	516.924	-474.539	39.922	point		6426,6428	live-route-recording-20260712-170700-z102	proven
20260712-170700-z102	102	6428	6428	516.664	-472.500	40.069	point		6427,6429	live-route-recording-20260712-170700-z102	proven
20260712-170700-z102	102	6429	6429	516.280	-469.433	40.211	point		6428,6430	live-route-recording-20260712-170700-z102	proven
20260712-170700-z102	102	6430	6430	516.194	-467.372	40.340	point		6429,6431	live-route-recording-20260712-170700-z102	proven
20260712-170700-z102	102	6431	6431	516.367	-465.332	40.554	point		6430,6432	live-route-recording-20260712-170700-z102	proven
20260712-170700-z102	102	6432	6432	516.871	-462.126	40.743	point		6431,6433	live-route-recording-20260712-170700-z102	proven
20260712-170700-z102	102	6433	6433	517.242	-460.077	40.831	point		6432,6434	live-route-recording-20260712-170700-z102	proven
20260712-170700-z102	102	6434	6434	517.827	-457.030	40.721	point		6433,6435	live-route-recording-20260712-170700-z102	proven
20260712-170700-z102	102	6435	6435	518.667	-454.375	40.553	point		6434,6436	live-route-recording-20260712-170700-z102	proven
20260712-170700-z102	102	6436	6436	519.506	-452.236	40.381	point		6435,6437	live-route-recording-20260712-170700-z102	proven
20260712-170700-z102	102	6437	6437	520.338	-450.179	40.308	point		6436,6438	live-route-recording-20260712-170700-z102	proven
20260712-170700-z102	102	6438	6438	521.499	-447.325	40.165	point		6437,6439	live-route-recording-20260712-170700-z102	proven
20260712-170700-z102	102	6439	6439	522.271	-445.428	40.070	point		6438,6440	live-route-recording-20260712-170700-z102	proven
20260712-170700-z102	102	6440	6440	523.433	-442.577	40.000	point		6439,6441	live-route-recording-20260712-170700-z102	proven
20260712-170700-z102	102	6441	6441	524.499	-439.872	40.024	point		6440,6442	live-route-recording-20260712-170700-z102	proven
20260712-170700-z102	102	6442	6442	525.056	-437.782	40.189	point		6441,6443	live-route-recording-20260712-170700-z102	proven
20260712-170700-z102	102	6443	6443	525.663	-434.771	40.301	point		6442,6444	live-route-recording-20260712-170700-z102	proven
20260712-170700-z102	102	6444	6444	526.075	-432.576	40.368	point		6443,6445	live-route-recording-20260712-170700-z102	proven
20260712-170700-z102	102	6445	6445	526.393	-430.791	40.313	point		6444,6446	live-route-recording-20260712-170700-z102	proven
20260712-170700-z102	102	6446	6446	526.420	-430.637	40.302	mark	cliff path 5 path bottom	6445,6447	live-route-recording-20260712-170700-z102	proven
20260712-170700-z102	102	6447	6447	526.348	-429.253	40.170	point		6446,6448	live-route-recording-20260712-170700-z102	proven
20260712-170700-z102	102	6448	6448	525.828	-426.624	39.646	point		6447,6449	live-route-recording-20260712-170700-z102	proven
20260712-170700-z102	102	6449	6449	525.433	-424.749	39.289	point		6448,6450	live-route-recording-20260712-170700-z102	proven
20260712-170700-z102	102	6450	6450	524.778	-422.024	38.798	point		6449,6451	live-route-recording-20260712-170700-z102	proven
20260712-170700-z102	102	6451	6451	523.989	-419.874	38.384	point		6450,6452	live-route-recording-20260712-170700-z102	proven
20260712-170700-z102	102	6452	6452	522.706	-417.203	38.344	point		6451,6453	live-route-recording-20260712-170700-z102	proven
20260712-170700-z102	102	6453	6453	521.736	-416.275	38.285	point		6452,6454	live-route-recording-20260712-170700-z102	proven
20260712-170700-z102	102	6454	6454	520.673	-415.833	38.210	point		6453,6455	live-route-recording-20260712-170700-z102	proven
20260712-170700-z102	102	6455	6455	518.943	-417.795	37.785	point		6454,6456	live-route-recording-20260712-170700-z102	proven
20260712-170700-z102	102	6456	6456	518.145	-419.668	37.448	point		6455,6457	live-route-recording-20260712-170700-z102	proven
20260712-170700-z102	102	6457	6457	517.123	-422.452	36.980	point		6456,6458	live-route-recording-20260712-170700-z102	proven
20260712-170700-z102	102	6458	6458	516.452	-424.370	36.486	point		6457,6459	live-route-recording-20260712-170700-z102	proven
20260712-170700-z102	102	6459	6459	515.334	-427.386	35.912	point		6458,6460	live-route-recording-20260712-170700-z102	proven
20260712-170700-z102	102	6460	6460	514.535	-428.599	35.776	point		6459,6461	live-route-recording-20260712-170700-z102	proven
20260712-170700-z102	102	6461	6461	512.144	-429.997	35.443	point		6460,6462	live-route-recording-20260712-170700-z102	proven
20260712-170700-z102	102	6462	6462	510.482	-427.837	34.919	point		6461,6463	live-route-recording-20260712-170700-z102	proven
20260712-170700-z102	102	6463	6463	509.563	-425.327	33.833	point		6462,6464	live-route-recording-20260712-170700-z102	proven
20260712-170700-z102	102	6464	6464	508.816	-423.101	33.028	point		6463,6465	live-route-recording-20260712-170700-z102	proven
20260712-170700-z102	102	6465	6465	507.631	-420.321	32.257	point		6464,6466	live-route-recording-20260712-170700-z102	proven
20260712-170700-z102	102	6466	6466	506.997	-419.038	31.866	point		6465,6467	live-route-recording-20260712-170700-z102	proven
20260712-170700-z102	102	6467	6467	505.937	-417.012	31.251	point		6466,6468	live-route-recording-20260712-170700-z102	proven
20260712-170700-z102	102	6468	6468	504.969	-415.192	30.779	point		6467,6469	live-route-recording-20260712-170700-z102	proven
20260712-170700-z102	102	6469	6469	503.544	-412.481	30.319	point		6468,6470	live-route-recording-20260712-170700-z102	proven
20260712-170700-z102	102	6470	6470	502.610	-410.477	30.281	point		6469,6471	live-route-recording-20260712-170700-z102	proven
20260712-170700-z102	102	6471	6471	501.874	-408.577	30.556	point		6470,6472	live-route-recording-20260712-170700-z102	proven
20260712-170700-z102	102	6472	6472	501.082	-405.727	30.852	point		6471,6473	live-route-recording-20260712-170700-z102	proven
20260712-170700-z102	102	6473	6473	500.686	-402.859	31.045	point		6472,6474	live-route-recording-20260712-170700-z102	proven
20260712-170700-z102	102	6474	6474	500.641	-400.780	31.029	point		6473,6475	live-route-recording-20260712-170700-z102	proven
20260712-170700-z102	102	6475	6475	500.865	-397.708	30.894	point		6474,6476	live-route-recording-20260712-170700-z102	proven
20260712-170700-z102	102	6476	6476	501.138	-395.679	30.782	point		6475,6477	live-route-recording-20260712-170700-z102	proven
20260712-170700-z102	102	6477	6477	501.471	-393.524	30.303	point		6476,6478	live-route-recording-20260712-170700-z102	proven
20260712-170700-z102	102	6478	6478	501.972	-390.513	29.730	point		6477,6479	live-route-recording-20260712-170700-z102	proven
20260712-170700-z102	102	6479	6479	502.460	-387.647	29.430	point		6478,6480	live-route-recording-20260712-170700-z102	proven
20260712-170700-z102	102	6480	6480	502.861	-385.298	29.689	point		6479,6481	live-route-recording-20260712-170700-z102	proven
20260712-170700-z102	102	6481	6481	503.372	-382.320	29.437	point		6480,6482	live-route-recording-20260712-170700-z102	proven
20260712-170700-z102	102	6482	6482	503.713	-380.328	28.962	point		6481,6483	live-route-recording-20260712-170700-z102	proven
20260712-170700-z102	102	6483	6483	504.107	-377.326	28.312	point		6482,6484	live-route-recording-20260712-170700-z102	proven
20260712-170700-z102	102	6484	6484	504.152	-375.349	27.764	point		6483,6485	live-route-recording-20260712-170700-z102	proven
20260712-170700-z102	102	6485	6485	503.997	-372.368	26.784	point		6484,6486	live-route-recording-20260712-170700-z102	proven
20260712-170700-z102	102	6486	6486	503.344	-370.107	26.251	point		6485,6487	live-route-recording-20260712-170700-z102	proven
20260712-170700-z102	102	6487	6487	500.998	-368.388	25.821	point		6486,6488	live-route-recording-20260712-170700-z102	proven
20260712-170700-z102	102	6488	6488	499.362	-367.983	25.655	point		6487,6489	live-route-recording-20260712-170700-z102	proven
20260712-170700-z102	102	6489	6489	496.770	-368.074	25.343	point		6488,6490	live-route-recording-20260712-170700-z102	proven
20260712-170700-z102	102	6490	6490	494.758	-368.447	25.029	point		6489,6491	live-route-recording-20260712-170700-z102	proven
20260712-170700-z102	102	6491	6491	491.753	-369.071	24.528	point		6490,6492	live-route-recording-20260712-170700-z102	proven
20260712-170700-z102	102	6492	6492	489.491	-369.555	24.275	point		6491,6493	live-route-recording-20260712-170700-z102	proven
20260712-170700-z102	102	6493	6493	486.464	-370.206	24.345	point		6492,6494	live-route-recording-20260712-170700-z102	proven
20260712-170700-z102	102	6494	6494	484.436	-370.641	24.342	point		6493,6495	live-route-recording-20260712-170700-z102	proven
20260712-170700-z102	102	6495	6495	481.419	-371.349	24.366	point		6494,6496	live-route-recording-20260712-170700-z102	proven
20260712-170700-z102	102	6496	6496	479.497	-372.065	24.293	point		6495,6497	live-route-recording-20260712-170700-z102	proven
20260712-170700-z102	102	6497	6497	476.739	-373.445	23.914	point		6496,6498	live-route-recording-20260712-170700-z102	proven
20260712-170700-z102	102	6498	6498	476.342	-373.660	23.860	mark	cliff path 5 path top	6497,6499	live-route-recording-20260712-170700-z102	proven
20260712-170700-z102	102	6499	6499	476.342	-373.660	23.860	stop	stop	6498	live-route-recording-20260712-170700-z102	proven
