zone	zone_name	target_name	target_identity	tx	tz	ty	edge_id	from_zone	from_zone_name	sx	sz	sy	mission_step_ids	status	waypoints	start_snap	end_snap	start_valid	end_valid
2	Carpenters' Landing	???	object:v1:2:16785729	145.500	-699.000	-9.000	947335802	104	Jugner Forest	6.509	-819.333	-9.163	mission:Bastok:17:step-016,mission:San d'Oria:19:step-014	mesh-connected	25	2.709	0.000	1	1
2	Carpenters' Landing	???	object:v1:2:16785729	145.500	-699.000	-9.000	1635201658	104	Jugner Forest	-419.796	-554.553	-8.943	mission:Bastok:17:step-016,mission:San d'Oria:19:step-014	mesh-no-path	1	583.459	0.000	1	1
2	Carpenters' Landing	???	object:v1:2:16785729	145.500	-699.000	-9.000	1634088570	231	Northern San d'Oria	-479.621	665.350	-8.141	mission:Bastok:17:step-016,mission:San d'Oria:19:step-014	mesh-no-path	1	1500.742	0.000	1	1
2	Carpenters' Landing	???	object:v1:2:16785730	-286.000	-78.750	-8.000	947335802	104	Jugner Forest	6.509	-819.333	-9.163	mission:Bastok:17:step-016,mission:San d'Oria:19:step-014	mesh-no-path	1	796.258	0.000	1	1
2	Carpenters' Landing	???	object:v1:2:16785730	-286.000	-78.750	-8.000	1635201658	104	Jugner Forest	-419.796	-554.553	-8.943	mission:Bastok:17:step-016,mission:San d'Oria:19:step-014	mesh-connected	52	2.851	0.000	1	1
2	Carpenters' Landing	???	object:v1:2:16785730	-286.000	-78.750	-8.000	1634088570	231	Northern San d'Oria	-479.621	665.350	-8.141	mission:Bastok:17:step-016,mission:San d'Oria:19:step-014	mesh-no-path	1	768.878	0.000	1	1
2	Carpenters' Landing	???	object:v1:2:16785731	-263.000	-121.500	-8.000	947335802	104	Jugner Forest	6.509	-819.333	-9.163	mission:Bastok:17:step-016,mission:San d'Oria:19:step-014	mesh-no-path	1	748.069	0.000	1	1
2	Carpenters' Landing	???	object:v1:2:16785731	-263.000	-121.500	-8.000	1635201658	104	Jugner Forest	-419.796	-554.553	-8.943	mission:Bastok:17:step-016,mission:San d'Oria:19:step-014	mesh-connected	55	2.851	0.000	1	1
2	Carpenters' Landing	???	object:v1:2:16785731	-263.000	-121.500	-8.000	1634088570	231	Northern San d'Oria	-479.621	665.350	-8.141	mission:Bastok:17:step-016,mission:San d'Oria:19:step-014	mesh-no-path	1	816.123	0.000	1	1
2	Carpenters' Landing	???	object:v1:2:16785732	-238.000	-95.000	-8.000	947335802	104	Jugner Forest	6.509	-819.333	-9.163	mission:Bastok:17:step-016,mission:San d'Oria:19:step-014	mesh-no-path	1	764.490	0.000	1	1
2	Carpenters' Landing	???	object:v1:2:16785732	-238.000	-95.000	-8.000	1635201658	104	Jugner Forest	-419.796	-554.553	-8.943	mission:Bastok:17:step-016,mission:San d'Oria:19:step-014	mesh-connected	55	2.851	0.000	1	1
2	Carpenters' Landing	???	object:v1:2:16785732	-238.000	-95.000	-8.000	1634088570	231	Northern San d'Oria	-479.621	665.350	-8.141	mission:Bastok:17:step-016,mission:San d'Oria:19:step-014	mesh-no-path	1	797.818	0.000	1	1
2	Carpenters' Landing	???	object:v1:2:16785733	94.000	-597.500	-8.000	947335802	104	Jugner Forest	6.509	-819.333	-9.163	mission:Bastok:17:step-016,mission:San d'Oria:19:step-014	mesh-connected	30	2.709	0.000	1	1
2	Carpenters' Landing	???	object:v1:2:16785733	94.000	-597.500	-8.000	1635201658	104	Jugner Forest	-419.796	-554.553	-8.943	mission:Bastok:17:step-016,mission:San d'Oria:19:step-014	mesh-no-path	1	515.589	0.000	1	1
2	Carpenters' Landing	???	object:v1:2:16785733	94.000	-597.500	-8.000	1634088570	231	Northern San d'Oria	-479.621	665.350	-8.141	mission:Bastok:17:step-016,mission:San d'Oria:19:step-014	mesh-no-path	1	1387.022	0.000	1	1
2	Carpenters' Landing	???	object:v1:2:16785734	62.000	-565.250	-8.000	947335802	104	Jugner Forest	6.509	-819.333	-9.163	mission:Bastok:17:step-016,mission:San d'Oria:19:step-014	mesh-connected	33	2.709	0.000	1	1
2	Carpenters' Landing	???	object:v1:2:16785734	62.000	-565.250	-8.000	1635201658	104	Jugner Forest	-419.796	-554.553	-8.943	mission:Bastok:17:step-016,mission:San d'Oria:19:step-014	mesh-no-path	1	481.916	0.000	1	1
2	Carpenters' Landing	???	object:v1:2:16785734	62.000	-565.250	-8.000	1634088570	231	Northern San d'Oria	-479.621	665.350	-8.141	mission:Bastok:17:step-016,mission:San d'Oria:19:step-014	mesh-no-path	1	1344.518	0.000	1	1
2	Carpenters' Landing	???	object:v1:2:16785735	117.500	-565.750	-8.000	947335802	104	Jugner Forest	6.509	-819.333	-9.163	mission:Bastok:17:step-016,mission:San d'Oria:19:step-014	mesh-connected	33	2.709	0.000	1	1
2	Carpenters' Landing	???	object:v1:2:16785735	117.500	-565.750	-8.000	1635201658	104	Jugner Forest	-419.796	-554.553	-8.943	mission:Bastok:17:step-016,mission:San d'Oria:19:step-014	mesh-no-path	1	537.414	0.000	1	1
2	Carpenters' Landing	???	object:v1:2:16785735	117.500	-565.750	-8.000	1634088570	231	Northern San d'Oria	-479.621	665.350	-8.141	mission:Bastok:17:step-016,mission:San d'Oria:19:step-014	mesh-no-path	1	1368.269	0.000	1	1
2	Carpenters' Landing	???	object:v1:2:16785752	120.615	-390.133	-5.457	947335802	104	Jugner Forest	6.509	-819.333	-9.163	mission:Bastok:17:step-016,mission:San d'Oria:19:step-014	mesh-connected	39	2.709	0.000	1	1
2	Carpenters' Landing	???	object:v1:2:16785752	120.615	-390.133	-5.457	1635201658	104	Jugner Forest	-419.796	-554.553	-8.943	mission:Bastok:17:step-016,mission:San d'Oria:19:step-014	mesh-no-path	1	564.881	0.000	1	1
2	Carpenters' Landing	???	object:v1:2:16785752	120.615	-390.133	-5.457	1634088570	231	Northern San d'Oria	-479.621	665.350	-8.141	mission:Bastok:17:step-016,mission:San d'Oria:19:step-014	mesh-no-path	1	1214.222	0.000	1	1
2	Carpenters' Landing	???	object:v1:2:16785771	-340.425	135.520	-100.249	947335802	104	Jugner Forest	6.509	-819.333	-9.163	mission:Bastok:17:step-016,mission:San d'Oria:19:step-014	unknown	1	1020.002	0.000	1	0
2	Carpenters' Landing	???	object:v1:2:16785771	-340.425	135.520	-100.249	1635201658	104	Jugner Forest	-419.796	-554.553	-8.943	mission:Bastok:17:step-016,mission:San d'Oria:19:step-014	unknown	1	700.598	0.000	1	0
2	Carpenters' Landing	???	object:v1:2:16785771	-340.425	135.520	-100.249	1634088570	231	Northern San d'Oria	-479.621	665.350	-8.141	mission:Bastok:17:step-016,mission:San d'Oria:19:step-014	unknown	1	555.499	0.000	1	0
2	Carpenters' Landing	???	object:v1:2:16785781	-416.126	-363.468	0.000	947335802	104	Jugner Forest	6.509	-819.333	-9.163	mission:Bastok:17:step-016,mission:San d'Oria:19:step-014	mesh-no-path	1	621.705	0.000	1	1
2	Carpenters' Landing	???	object:v1:2:16785781	-416.126	-363.468	0.000	1635201658	104	Jugner Forest	-419.796	-554.553	-8.943	mission:Bastok:17:step-016,mission:San d'Oria:19:step-014	mesh-connected	35	2.851	0.000	1	1
2	Carpenters' Landing	???	object:v1:2:16785781	-416.126	-363.468	0.000	1634088570	231	Northern San d'Oria	-479.621	665.350	-8.141	mission:Bastok:17:step-016,mission:San d'Oria:19:step-014	mesh-no-path	1	1030.808	0.000	1	1
2	Carpenters' Landing	???	object:v1:2:16785782	39.877	-565.422	-7.397	947335802	104	Jugner Forest	6.509	-819.333	-9.163	mission:Bastok:17:step-016,mission:San d'Oria:19:step-014	mesh-connected	31	2.709	0.000	1	1
2	Carpenters' Landing	???	object:v1:2:16785782	39.877	-565.422	-7.397	1635201658	104	Jugner Forest	-419.796	-554.553	-8.943	mission:Bastok:17:step-016,mission:San d'Oria:19:step-014	mesh-no-path	1	459.804	0.000	1	1
2	Carpenters' Landing	???	object:v1:2:16785782	39.877	-565.422	-7.397	1634088570	231	Northern San d'Oria	-479.621	665.350	-8.141	mission:Bastok:17:step-016,mission:San d'Oria:19:step-014	mesh-no-path	1	1335.919	0.000	1	1
82	Jugner Forest [S]	Telepoint	npc:v1:82:17113876	-122.862	-163.154	0.000	842609274	81	East Ronfaure [S]	-339.471	462.074	-6.782	mission:Bastok:4:step-006,mission:Bastok:4:step-008	mesh-connected	60	1.628	0.000	1	1
82	Jugner Forest [S]	Telepoint	npc:v1:82:17113876	-122.862	-163.154	0.000	811741818	83	Vunkerl Inlet [S]	621.865	300.264	-6.665	mission:Bastok:4:step-006,mission:Bastok:4:step-008	mesh-no-path	1	877.165	0.000	1	1
82	Jugner Forest [S]	Telepoint	npc:v1:82:17113876	-122.862	-163.154	0.000	845296250	83	Vunkerl Inlet [S]	541.857	-140.268	-6.664	mission:Bastok:4:step-006,mission:Bastok:4:step-008	mesh-connected	67	1.464	0.000	1	1
82	Jugner Forest [S]	Telepoint	npc:v1:82:17113876	-122.862	-163.154	0.000	878850682	83	Vunkerl Inlet [S]	180.335	-581.766	-22.653	mission:Bastok:4:step-006,mission:Bastok:4:step-008	mesh-no-path	1	517.376	0.000	1	1
82	Jugner Forest [S]	Telepoint	npc:v1:82:17113876	-122.862	-163.154	0.000	811807354	84	Batallia Downs [S]	584.034	558.296	-8.476	mission:Bastok:4:step-006,mission:Bastok:4:step-008	mesh-no-path	1	1010.081	0.000	1	1
82	Jugner Forest [S]	Telepoint	npc:v1:82:17113876	-122.862	-163.154	0.000	811872890	85	La Vaule [S]	-199.971	-497.938	-10.035	mission:Bastok:4:step-006,mission:Bastok:4:step-008	mesh-connected	22	2.719	0.000	1	1
94	Windurst Waters [S]	Marble Door	object:v1:94:17162912	149.647	-16.999	8.083	913534330	94	Windurst Waters [S]	160.000	-8.000	-2.350	mission:Windurst:19:step-012	mesh-no-path	1	17.234	0.000	1	1
94	Windurst Waters [S]	Marble Door	object:v1:94:17162912	149.647	-16.999	8.083	812528250	95	West Sarutabaruta [S]	-39.996	235.000	-7.640	mission:Windurst:19:step-012	mesh-no-path	1	315.777	0.000	1	1
100	West Ronfaure	???	object:v1:100:17187510	-454.613	-232.121	-20.092	812921466	101	East Ronfaure	-24.427	140.000	-53.107	mission:San d'Oria:19:step-010,mission:San d'Oria:19:step-011,mission:San d'Oria:19:step-012	mesh-connected	26	2.958	0.000	1	1
100	West Ronfaure	???	object:v1:100:17187510	-454.613	-232.121	-20.092	880030330	101	East Ronfaure	83.913	-200.033	-26.756	mission:San d'Oria:19:step-010,mission:San d'Oria:19:step-011,mission:San d'Oria:19:step-012	mesh-connected	16	6.470	0.000	1	1
100	West Ronfaure	???	object:v1:100:17187510	-454.613	-232.121	-20.092	812987002	102	La Theine Plateau	-559.963	-602.479	-7.062	mission:San d'Oria:19:step-010,mission:San d'Oria:19:step-011,mission:San d'Oria:19:step-012	mesh-connected	11	6.786	0.000	1	1
100	West Ronfaure	???	object:v1:100:17187510	-454.613	-232.121	-20.092	813118330	140	Ghelsba Outpost	-738.178	619.325	-67.173	mission:San d'Oria:19:step-010,mission:San d'Oria:19:step-011,mission:San d'Oria:19:step-012	mesh-connected	41	1.809	0.000	1	1
100	West Ronfaure	???	object:v1:100:17187510	-454.613	-232.121	-20.092	846083194	167	Bostaunieux Oubliette	-712.746	18.408	-40.500	mission:San d'Oria:19:step-010,mission:San d'Oria:19:step-011,mission:San d'Oria:19:step-012	mesh-no-path	1	360.297	0.000	1	1
100	West Ronfaure	???	object:v1:100:17187510	-454.613	-232.121	-20.092	845493882	230	Southern San d'Oria	-125.880	274.100	-64.637	mission:San d'Oria:19:step-010,mission:San d'Oria:19:step-011,mission:San d'Oria:19:step-012	mesh-connected	21	2.466	0.000	1	1
100	West Ronfaure	???	object:v1:100:17187510	-454.613	-232.121	-20.092	845559418	231	Northern San d'Oria	-172.186	379.998	-64.596	mission:San d'Oria:19:step-010,mission:San d'Oria:19:step-011,mission:San d'Oria:19:step-012	mesh-connected	23	2.447	0.000	1	1
100	West Ronfaure	???	object:v1:100:17187510	-454.613	-232.121	-20.092	946222714	231	Northern San d'Oria	-180.473	419.995	-66.650	mission:San d'Oria:19:step-010,mission:San d'Oria:19:step-011,mission:San d'Oria:19:step-012	mesh-no-path	1	708.926	0.000	1	1
100	West Ronfaure	???	object:v1:100:17187511	-552.342	-541.652	0.000	812921466	101	East Ronfaure	-24.427	140.000	-53.107	mission:San d'Oria:19:step-010,mission:San d'Oria:19:step-011,mission:San d'Oria:19:step-012	mesh-connected	45	2.958	0.000	1	1
100	West Ronfaure	???	object:v1:100:17187511	-552.342	-541.652	0.000	880030330	101	East Ronfaure	83.913	-200.033	-26.756	mission:San d'Oria:19:step-010,mission:San d'Oria:19:step-011,mission:San d'Oria:19:step-012	mesh-connected	27	6.470	0.000	1	1
100	West Ronfaure	???	object:v1:100:17187511	-552.342	-541.652	0.000	812987002	102	La Theine Plateau	-559.963	-602.479	-7.062	mission:San d'Oria:19:step-010,mission:San d'Oria:19:step-011,mission:San d'Oria:19:step-012	mesh-connected	4	6.786	0.000	1	1
100	West Ronfaure	???	object:v1:100:17187511	-552.342	-541.652	0.000	813118330	140	Ghelsba Outpost	-738.178	619.325	-67.173	mission:San d'Oria:19:step-010,mission:San d'Oria:19:step-011,mission:San d'Oria:19:step-012	mesh-connected	48	1.809	0.000	1	1
100	West Ronfaure	???	object:v1:100:17187511	-552.342	-541.652	0.000	846083194	167	Bostaunieux Oubliette	-712.746	18.408	-40.500	mission:San d'Oria:19:step-010,mission:San d'Oria:19:step-011,mission:San d'Oria:19:step-012	mesh-no-path	1	583.984	0.000	1	1
100	West Ronfaure	???	object:v1:100:17187511	-552.342	-541.652	0.000	845493882	230	Southern San d'Oria	-125.880	274.100	-64.637	mission:San d'Oria:19:step-010,mission:San d'Oria:19:step-011,mission:San d'Oria:19:step-012	mesh-connected	40	2.466	0.000	1	1
100	West Ronfaure	???	object:v1:100:17187511	-552.342	-541.652	0.000	845559418	231	Northern San d'Oria	-172.186	379.998	-64.596	mission:San d'Oria:19:step-010,mission:San d'Oria:19:step-011,mission:San d'Oria:19:step-012	mesh-connected	33	2.447	0.000	1	1
100	West Ronfaure	???	object:v1:100:17187511	-552.342	-541.652	0.000	946222714	231	Northern San d'Oria	-180.473	419.995	-66.650	mission:San d'Oria:19:step-010,mission:San d'Oria:19:step-011,mission:San d'Oria:19:step-012	mesh-no-path	1	1033.196	0.000	1	1
100	West Ronfaure	???	object:v1:100:17187512	-399.279	-439.431	-9.999	812921466	101	East Ronfaure	-24.427	140.000	-53.107	mission:San d'Oria:19:step-010,mission:San d'Oria:19:step-011,mission:San d'Oria:19:step-012	mesh-connected	40	2.958	0.000	1	1
100	West Ronfaure	???	object:v1:100:17187512	-399.279	-439.431	-9.999	880030330	101	East Ronfaure	83.913	-200.033	-26.756	mission:San d'Oria:19:step-010,mission:San d'Oria:19:step-011,mission:San d'Oria:19:step-012	mesh-connected	25	6.470	0.000	1	1
100	West Ronfaure	???	object:v1:100:17187512	-399.279	-439.431	-9.999	812987002	102	La Theine Plateau	-559.963	-602.479	-7.062	mission:San d'Oria:19:step-010,mission:San d'Oria:19:step-011,mission:San d'Oria:19:step-012	mesh-connected	9	6.786	0.000	1	1
100	West Ronfaure	???	object:v1:100:17187512	-399.279	-439.431	-9.999	813118330	140	Ghelsba Outpost	-738.178	619.325	-67.173	mission:San d'Oria:19:step-010,mission:San d'Oria:19:step-011,mission:San d'Oria:19:step-012	mesh-connected	52	1.809	0.000	1	1
100	West Ronfaure	???	object:v1:100:17187512	-399.279	-439.431	-9.999	846083194	167	Bostaunieux Oubliette	-712.746	18.408	-40.500	mission:San d'Oria:19:step-010,mission:San d'Oria:19:step-011,mission:San d'Oria:19:step-012	mesh-no-path	1	555.705	0.000	1	1
100	West Ronfaure	???	object:v1:100:17187512	-399.279	-439.431	-9.999	845493882	230	Southern San d'Oria	-125.880	274.100	-64.637	mission:San d'Oria:19:step-010,mission:San d'Oria:19:step-011,mission:San d'Oria:19:step-012	mesh-connected	36	2.466	0.000	1	1
100	West Ronfaure	???	object:v1:100:17187512	-399.279	-439.431	-9.999	845559418	231	Northern San d'Oria	-172.186	379.998	-64.596	mission:San d'Oria:19:step-010,mission:San d'Oria:19:step-011,mission:San d'Oria:19:step-012	mesh-connected	40	2.447	0.000	1	1
100	West Ronfaure	???	object:v1:100:17187512	-399.279	-439.431	-9.999	946222714	231	Northern San d'Oria	-180.473	419.995	-66.650	mission:San d'Oria:19:step-010,mission:San d'Oria:19:step-011,mission:San d'Oria:19:step-012	mesh-no-path	1	888.650	0.000	1	1
100	West Ronfaure	???	object:v1:100:17187514	-695.679	21.395	-39.467	812921466	101	East Ronfaure	-24.427	140.000	-53.107	mission:San d'Oria:19:step-010,mission:San d'Oria:19:step-011,mission:San d'Oria:19:step-012	mesh-no-path	1	681.786	0.000	1	1
100	West Ronfaure	???	object:v1:100:17187514	-695.679	21.395	-39.467	880030330	101	East Ronfaure	83.913	-200.033	-26.756	mission:San d'Oria:19:step-010,mission:San d'Oria:19:step-011,mission:San d'Oria:19:step-012	mesh-no-path	1	810.528	0.000	1	1
100	West Ronfaure	???	object:v1:100:17187514	-695.679	21.395	-39.467	812987002	102	La Theine Plateau	-559.963	-602.479	-7.062	mission:San d'Oria:19:step-010,mission:San d'Oria:19:step-011,mission:San d'Oria:19:step-012	mesh-no-path	1	639.287	0.000	1	1
100	West Ronfaure	???	object:v1:100:17187514	-695.679	21.395	-39.467	813118330	140	Ghelsba Outpost	-738.178	619.325	-67.173	mission:San d'Oria:19:step-010,mission:San d'Oria:19:step-011,mission:San d'Oria:19:step-012	mesh-no-path	1	600.078	0.000	1	1
100	West Ronfaure	???	object:v1:100:17187514	-695.679	21.395	-39.467	846083194	167	Bostaunieux Oubliette	-712.746	18.408	-40.500	mission:San d'Oria:19:step-010,mission:San d'Oria:19:step-011,mission:San d'Oria:19:step-012	mesh-connected	3	1.277	0.000	1	1
100	West Ronfaure	???	object:v1:100:17187514	-695.679	21.395	-39.467	845493882	230	Southern San d'Oria	-125.880	274.100	-64.637	mission:San d'Oria:19:step-010,mission:San d'Oria:19:step-011,mission:San d'Oria:19:step-012	mesh-no-path	1	623.830	0.000	1	1
100	West Ronfaure	???	object:v1:100:17187514	-695.679	21.395	-39.467	845559418	231	Northern San d'Oria	-172.186	379.998	-64.596	mission:San d'Oria:19:step-010,mission:San d'Oria:19:step-011,mission:San d'Oria:19:step-012	mesh-no-path	1	635.037	0.000	1	1
100	West Ronfaure	???	object:v1:100:17187514	-695.679	21.395	-39.467	946222714	231	Northern San d'Oria	-180.473	419.995	-66.650	mission:San d'Oria:19:step-010,mission:San d'Oria:19:step-011,mission:San d'Oria:19:step-012	mesh-no-path	1	651.965	0.000	1	1
100	West Ronfaure	???	object:v1:100:17187567	-148.600	239.198	-60.000	812921466	101	East Ronfaure	-24.427	140.000	-53.107	mission:San d'Oria:19:step-010,mission:San d'Oria:19:step-011,mission:San d'Oria:19:step-012	mesh-connected	6	2.958	0.000	1	1
100	West Ronfaure	???	object:v1:100:17187567	-148.600	239.198	-60.000	880030330	101	East Ronfaure	83.913	-200.033	-26.756	mission:San d'Oria:19:step-010,mission:San d'Oria:19:step-011,mission:San d'Oria:19:step-012	mesh-connected	34	6.470	0.000	1	1
100	West Ronfaure	???	object:v1:100:17187567	-148.600	239.198	-60.000	812987002	102	La Theine Plateau	-559.963	-602.479	-7.062	mission:San d'Oria:19:step-010,mission:San d'Oria:19:step-011,mission:San d'Oria:19:step-012	mesh-connected	41	6.786	0.000	1	1
100	West Ronfaure	???	object:v1:100:17187567	-148.600	239.198	-60.000	813118330	140	Ghelsba Outpost	-738.178	619.325	-67.173	mission:San d'Oria:19:step-010,mission:San d'Oria:19:step-011,mission:San d'Oria:19:step-012	mesh-connected	16	1.809	0.000	1	1
100	West Ronfaure	???	object:v1:100:17187567	-148.600	239.198	-60.000	846083194	167	Bostaunieux Oubliette	-712.746	18.408	-40.500	mission:San d'Oria:19:step-010,mission:San d'Oria:19:step-011,mission:San d'Oria:19:step-012	mesh-no-path	1	606.126	0.000	1	1
100	West Ronfaure	???	object:v1:100:17187567	-148.600	239.198	-60.000	845493882	230	Southern San d'Oria	-125.880	274.100	-64.637	mission:San d'Oria:19:step-010,mission:San d'Oria:19:step-011,mission:San d'Oria:19:step-012	mesh-connected	3	2.466	0.000	1	1
100	West Ronfaure	???	object:v1:100:17187567	-148.600	239.198	-60.000	845559418	231	Northern San d'Oria	-172.186	379.998	-64.596	mission:San d'Oria:19:step-010,mission:San d'Oria:19:step-011,mission:San d'Oria:19:step-012	mesh-connected	10	2.447	0.000	1	1
100	West Ronfaure	???	object:v1:100:17187567	-148.600	239.198	-60.000	946222714	231	Northern San d'Oria	-180.473	419.995	-66.650	mission:San d'Oria:19:step-010,mission:San d'Oria:19:step-011,mission:San d'Oria:19:step-012	mesh-no-path	1	183.705	0.000	1	1
100	West Ronfaure	???	object:v1:100:17187568	-146.740	280.105	-60.499	812921466	101	East Ronfaure	-24.427	140.000	-53.107	mission:San d'Oria:19:step-010,mission:San d'Oria:19:step-011,mission:San d'Oria:19:step-012	mesh-connected	9	2.958	0.000	1	1
100	West Ronfaure	???	object:v1:100:17187568	-146.740	280.105	-60.499	880030330	101	East Ronfaure	83.913	-200.033	-26.756	mission:San d'Oria:19:step-010,mission:San d'Oria:19:step-011,mission:San d'Oria:19:step-012	mesh-connected	33	6.470	0.000	1	1
100	West Ronfaure	???	object:v1:100:17187568	-146.740	280.105	-60.499	812987002	102	La Theine Plateau	-559.963	-602.479	-7.062	mission:San d'Oria:19:step-010,mission:San d'Oria:19:step-011,mission:San d'Oria:19:step-012	mesh-connected	41	6.786	0.000	1	1
100	West Ronfaure	???	object:v1:100:17187568	-146.740	280.105	-60.499	813118330	140	Ghelsba Outpost	-738.178	619.325	-67.173	mission:San d'Oria:19:step-010,mission:San d'Oria:19:step-011,mission:San d'Oria:19:step-012	mesh-connected	19	1.809	0.000	1	1
100	West Ronfaure	???	object:v1:100:17187568	-146.740	280.105	-60.499	846083194	167	Bostaunieux Oubliette	-712.746	18.408	-40.500	mission:San d'Oria:19:step-010,mission:San d'Oria:19:step-011,mission:San d'Oria:19:step-012	mesh-no-path	1	623.897	0.000	1	1
100	West Ronfaure	???	object:v1:100:17187568	-146.740	280.105	-60.499	845493882	230	Southern San d'Oria	-125.880	274.100	-64.637	mission:San d'Oria:19:step-010,mission:San d'Oria:19:step-011,mission:San d'Oria:19:step-012	mesh-connected	5	2.466	0.000	1	1
100	West Ronfaure	???	object:v1:100:17187568	-146.740	280.105	-60.499	845559418	231	Northern San d'Oria	-172.186	379.998	-64.596	mission:San d'Oria:19:step-010,mission:San d'Oria:19:step-011,mission:San d'Oria:19:step-012	mesh-connected	9	2.447	0.000	1	1
100	West Ronfaure	???	object:v1:100:17187568	-146.740	280.105	-60.499	946222714	231	Northern San d'Oria	-180.473	419.995	-66.650	mission:San d'Oria:19:step-010,mission:San d'Oria:19:step-011,mission:San d'Oria:19:step-012	mesh-no-path	1	144.031	0.000	1	1
100	West Ronfaure	???	object:v1:100:17187576	-143.158	247.550	-59.779	812921466	101	East Ronfaure	-24.427	140.000	-53.107	mission:San d'Oria:19:step-010,mission:San d'Oria:19:step-011,mission:San d'Oria:19:step-012	mesh-connected	6	2.958	0.000	1	1
100	West Ronfaure	???	object:v1:100:17187576	-143.158	247.550	-59.779	880030330	101	East Ronfaure	83.913	-200.033	-26.756	mission:San d'Oria:19:step-010,mission:San d'Oria:19:step-011,mission:San d'Oria:19:step-012	mesh-connected	34	6.470	0.000	1	1
100	West Ronfaure	???	object:v1:100:17187576	-143.158	247.550	-59.779	812987002	102	La Theine Plateau	-559.963	-602.479	-7.062	mission:San d'Oria:19:step-010,mission:San d'Oria:19:step-011,mission:San d'Oria:19:step-012	mesh-connected	41	6.786	0.000	1	1
100	West Ronfaure	???	object:v1:100:17187576	-143.158	247.550	-59.779	813118330	140	Ghelsba Outpost	-738.178	619.325	-67.173	mission:San d'Oria:19:step-010,mission:San d'Oria:19:step-011,mission:San d'Oria:19:step-012	mesh-connected	16	1.809	0.000	1	1
100	West Ronfaure	???	object:v1:100:17187576	-143.158	247.550	-59.779	846083194	167	Bostaunieux Oubliette	-712.746	18.408	-40.500	mission:San d'Oria:19:step-010,mission:San d'Oria:19:step-011,mission:San d'Oria:19:step-012	mesh-no-path	1	614.254	0.000	1	1
100	West Ronfaure	???	object:v1:100:17187576	-143.158	247.550	-59.779	845493882	230	Southern San d'Oria	-125.880	274.100	-64.637	mission:San d'Oria:19:step-010,mission:San d'Oria:19:step-011,mission:San d'Oria:19:step-012	mesh-connected	3	2.466	0.000	1	1
100	West Ronfaure	???	object:v1:100:17187576	-143.158	247.550	-59.779	845559418	231	Northern San d'Oria	-172.186	379.998	-64.596	mission:San d'Oria:19:step-010,mission:San d'Oria:19:step-011,mission:San d'Oria:19:step-012	mesh-connected	9	2.447	0.000	1	1
100	West Ronfaure	???	object:v1:100:17187576	-143.158	247.550	-59.779	946222714	231	Northern San d'Oria	-180.473	419.995	-66.650	mission:San d'Oria:19:step-010,mission:San d'Oria:19:step-011,mission:San d'Oria:19:step-012	mesh-no-path	1	176.570	0.000	1	1
100	West Ronfaure	Geomagnetic Fount	object:v1:100:17187560	-704.875	22.311	-39.455	812921466	101	East Ronfaure	-24.427	140.000	-53.107	mission:San d'Oria:19:step-010	mesh-no-path	1	690.686	0.000	1	1
100	West Ronfaure	Geomagnetic Fount	object:v1:100:17187560	-704.875	22.311	-39.455	880030330	101	East Ronfaure	83.913	-200.033	-26.756	mission:San d'Oria:19:step-010	mesh-no-path	1	819.625	0.000	1	1
100	West Ronfaure	Geomagnetic Fount	object:v1:100:17187560	-704.875	22.311	-39.455	812987002	102	La Theine Plateau	-559.963	-602.479	-7.062	mission:San d'Oria:19:step-010	mesh-no-path	1	642.193	0.000	1	1
100	West Ronfaure	Geomagnetic Fount	object:v1:100:17187560	-704.875	22.311	-39.455	813118330	140	Ghelsba Outpost	-738.178	619.325	-67.173	mission:San d'Oria:19:step-010	mesh-no-path	1	598.584	0.000	1	1
100	West Ronfaure	Geomagnetic Fount	object:v1:100:17187560	-704.875	22.311	-39.455	846083194	167	Bostaunieux Oubliette	-712.746	18.408	-40.500	mission:San d'Oria:19:step-010	mesh-connected	3	1.277	0.000	1	1
100	West Ronfaure	Geomagnetic Fount	object:v1:100:17187560	-704.875	22.311	-39.455	845493882	230	Southern San d'Oria	-125.880	274.100	-64.637	mission:San d'Oria:19:step-010	mesh-no-path	1	631.876	0.000	1	1
100	West Ronfaure	Geomagnetic Fount	object:v1:100:17187560	-704.875	22.311	-39.455	845559418	231	Northern San d'Oria	-172.186	379.998	-64.596	mission:San d'Oria:19:step-010	mesh-no-path	1	642.129	0.000	1	1
100	West Ronfaure	Geomagnetic Fount	object:v1:100:17187560	-704.875	22.311	-39.455	946222714	231	Northern San d'Oria	-180.473	419.995	-66.650	mission:San d'Oria:19:step-010	mesh-no-path	1	658.703	0.000	1	1
100	West Ronfaure	Marauder Dvogzog	camp:v1:100:marauder-dvogzog:0ca61444606dcb73134a	-695.249	21.575	-39.630	812921466	101	East Ronfaure	-24.427	140.000	-53.107	mission:San d'Oria:19:step-011,mission:San d'Oria:19:step-012	mesh-no-path	1	681.328	0.000	1	1
100	West Ronfaure	Marauder Dvogzog	camp:v1:100:marauder-dvogzog:0ca61444606dcb73134a	-695.249	21.575	-39.630	880030330	101	East Ronfaure	83.913	-200.033	-26.756	mission:San d'Oria:19:step-011,mission:San d'Oria:19:step-012	mesh-no-path	1	810.166	0.000	1	1
100	West Ronfaure	Marauder Dvogzog	camp:v1:100:marauder-dvogzog:0ca61444606dcb73134a	-695.249	21.575	-39.630	812987002	102	La Theine Plateau	-559.963	-602.479	-7.062	mission:San d'Oria:19:step-011,mission:San d'Oria:19:step-012	mesh-no-path	1	639.380	0.000	1	1
100	West Ronfaure	Marauder Dvogzog	camp:v1:100:marauder-dvogzog:0ca61444606dcb73134a	-695.249	21.575	-39.630	813118330	140	Ghelsba Outpost	-738.178	619.325	-67.173	mission:San d'Oria:19:step-011,mission:San d'Oria:19:step-012	mesh-no-path	1	599.922	0.000	1	1
100	West Ronfaure	Marauder Dvogzog	camp:v1:100:marauder-dvogzog:0ca61444606dcb73134a	-695.249	21.575	-39.630	846083194	167	Bostaunieux Oubliette	-712.746	18.408	-40.500	mission:San d'Oria:19:step-011,mission:San d'Oria:19:step-012	mesh-connected	3	1.277	0.000	1	1
100	West Ronfaure	Marauder Dvogzog	camp:v1:100:marauder-dvogzog:0ca61444606dcb73134a	-695.249	21.575	-39.630	845493882	230	Southern San d'Oria	-125.880	274.100	-64.637	mission:San d'Oria:19:step-011,mission:San d'Oria:19:step-012	mesh-no-path	1	623.358	0.000	1	1
100	West Ronfaure	Marauder Dvogzog	camp:v1:100:marauder-dvogzog:0ca61444606dcb73134a	-695.249	21.575	-39.630	845559418	231	Northern San d'Oria	-172.186	379.998	-64.596	mission:San d'Oria:19:step-011,mission:San d'Oria:19:step-012	mesh-no-path	1	634.575	0.000	1	1
100	West Ronfaure	Marauder Dvogzog	camp:v1:100:marauder-dvogzog:0ca61444606dcb73134a	-695.249	21.575	-39.630	946222714	231	Northern San d'Oria	-180.473	419.995	-66.650	mission:San d'Oria:19:step-011,mission:San d'Oria:19:step-012	mesh-no-path	1	651.508	0.000	1	1
100	West Ronfaure	Orcish Fodder	camp:v1:100:orcish-fodder:02fae163e6d4d3d914bf	-299.000	136.000	-37.000	812921466	101	East Ronfaure	-24.427	140.000	-53.107	mission:San d'Oria:1:step-005,mission:San d'Oria:1:step-006	mesh-connected	11	2.958	0.000	1	1
100	West Ronfaure	Orcish Fodder	camp:v1:100:orcish-fodder:02fae163e6d4d3d914bf	-299.000	136.000	-37.000	880030330	101	East Ronfaure	83.913	-200.033	-26.756	mission:San d'Oria:1:step-005,mission:San d'Oria:1:step-006	mesh-connected	31	6.470	0.000	1	1
100	West Ronfaure	Orcish Fodder	camp:v1:100:orcish-fodder:02fae163e6d4d3d914bf	-299.000	136.000	-37.000	812987002	102	La Theine Plateau	-559.963	-602.479	-7.062	mission:San d'Oria:1:step-005,mission:San d'Oria:1:step-006	mesh-connected	24	6.786	0.000	1	1
100	West Ronfaure	Orcish Fodder	camp:v1:100:orcish-fodder:02fae163e6d4d3d914bf	-299.000	136.000	-37.000	813118330	140	Ghelsba Outpost	-738.178	619.325	-67.173	mission:San d'Oria:1:step-005,mission:San d'Oria:1:step-006	mesh-connected	21	1.809	0.000	1	1
100	West Ronfaure	Orcish Fodder	camp:v1:100:orcish-fodder:02fae163e6d4d3d914bf	-299.000	136.000	-37.000	846083194	167	Bostaunieux Oubliette	-712.746	18.408	-40.500	mission:San d'Oria:1:step-005,mission:San d'Oria:1:step-006	mesh-no-path	1	430.146	0.000	1	1
100	West Ronfaure	Orcish Fodder	camp:v1:100:orcish-fodder:02fae163e6d4d3d914bf	-299.000	136.000	-37.000	845493882	230	Southern San d'Oria	-125.880	274.100	-64.637	mission:San d'Oria:1:step-005,mission:San d'Oria:1:step-006	mesh-connected	9	2.466	0.000	1	1
100	West Ronfaure	Orcish Fodder	camp:v1:100:orcish-fodder:02fae163e6d4d3d914bf	-299.000	136.000	-37.000	845559418	231	Northern San d'Oria	-172.186	379.998	-64.596	mission:San d'Oria:1:step-005,mission:San d'Oria:1:step-006	mesh-connected	10	2.447	0.000	1	1
100	West Ronfaure	Orcish Fodder	camp:v1:100:orcish-fodder:02fae163e6d4d3d914bf	-299.000	136.000	-37.000	946222714	231	Northern San d'Oria	-180.473	419.995	-66.650	mission:San d'Oria:1:step-005,mission:San d'Oria:1:step-006	mesh-no-path	1	309.162	0.000	1	1
100	West Ronfaure	Orcish Fodder	camp:v1:100:orcish-fodder:0aa21366c7012989fcb4	-167.142	-151.021	-20.261	812921466	101	East Ronfaure	-24.427	140.000	-53.107	mission:San d'Oria:1:step-005,mission:San d'Oria:1:step-006	mesh-connected	19	2.958	0.000	1	1
100	West Ronfaure	Orcish Fodder	camp:v1:100:orcish-fodder:0aa21366c7012989fcb4	-167.142	-151.021	-20.261	880030330	101	East Ronfaure	83.913	-200.033	-26.756	mission:San d'Oria:1:step-005,mission:San d'Oria:1:step-006	mesh-connected	26	6.470	0.000	1	1
100	West Ronfaure	Orcish Fodder	camp:v1:100:orcish-fodder:0aa21366c7012989fcb4	-167.142	-151.021	-20.261	812987002	102	La Theine Plateau	-559.963	-602.479	-7.062	mission:San d'Oria:1:step-005,mission:San d'Oria:1:step-006	mesh-connected	23	6.786	0.000	1	1
100	West Ronfaure	Orcish Fodder	camp:v1:100:orcish-fodder:0aa21366c7012989fcb4	-167.142	-151.021	-20.261	813118330	140	Ghelsba Outpost	-738.178	619.325	-67.173	mission:San d'Oria:1:step-005,mission:San d'Oria:1:step-006	mesh-connected	34	1.809	0.000	1	1
100	West Ronfaure	Orcish Fodder	camp:v1:100:orcish-fodder:0aa21366c7012989fcb4	-167.142	-151.021	-20.261	846083194	167	Bostaunieux Oubliette	-712.746	18.408	-40.500	mission:San d'Oria:1:step-005,mission:San d'Oria:1:step-006	mesh-no-path	1	571.664	0.000	1	1
100	West Ronfaure	Orcish Fodder	camp:v1:100:orcish-fodder:0aa21366c7012989fcb4	-167.142	-151.021	-20.261	845493882	230	Southern San d'Oria	-125.880	274.100	-64.637	mission:San d'Oria:1:step-005,mission:San d'Oria:1:step-006	mesh-connected	15	2.466	0.000	1	1
100	West Ronfaure	Orcish Fodder	camp:v1:100:orcish-fodder:0aa21366c7012989fcb4	-167.142	-151.021	-20.261	845559418	231	Northern San d'Oria	-172.186	379.998	-64.596	mission:San d'Oria:1:step-005,mission:San d'Oria:1:step-006	mesh-connected	15	2.447	0.000	1	1
100	West Ronfaure	Orcish Fodder	camp:v1:100:orcish-fodder:0aa21366c7012989fcb4	-167.142	-151.021	-20.261	946222714	231	Northern San d'Oria	-180.473	419.995	-66.650	mission:San d'Oria:1:step-005,mission:San d'Oria:1:step-006	mesh-no-path	1	573.052	0.000	1	1
100	West Ronfaure	Orcish Fodder	camp:v1:100:orcish-fodder:184c4eaded1e6fce6194	-502.975	-25.544	-30.850	812921466	101	East Ronfaure	-24.427	140.000	-53.107	mission:San d'Oria:1:step-005,mission:San d'Oria:1:step-006	mesh-connected	23	2.958	0.000	1	1
100	West Ronfaure	Orcish Fodder	camp:v1:100:orcish-fodder:184c4eaded1e6fce6194	-502.975	-25.544	-30.850	880030330	101	East Ronfaure	83.913	-200.033	-26.756	mission:San d'Oria:1:step-005,mission:San d'Oria:1:step-006	mesh-connected	36	6.470	0.000	1	1
100	West Ronfaure	Orcish Fodder	camp:v1:100:orcish-fodder:184c4eaded1e6fce6194	-502.975	-25.544	-30.850	812987002	102	La Theine Plateau	-559.963	-602.479	-7.062	mission:San d'Oria:1:step-005,mission:San d'Oria:1:step-006	mesh-connected	19	6.786	0.000	1	1
100	West Ronfaure	Orcish Fodder	camp:v1:100:orcish-fodder:184c4eaded1e6fce6194	-502.975	-25.544	-30.850	813118330	140	Ghelsba Outpost	-738.178	619.325	-67.173	mission:San d'Oria:1:step-005,mission:San d'Oria:1:step-006	mesh-connected	35	1.809	0.000	1	1
100	West Ronfaure	Orcish Fodder	camp:v1:100:orcish-fodder:184c4eaded1e6fce6194	-502.975	-25.544	-30.850	846083194	167	Bostaunieux Oubliette	-712.746	18.408	-40.500	mission:San d'Oria:1:step-005,mission:San d'Oria:1:step-006	mesh-no-path	1	214.543	0.000	1	1
100	West Ronfaure	Orcish Fodder	camp:v1:100:orcish-fodder:184c4eaded1e6fce6194	-502.975	-25.544	-30.850	845493882	230	Southern San d'Oria	-125.880	274.100	-64.637	mission:San d'Oria:1:step-005,mission:San d'Oria:1:step-006	mesh-connected	21	2.466	0.000	1	1
100	West Ronfaure	Orcish Fodder	camp:v1:100:orcish-fodder:184c4eaded1e6fce6194	-502.975	-25.544	-30.850	845559418	231	Northern San d'Oria	-172.186	379.998	-64.596	mission:San d'Oria:1:step-005,mission:San d'Oria:1:step-006	mesh-connected	27	2.447	0.000	1	1
100	West Ronfaure	Orcish Fodder	camp:v1:100:orcish-fodder:184c4eaded1e6fce6194	-502.975	-25.544	-30.850	946222714	231	Northern San d'Oria	-180.473	419.995	-66.650	mission:San d'Oria:1:step-005,mission:San d'Oria:1:step-006	mesh-no-path	1	551.175	0.000	1	1
100	West Ronfaure	Orcish Fodder	camp:v1:100:orcish-fodder:3a93d57c5610a6551955	-452.464	328.077	-50.248	812921466	101	East Ronfaure	-24.427	140.000	-53.107	mission:San d'Oria:1:step-005,mission:San d'Oria:1:step-006	mesh-connected	15	2.958	0.000	1	1
100	West Ronfaure	Orcish Fodder	camp:v1:100:orcish-fodder:3a93d57c5610a6551955	-452.464	328.077	-50.248	880030330	101	East Ronfaure	83.913	-200.033	-26.756	mission:San d'Oria:1:step-005,mission:San d'Oria:1:step-006	mesh-connected	40	6.470	0.000	1	1
100	West Ronfaure	Orcish Fodder	camp:v1:100:orcish-fodder:3a93d57c5610a6551955	-452.464	328.077	-50.248	812987002	102	La Theine Plateau	-559.963	-602.479	-7.062	mission:San d'Oria:1:step-005,mission:San d'Oria:1:step-006	mesh-connected	37	6.786	0.000	1	1
100	West Ronfaure	Orcish Fodder	camp:v1:100:orcish-fodder:3a93d57c5610a6551955	-452.464	328.077	-50.248	813118330	140	Ghelsba Outpost	-738.178	619.325	-67.173	mission:San d'Oria:1:step-005,mission:San d'Oria:1:step-006	mesh-connected	17	1.809	0.000	1	1
100	West Ronfaure	Orcish Fodder	camp:v1:100:orcish-fodder:3a93d57c5610a6551955	-452.464	328.077	-50.248	846083194	167	Bostaunieux Oubliette	-712.746	18.408	-40.500	mission:San d'Oria:1:step-005,mission:San d'Oria:1:step-006	mesh-no-path	1	404.644	0.000	1	1
100	West Ronfaure	Orcish Fodder	camp:v1:100:orcish-fodder:3a93d57c5610a6551955	-452.464	328.077	-50.248	845493882	230	Southern San d'Oria	-125.880	274.100	-64.637	mission:San d'Oria:1:step-005,mission:San d'Oria:1:step-006	mesh-connected	13	2.466	0.000	1	1
100	West Ronfaure	Orcish Fodder	camp:v1:100:orcish-fodder:3a93d57c5610a6551955	-452.464	328.077	-50.248	845559418	231	Northern San d'Oria	-172.186	379.998	-64.596	mission:San d'Oria:1:step-005,mission:San d'Oria:1:step-006	mesh-connected	8	2.447	0.000	1	1
100	West Ronfaure	Orcish Fodder	camp:v1:100:orcish-fodder:3a93d57c5610a6551955	-452.464	328.077	-50.248	946222714	231	Northern San d'Oria	-180.473	419.995	-66.650	mission:San d'Oria:1:step-005,mission:San d'Oria:1:step-006	mesh-no-path	1	287.571	0.000	1	1
100	West Ronfaure	Orcish Fodder	camp:v1:100:orcish-fodder:3ce4db3e881282824953	-343.971	-85.691	-23.195	812921466	101	East Ronfaure	-24.427	140.000	-53.107	mission:San d'Oria:1:step-005,mission:San d'Oria:1:step-006	mesh-connected	18	2.958	0.000	1	1
100	West Ronfaure	Orcish Fodder	camp:v1:100:orcish-fodder:3ce4db3e881282824953	-343.971	-85.691	-23.195	880030330	101	East Ronfaure	83.913	-200.033	-26.756	mission:San d'Oria:1:step-005,mission:San d'Oria:1:step-006	mesh-connected	23	6.470	0.000	1	1
100	West Ronfaure	Orcish Fodder	camp:v1:100:orcish-fodder:3ce4db3e881282824953	-343.971	-85.691	-23.195	812987002	102	La Theine Plateau	-559.963	-602.479	-7.062	mission:San d'Oria:1:step-005,mission:San d'Oria:1:step-006	mesh-connected	27	6.786	0.000	1	1
100	West Ronfaure	Orcish Fodder	camp:v1:100:orcish-fodder:3ce4db3e881282824953	-343.971	-85.691	-23.195	813118330	140	Ghelsba Outpost	-738.178	619.325	-67.173	mission:San d'Oria:1:step-005,mission:San d'Oria:1:step-006	mesh-connected	27	1.809	0.000	1	1
100	West Ronfaure	Orcish Fodder	camp:v1:100:orcish-fodder:3ce4db3e881282824953	-343.971	-85.691	-23.195	846083194	167	Bostaunieux Oubliette	-712.746	18.408	-40.500	mission:San d'Oria:1:step-005,mission:San d'Oria:1:step-006	mesh-no-path	1	383.577	0.000	1	1
100	West Ronfaure	Orcish Fodder	camp:v1:100:orcish-fodder:3ce4db3e881282824953	-343.971	-85.691	-23.195	845493882	230	Southern San d'Oria	-125.880	274.100	-64.637	mission:San d'Oria:1:step-005,mission:San d'Oria:1:step-006	mesh-connected	13	2.466	0.000	1	1
100	West Ronfaure	Orcish Fodder	camp:v1:100:orcish-fodder:3ce4db3e881282824953	-343.971	-85.691	-23.195	845559418	231	Northern San d'Oria	-172.186	379.998	-64.596	mission:San d'Oria:1:step-005,mission:San d'Oria:1:step-006	mesh-connected	18	2.447	0.000	1	1
100	West Ronfaure	Orcish Fodder	camp:v1:100:orcish-fodder:3ce4db3e881282824953	-343.971	-85.691	-23.195	946222714	231	Northern San d'Oria	-180.473	419.995	-66.650	mission:San d'Oria:1:step-005,mission:San d'Oria:1:step-006	mesh-no-path	1	533.234	0.000	1	1
100	West Ronfaure	Orcish Fodder	camp:v1:100:orcish-fodder:45c112cb3b025b5f9e0e	-655.000	544.000	-62.000	812921466	101	East Ronfaure	-24.427	140.000	-53.107	mission:San d'Oria:1:step-005,mission:San d'Oria:1:step-006	mesh-connected	20	2.958	0.000	1	1
100	West Ronfaure	Orcish Fodder	camp:v1:100:orcish-fodder:45c112cb3b025b5f9e0e	-655.000	544.000	-62.000	880030330	101	East Ronfaure	83.913	-200.033	-26.756	mission:San d'Oria:1:step-005,mission:San d'Oria:1:step-006	mesh-connected	41	6.470	0.000	1	1
100	West Ronfaure	Orcish Fodder	camp:v1:100:orcish-fodder:45c112cb3b025b5f9e0e	-655.000	544.000	-62.000	812987002	102	La Theine Plateau	-559.963	-602.479	-7.062	mission:San d'Oria:1:step-005,mission:San d'Oria:1:step-006	mesh-connected	38	6.786	0.000	1	1
100	West Ronfaure	Orcish Fodder	camp:v1:100:orcish-fodder:45c112cb3b025b5f9e0e	-655.000	544.000	-62.000	813118330	140	Ghelsba Outpost	-738.178	619.325	-67.173	mission:San d'Oria:1:step-005,mission:San d'Oria:1:step-006	mesh-connected	7	1.809	0.000	1	1
100	West Ronfaure	Orcish Fodder	camp:v1:100:orcish-fodder:45c112cb3b025b5f9e0e	-655.000	544.000	-62.000	846083194	167	Bostaunieux Oubliette	-712.746	18.408	-40.500	mission:San d'Oria:1:step-005,mission:San d'Oria:1:step-006	mesh-no-path	1	529.192	0.000	1	1
100	West Ronfaure	Orcish Fodder	camp:v1:100:orcish-fodder:45c112cb3b025b5f9e0e	-655.000	544.000	-62.000	845493882	230	Southern San d'Oria	-125.880	274.100	-64.637	mission:San d'Oria:1:step-005,mission:San d'Oria:1:step-006	mesh-connected	18	2.466	0.000	1	1
100	West Ronfaure	Orcish Fodder	camp:v1:100:orcish-fodder:45c112cb3b025b5f9e0e	-655.000	544.000	-62.000	845559418	231	Northern San d'Oria	-172.186	379.998	-64.596	mission:San d'Oria:1:step-005,mission:San d'Oria:1:step-006	mesh-connected	15	2.447	0.000	1	1
100	West Ronfaure	Orcish Fodder	camp:v1:100:orcish-fodder:45c112cb3b025b5f9e0e	-655.000	544.000	-62.000	946222714	231	Northern San d'Oria	-180.473	419.995	-66.650	mission:San d'Oria:1:step-005,mission:San d'Oria:1:step-006	mesh-no-path	1	490.484	0.000	1	1
100	West Ronfaure	Orcish Fodder	camp:v1:100:orcish-fodder:4dbf21a7005e84ae1b48	-570.453	177.916	-43.341	812921466	101	East Ronfaure	-24.427	140.000	-53.107	mission:San d'Oria:1:step-005,mission:San d'Oria:1:step-006	mesh-connected	12	2.958	0.000	1	1
100	West Ronfaure	Orcish Fodder	camp:v1:100:orcish-fodder:4dbf21a7005e84ae1b48	-570.453	177.916	-43.341	880030330	101	East Ronfaure	83.913	-200.033	-26.756	mission:San d'Oria:1:step-005,mission:San d'Oria:1:step-006	mesh-connected	34	6.470	0.000	1	1
100	West Ronfaure	Orcish Fodder	camp:v1:100:orcish-fodder:4dbf21a7005e84ae1b48	-570.453	177.916	-43.341	812987002	102	La Theine Plateau	-559.963	-602.479	-7.062	mission:San d'Oria:1:step-005,mission:San d'Oria:1:step-006	mesh-connected	26	6.786	0.000	1	1
100	West Ronfaure	Orcish Fodder	camp:v1:100:orcish-fodder:4dbf21a7005e84ae1b48	-570.453	177.916	-43.341	813118330	140	Ghelsba Outpost	-738.178	619.325	-67.173	mission:San d'Oria:1:step-005,mission:San d'Oria:1:step-006	mesh-connected	19	1.809	0.000	1	1
100	West Ronfaure	Orcish Fodder	camp:v1:100:orcish-fodder:4dbf21a7005e84ae1b48	-570.453	177.916	-43.341	846083194	167	Bostaunieux Oubliette	-712.746	18.408	-40.500	mission:San d'Oria:1:step-005,mission:San d'Oria:1:step-006	mesh-no-path	1	213.771	0.000	1	1
100	West Ronfaure	Orcish Fodder	camp:v1:100:orcish-fodder:4dbf21a7005e84ae1b48	-570.453	177.916	-43.341	845493882	230	Southern San d'Oria	-125.880	274.100	-64.637	mission:San d'Oria:1:step-005,mission:San d'Oria:1:step-006	mesh-connected	10	2.466	0.000	1	1
100	West Ronfaure	Orcish Fodder	camp:v1:100:orcish-fodder:4dbf21a7005e84ae1b48	-570.453	177.916	-43.341	845559418	231	Northern San d'Oria	-172.186	379.998	-64.596	mission:San d'Oria:1:step-005,mission:San d'Oria:1:step-006	mesh-connected	18	2.447	0.000	1	1
100	West Ronfaure	Orcish Fodder	camp:v1:100:orcish-fodder:4dbf21a7005e84ae1b48	-570.453	177.916	-43.341	946222714	231	Northern San d'Oria	-180.473	419.995	-66.650	mission:San d'Oria:1:step-005,mission:San d'Oria:1:step-006	mesh-no-path	1	459.598	0.000	1	1
100	West Ronfaure	Orcish Fodder	camp:v1:100:orcish-fodder:680beb40492c4aea78ad	-551.982	490.599	-57.411	812921466	101	East Ronfaure	-24.427	140.000	-53.107	mission:San d'Oria:1:step-005,mission:San d'Oria:1:step-006	mesh-connected	18	2.958	0.000	1	1
100	West Ronfaure	Orcish Fodder	camp:v1:100:orcish-fodder:680beb40492c4aea78ad	-551.982	490.599	-57.411	880030330	101	East Ronfaure	83.913	-200.033	-26.756	mission:San d'Oria:1:step-005,mission:San d'Oria:1:step-006	mesh-connected	42	6.470	0.000	1	1
100	West Ronfaure	Orcish Fodder	camp:v1:100:orcish-fodder:680beb40492c4aea78ad	-551.982	490.599	-57.411	812987002	102	La Theine Plateau	-559.963	-602.479	-7.062	mission:San d'Oria:1:step-005,mission:San d'Oria:1:step-006	mesh-connected	34	6.786	0.000	1	1
100	West Ronfaure	Orcish Fodder	camp:v1:100:orcish-fodder:680beb40492c4aea78ad	-551.982	490.599	-57.411	813118330	140	Ghelsba Outpost	-738.178	619.325	-67.173	mission:San d'Oria:1:step-005,mission:San d'Oria:1:step-006	mesh-connected	11	1.809	0.000	1	1
100	West Ronfaure	Orcish Fodder	camp:v1:100:orcish-fodder:680beb40492c4aea78ad	-551.982	490.599	-57.411	846083194	167	Bostaunieux Oubliette	-712.746	18.408	-40.500	mission:San d'Oria:1:step-005,mission:San d'Oria:1:step-006	mesh-no-path	1	499.095	0.000	1	1
100	West Ronfaure	Orcish Fodder	camp:v1:100:orcish-fodder:680beb40492c4aea78ad	-551.982	490.599	-57.411	845493882	230	Southern San d'Oria	-125.880	274.100	-64.637	mission:San d'Oria:1:step-005,mission:San d'Oria:1:step-006	mesh-connected	16	2.466	0.000	1	1
100	West Ronfaure	Orcish Fodder	camp:v1:100:orcish-fodder:680beb40492c4aea78ad	-551.982	490.599	-57.411	845559418	231	Northern San d'Oria	-172.186	379.998	-64.596	mission:San d'Oria:1:step-005,mission:San d'Oria:1:step-006	mesh-connected	10	2.447	0.000	1	1
100	West Ronfaure	Orcish Fodder	camp:v1:100:orcish-fodder:680beb40492c4aea78ad	-551.982	490.599	-57.411	946222714	231	Northern San d'Oria	-180.473	419.995	-66.650	mission:San d'Oria:1:step-005,mission:San d'Oria:1:step-006	mesh-no-path	1	378.271	0.000	1	1
100	West Ronfaure	Orcish Fodder	camp:v1:100:orcish-fodder:70301ecea97909f94260	-251.174	18.299	-32.634	812921466	101	East Ronfaure	-24.427	140.000	-53.107	mission:San d'Oria:1:step-005,mission:San d'Oria:1:step-006	mesh-connected	14	2.958	0.000	1	1
100	West Ronfaure	Orcish Fodder	camp:v1:100:orcish-fodder:70301ecea97909f94260	-251.174	18.299	-32.634	880030330	101	East Ronfaure	83.913	-200.033	-26.756	mission:San d'Oria:1:step-005,mission:San d'Oria:1:step-006	mesh-connected	26	6.470	0.000	1	1
100	West Ronfaure	Orcish Fodder	camp:v1:100:orcish-fodder:70301ecea97909f94260	-251.174	18.299	-32.634	812987002	102	La Theine Plateau	-559.963	-602.479	-7.062	mission:San d'Oria:1:step-005,mission:San d'Oria:1:step-006	mesh-connected	36	6.786	0.000	1	1
100	West Ronfaure	Orcish Fodder	camp:v1:100:orcish-fodder:70301ecea97909f94260	-251.174	18.299	-32.634	813118330	140	Ghelsba Outpost	-738.178	619.325	-67.173	mission:San d'Oria:1:step-005,mission:San d'Oria:1:step-006	mesh-connected	28	1.809	0.000	1	1
100	West Ronfaure	Orcish Fodder	camp:v1:100:orcish-fodder:70301ecea97909f94260	-251.174	18.299	-32.634	846083194	167	Bostaunieux Oubliette	-712.746	18.408	-40.500	mission:San d'Oria:1:step-005,mission:San d'Oria:1:step-006	mesh-no-path	1	461.639	0.000	1	1
100	West Ronfaure	Orcish Fodder	camp:v1:100:orcish-fodder:70301ecea97909f94260	-251.174	18.299	-32.634	845493882	230	Southern San d'Oria	-125.880	274.100	-64.637	mission:San d'Oria:1:step-005,mission:San d'Oria:1:step-006	mesh-connected	9	2.466	0.000	1	1
100	West Ronfaure	Orcish Fodder	camp:v1:100:orcish-fodder:70301ecea97909f94260	-251.174	18.299	-32.634	845559418	231	Northern San d'Oria	-172.186	379.998	-64.596	mission:San d'Oria:1:step-005,mission:San d'Oria:1:step-006	mesh-connected	10	2.447	0.000	1	1
100	West Ronfaure	Orcish Fodder	camp:v1:100:orcish-fodder:70301ecea97909f94260	-251.174	18.299	-32.634	946222714	231	Northern San d'Oria	-180.473	419.995	-66.650	mission:San d'Oria:1:step-005,mission:San d'Oria:1:step-006	mesh-no-path	1	409.286	0.000	1	1
100	West Ronfaure	Orcish Fodder	camp:v1:100:orcish-fodder:9edc02ca14efc07ea229	-492.824	-193.635	-20.263	812921466	101	East Ronfaure	-24.427	140.000	-53.107	mission:San d'Oria:1:step-005,mission:San d'Oria:1:step-006	mesh-connected	23	2.958	0.000	1	1
100	West Ronfaure	Orcish Fodder	camp:v1:100:orcish-fodder:9edc02ca14efc07ea229	-492.824	-193.635	-20.263	880030330	101	East Ronfaure	83.913	-200.033	-26.756	mission:San d'Oria:1:step-005,mission:San d'Oria:1:step-006	mesh-connected	25	6.470	0.000	1	1
100	West Ronfaure	Orcish Fodder	camp:v1:100:orcish-fodder:9edc02ca14efc07ea229	-492.824	-193.635	-20.263	812987002	102	La Theine Plateau	-559.963	-602.479	-7.062	mission:San d'Oria:1:step-005,mission:San d'Oria:1:step-006	mesh-connected	12	6.786	0.000	1	1
100	West Ronfaure	Orcish Fodder	camp:v1:100:orcish-fodder:9edc02ca14efc07ea229	-492.824	-193.635	-20.263	813118330	140	Ghelsba Outpost	-738.178	619.325	-67.173	mission:San d'Oria:1:step-005,mission:San d'Oria:1:step-006	mesh-connected	35	1.809	0.000	1	1
100	West Ronfaure	Orcish Fodder	camp:v1:100:orcish-fodder:9edc02ca14efc07ea229	-492.824	-193.635	-20.263	846083194	167	Bostaunieux Oubliette	-712.746	18.408	-40.500	mission:San d'Oria:1:step-005,mission:San d'Oria:1:step-006	mesh-no-path	1	306.166	0.000	1	1
100	West Ronfaure	Orcish Fodder	camp:v1:100:orcish-fodder:9edc02ca14efc07ea229	-492.824	-193.635	-20.263	845493882	230	Southern San d'Oria	-125.880	274.100	-64.637	mission:San d'Oria:1:step-005,mission:San d'Oria:1:step-006	mesh-connected	20	2.466	0.000	1	1
100	West Ronfaure	Orcish Fodder	camp:v1:100:orcish-fodder:9edc02ca14efc07ea229	-492.824	-193.635	-20.263	845559418	231	Northern San d'Oria	-172.186	379.998	-64.596	mission:San d'Oria:1:step-005,mission:San d'Oria:1:step-006	mesh-connected	20	2.447	0.000	1	1
100	West Ronfaure	Orcish Fodder	camp:v1:100:orcish-fodder:9edc02ca14efc07ea229	-492.824	-193.635	-20.263	946222714	231	Northern San d'Oria	-180.473	419.995	-66.650	mission:San d'Oria:1:step-005,mission:San d'Oria:1:step-006	mesh-no-path	1	690.114	0.000	1	1
100	West Ronfaure	Orcish Fodder	camp:v1:100:orcish-fodder:b2999235c7bf7f4860f7	-284.394	399.875	-60.339	812921466	101	East Ronfaure	-24.427	140.000	-53.107	mission:San d'Oria:1:step-005,mission:San d'Oria:1:step-006	mesh-connected	9	2.958	0.000	1	1
100	West Ronfaure	Orcish Fodder	camp:v1:100:orcish-fodder:b2999235c7bf7f4860f7	-284.394	399.875	-60.339	880030330	101	East Ronfaure	83.913	-200.033	-26.756	mission:San d'Oria:1:step-005,mission:San d'Oria:1:step-006	mesh-connected	30	6.470	0.000	1	1
100	West Ronfaure	Orcish Fodder	camp:v1:100:orcish-fodder:b2999235c7bf7f4860f7	-284.394	399.875	-60.339	812987002	102	La Theine Plateau	-559.963	-602.479	-7.062	mission:San d'Oria:1:step-005,mission:San d'Oria:1:step-006	mesh-connected	34	6.786	0.000	1	1
100	West Ronfaure	Orcish Fodder	camp:v1:100:orcish-fodder:b2999235c7bf7f4860f7	-284.394	399.875	-60.339	813118330	140	Ghelsba Outpost	-738.178	619.325	-67.173	mission:San d'Oria:1:step-005,mission:San d'Oria:1:step-006	mesh-connected	16	1.809	0.000	1	1
100	West Ronfaure	Orcish Fodder	camp:v1:100:orcish-fodder:b2999235c7bf7f4860f7	-284.394	399.875	-60.339	846083194	167	Bostaunieux Oubliette	-712.746	18.408	-40.500	mission:San d'Oria:1:step-005,mission:San d'Oria:1:step-006	mesh-no-path	1	573.930	0.000	1	1
100	West Ronfaure	Orcish Fodder	camp:v1:100:orcish-fodder:b2999235c7bf7f4860f7	-284.394	399.875	-60.339	845493882	230	Southern San d'Oria	-125.880	274.100	-64.637	mission:San d'Oria:1:step-005,mission:San d'Oria:1:step-006	mesh-connected	9	2.466	0.000	1	1
100	West Ronfaure	Orcish Fodder	camp:v1:100:orcish-fodder:b2999235c7bf7f4860f7	-284.394	399.875	-60.339	845559418	231	Northern San d'Oria	-172.186	379.998	-64.596	mission:San d'Oria:1:step-005,mission:San d'Oria:1:step-006	mesh-connected	4	2.447	0.000	1	1
100	West Ronfaure	Orcish Fodder	camp:v1:100:orcish-fodder:b2999235c7bf7f4860f7	-284.394	399.875	-60.339	946222714	231	Northern San d'Oria	-180.473	419.995	-66.650	mission:San d'Oria:1:step-005,mission:San d'Oria:1:step-006	mesh-no-path	1	106.039	0.000	1	1
100	West Ronfaure	Orcish Fodder	camp:v1:100:orcish-fodder:d2add05829e1dfec08c9	-364.029	75.880	-39.683	812921466	101	East Ronfaure	-24.427	140.000	-53.107	mission:San d'Oria:1:step-005,mission:San d'Oria:1:step-006	mesh-connected	14	2.958	0.000	1	1
100	West Ronfaure	Orcish Fodder	camp:v1:100:orcish-fodder:d2add05829e1dfec08c9	-364.029	75.880	-39.683	880030330	101	East Ronfaure	83.913	-200.033	-26.756	mission:San d'Oria:1:step-005,mission:San d'Oria:1:step-006	mesh-connected	29	6.470	0.000	1	1
100	West Ronfaure	Orcish Fodder	camp:v1:100:orcish-fodder:d2add05829e1dfec08c9	-364.029	75.880	-39.683	812987002	102	La Theine Plateau	-559.963	-602.479	-7.062	mission:San d'Oria:1:step-005,mission:San d'Oria:1:step-006	mesh-connected	22	6.786	0.000	1	1
100	West Ronfaure	Orcish Fodder	camp:v1:100:orcish-fodder:d2add05829e1dfec08c9	-364.029	75.880	-39.683	813118330	140	Ghelsba Outpost	-738.178	619.325	-67.173	mission:San d'Oria:1:step-005,mission:San d'Oria:1:step-006	mesh-connected	26	1.809	0.000	1	1
100	West Ronfaure	Orcish Fodder	camp:v1:100:orcish-fodder:d2add05829e1dfec08c9	-364.029	75.880	-39.683	846083194	167	Bostaunieux Oubliette	-712.746	18.408	-40.500	mission:San d'Oria:1:step-005,mission:San d'Oria:1:step-006	mesh-no-path	1	353.422	0.000	1	1
100	West Ronfaure	Orcish Fodder	camp:v1:100:orcish-fodder:d2add05829e1dfec08c9	-364.029	75.880	-39.683	845493882	230	Southern San d'Oria	-125.880	274.100	-64.637	mission:San d'Oria:1:step-005,mission:San d'Oria:1:step-006	mesh-connected	12	2.466	0.000	1	1
100	West Ronfaure	Orcish Fodder	camp:v1:100:orcish-fodder:d2add05829e1dfec08c9	-364.029	75.880	-39.683	845559418	231	Northern San d'Oria	-172.186	379.998	-64.596	mission:San d'Oria:1:step-005,mission:San d'Oria:1:step-006	mesh-connected	14	2.447	0.000	1	1
100	West Ronfaure	Orcish Fodder	camp:v1:100:orcish-fodder:d2add05829e1dfec08c9	-364.029	75.880	-39.683	946222714	231	Northern San d'Oria	-180.473	419.995	-66.650	mission:San d'Oria:1:step-005,mission:San d'Oria:1:step-006	mesh-no-path	1	390.941	0.000	1	1
100	West Ronfaure	Survival Guide	object:v1:100:17187561	-452.571	-217.970	-19.807	812921466	101	East Ronfaure	-24.427	140.000	-53.107	mission:San d'Oria:19:step-008,mission:San d'Oria:19:step-009,mission:San d'Oria:4:step-008,mission:Windurst:10:step-010,mission:Windurst:6:step-010,mission:Windurst:7:step-010,mission:Windurst:8:step-010,mission:Windurst:9:step-010	mesh-connected	26	2.958	0.000	1	1
100	West Ronfaure	Survival Guide	object:v1:100:17187561	-452.571	-217.970	-19.807	880030330	101	East Ronfaure	83.913	-200.033	-26.756	mission:San d'Oria:19:step-008,mission:San d'Oria:19:step-009,mission:San d'Oria:4:step-008,mission:Windurst:10:step-010,mission:Windurst:6:step-010,mission:Windurst:7:step-010,mission:Windurst:8:step-010,mission:Windurst:9:step-010	mesh-connected	9	6.470	0.000	1	1
100	West Ronfaure	Survival Guide	object:v1:100:17187561	-452.571	-217.970	-19.807	812987002	102	La Theine Plateau	-559.963	-602.479	-7.062	mission:San d'Oria:19:step-008,mission:San d'Oria:19:step-009,mission:San d'Oria:4:step-008,mission:Windurst:10:step-010,mission:Windurst:6:step-010,mission:Windurst:7:step-010,mission:Windurst:8:step-010,mission:Windurst:9:step-010	mesh-connected	13	6.786	0.000	1	1
100	West Ronfaure	Survival Guide	object:v1:100:17187561	-452.571	-217.970	-19.807	813118330	140	Ghelsba Outpost	-738.178	619.325	-67.173	mission:San d'Oria:19:step-008,mission:San d'Oria:19:step-009,mission:San d'Oria:4:step-008,mission:Windurst:10:step-010,mission:Windurst:6:step-010,mission:Windurst:7:step-010,mission:Windurst:8:step-010,mission:Windurst:9:step-010	mesh-connected	38	1.809	0.000	1	1
100	West Ronfaure	Survival Guide	object:v1:100:17187561	-452.571	-217.970	-19.807	846083194	167	Bostaunieux Oubliette	-712.746	18.408	-40.500	mission:San d'Oria:19:step-008,mission:San d'Oria:19:step-009,mission:San d'Oria:4:step-008,mission:Windurst:10:step-010,mission:Windurst:6:step-010,mission:Windurst:7:step-010,mission:Windurst:8:step-010,mission:Windurst:9:step-010	mesh-no-path	1	352.127	0.000	1	1
100	West Ronfaure	Survival Guide	object:v1:100:17187561	-452.571	-217.970	-19.807	845493882	230	Southern San d'Oria	-125.880	274.100	-64.637	mission:San d'Oria:19:step-008,mission:San d'Oria:19:step-009,mission:San d'Oria:4:step-008,mission:Windurst:10:step-010,mission:Windurst:6:step-010,mission:Windurst:7:step-010,mission:Windurst:8:step-010,mission:Windurst:9:step-010	mesh-connected	21	2.466	0.000	1	1
100	West Ronfaure	Survival Guide	object:v1:100:17187561	-452.571	-217.970	-19.807	845559418	231	Northern San d'Oria	-172.186	379.998	-64.596	mission:San d'Oria:19:step-008,mission:San d'Oria:19:step-009,mission:San d'Oria:4:step-008,mission:Windurst:10:step-010,mission:Windurst:6:step-010,mission:Windurst:7:step-010,mission:Windurst:8:step-010,mission:Windurst:9:step-010	mesh-connected	23	2.447	0.000	1	1
100	West Ronfaure	Survival Guide	object:v1:100:17187561	-452.571	-217.970	-19.807	946222714	231	Northern San d'Oria	-180.473	419.995	-66.650	mission:San d'Oria:19:step-008,mission:San d'Oria:19:step-009,mission:San d'Oria:4:step-008,mission:Windurst:10:step-010,mission:Windurst:6:step-010,mission:Windurst:7:step-010,mission:Windurst:8:step-010,mission:Windurst:9:step-010	mesh-no-path	1	695.148	0.000	1	1
101	East Ronfaure	Orcish Fodder	camp:v1:101:orcish-fodder:50dd5f9f9fb7c5bdf4fd	480.248	-55.194	-30.544	879964794	100	West Ronfaure	-16.472	140.003	-54.180	mission:San d'Oria:1:step-006	mesh-connected	14	4.076	0.000	1	1
101	East Ronfaure	Orcish Fodder	camp:v1:101:orcish-fodder:50dd5f9f9fb7c5bdf4fd	480.248	-55.194	-30.544	913519226	100	West Ronfaure	81.582	-199.921	-29.242	mission:San d'Oria:1:step-006	mesh-no-path	1	424.125	0.000	1	1
101	East Ronfaure	Orcish Fodder	camp:v1:101:orcish-fodder:50dd5f9f9fb7c5bdf4fd	480.248	-55.194	-30.544	812463226	166	Ranguemont Pass	818.507	659.680	-66.774	mission:San d'Oria:1:step-006	mesh-connected	29	1.660	0.000	1	1
101	East Ronfaure	Orcish Fodder	camp:v1:101:orcish-fodder:50dd5f9f9fb7c5bdf4fd	480.248	-55.194	-30.544	811677050	190	King Ranperre's Tomb	200.015	-536.074	-3.187	mission:San d'Oria:1:step-006	mesh-connected	23	3.083	0.000	1	1
101	East Ronfaure	Orcish Fodder	camp:v1:101:orcish-fodder:50dd5f9f9fb7c5bdf4fd	480.248	-55.194	-30.544	845231482	190	King Ranperre's Tomb	660.078	-588.047	-21.883	mission:San d'Oria:1:step-006	mesh-no-path	1	562.447	0.000	1	1
101	East Ronfaure	Orcish Fodder	camp:v1:101:orcish-fodder:50dd5f9f9fb7c5bdf4fd	480.248	-55.194	-30.544	811939450	230	Southern San d'Oria	86.131	273.861	-65.817	mission:San d'Oria:1:step-006	mesh-connected	19	3.713	0.000	1	1
101	East Ronfaure	Orcish Fodder	camp:v1:101:orcish-fodder:50dd5f9f9fb7c5bdf4fd	480.248	-55.194	-30.544	910000081	81	East Ronfaure [S]	321.899	509.089	-59.500	mission:San d'Oria:1:step-006	mesh-connected	11	0.230	0.000	1	1
101	East Ronfaure	Orcish Fodder	camp:v1:101:orcish-fodder:6c7a4f36673f6091fd2c	289.535	150.856	-50.375	879964794	100	West Ronfaure	-16.472	140.003	-54.180	mission:San d'Oria:1:step-006	mesh-connected	7	4.076	0.000	1	1
101	East Ronfaure	Orcish Fodder	camp:v1:101:orcish-fodder:6c7a4f36673f6091fd2c	289.535	150.856	-50.375	913519226	100	West Ronfaure	81.582	-199.921	-29.242	mission:San d'Oria:1:step-006	mesh-no-path	1	408.333	0.000	1	1
101	East Ronfaure	Orcish Fodder	camp:v1:101:orcish-fodder:6c7a4f36673f6091fd2c	289.535	150.856	-50.375	812463226	166	Ranguemont Pass	818.507	659.680	-66.774	mission:San d'Oria:1:step-006	mesh-connected	29	1.660	0.000	1	1
101	East Ronfaure	Orcish Fodder	camp:v1:101:orcish-fodder:6c7a4f36673f6091fd2c	289.535	150.856	-50.375	811677050	190	King Ranperre's Tomb	200.015	-536.074	-3.187	mission:San d'Oria:1:step-006	mesh-connected	28	3.083	0.000	1	1
101	East Ronfaure	Orcish Fodder	camp:v1:101:orcish-fodder:6c7a4f36673f6091fd2c	289.535	150.856	-50.375	845231482	190	King Ranperre's Tomb	660.078	-588.047	-21.883	mission:San d'Oria:1:step-006	mesh-no-path	1	827.098	0.000	1	1
101	East Ronfaure	Orcish Fodder	camp:v1:101:orcish-fodder:6c7a4f36673f6091fd2c	289.535	150.856	-50.375	811939450	230	Southern San d'Oria	86.131	273.861	-65.817	mission:San d'Oria:1:step-006	mesh-connected	8	3.713	0.000	1	1
101	East Ronfaure	Orcish Fodder	camp:v1:101:orcish-fodder:6c7a4f36673f6091fd2c	289.535	150.856	-50.375	910000081	81	East Ronfaure [S]	321.899	509.089	-59.500	mission:San d'Oria:1:step-006	mesh-connected	8	0.230	0.000	1	1
101	East Ronfaure	Orcish Fodder	camp:v1:101:orcish-fodder:8b472aa8d9f37b1996e8	467.998	-210.121	-18.949	879964794	100	West Ronfaure	-16.472	140.003	-54.180	mission:San d'Oria:1:step-006	mesh-connected	24	4.076	0.000	1	1
101	East Ronfaure	Orcish Fodder	camp:v1:101:orcish-fodder:8b472aa8d9f37b1996e8	467.998	-210.121	-18.949	913519226	100	West Ronfaure	81.582	-199.921	-29.242	mission:San d'Oria:1:step-006	mesh-no-path	1	386.688	0.000	1	1
101	East Ronfaure	Orcish Fodder	camp:v1:101:orcish-fodder:8b472aa8d9f37b1996e8	467.998	-210.121	-18.949	812463226	166	Ranguemont Pass	818.507	659.680	-66.774	mission:San d'Oria:1:step-006	mesh-connected	28	1.660	0.000	1	1
101	East Ronfaure	Orcish Fodder	camp:v1:101:orcish-fodder:8b472aa8d9f37b1996e8	467.998	-210.121	-18.949	811677050	190	King Ranperre's Tomb	200.015	-536.074	-3.187	mission:San d'Oria:1:step-006	mesh-connected	20	3.083	0.000	1	1
101	East Ronfaure	Orcish Fodder	camp:v1:101:orcish-fodder:8b472aa8d9f37b1996e8	467.998	-210.121	-18.949	845231482	190	King Ranperre's Tomb	660.078	-588.047	-21.883	mission:San d'Oria:1:step-006	mesh-no-path	1	423.947	0.000	1	1
101	East Ronfaure	Orcish Fodder	camp:v1:101:orcish-fodder:8b472aa8d9f37b1996e8	467.998	-210.121	-18.949	811939450	230	Southern San d'Oria	86.131	273.861	-65.817	mission:San d'Oria:1:step-006	mesh-connected	27	3.713	0.000	1	1
101	East Ronfaure	Orcish Fodder	camp:v1:101:orcish-fodder:8b472aa8d9f37b1996e8	467.998	-210.121	-18.949	910000081	81	East Ronfaure [S]	321.899	509.089	-59.500	mission:San d'Oria:1:step-006	mesh-connected	15	0.230	0.000	1	1
101	East Ronfaure	Orcish Fodder	camp:v1:101:orcish-fodder:8e9715f6e64706a1d634	280.287	-313.448	-20.181	879964794	100	West Ronfaure	-16.472	140.003	-54.180	mission:San d'Oria:1:step-006	mesh-connected	19	4.076	0.000	1	1
101	East Ronfaure	Orcish Fodder	camp:v1:101:orcish-fodder:8e9715f6e64706a1d634	280.287	-313.448	-20.181	913519226	100	West Ronfaure	81.582	-199.921	-29.242	mission:San d'Oria:1:step-006	mesh-no-path	1	229.029	0.000	1	1
101	East Ronfaure	Orcish Fodder	camp:v1:101:orcish-fodder:8e9715f6e64706a1d634	280.287	-313.448	-20.181	812463226	166	Ranguemont Pass	818.507	659.680	-66.774	mission:San d'Oria:1:step-006	mesh-connected	36	1.660	0.000	1	1
101	East Ronfaure	Orcish Fodder	camp:v1:101:orcish-fodder:8e9715f6e64706a1d634	280.287	-313.448	-20.181	811677050	190	King Ranperre's Tomb	200.015	-536.074	-3.187	mission:San d'Oria:1:step-006	mesh-connected	11	3.083	0.000	1	1
101	East Ronfaure	Orcish Fodder	camp:v1:101:orcish-fodder:8e9715f6e64706a1d634	280.287	-313.448	-20.181	845231482	190	King Ranperre's Tomb	660.078	-588.047	-21.883	mission:San d'Oria:1:step-006	mesh-no-path	1	468.667	0.000	1	1
101	East Ronfaure	Orcish Fodder	camp:v1:101:orcish-fodder:8e9715f6e64706a1d634	280.287	-313.448	-20.181	811939450	230	Southern San d'Oria	86.131	273.861	-65.817	mission:San d'Oria:1:step-006	mesh-connected	23	3.713	0.000	1	1
101	East Ronfaure	Orcish Fodder	camp:v1:101:orcish-fodder:8e9715f6e64706a1d634	280.287	-313.448	-20.181	910000081	81	East Ronfaure [S]	321.899	509.089	-59.500	mission:San d'Oria:1:step-006	mesh-connected	27	0.230	0.000	1	1
101	East Ronfaure	Orcish Fodder	camp:v1:101:orcish-fodder:8ec40f6cf6ce994bd979	392.228	-330.174	-19.185	879964794	100	West Ronfaure	-16.472	140.003	-54.180	mission:San d'Oria:1:step-006	mesh-connected	24	4.076	0.000	1	1
101	East Ronfaure	Orcish Fodder	camp:v1:101:orcish-fodder:8ec40f6cf6ce994bd979	392.228	-330.174	-19.185	913519226	100	West Ronfaure	81.582	-199.921	-29.242	mission:San d'Oria:1:step-006	mesh-no-path	1	336.998	0.000	1	1
101	East Ronfaure	Orcish Fodder	camp:v1:101:orcish-fodder:8ec40f6cf6ce994bd979	392.228	-330.174	-19.185	812463226	166	Ranguemont Pass	818.507	659.680	-66.774	mission:San d'Oria:1:step-006	mesh-connected	33	1.660	0.000	1	1
101	East Ronfaure	Orcish Fodder	camp:v1:101:orcish-fodder:8ec40f6cf6ce994bd979	392.228	-330.174	-19.185	811677050	190	King Ranperre's Tomb	200.015	-536.074	-3.187	mission:San d'Oria:1:step-006	mesh-connected	10	3.083	0.000	1	1
101	East Ronfaure	Orcish Fodder	camp:v1:101:orcish-fodder:8ec40f6cf6ce994bd979	392.228	-330.174	-19.185	845231482	190	King Ranperre's Tomb	660.078	-588.047	-21.883	mission:San d'Oria:1:step-006	mesh-no-path	1	371.819	0.000	1	1
101	East Ronfaure	Orcish Fodder	camp:v1:101:orcish-fodder:8ec40f6cf6ce994bd979	392.228	-330.174	-19.185	811939450	230	Southern San d'Oria	86.131	273.861	-65.817	mission:San d'Oria:1:step-006	mesh-connected	21	3.713	0.000	1	1
101	East Ronfaure	Orcish Fodder	camp:v1:101:orcish-fodder:8ec40f6cf6ce994bd979	392.228	-330.174	-19.185	910000081	81	East Ronfaure [S]	321.899	509.089	-59.500	mission:San d'Oria:1:step-006	mesh-connected	19	0.230	0.000	1	1
101	East Ronfaure	Orcish Fodder	camp:v1:101:orcish-fodder:f2d1ca6cdc501379d65a	300.724	94.131	-40.949	879964794	100	West Ronfaure	-16.472	140.003	-54.180	mission:San d'Oria:1:step-006	mesh-connected	10	4.076	0.000	1	1
101	East Ronfaure	Orcish Fodder	camp:v1:101:orcish-fodder:f2d1ca6cdc501379d65a	300.724	94.131	-40.949	913519226	100	West Ronfaure	81.582	-199.921	-29.242	mission:San d'Oria:1:step-006	mesh-no-path	1	366.915	0.000	1	1
101	East Ronfaure	Orcish Fodder	camp:v1:101:orcish-fodder:f2d1ca6cdc501379d65a	300.724	94.131	-40.949	812463226	166	Ranguemont Pass	818.507	659.680	-66.774	mission:San d'Oria:1:step-006	mesh-connected	35	1.660	0.000	1	1
101	East Ronfaure	Orcish Fodder	camp:v1:101:orcish-fodder:f2d1ca6cdc501379d65a	300.724	94.131	-40.949	811677050	190	King Ranperre's Tomb	200.015	-536.074	-3.187	mission:San d'Oria:1:step-006	mesh-connected	24	3.083	0.000	1	1
101	East Ronfaure	Orcish Fodder	camp:v1:101:orcish-fodder:f2d1ca6cdc501379d65a	300.724	94.131	-40.949	845231482	190	King Ranperre's Tomb	660.078	-588.047	-21.883	mission:San d'Oria:1:step-006	mesh-no-path	1	771.275	0.000	1	1
101	East Ronfaure	Orcish Fodder	camp:v1:101:orcish-fodder:f2d1ca6cdc501379d65a	300.724	94.131	-40.949	811939450	230	Southern San d'Oria	86.131	273.861	-65.817	mission:San d'Oria:1:step-006	mesh-connected	11	3.713	0.000	1	1
101	East Ronfaure	Orcish Fodder	camp:v1:101:orcish-fodder:f2d1ca6cdc501379d65a	300.724	94.131	-40.949	910000081	81	East Ronfaure [S]	321.899	509.089	-59.500	mission:San d'Oria:1:step-006	mesh-connected	10	0.230	0.000	1	1
101	East Ronfaure	Orcish Fodder	camp:v1:101:orcish-fodder:f528646c18106cce1ec3	351.789	-152.175	-21.110	879964794	100	West Ronfaure	-16.472	140.003	-54.180	mission:San d'Oria:1:step-006	mesh-connected	16	4.076	0.000	1	1
101	East Ronfaure	Orcish Fodder	camp:v1:101:orcish-fodder:f528646c18106cce1ec3	351.789	-152.175	-21.110	913519226	100	West Ronfaure	81.582	-199.921	-29.242	mission:San d'Oria:1:step-006	mesh-no-path	1	274.513	0.000	1	1
101	East Ronfaure	Orcish Fodder	camp:v1:101:orcish-fodder:f528646c18106cce1ec3	351.789	-152.175	-21.110	812463226	166	Ranguemont Pass	818.507	659.680	-66.774	mission:San d'Oria:1:step-006	mesh-connected	28	1.660	0.000	1	1
101	East Ronfaure	Orcish Fodder	camp:v1:101:orcish-fodder:f528646c18106cce1ec3	351.789	-152.175	-21.110	811677050	190	King Ranperre's Tomb	200.015	-536.074	-3.187	mission:San d'Oria:1:step-006	mesh-connected	13	3.083	0.000	1	1
101	East Ronfaure	Orcish Fodder	camp:v1:101:orcish-fodder:f528646c18106cce1ec3	351.789	-152.175	-21.110	845231482	190	King Ranperre's Tomb	660.078	-588.047	-21.883	mission:San d'Oria:1:step-006	mesh-no-path	1	533.879	0.000	1	1
101	East Ronfaure	Orcish Fodder	camp:v1:101:orcish-fodder:f528646c18106cce1ec3	351.789	-152.175	-21.110	811939450	230	Southern San d'Oria	86.131	273.861	-65.817	mission:San d'Oria:1:step-006	mesh-connected	12	3.713	0.000	1	1
101	East Ronfaure	Orcish Fodder	camp:v1:101:orcish-fodder:f528646c18106cce1ec3	351.789	-152.175	-21.110	910000081	81	East Ronfaure [S]	321.899	509.089	-59.500	mission:San d'Oria:1:step-006	mesh-connected	18	0.230	0.000	1	1
102	La Theine Plateau	Augevinne	npc:v1:102:17195610	-363.415	267.721	39.707	1668493946	100	West Ronfaure	-559.978	680.592	-3.098	mission:San d'Oria:4:step-011	mesh-connected	36	2.848	0.000	1	1
102	La Theine Plateau	Augevinne	npc:v1:102:17195610	-363.415	267.721	39.707	846606970	103	Valkurm Dunes	159.989	-760.190	31.950	mission:San d'Oria:4:step-011	mesh-connected	57	0.200	0.000	1	1
102	La Theine Plateau	Augevinne	npc:v1:102:17195610	-363.415	267.721	39.707	813118074	104	Jugner Forest	795.118	-39.978	28.221	mission:San d'Oria:4:step-011	mesh-connected	40	3.532	0.000	1	1
102	La Theine Plateau	Augevinne	npc:v1:102:17195610	-363.415	267.721	39.707	811873658	193	Ordelle's Caves	-272.118	98.859	21.715	mission:San d'Oria:4:step-011	mesh-connected	12	1.335	0.000	1	1
102	La Theine Plateau	Augevinne	npc:v1:102:17195610	-363.415	267.721	39.707	845428090	193	Ordelle's Caves	-59.413	151.634	28.699	mission:San d'Oria:4:step-011	mesh-connected	32	2.043	0.000	1	1
102	La Theine Plateau	Deaufrain	npc:v1:102:17195609	-307.019	341.550	27.690	1668493946	100	West Ronfaure	-559.978	680.592	-3.098	mission:San d'Oria:4:step-011,mission:San d'Oria:4:step-017	mesh-connected	30	2.848	0.000	1	1
102	La Theine Plateau	Deaufrain	npc:v1:102:17195609	-307.019	341.550	27.690	846606970	103	Valkurm Dunes	159.989	-760.190	31.950	mission:San d'Oria:4:step-011,mission:San d'Oria:4:step-017	mesh-connected	55	0.200	0.000	1	1
102	La Theine Plateau	Deaufrain	npc:v1:102:17195609	-307.019	341.550	27.690	813118074	104	Jugner Forest	795.118	-39.978	28.221	mission:San d'Oria:4:step-011,mission:San d'Oria:4:step-017	mesh-connected	44	3.532	0.000	1	1
102	La Theine Plateau	Deaufrain	npc:v1:102:17195609	-307.019	341.550	27.690	811873658	193	Ordelle's Caves	-272.118	98.859	21.715	mission:San d'Oria:4:step-011,mission:San d'Oria:4:step-017	mesh-connected	18	1.335	0.000	1	1
102	La Theine Plateau	Deaufrain	npc:v1:102:17195609	-307.019	341.550	27.690	845428090	193	Ordelle's Caves	-59.413	151.634	28.699	mission:San d'Oria:4:step-011,mission:San d'Oria:4:step-017	mesh-connected	28	2.043	0.000	1	1
102	La Theine Plateau	Equesobillot	npc:v1:102:17195608	-286.485	287.821	9.307	1668493946	100	West Ronfaure	-559.978	680.592	-3.098	mission:San d'Oria:4:step-009,mission:San d'Oria:4:step-011,mission:San d'Oria:4:step-017	mesh-connected	27	2.848	0.000	1	1
102	La Theine Plateau	Equesobillot	npc:v1:102:17195608	-286.485	287.821	9.307	846606970	103	Valkurm Dunes	159.989	-760.190	31.950	mission:San d'Oria:4:step-009,mission:San d'Oria:4:step-011,mission:San d'Oria:4:step-017	mesh-connected	52	0.200	0.000	1	1
102	La Theine Plateau	Equesobillot	npc:v1:102:17195608	-286.485	287.821	9.307	813118074	104	Jugner Forest	795.118	-39.978	28.221	mission:San d'Oria:4:step-009,mission:San d'Oria:4:step-011,mission:San d'Oria:4:step-017	mesh-connected	41	3.532	0.000	1	1
102	La Theine Plateau	Equesobillot	npc:v1:102:17195608	-286.485	287.821	9.307	811873658	193	Ordelle's Caves	-272.118	98.859	21.715	mission:San d'Oria:4:step-009,mission:San d'Oria:4:step-011,mission:San d'Oria:4:step-017	mesh-connected	25	1.335	0.000	1	1
102	La Theine Plateau	Equesobillot	npc:v1:102:17195608	-286.485	287.821	9.307	845428090	193	Ordelle's Caves	-59.413	151.634	28.699	mission:San d'Oria:4:step-009,mission:San d'Oria:4:step-011,mission:San d'Oria:4:step-017	mesh-connected	25	2.043	0.000	1	1
102	La Theine Plateau	Galaihaurat	npc:v1:102:17195615	-481.196	220.547	-7.028	1668493946	100	West Ronfaure	-559.978	680.592	-3.098	mission:San d'Oria:4:step-006,mission:San d'Oria:4:step-017,mission:San d'Oria:4:step-018	mesh-connected	21	2.848	0.000	1	1
102	La Theine Plateau	Galaihaurat	npc:v1:102:17195615	-481.196	220.547	-7.028	846606970	103	Valkurm Dunes	159.989	-760.190	31.950	mission:San d'Oria:4:step-006,mission:San d'Oria:4:step-017,mission:San d'Oria:4:step-018	mesh-connected	52	0.200	0.000	1	1
102	La Theine Plateau	Galaihaurat	npc:v1:102:17195615	-481.196	220.547	-7.028	813118074	104	Jugner Forest	795.118	-39.978	28.221	mission:San d'Oria:4:step-006,mission:San d'Oria:4:step-017,mission:San d'Oria:4:step-018	mesh-connected	41	3.532	0.000	1	1
102	La Theine Plateau	Galaihaurat	npc:v1:102:17195615	-481.196	220.547	-7.028	811873658	193	Ordelle's Caves	-272.118	98.859	21.715	mission:San d'Oria:4:step-006,mission:San d'Oria:4:step-017,mission:San d'Oria:4:step-018	mesh-connected	51	1.335	0.000	1	1
102	La Theine Plateau	Galaihaurat	npc:v1:102:17195615	-481.196	220.547	-7.028	845428090	193	Ordelle's Caves	-59.413	151.634	28.699	mission:San d'Oria:4:step-006,mission:San d'Oria:4:step-017,mission:San d'Oria:4:step-018	mesh-connected	28	2.043	0.000	1	1
102	La Theine Plateau	Laurisse	npc:v1:102:17195613	-291.755	141.193	28.276	1668493946	100	West Ronfaure	-559.978	680.592	-3.098	mission:San d'Oria:4:step-011	mesh-connected	48	2.848	0.000	1	1
102	La Theine Plateau	Laurisse	npc:v1:102:17195613	-291.755	141.193	28.276	846606970	103	Valkurm Dunes	159.989	-760.190	31.950	mission:San d'Oria:4:step-011	mesh-connected	70	0.200	0.000	1	1
102	La Theine Plateau	Laurisse	npc:v1:102:17195613	-291.755	141.193	28.276	813118074	104	Jugner Forest	795.118	-39.978	28.221	mission:San d'Oria:4:step-011	mesh-connected	49	3.532	0.000	1	1
102	La Theine Plateau	Laurisse	npc:v1:102:17195613	-291.755	141.193	28.276	811873658	193	Ordelle's Caves	-272.118	98.859	21.715	mission:San d'Oria:4:step-011	mesh-connected	10	1.335	0.000	1	1
102	La Theine Plateau	Laurisse	npc:v1:102:17195613	-291.755	141.193	28.276	845428090	193	Ordelle's Caves	-59.413	151.634	28.699	mission:San d'Oria:4:step-011	mesh-connected	46	2.043	0.000	1	1
102	La Theine Plateau	Narvecaint	npc:v1:102:17195614	-261.936	127.610	23.144	1668493946	100	West Ronfaure	-559.978	680.592	-3.098	mission:San d'Oria:4:step-011	mesh-connected	47	2.848	0.000	1	1
102	La Theine Plateau	Narvecaint	npc:v1:102:17195614	-261.936	127.610	23.144	846606970	103	Valkurm Dunes	159.989	-760.190	31.950	mission:San d'Oria:4:step-011	mesh-connected	71	0.200	0.000	1	1
102	La Theine Plateau	Narvecaint	npc:v1:102:17195614	-261.936	127.610	23.144	813118074	104	Jugner Forest	795.118	-39.978	28.221	mission:San d'Oria:4:step-011	mesh-connected	54	3.532	0.000	1	1
102	La Theine Plateau	Narvecaint	npc:v1:102:17195614	-261.936	127.610	23.144	811873658	193	Ordelle's Caves	-272.118	98.859	21.715	mission:San d'Oria:4:step-011	mesh-connected	5	1.335	0.000	1	1
102	La Theine Plateau	Narvecaint	npc:v1:102:17195614	-261.936	127.610	23.144	845428090	193	Ordelle's Caves	-59.413	151.634	28.699	mission:San d'Oria:4:step-011	mesh-connected	47	2.043	0.000	1	1
102	La Theine Plateau	Orcish Fodder	camp:v1:102:orcish-fodder:19ca9512fef61348cc88	-563.201	207.066	-8.326	1668493946	100	West Ronfaure	-559.978	680.592	-3.098	mission:San d'Oria:1:step-005	mesh-connected	16	2.848	0.000	1	1
102	La Theine Plateau	Orcish Fodder	camp:v1:102:orcish-fodder:19ca9512fef61348cc88	-563.201	207.066	-8.326	846606970	103	Valkurm Dunes	159.989	-760.190	31.950	mission:San d'Oria:1:step-005	mesh-connected	38	0.200	0.000	1	1
102	La Theine Plateau	Orcish Fodder	camp:v1:102:orcish-fodder:19ca9512fef61348cc88	-563.201	207.066	-8.326	813118074	104	Jugner Forest	795.118	-39.978	28.221	mission:San d'Oria:1:step-005	mesh-connected	44	3.532	0.000	1	1
102	La Theine Plateau	Orcish Fodder	camp:v1:102:orcish-fodder:19ca9512fef61348cc88	-563.201	207.066	-8.326	811873658	193	Ordelle's Caves	-272.118	98.859	21.715	mission:San d'Oria:1:step-005	mesh-connected	49	1.335	0.000	1	1
102	La Theine Plateau	Orcish Fodder	camp:v1:102:orcish-fodder:19ca9512fef61348cc88	-563.201	207.066	-8.326	845428090	193	Ordelle's Caves	-59.413	151.634	28.699	mission:San d'Oria:1:step-005	mesh-connected	26	2.043	0.000	1	1
102	La Theine Plateau	Orcish Fodder	camp:v1:102:orcish-fodder:20de38eb3d76eb8ff6bb	402.327	-434.056	23.451	1668493946	100	West Ronfaure	-559.978	680.592	-3.098	mission:San d'Oria:1:step-005	mesh-connected	75	2.848	0.000	1	1
102	La Theine Plateau	Orcish Fodder	camp:v1:102:orcish-fodder:20de38eb3d76eb8ff6bb	402.327	-434.056	23.451	846606970	103	Valkurm Dunes	159.989	-760.190	31.950	mission:San d'Oria:1:step-005	mesh-connected	28	0.200	0.000	1	1
102	La Theine Plateau	Orcish Fodder	camp:v1:102:orcish-fodder:20de38eb3d76eb8ff6bb	402.327	-434.056	23.451	813118074	104	Jugner Forest	795.118	-39.978	28.221	mission:San d'Oria:1:step-005	mesh-connected	30	3.532	0.000	1	1
102	La Theine Plateau	Orcish Fodder	camp:v1:102:orcish-fodder:20de38eb3d76eb8ff6bb	402.327	-434.056	23.451	811873658	193	Ordelle's Caves	-272.118	98.859	21.715	mission:San d'Oria:1:step-005	mesh-connected	54	1.335	0.000	1	1
102	La Theine Plateau	Orcish Fodder	camp:v1:102:orcish-fodder:20de38eb3d76eb8ff6bb	402.327	-434.056	23.451	845428090	193	Ordelle's Caves	-59.413	151.634	28.699	mission:San d'Oria:1:step-005	mesh-connected	44	2.043	0.000	1	1
102	La Theine Plateau	Orcish Fodder	camp:v1:102:orcish-fodder:597102c7201ca77ffb8b	-372.872	64.551	-8.332	1668493946	100	West Ronfaure	-559.978	680.592	-3.098	mission:San d'Oria:1:step-005	mesh-connected	36	2.848	0.000	1	1
102	La Theine Plateau	Orcish Fodder	camp:v1:102:orcish-fodder:597102c7201ca77ffb8b	-372.872	64.551	-8.332	846606970	103	Valkurm Dunes	159.989	-760.190	31.950	mission:San d'Oria:1:step-005	mesh-connected	31	0.200	0.000	1	1
102	La Theine Plateau	Orcish Fodder	camp:v1:102:orcish-fodder:597102c7201ca77ffb8b	-372.872	64.551	-8.332	813118074	104	Jugner Forest	795.118	-39.978	28.221	mission:San d'Oria:1:step-005	mesh-connected	35	3.532	0.000	1	1
102	La Theine Plateau	Orcish Fodder	camp:v1:102:orcish-fodder:597102c7201ca77ffb8b	-372.872	64.551	-8.332	811873658	193	Ordelle's Caves	-272.118	98.859	21.715	mission:San d'Oria:1:step-005	mesh-connected	30	1.335	0.000	1	1
102	La Theine Plateau	Orcish Fodder	camp:v1:102:orcish-fodder:597102c7201ca77ffb8b	-372.872	64.551	-8.332	845428090	193	Ordelle's Caves	-59.413	151.634	28.699	mission:San d'Oria:1:step-005	mesh-connected	23	2.043	0.000	1	1
102	La Theine Plateau	Orcish Fodder	camp:v1:102:orcish-fodder:cdbda89dfb813d50b6ca	-695.099	57.484	-8.826	1668493946	100	West Ronfaure	-559.978	680.592	-3.098	mission:San d'Oria:1:step-005	mesh-connected	31	2.848	0.000	1	1
102	La Theine Plateau	Orcish Fodder	camp:v1:102:orcish-fodder:cdbda89dfb813d50b6ca	-695.099	57.484	-8.826	846606970	103	Valkurm Dunes	159.989	-760.190	31.950	mission:San d'Oria:1:step-005	mesh-connected	51	0.200	0.000	1	1
102	La Theine Plateau	Orcish Fodder	camp:v1:102:orcish-fodder:cdbda89dfb813d50b6ca	-695.099	57.484	-8.826	813118074	104	Jugner Forest	795.118	-39.978	28.221	mission:San d'Oria:1:step-005	mesh-connected	40	3.532	0.000	1	1
102	La Theine Plateau	Orcish Fodder	camp:v1:102:orcish-fodder:cdbda89dfb813d50b6ca	-695.099	57.484	-8.826	811873658	193	Ordelle's Caves	-272.118	98.859	21.715	mission:San d'Oria:1:step-005	mesh-connected	35	1.335	0.000	1	1
102	La Theine Plateau	Orcish Fodder	camp:v1:102:orcish-fodder:cdbda89dfb813d50b6ca	-695.099	57.484	-8.826	845428090	193	Ordelle's Caves	-59.413	151.634	28.699	mission:San d'Oria:1:step-005	mesh-connected	33	2.043	0.000	1	1
102	La Theine Plateau	Orcish Fodder	camp:v1:102:orcish-fodder:d87942783e3b71ea8abd	520.997	-131.800	24.200	1668493946	100	West Ronfaure	-559.978	680.592	-3.098	mission:San d'Oria:1:step-005	mesh-connected	50	2.848	0.000	1	1
102	La Theine Plateau	Orcish Fodder	camp:v1:102:orcish-fodder:d87942783e3b71ea8abd	520.997	-131.800	24.200	846606970	103	Valkurm Dunes	159.989	-760.190	31.950	mission:San d'Oria:1:step-005	mesh-connected	37	0.200	0.000	1	1
102	La Theine Plateau	Orcish Fodder	camp:v1:102:orcish-fodder:d87942783e3b71ea8abd	520.997	-131.800	24.200	813118074	104	Jugner Forest	795.118	-39.978	28.221	mission:San d'Oria:1:step-005	mesh-connected	23	3.532	0.000	1	1
102	La Theine Plateau	Orcish Fodder	camp:v1:102:orcish-fodder:d87942783e3b71ea8abd	520.997	-131.800	24.200	811873658	193	Ordelle's Caves	-272.118	98.859	21.715	mission:San d'Oria:1:step-005	mesh-connected	54	1.335	0.000	1	1
102	La Theine Plateau	Orcish Fodder	camp:v1:102:orcish-fodder:d87942783e3b71ea8abd	520.997	-131.800	24.200	845428090	193	Ordelle's Caves	-59.413	151.634	28.699	mission:San d'Oria:1:step-005	mesh-connected	35	2.043	0.000	1	1
102	La Theine Plateau	Orcish Fodder	camp:v1:102:orcish-fodder:dd7fc4774946f9c701af	-19.760	4.516	0.669	1668493946	100	West Ronfaure	-559.978	680.592	-3.098	mission:San d'Oria:1:step-005	mesh-connected	44	2.848	0.000	1	1
102	La Theine Plateau	Orcish Fodder	camp:v1:102:orcish-fodder:dd7fc4774946f9c701af	-19.760	4.516	0.669	846606970	103	Valkurm Dunes	159.989	-760.190	31.950	mission:San d'Oria:1:step-005	mesh-connected	36	0.200	0.000	1	1
102	La Theine Plateau	Orcish Fodder	camp:v1:102:orcish-fodder:dd7fc4774946f9c701af	-19.760	4.516	0.669	813118074	104	Jugner Forest	795.118	-39.978	28.221	mission:San d'Oria:1:step-005	mesh-connected	23	3.532	0.000	1	1
102	La Theine Plateau	Orcish Fodder	camp:v1:102:orcish-fodder:dd7fc4774946f9c701af	-19.760	4.516	0.669	811873658	193	Ordelle's Caves	-272.118	98.859	21.715	mission:San d'Oria:1:step-005	mesh-connected	45	1.335	0.000	1	1
102	La Theine Plateau	Orcish Fodder	camp:v1:102:orcish-fodder:dd7fc4774946f9c701af	-19.760	4.516	0.669	845428090	193	Ordelle's Caves	-59.413	151.634	28.699	mission:San d'Oria:1:step-005	mesh-connected	28	2.043	0.000	1	1
102	La Theine Plateau	Orcish Fodder	camp:v1:102:orcish-fodder:ebf0ae49e11aa0ac102e	221.406	114.466	15.457	1668493946	100	West Ronfaure	-559.978	680.592	-3.098	mission:San d'Oria:1:step-005	mesh-connected	48	2.848	0.000	1	1
102	La Theine Plateau	Orcish Fodder	camp:v1:102:orcish-fodder:ebf0ae49e11aa0ac102e	221.406	114.466	15.457	846606970	103	Valkurm Dunes	159.989	-760.190	31.950	mission:San d'Oria:1:step-005	mesh-connected	35	0.200	0.000	1	1
102	La Theine Plateau	Orcish Fodder	camp:v1:102:orcish-fodder:ebf0ae49e11aa0ac102e	221.406	114.466	15.457	813118074	104	Jugner Forest	795.118	-39.978	28.221	mission:San d'Oria:1:step-005	mesh-connected	17	3.532	0.000	1	1
102	La Theine Plateau	Orcish Fodder	camp:v1:102:orcish-fodder:ebf0ae49e11aa0ac102e	221.406	114.466	15.457	811873658	193	Ordelle's Caves	-272.118	98.859	21.715	mission:San d'Oria:1:step-005	mesh-connected	46	1.335	0.000	1	1
102	La Theine Plateau	Orcish Fodder	camp:v1:102:orcish-fodder:ebf0ae49e11aa0ac102e	221.406	114.466	15.457	845428090	193	Ordelle's Caves	-59.413	151.634	28.699	mission:San d'Oria:1:step-005	mesh-connected	31	2.043	0.000	1	1
102	La Theine Plateau	Survival Guide	object:v1:102:17195732	775.000	-18.000	28.500	1668493946	100	West Ronfaure	-559.978	680.592	-3.098	mission:San d'Oria:4:step-008	mesh-connected	55	2.848	0.000	1	1
102	La Theine Plateau	Survival Guide	object:v1:102:17195732	775.000	-18.000	28.500	846606970	103	Valkurm Dunes	159.989	-760.190	31.950	mission:San d'Oria:4:step-008	mesh-connected	62	0.200	0.000	1	1
102	La Theine Plateau	Survival Guide	object:v1:102:17195732	775.000	-18.000	28.500	813118074	104	Jugner Forest	795.118	-39.978	28.221	mission:San d'Oria:4:step-008	mesh-connected	3	3.532	0.000	1	1
102	La Theine Plateau	Survival Guide	object:v1:102:17195732	775.000	-18.000	28.500	811873658	193	Ordelle's Caves	-272.118	98.859	21.715	mission:San d'Oria:4:step-008	mesh-connected	57	1.335	0.000	1	1
102	La Theine Plateau	Survival Guide	object:v1:102:17195732	775.000	-18.000	28.500	845428090	193	Ordelle's Caves	-59.413	151.634	28.699	mission:San d'Oria:4:step-008	mesh-connected	42	2.043	0.000	1	1
102	La Theine Plateau	Vicorpasse	npc:v1:102:17195616	-344.964	265.018	37.226	1668493946	100	West Ronfaure	-559.978	680.592	-3.098	mission:San d'Oria:4:step-011,mission:San d'Oria:4:step-022	mesh-connected	35	2.848	0.000	1	1
102	La Theine Plateau	Vicorpasse	npc:v1:102:17195616	-344.964	265.018	37.226	846606970	103	Valkurm Dunes	159.989	-760.190	31.950	mission:San d'Oria:4:step-011,mission:San d'Oria:4:step-022	mesh-connected	56	0.200	0.000	1	1
102	La Theine Plateau	Vicorpasse	npc:v1:102:17195616	-344.964	265.018	37.226	813118074	104	Jugner Forest	795.118	-39.978	28.221	mission:San d'Oria:4:step-011,mission:San d'Oria:4:step-022	mesh-connected	39	3.532	0.000	1	1
102	La Theine Plateau	Vicorpasse	npc:v1:102:17195616	-344.964	265.018	37.226	811873658	193	Ordelle's Caves	-272.118	98.859	21.715	mission:San d'Oria:4:step-011,mission:San d'Oria:4:step-022	mesh-connected	15	1.335	0.000	1	1
102	La Theine Plateau	Vicorpasse	npc:v1:102:17195616	-344.964	265.018	37.226	845428090	193	Ordelle's Caves	-59.413	151.634	28.699	mission:San d'Oria:4:step-011,mission:San d'Oria:4:step-022	mesh-connected	31	2.043	0.000	1	1
102	La Theine Plateau	Yaucevouchat	npc:v1:102:17195611	-315.844	184.484	40.037	1668493946	100	West Ronfaure	-559.978	680.592	-3.098	mission:San d'Oria:4:step-011	mesh-connected	46	2.848	0.000	1	1
102	La Theine Plateau	Yaucevouchat	npc:v1:102:17195611	-315.844	184.484	40.037	846606970	103	Valkurm Dunes	159.989	-760.190	31.950	mission:San d'Oria:4:step-011	mesh-connected	67	0.200	0.000	1	1
102	La Theine Plateau	Yaucevouchat	npc:v1:102:17195611	-315.844	184.484	40.037	813118074	104	Jugner Forest	795.118	-39.978	28.221	mission:San d'Oria:4:step-011	mesh-connected	50	3.532	0.000	1	1
102	La Theine Plateau	Yaucevouchat	npc:v1:102:17195611	-315.844	184.484	40.037	811873658	193	Ordelle's Caves	-272.118	98.859	21.715	mission:San d'Oria:4:step-011	mesh-connected	14	1.335	0.000	1	1
102	La Theine Plateau	Yaucevouchat	npc:v1:102:17195611	-315.844	184.484	40.037	845428090	193	Ordelle's Caves	-59.413	151.634	28.699	mission:San d'Oria:4:step-011	mesh-connected	40	2.043	0.000	1	1
104	Jugner Forest	Survival Guide	object:v1:104:17203947	63.000	-14.000	0.400	808595578	2	Carpenters' Landing	341.844	15.117	-5.005	mission:San d'Oria:5:step-010	mesh-connected	14	1.602	0.000	1	1
104	Jugner Forest	Survival Guide	object:v1:104:17203947	63.000	-14.000	0.400	842150010	2	Carpenters' Landing	-536.152	336.587	1.163	mission:San d'Oria:5:step-010	mesh-connected	31	1.997	0.000	1	1
104	Jugner Forest	Survival Guide	object:v1:104:17203947	63.000	-14.000	0.400	846541434	102	La Theine Plateau	-583.857	-441.110	-9.344	mission:San d'Oria:5:step-010	mesh-connected	31	3.746	0.000	1	1
104	Jugner Forest	Survival Guide	object:v1:104:17203947	63.000	-14.000	0.400	813183610	105	Batallia Downs	584.034	558.296	-8.476	mission:San d'Oria:5:step-010	mesh-connected	39	2.479	0.000	1	1
104	Jugner Forest	Survival Guide	object:v1:104:17203947	63.000	-14.000	0.400	808793210	149	Davoi	-239.556	-591.281	-10.381	mission:San d'Oria:5:step-010	mesh-connected	28	2.353	0.000	1	1
104	Jugner Forest	Survival Guide	object:v1:104:17203947	63.000	-14.000	0.400	878785914	190	King Ranperre's Tomb	-339.471	462.074	-6.782	mission:San d'Oria:5:step-010	mesh-no-path	1	623.443	0.000	1	1
105	Batallia Downs	???	object:v1:105:17207797	-407.526	412.544	-23.507	846672506	104	Jugner Forest	-439.393	-239.958	-11.765	mission:San d'Oria:23:step-030,mission:San d'Oria:23:step-036	mesh-no-path	1	653.385	0.000	1	1
105	Batallia Downs	???	object:v1:105:17207797	-407.526	412.544	-23.507	842150778	110	Rolanberry Fields	479.744	-359.840	3.338	mission:San d'Oria:23:step-030,mission:San d'Oria:23:step-036	mesh-no-path	1	1176.667	0.000	1	1
105	Batallia Downs	???	object:v1:105:17207797	-407.526	412.544	-23.507	875770746	111	Beaucedine Glacier	-500.451	504.894	-39.710	mission:San d'Oria:23:step-030,mission:San d'Oria:23:step-036	mesh-connected	11	2.335	0.000	1	1
105	Batallia Downs	???	object:v1:105:17207797	-407.526	412.544	-23.507	812004730	195	The Eldieme Necropolis	-693.609	173.590	-14.583	mission:San d'Oria:23:step-030,mission:San d'Oria:23:step-036	mesh-no-path	1	372.857	0.000	1	1
105	Batallia Downs	???	object:v1:105:17207797	-407.526	412.544	-23.507	845559162	195	The Eldieme Necropolis	-464.853	335.136	-22.563	mission:San d'Oria:23:step-030,mission:San d'Oria:23:step-036	mesh-connected	4	1.877	0.000	1	1
105	Batallia Downs	???	object:v1:105:17207797	-407.526	412.544	-23.507	879113594	195	The Eldieme Necropolis	-214.550	134.555	-6.542	mission:San d'Oria:23:step-030,mission:San d'Oria:23:step-036	mesh-no-path	1	338.830	0.000	1	1
105	Batallia Downs	???	object:v1:105:17207797	-407.526	412.544	-23.507	912668026	195	The Eldieme Necropolis	54.594	134.594	0.978	mission:San d'Oria:23:step-030,mission:San d'Oria:23:step-036	mesh-no-path	1	539.825	0.000	1	1
105	Batallia Downs	???	object:v1:105:17207797	-407.526	412.544	-23.507	946222458	195	The Eldieme Necropolis	-133.604	-13.814	-6.624	mission:San d'Oria:23:step-030,mission:San d'Oria:23:step-036	mesh-no-path	1	507.050	0.000	1	1
105	Batallia Downs	???	object:v1:105:17207797	-407.526	412.544	-23.507	1634088314	195	The Eldieme Necropolis	-226.393	-66.378	-22.628	mission:San d'Oria:23:step-030,mission:San d'Oria:23:step-036	mesh-no-path	1	512.031	0.000	1	1
105	Batallia Downs	???	object:v1:105:17207797	-407.526	412.544	-23.507	1667642746	195	The Eldieme Necropolis	134.402	-374.405	9.438	mission:San d'Oria:23:step-030,mission:San d'Oria:23:step-036	mesh-no-path	1	956.065	0.000	1	1
105	Batallia Downs	???	object:v1:105:17207797	-407.526	412.544	-23.507	1701197178	195	The Eldieme Necropolis	165.521	-603.006	22.218	mission:San d'Oria:23:step-030,mission:San d'Oria:23:step-036	mesh-no-path	1	1166.968	0.000	1	1
105	Batallia Downs	???	object:v1:105:17207797	-407.526	412.544	-23.507	812856954	244	Upper Jeuno	486.298	-159.953	4.169	mission:San d'Oria:23:step-030,mission:San d'Oria:23:step-036	mesh-no-path	1	1061.810	0.000	1	1
105	Batallia Downs	???	object:v1:105:17207797	-407.526	412.544	-23.507	910000084	84	Batallia Downs [S]	-45.147	436.919	0.056	mission:San d'Oria:23:step-030,mission:San d'Oria:23:step-036	mesh-no-path	1	363.961	0.000	1	1
105	Batallia Downs	???	object:v1:105:17207824	145.373	-548.560	16.462	846672506	104	Jugner Forest	-439.393	-239.958	-11.765	mission:San d'Oria:23:step-030,mission:San d'Oria:23:step-036	mesh-no-path	1	661.803	0.000	1	1
105	Batallia Downs	???	object:v1:105:17207824	145.373	-548.560	16.462	842150778	110	Rolanberry Fields	479.744	-359.840	3.338	mission:San d'Oria:23:step-030,mission:San d'Oria:23:step-036	mesh-no-path	1	384.176	0.000	1	1
105	Batallia Downs	???	object:v1:105:17207824	145.373	-548.560	16.462	875770746	111	Beaucedine Glacier	-500.451	504.894	-39.710	mission:San d'Oria:23:step-030,mission:San d'Oria:23:step-036	mesh-no-path	1	1236.935	0.000	1	1
105	Batallia Downs	???	object:v1:105:17207824	145.373	-548.560	16.462	812004730	195	The Eldieme Necropolis	-693.609	173.590	-14.583	mission:San d'Oria:23:step-030,mission:San d'Oria:23:step-036	mesh-no-path	1	1107.409	0.000	1	1
105	Batallia Downs	???	object:v1:105:17207824	145.373	-548.560	16.462	845559162	195	The Eldieme Necropolis	-464.853	335.136	-22.563	mission:San d'Oria:23:step-030,mission:San d'Oria:23:step-036	mesh-no-path	1	1074.624	0.000	1	1
105	Batallia Downs	???	object:v1:105:17207824	145.373	-548.560	16.462	879113594	195	The Eldieme Necropolis	-214.550	134.555	-6.542	mission:San d'Oria:23:step-030,mission:San d'Oria:23:step-036	mesh-no-path	1	772.476	0.000	1	1
105	Batallia Downs	???	object:v1:105:17207824	145.373	-548.560	16.462	912668026	195	The Eldieme Necropolis	54.594	134.594	0.978	mission:San d'Oria:23:step-030,mission:San d'Oria:23:step-036	mesh-no-path	1	689.333	0.000	1	1
105	Batallia Downs	???	object:v1:105:17207824	145.373	-548.560	16.462	946222458	195	The Eldieme Necropolis	-133.604	-13.814	-6.624	mission:San d'Oria:23:step-030,mission:San d'Oria:23:step-036	mesh-no-path	1	603.585	0.000	1	1
105	Batallia Downs	???	object:v1:105:17207824	145.373	-548.560	16.462	1634088314	195	The Eldieme Necropolis	-226.393	-66.378	-22.628	mission:San d'Oria:23:step-030,mission:San d'Oria:23:step-036	mesh-no-path	1	610.113	0.000	1	1
105	Batallia Downs	???	object:v1:105:17207824	145.373	-548.560	16.462	1667642746	195	The Eldieme Necropolis	134.402	-374.405	9.438	mission:San d'Oria:23:step-030,mission:San d'Oria:23:step-036	mesh-no-path	1	174.642	0.000	1	1
105	Batallia Downs	???	object:v1:105:17207824	145.373	-548.560	16.462	1701197178	195	The Eldieme Necropolis	165.521	-603.006	22.218	mission:San d'Oria:23:step-030,mission:San d'Oria:23:step-036	mesh-connected	6	1.970	0.000	1	1
105	Batallia Downs	???	object:v1:105:17207824	145.373	-548.560	16.462	812856954	244	Upper Jeuno	486.298	-159.953	4.169	mission:San d'Oria:23:step-030,mission:San d'Oria:23:step-036	mesh-no-path	1	517.104	0.000	1	1
105	Batallia Downs	???	object:v1:105:17207824	145.373	-548.560	16.462	910000084	84	Batallia Downs [S]	-45.147	436.919	0.056	mission:San d'Oria:23:step-030,mission:San d'Oria:23:step-036	mesh-no-path	1	1003.860	0.000	1	1
105	Batallia Downs	???	object:v1:105:17207825	210.949	-615.118	17.109	846672506	104	Jugner Forest	-439.393	-239.958	-11.765	mission:San d'Oria:23:step-030,mission:San d'Oria:23:step-036	mesh-no-path	1	751.348	0.000	1	1
105	Batallia Downs	???	object:v1:105:17207825	210.949	-615.118	17.109	842150778	110	Rolanberry Fields	479.744	-359.840	3.338	mission:San d'Oria:23:step-030,mission:San d'Oria:23:step-036	mesh-no-path	1	370.954	0.000	1	1
105	Batallia Downs	???	object:v1:105:17207825	210.949	-615.118	17.109	875770746	111	Beaucedine Glacier	-500.451	504.894	-39.710	mission:San d'Oria:23:step-030,mission:San d'Oria:23:step-036	mesh-no-path	1	1328.061	0.000	1	1
105	Batallia Downs	???	object:v1:105:17207825	210.949	-615.118	17.109	812004730	195	The Eldieme Necropolis	-693.609	173.590	-14.583	mission:San d'Oria:23:step-030,mission:San d'Oria:23:step-036	mesh-no-path	1	1200.537	0.000	1	1
105	Batallia Downs	???	object:v1:105:17207825	210.949	-615.118	17.109	845559162	195	The Eldieme Necropolis	-464.853	335.136	-22.563	mission:San d'Oria:23:step-030,mission:San d'Oria:23:step-036	mesh-no-path	1	1166.733	0.000	1	1
105	Batallia Downs	???	object:v1:105:17207825	210.949	-615.118	17.109	879113594	195	The Eldieme Necropolis	-214.550	134.555	-6.542	mission:San d'Oria:23:step-030,mission:San d'Oria:23:step-036	mesh-no-path	1	862.333	0.000	1	1
105	Batallia Downs	???	object:v1:105:17207825	210.949	-615.118	17.109	912668026	195	The Eldieme Necropolis	54.594	134.594	0.978	mission:San d'Oria:23:step-030,mission:San d'Oria:23:step-036	mesh-no-path	1	766.012	0.000	1	1
105	Batallia Downs	???	object:v1:105:17207825	210.949	-615.118	17.109	946222458	195	The Eldieme Necropolis	-133.604	-13.814	-6.624	mission:San d'Oria:23:step-030,mission:San d'Oria:23:step-036	mesh-no-path	1	693.431	0.000	1	1
105	Batallia Downs	???	object:v1:105:17207825	210.949	-615.118	17.109	1634088314	195	The Eldieme Necropolis	-226.393	-66.378	-22.628	mission:San d'Oria:23:step-030,mission:San d'Oria:23:step-036	mesh-no-path	1	702.825	0.000	1	1
105	Batallia Downs	???	object:v1:105:17207825	210.949	-615.118	17.109	1667642746	195	The Eldieme Necropolis	134.402	-374.405	9.438	mission:San d'Oria:23:step-030,mission:San d'Oria:23:step-036	mesh-no-path	1	252.707	0.000	1	1
105	Batallia Downs	???	object:v1:105:17207825	210.949	-615.118	17.109	1701197178	195	The Eldieme Necropolis	165.521	-603.006	22.218	mission:San d'Oria:23:step-030,mission:San d'Oria:23:step-036	mesh-connected	9	1.970	0.000	1	1
105	Batallia Downs	???	object:v1:105:17207825	210.949	-615.118	17.109	812856954	244	Upper Jeuno	486.298	-159.953	4.169	mission:San d'Oria:23:step-030,mission:San d'Oria:23:step-036	mesh-no-path	1	532.127	0.000	1	1
105	Batallia Downs	???	object:v1:105:17207825	210.949	-615.118	17.109	910000084	84	Batallia Downs [S]	-45.147	436.919	0.056	mission:San d'Oria:23:step-030,mission:San d'Oria:23:step-036	mesh-no-path	1	1082.893	0.000	1	1
105	Batallia Downs	???	object:v1:105:17207826	426.315	-163.337	8.563	846672506	104	Jugner Forest	-439.393	-239.958	-11.765	mission:San d'Oria:23:step-030,mission:San d'Oria:23:step-036	mesh-connected	38	3.479	0.000	1	1
105	Batallia Downs	???	object:v1:105:17207826	426.315	-163.337	8.563	842150778	110	Rolanberry Fields	479.744	-359.840	3.338	mission:San d'Oria:23:step-030,mission:San d'Oria:23:step-036	mesh-connected	11	4.437	0.000	1	1
105	Batallia Downs	???	object:v1:105:17207826	426.315	-163.337	8.563	875770746	111	Beaucedine Glacier	-500.451	504.894	-39.710	mission:San d'Oria:23:step-030,mission:San d'Oria:23:step-036	mesh-no-path	1	1143.573	0.000	1	1
105	Batallia Downs	???	object:v1:105:17207826	426.315	-163.337	8.563	812004730	195	The Eldieme Necropolis	-693.609	173.590	-14.583	mission:San d'Oria:23:step-030,mission:San d'Oria:23:step-036	mesh-connected	46	1.897	0.000	1	1
105	Batallia Downs	???	object:v1:105:17207826	426.315	-163.337	8.563	845559162	195	The Eldieme Necropolis	-464.853	335.136	-22.563	mission:San d'Oria:23:step-030,mission:San d'Oria:23:step-036	mesh-no-path	1	1021.579	0.000	1	1
105	Batallia Downs	???	object:v1:105:17207826	426.315	-163.337	8.563	879113594	195	The Eldieme Necropolis	-214.550	134.555	-6.542	mission:San d'Oria:23:step-030,mission:San d'Oria:23:step-036	mesh-connected	20	1.856	0.000	1	1
105	Batallia Downs	???	object:v1:105:17207826	426.315	-163.337	8.563	912668026	195	The Eldieme Necropolis	54.594	134.594	0.978	mission:San d'Oria:23:step-030,mission:San d'Oria:23:step-036	mesh-connected	12	2.336	0.000	1	1
105	Batallia Downs	???	object:v1:105:17207826	426.315	-163.337	8.563	946222458	195	The Eldieme Necropolis	-133.604	-13.814	-6.624	mission:San d'Oria:23:step-030,mission:San d'Oria:23:step-036	mesh-connected	13	1.938	0.000	1	1
105	Batallia Downs	???	object:v1:105:17207826	426.315	-163.337	8.563	1634088314	195	The Eldieme Necropolis	-226.393	-66.378	-22.628	mission:San d'Oria:23:step-030,mission:San d'Oria:23:step-036	mesh-connected	27	1.942	0.000	1	1
105	Batallia Downs	???	object:v1:105:17207826	426.315	-163.337	8.563	1667642746	195	The Eldieme Necropolis	134.402	-374.405	9.438	mission:San d'Oria:23:step-030,mission:San d'Oria:23:step-036	mesh-connected	15	1.876	0.000	1	1
105	Batallia Downs	???	object:v1:105:17207826	426.315	-163.337	8.563	1701197178	195	The Eldieme Necropolis	165.521	-603.006	22.218	mission:San d'Oria:23:step-030,mission:San d'Oria:23:step-036	mesh-no-path	1	511.379	0.000	1	1
105	Batallia Downs	???	object:v1:105:17207826	426.315	-163.337	8.563	812856954	244	Upper Jeuno	486.298	-159.953	4.169	mission:San d'Oria:23:step-030,mission:San d'Oria:23:step-036	mesh-connected	8	3.850	0.000	1	1
105	Batallia Downs	???	object:v1:105:17207826	426.315	-163.337	8.563	910000084	84	Batallia Downs [S]	-45.147	436.919	0.056	mission:San d'Oria:23:step-030,mission:San d'Oria:23:step-036	mesh-connected	14	0.246	0.000	1	1
105	Batallia Downs	???	object:v1:105:17207852	-39.370	307.285	-11.093	846672506	104	Jugner Forest	-439.393	-239.958	-11.765	mission:San d'Oria:23:step-030,mission:San d'Oria:23:step-036	mesh-connected	15	3.479	0.000	1	1
105	Batallia Downs	???	object:v1:105:17207852	-39.370	307.285	-11.093	842150778	110	Rolanberry Fields	479.744	-359.840	3.338	mission:San d'Oria:23:step-030,mission:San d'Oria:23:step-036	mesh-connected	18	4.437	0.000	1	1
105	Batallia Downs	???	object:v1:105:17207852	-39.370	307.285	-11.093	875770746	111	Beaucedine Glacier	-500.451	504.894	-39.710	mission:San d'Oria:23:step-030,mission:San d'Oria:23:step-036	mesh-no-path	1	502.458	0.000	1	1
105	Batallia Downs	???	object:v1:105:17207852	-39.370	307.285	-11.093	812004730	195	The Eldieme Necropolis	-693.609	173.590	-14.583	mission:San d'Oria:23:step-030,mission:San d'Oria:23:step-036	mesh-connected	30	1.897	0.000	1	1
105	Batallia Downs	???	object:v1:105:17207852	-39.370	307.285	-11.093	845559162	195	The Eldieme Necropolis	-464.853	335.136	-22.563	mission:San d'Oria:23:step-030,mission:San d'Oria:23:step-036	mesh-no-path	1	426.548	0.000	1	1
105	Batallia Downs	???	object:v1:105:17207852	-39.370	307.285	-11.093	879113594	195	The Eldieme Necropolis	-214.550	134.555	-6.542	mission:San d'Oria:23:step-030,mission:San d'Oria:23:step-036	mesh-connected	7	1.856	0.000	1	1
105	Batallia Downs	???	object:v1:105:17207852	-39.370	307.285	-11.093	912668026	195	The Eldieme Necropolis	54.594	134.594	0.978	mission:San d'Oria:23:step-030,mission:San d'Oria:23:step-036	mesh-connected	9	2.336	0.000	1	1
105	Batallia Downs	???	object:v1:105:17207852	-39.370	307.285	-11.093	946222458	195	The Eldieme Necropolis	-133.604	-13.814	-6.624	mission:San d'Oria:23:step-030,mission:San d'Oria:23:step-036	mesh-connected	5	1.938	0.000	1	1
105	Batallia Downs	???	object:v1:105:17207852	-39.370	307.285	-11.093	1634088314	195	The Eldieme Necropolis	-226.393	-66.378	-22.628	mission:San d'Oria:23:step-030,mission:San d'Oria:23:step-036	mesh-connected	12	1.942	0.000	1	1
105	Batallia Downs	???	object:v1:105:17207852	-39.370	307.285	-11.093	1667642746	195	The Eldieme Necropolis	134.402	-374.405	9.438	mission:San d'Oria:23:step-030,mission:San d'Oria:23:step-036	mesh-connected	20	1.876	0.000	1	1
105	Batallia Downs	???	object:v1:105:17207852	-39.370	307.285	-11.093	1701197178	195	The Eldieme Necropolis	165.521	-603.006	22.218	mission:San d'Oria:23:step-030,mission:San d'Oria:23:step-036	mesh-no-path	1	933.659	0.000	1	1
105	Batallia Downs	???	object:v1:105:17207852	-39.370	307.285	-11.093	812856954	244	Upper Jeuno	486.298	-159.953	4.169	mission:San d'Oria:23:step-030,mission:San d'Oria:23:step-036	mesh-connected	22	3.850	0.000	1	1
105	Batallia Downs	???	object:v1:105:17207852	-39.370	307.285	-11.093	910000084	84	Batallia Downs [S]	-45.147	436.919	0.056	mission:San d'Oria:23:step-030,mission:San d'Oria:23:step-036	mesh-connected	3	0.246	0.000	1	1
105	Batallia Downs	???	object:v1:105:17207976	-45.270	442.144	0.062	846672506	104	Jugner Forest	-439.393	-239.958	-11.765	mission:San d'Oria:23:step-030,mission:San d'Oria:23:step-036	mesh-connected	30	3.479	0.000	1	1
105	Batallia Downs	???	object:v1:105:17207976	-45.270	442.144	0.062	842150778	110	Rolanberry Fields	479.744	-359.840	3.338	mission:San d'Oria:23:step-030,mission:San d'Oria:23:step-036	mesh-connected	18	4.437	0.000	1	1
105	Batallia Downs	???	object:v1:105:17207976	-45.270	442.144	0.062	875770746	111	Beaucedine Glacier	-500.451	504.894	-39.710	mission:San d'Oria:23:step-030,mission:San d'Oria:23:step-036	mesh-no-path	1	461.204	0.000	1	1
105	Batallia Downs	???	object:v1:105:17207976	-45.270	442.144	0.062	812004730	195	The Eldieme Necropolis	-693.609	173.590	-14.583	mission:San d'Oria:23:step-030,mission:San d'Oria:23:step-036	mesh-connected	31	1.897	0.000	1	1
105	Batallia Downs	???	object:v1:105:17207976	-45.270	442.144	0.062	845559162	195	The Eldieme Necropolis	-464.853	335.136	-22.563	mission:San d'Oria:23:step-030,mission:San d'Oria:23:step-036	mesh-no-path	1	433.604	0.000	1	1
105	Batallia Downs	???	object:v1:105:17207976	-45.270	442.144	0.062	879113594	195	The Eldieme Necropolis	-214.550	134.555	-6.542	mission:San d'Oria:23:step-030,mission:San d'Oria:23:step-036	mesh-connected	12	1.856	0.000	1	1
105	Batallia Downs	???	object:v1:105:17207976	-45.270	442.144	0.062	912668026	195	The Eldieme Necropolis	54.594	134.594	0.978	mission:San d'Oria:23:step-030,mission:San d'Oria:23:step-036	mesh-connected	9	2.336	0.000	1	1
105	Batallia Downs	???	object:v1:105:17207976	-45.270	442.144	0.062	946222458	195	The Eldieme Necropolis	-133.604	-13.814	-6.624	mission:San d'Oria:23:step-030,mission:San d'Oria:23:step-036	mesh-connected	5	1.938	0.000	1	1
105	Batallia Downs	???	object:v1:105:17207976	-45.270	442.144	0.062	1634088314	195	The Eldieme Necropolis	-226.393	-66.378	-22.628	mission:San d'Oria:23:step-030,mission:San d'Oria:23:step-036	mesh-connected	13	1.942	0.000	1	1
105	Batallia Downs	???	object:v1:105:17207976	-45.270	442.144	0.062	1667642746	195	The Eldieme Necropolis	134.402	-374.405	9.438	mission:San d'Oria:23:step-030,mission:San d'Oria:23:step-036	mesh-connected	19	1.876	0.000	1	1
105	Batallia Downs	???	object:v1:105:17207976	-45.270	442.144	0.062	1701197178	195	The Eldieme Necropolis	165.521	-603.006	22.218	mission:San d'Oria:23:step-030,mission:San d'Oria:23:step-036	mesh-no-path	1	1066.425	0.000	1	1
105	Batallia Downs	???	object:v1:105:17207976	-45.270	442.144	0.062	812856954	244	Upper Jeuno	486.298	-159.953	4.169	mission:San d'Oria:23:step-030,mission:San d'Oria:23:step-036	mesh-connected	22	3.850	0.000	1	1
105	Batallia Downs	???	object:v1:105:17207976	-45.270	442.144	0.062	910000084	84	Batallia Downs [S]	-45.147	436.919	0.056	mission:San d'Oria:23:step-030,mission:San d'Oria:23:step-036	mesh-connected	3	0.246	0.000	1	1
105	Batallia Downs	Ahtu	camp:v1:105:ahtu:6e2f7e5f962af82f9d64	187.811	-554.714	15.258	846672506	104	Jugner Forest	-439.393	-239.958	-11.765	mission:San d'Oria:23:step-029	mesh-no-path	1	702.272	0.000	1	1
105	Batallia Downs	Ahtu	camp:v1:105:ahtu:6e2f7e5f962af82f9d64	187.811	-554.714	15.258	842150778	110	Rolanberry Fields	479.744	-359.840	3.338	mission:San d'Oria:23:step-029	mesh-no-path	1	351.202	0.000	1	1
105	Batallia Downs	Ahtu	camp:v1:105:ahtu:6e2f7e5f962af82f9d64	187.811	-554.714	15.258	875770746	111	Beaucedine Glacier	-500.451	504.894	-39.710	mission:San d'Oria:23:step-029	mesh-no-path	1	1264.712	0.000	1	1
105	Batallia Downs	Ahtu	camp:v1:105:ahtu:6e2f7e5f962af82f9d64	187.811	-554.714	15.258	812004730	195	The Eldieme Necropolis	-693.609	173.590	-14.583	mission:San d'Oria:23:step-029	mesh-no-path	1	1143.774	0.000	1	1
105	Batallia Downs	Ahtu	camp:v1:105:ahtu:6e2f7e5f962af82f9d64	187.811	-554.714	15.258	845559162	195	The Eldieme Necropolis	-464.853	335.136	-22.563	mission:San d'Oria:23:step-029	mesh-no-path	1	1104.189	0.000	1	1
105	Batallia Downs	Ahtu	camp:v1:105:ahtu:6e2f7e5f962af82f9d64	187.811	-554.714	15.258	879113594	195	The Eldieme Necropolis	-214.550	134.555	-6.542	mission:San d'Oria:23:step-029	mesh-no-path	1	798.412	0.000	1	1
105	Batallia Downs	Ahtu	camp:v1:105:ahtu:6e2f7e5f962af82f9d64	187.811	-554.714	15.258	912668026	195	The Eldieme Necropolis	54.594	134.594	0.978	mission:San d'Oria:23:step-029	mesh-no-path	1	702.208	0.000	1	1
105	Batallia Downs	Ahtu	camp:v1:105:ahtu:6e2f7e5f962af82f9d64	187.811	-554.714	15.258	946222458	195	The Eldieme Necropolis	-133.604	-13.814	-6.624	mission:San d'Oria:23:step-029	mesh-no-path	1	629.571	0.000	1	1
105	Batallia Downs	Ahtu	camp:v1:105:ahtu:6e2f7e5f962af82f9d64	187.811	-554.714	15.258	1634088314	195	The Eldieme Necropolis	-226.393	-66.378	-22.628	mission:San d'Oria:23:step-029	mesh-no-path	1	641.461	0.000	1	1
105	Batallia Downs	Ahtu	camp:v1:105:ahtu:6e2f7e5f962af82f9d64	187.811	-554.714	15.258	1667642746	195	The Eldieme Necropolis	134.402	-374.405	9.438	mission:San d'Oria:23:step-029	mesh-no-path	1	188.143	0.000	1	1
105	Batallia Downs	Ahtu	camp:v1:105:ahtu:6e2f7e5f962af82f9d64	187.811	-554.714	15.258	1701197178	195	The Eldieme Necropolis	165.521	-603.006	22.218	mission:San d'Oria:23:step-029	mesh-connected	4	1.970	0.000	1	1
105	Batallia Downs	Ahtu	camp:v1:105:ahtu:6e2f7e5f962af82f9d64	187.811	-554.714	15.258	812856954	244	Upper Jeuno	486.298	-159.953	4.169	mission:San d'Oria:23:step-029	mesh-no-path	1	495.029	0.000	1	1
105	Batallia Downs	Ahtu	camp:v1:105:ahtu:6e2f7e5f962af82f9d64	187.811	-554.714	15.258	910000084	84	Batallia Downs [S]	-45.147	436.919	0.056	mission:San d'Oria:23:step-029	mesh-no-path	1	1018.743	0.000	1	1
105	Batallia Downs	Stone Monument		185.669	-614.025	9.049	846672506	104	Jugner Forest	-439.393	-239.958	-11.765	mission:San d'Oria:23:step-032	mesh-no-path	1	728.740	0.000	1	1
105	Batallia Downs	Stone Monument		185.669	-614.025	9.049	842150778	110	Rolanberry Fields	479.744	-359.840	3.338	mission:San d'Oria:23:step-032	mesh-no-path	1	388.745	0.000	1	1
105	Batallia Downs	Stone Monument		185.669	-614.025	9.049	875770746	111	Beaucedine Glacier	-500.451	504.894	-39.710	mission:San d'Oria:23:step-032	mesh-no-path	1	1313.437	0.000	1	1
105	Batallia Downs	Stone Monument		185.669	-614.025	9.049	812004730	195	The Eldieme Necropolis	-693.609	173.590	-14.583	mission:San d'Oria:23:step-032	mesh-no-path	1	1180.689	0.000	1	1
105	Batallia Downs	Stone Monument		185.669	-614.025	9.049	845559162	195	The Eldieme Necropolis	-464.853	335.136	-22.563	mission:San d'Oria:23:step-032	mesh-no-path	1	1151.123	0.000	1	1
105	Batallia Downs	Stone Monument		185.669	-614.025	9.049	879113594	195	The Eldieme Necropolis	-214.550	134.555	-6.542	mission:San d'Oria:23:step-032	mesh-no-path	1	848.994	0.000	1	1
105	Batallia Downs	Stone Monument		185.669	-614.025	9.049	912668026	195	The Eldieme Necropolis	54.594	134.594	0.978	mission:San d'Oria:23:step-032	mesh-no-path	1	760.050	0.000	1	1
105	Batallia Downs	Stone Monument		185.669	-614.025	9.049	946222458	195	The Eldieme Necropolis	-133.604	-13.814	-6.624	mission:San d'Oria:23:step-032	mesh-no-path	1	680.025	0.000	1	1
105	Batallia Downs	Stone Monument		185.669	-614.025	9.049	1634088314	195	The Eldieme Necropolis	-226.393	-66.378	-22.628	mission:San d'Oria:23:step-032	mesh-no-path	1	686.087	0.000	1	1
105	Batallia Downs	Stone Monument		185.669	-614.025	9.049	1667642746	195	The Eldieme Necropolis	134.402	-374.405	9.438	mission:San d'Oria:23:step-032	mesh-no-path	1	245.043	0.000	1	1
105	Batallia Downs	Stone Monument		185.669	-614.025	9.049	1701197178	195	The Eldieme Necropolis	165.521	-603.006	22.218	mission:San d'Oria:23:step-032	mesh-connected	11	1.970	0.000	1	1
105	Batallia Downs	Stone Monument		185.669	-614.025	9.049	812856954	244	Upper Jeuno	486.298	-159.953	4.169	mission:San d'Oria:23:step-032	mesh-no-path	1	544.594	0.000	1	1
105	Batallia Downs	Stone Monument		185.669	-614.025	9.049	910000084	84	Batallia Downs [S]	-45.147	436.919	0.056	mission:San d'Oria:23:step-032	mesh-no-path	1	1076.030	0.000	1	1
105	Batallia Downs	Stone Monument	npc:v1:105:17207823	185.669	-614.025	9.049	846672506	104	Jugner Forest	-439.393	-239.958	-11.765	mission:San d'Oria:23:step-032	mesh-no-path	1	728.740	0.000	1	1
105	Batallia Downs	Stone Monument	npc:v1:105:17207823	185.669	-614.025	9.049	842150778	110	Rolanberry Fields	479.744	-359.840	3.338	mission:San d'Oria:23:step-032	mesh-no-path	1	388.745	0.000	1	1
105	Batallia Downs	Stone Monument	npc:v1:105:17207823	185.669	-614.025	9.049	875770746	111	Beaucedine Glacier	-500.451	504.894	-39.710	mission:San d'Oria:23:step-032	mesh-no-path	1	1313.437	0.000	1	1
105	Batallia Downs	Stone Monument	npc:v1:105:17207823	185.669	-614.025	9.049	812004730	195	The Eldieme Necropolis	-693.609	173.590	-14.583	mission:San d'Oria:23:step-032	mesh-no-path	1	1180.689	0.000	1	1
105	Batallia Downs	Stone Monument	npc:v1:105:17207823	185.669	-614.025	9.049	845559162	195	The Eldieme Necropolis	-464.853	335.136	-22.563	mission:San d'Oria:23:step-032	mesh-no-path	1	1151.123	0.000	1	1
105	Batallia Downs	Stone Monument	npc:v1:105:17207823	185.669	-614.025	9.049	879113594	195	The Eldieme Necropolis	-214.550	134.555	-6.542	mission:San d'Oria:23:step-032	mesh-no-path	1	848.994	0.000	1	1
105	Batallia Downs	Stone Monument	npc:v1:105:17207823	185.669	-614.025	9.049	912668026	195	The Eldieme Necropolis	54.594	134.594	0.978	mission:San d'Oria:23:step-032	mesh-no-path	1	760.050	0.000	1	1
105	Batallia Downs	Stone Monument	npc:v1:105:17207823	185.669	-614.025	9.049	946222458	195	The Eldieme Necropolis	-133.604	-13.814	-6.624	mission:San d'Oria:23:step-032	mesh-no-path	1	680.025	0.000	1	1
105	Batallia Downs	Stone Monument	npc:v1:105:17207823	185.669	-614.025	9.049	1634088314	195	The Eldieme Necropolis	-226.393	-66.378	-22.628	mission:San d'Oria:23:step-032	mesh-no-path	1	686.087	0.000	1	1
105	Batallia Downs	Stone Monument	npc:v1:105:17207823	185.669	-614.025	9.049	1667642746	195	The Eldieme Necropolis	134.402	-374.405	9.438	mission:San d'Oria:23:step-032	mesh-no-path	1	245.043	0.000	1	1
105	Batallia Downs	Stone Monument	npc:v1:105:17207823	185.669	-614.025	9.049	1701197178	195	The Eldieme Necropolis	165.521	-603.006	22.218	mission:San d'Oria:23:step-032	mesh-connected	11	1.970	0.000	1	1
105	Batallia Downs	Stone Monument	npc:v1:105:17207823	185.669	-614.025	9.049	812856954	244	Upper Jeuno	486.298	-159.953	4.169	mission:San d'Oria:23:step-032	mesh-no-path	1	544.594	0.000	1	1
105	Batallia Downs	Stone Monument	npc:v1:105:17207823	185.669	-614.025	9.049	910000084	84	Batallia Downs [S]	-45.147	436.919	0.056	mission:San d'Oria:23:step-032	mesh-no-path	1	1076.030	0.000	1	1
105	Batallia Downs	Suparna	camp:v1:105:suparna:dba723cd6c9e348445a8	210.000	-606.000	15.000	846672506	104	Jugner Forest	-439.393	-239.958	-11.765	mission:San d'Oria:23:step-030,mission:San d'Oria:23:step-031	mesh-no-path	1	745.932	0.000	1	1
105	Batallia Downs	Suparna	camp:v1:105:suparna:dba723cd6c9e348445a8	210.000	-606.000	15.000	842150778	110	Rolanberry Fields	479.744	-359.840	3.338	mission:San d'Oria:23:step-030,mission:San d'Oria:23:step-031	mesh-no-path	1	365.366	0.000	1	1
105	Batallia Downs	Suparna	camp:v1:105:suparna:dba723cd6c9e348445a8	210.000	-606.000	15.000	875770746	111	Beaucedine Glacier	-500.451	504.894	-39.710	mission:San d'Oria:23:step-030,mission:San d'Oria:23:step-031	mesh-no-path	1	1319.780	0.000	1	1
105	Batallia Downs	Suparna	camp:v1:105:suparna:dba723cd6c9e348445a8	210.000	-606.000	15.000	812004730	195	The Eldieme Necropolis	-693.609	173.590	-14.583	mission:San d'Oria:23:step-030,mission:San d'Oria:23:step-031	mesh-no-path	1	1193.794	0.000	1	1
105	Batallia Downs	Suparna	camp:v1:105:suparna:dba723cd6c9e348445a8	210.000	-606.000	15.000	845559162	195	The Eldieme Necropolis	-464.853	335.136	-22.563	mission:San d'Oria:23:step-030,mission:San d'Oria:23:step-031	mesh-no-path	1	1158.695	0.000	1	1
105	Batallia Downs	Suparna	camp:v1:105:suparna:dba723cd6c9e348445a8	210.000	-606.000	15.000	879113594	195	The Eldieme Necropolis	-214.550	134.555	-6.542	mission:San d'Oria:23:step-030,mission:San d'Oria:23:step-031	mesh-no-path	1	853.890	0.000	1	1
105	Batallia Downs	Suparna	camp:v1:105:suparna:dba723cd6c9e348445a8	210.000	-606.000	15.000	912668026	195	The Eldieme Necropolis	54.594	134.594	0.978	mission:San d'Oria:23:step-030,mission:San d'Oria:23:step-031	mesh-no-path	1	756.853	0.000	1	1
105	Batallia Downs	Suparna	camp:v1:105:suparna:dba723cd6c9e348445a8	210.000	-606.000	15.000	946222458	195	The Eldieme Necropolis	-133.604	-13.814	-6.624	mission:San d'Oria:23:step-030,mission:San d'Oria:23:step-031	mesh-no-path	1	684.993	0.000	1	1
105	Batallia Downs	Suparna	camp:v1:105:suparna:dba723cd6c9e348445a8	210.000	-606.000	15.000	1634088314	195	The Eldieme Necropolis	-226.393	-66.378	-22.628	mission:San d'Oria:23:step-030,mission:San d'Oria:23:step-031	mesh-no-path	1	695.016	0.000	1	1
105	Batallia Downs	Suparna	camp:v1:105:suparna:dba723cd6c9e348445a8	210.000	-606.000	15.000	1667642746	195	The Eldieme Necropolis	134.402	-374.405	9.438	mission:San d'Oria:23:step-030,mission:San d'Oria:23:step-031	mesh-no-path	1	243.685	0.000	1	1
105	Batallia Downs	Suparna	camp:v1:105:suparna:dba723cd6c9e348445a8	210.000	-606.000	15.000	1701197178	195	The Eldieme Necropolis	165.521	-603.006	22.218	mission:San d'Oria:23:step-030,mission:San d'Oria:23:step-031	mesh-connected	8	1.970	0.000	1	1
105	Batallia Downs	Suparna	camp:v1:105:suparna:dba723cd6c9e348445a8	210.000	-606.000	15.000	812856954	244	Upper Jeuno	486.298	-159.953	4.169	mission:San d'Oria:23:step-030,mission:San d'Oria:23:step-031	mesh-no-path	1	524.801	0.000	1	1
105	Batallia Downs	Suparna	camp:v1:105:suparna:dba723cd6c9e348445a8	210.000	-606.000	15.000	910000084	84	Batallia Downs [S]	-45.147	436.919	0.056	mission:San d'Oria:23:step-030,mission:San d'Oria:23:step-031	mesh-no-path	1	1073.780	0.000	1	1
105	Batallia Downs	Suparna Fledgling	camp:v1:105:suparna-fledgling:444204a1851e88f5c5b8	215.000	-608.000	16.000	846672506	104	Jugner Forest	-439.393	-239.958	-11.765	mission:San d'Oria:23:step-030,mission:San d'Oria:23:step-033	mesh-no-path	1	751.303	0.000	1	1
105	Batallia Downs	Suparna Fledgling	camp:v1:105:suparna-fledgling:444204a1851e88f5c5b8	215.000	-608.000	16.000	842150778	110	Rolanberry Fields	479.744	-359.840	3.338	mission:San d'Oria:23:step-030,mission:San d'Oria:23:step-033	mesh-no-path	1	363.088	0.000	1	1
105	Batallia Downs	Suparna Fledgling	camp:v1:105:suparna-fledgling:444204a1851e88f5c5b8	215.000	-608.000	16.000	875770746	111	Beaucedine Glacier	-500.451	504.894	-39.710	mission:San d'Oria:23:step-030,mission:San d'Oria:23:step-033	mesh-no-path	1	1324.200	0.000	1	1
105	Batallia Downs	Suparna Fledgling	camp:v1:105:suparna-fledgling:444204a1851e88f5c5b8	215.000	-608.000	16.000	812004730	195	The Eldieme Necropolis	-693.609	173.590	-14.583	mission:San d'Oria:23:step-030,mission:San d'Oria:23:step-033	mesh-no-path	1	1198.911	0.000	1	1
105	Batallia Downs	Suparna Fledgling	camp:v1:105:suparna-fledgling:444204a1851e88f5c5b8	215.000	-608.000	16.000	845559162	195	The Eldieme Necropolis	-464.853	335.136	-22.563	mission:San d'Oria:23:step-030,mission:San d'Oria:23:step-033	mesh-no-path	1	1163.268	0.000	1	1
105	Batallia Downs	Suparna Fledgling	camp:v1:105:suparna-fledgling:444204a1851e88f5c5b8	215.000	-608.000	16.000	879113594	195	The Eldieme Necropolis	-214.550	134.555	-6.542	mission:San d'Oria:23:step-030,mission:San d'Oria:23:step-033	mesh-no-path	1	858.143	0.000	1	1
105	Batallia Downs	Suparna Fledgling	camp:v1:105:suparna-fledgling:444204a1851e88f5c5b8	215.000	-608.000	16.000	912668026	195	The Eldieme Necropolis	54.594	134.594	0.978	mission:San d'Oria:23:step-030,mission:San d'Oria:23:step-033	mesh-no-path	1	759.869	0.000	1	1
105	Batallia Downs	Suparna Fledgling	camp:v1:105:suparna-fledgling:444204a1851e88f5c5b8	215.000	-608.000	16.000	946222458	195	The Eldieme Necropolis	-133.604	-13.814	-6.624	mission:San d'Oria:23:step-030,mission:San d'Oria:23:step-033	mesh-no-path	1	689.270	0.000	1	1
105	Batallia Downs	Suparna Fledgling	camp:v1:105:suparna-fledgling:444204a1851e88f5c5b8	215.000	-608.000	16.000	1634088314	195	The Eldieme Necropolis	-226.393	-66.378	-22.628	mission:San d'Oria:23:step-030,mission:San d'Oria:23:step-033	mesh-no-path	1	699.767	0.000	1	1
105	Batallia Downs	Suparna Fledgling	camp:v1:105:suparna-fledgling:444204a1851e88f5c5b8	215.000	-608.000	16.000	1667642746	195	The Eldieme Necropolis	134.402	-374.405	9.438	mission:San d'Oria:23:step-030,mission:San d'Oria:23:step-033	mesh-no-path	1	247.196	0.000	1	1
105	Batallia Downs	Suparna Fledgling	camp:v1:105:suparna-fledgling:444204a1851e88f5c5b8	215.000	-608.000	16.000	1701197178	195	The Eldieme Necropolis	165.521	-603.006	22.218	mission:San d'Oria:23:step-030,mission:San d'Oria:23:step-033	mesh-connected	7	1.970	0.000	1	1
105	Batallia Downs	Suparna Fledgling	camp:v1:105:suparna-fledgling:444204a1851e88f5c5b8	215.000	-608.000	16.000	812856954	244	Upper Jeuno	486.298	-159.953	4.169	mission:San d'Oria:23:step-030,mission:San d'Oria:23:step-033	mesh-no-path	1	523.917	0.000	1	1
105	Batallia Downs	Suparna Fledgling	camp:v1:105:suparna-fledgling:444204a1851e88f5c5b8	215.000	-608.000	16.000	910000084	84	Batallia Downs [S]	-45.147	436.919	0.056	mission:San d'Oria:23:step-030,mission:San d'Oria:23:step-033	mesh-no-path	1	1076.934	0.000	1	1
105	Batallia Downs	Survival Guide		-67.000	449.000	-2.000	846672506	104	Jugner Forest	-439.393	-239.958	-11.765	mission:San d'Oria:23:step-024	mesh-connected	23	3.479	0.000	1	1
105	Batallia Downs	Survival Guide		-67.000	449.000	-2.000	842150778	110	Rolanberry Fields	479.744	-359.840	3.338	mission:San d'Oria:23:step-024	mesh-connected	16	4.437	0.000	1	1
105	Batallia Downs	Survival Guide		-67.000	449.000	-2.000	875770746	111	Beaucedine Glacier	-500.451	504.894	-39.710	mission:San d'Oria:23:step-024	mesh-no-path	1	438.664	0.000	1	1
105	Batallia Downs	Survival Guide		-67.000	449.000	-2.000	812004730	195	The Eldieme Necropolis	-693.609	173.590	-14.583	mission:San d'Oria:23:step-024	mesh-connected	33	1.897	0.000	1	1
105	Batallia Downs	Survival Guide		-67.000	449.000	-2.000	845559162	195	The Eldieme Necropolis	-464.853	335.136	-22.563	mission:San d'Oria:23:step-024	mesh-no-path	1	414.337	0.000	1	1
105	Batallia Downs	Survival Guide		-67.000	449.000	-2.000	879113594	195	The Eldieme Necropolis	-214.550	134.555	-6.542	mission:San d'Oria:23:step-024	mesh-connected	10	1.856	0.000	1	1
105	Batallia Downs	Survival Guide		-67.000	449.000	-2.000	912668026	195	The Eldieme Necropolis	54.594	134.594	0.978	mission:San d'Oria:23:step-024	mesh-connected	7	2.336	0.000	1	1
105	Batallia Downs	Survival Guide		-67.000	449.000	-2.000	946222458	195	The Eldieme Necropolis	-133.604	-13.814	-6.624	mission:San d'Oria:23:step-024	mesh-connected	8	1.938	0.000	1	1
105	Batallia Downs	Survival Guide		-67.000	449.000	-2.000	1634088314	195	The Eldieme Necropolis	-226.393	-66.378	-22.628	mission:San d'Oria:23:step-024	mesh-connected	16	1.942	0.000	1	1
105	Batallia Downs	Survival Guide		-67.000	449.000	-2.000	1667642746	195	The Eldieme Necropolis	134.402	-374.405	9.438	mission:San d'Oria:23:step-024	mesh-connected	22	1.876	0.000	1	1
105	Batallia Downs	Survival Guide		-67.000	449.000	-2.000	1701197178	195	The Eldieme Necropolis	165.521	-603.006	22.218	mission:San d'Oria:23:step-024	mesh-no-path	1	1077.668	0.000	1	1
105	Batallia Downs	Survival Guide		-67.000	449.000	-2.000	812856954	244	Upper Jeuno	486.298	-159.953	4.169	mission:San d'Oria:23:step-024	mesh-connected	20	3.850	0.000	1	1
105	Batallia Downs	Survival Guide		-67.000	449.000	-2.000	910000084	84	Batallia Downs [S]	-45.147	436.919	0.056	mission:San d'Oria:23:step-024	mesh-connected	3	0.246	0.000	1	1
105	Batallia Downs	Survival Guide	object:v1:105:17207973	-67.000	449.000	-2.000	846672506	104	Jugner Forest	-439.393	-239.958	-11.765	mission:San d'Oria:23:step-024	mesh-connected	23	3.479	0.000	1	1
105	Batallia Downs	Survival Guide	object:v1:105:17207973	-67.000	449.000	-2.000	842150778	110	Rolanberry Fields	479.744	-359.840	3.338	mission:San d'Oria:23:step-024	mesh-connected	16	4.437	0.000	1	1
105	Batallia Downs	Survival Guide	object:v1:105:17207973	-67.000	449.000	-2.000	875770746	111	Beaucedine Glacier	-500.451	504.894	-39.710	mission:San d'Oria:23:step-024	mesh-no-path	1	438.664	0.000	1	1
105	Batallia Downs	Survival Guide	object:v1:105:17207973	-67.000	449.000	-2.000	812004730	195	The Eldieme Necropolis	-693.609	173.590	-14.583	mission:San d'Oria:23:step-024	mesh-connected	33	1.897	0.000	1	1
105	Batallia Downs	Survival Guide	object:v1:105:17207973	-67.000	449.000	-2.000	845559162	195	The Eldieme Necropolis	-464.853	335.136	-22.563	mission:San d'Oria:23:step-024	mesh-no-path	1	414.337	0.000	1	1
105	Batallia Downs	Survival Guide	object:v1:105:17207973	-67.000	449.000	-2.000	879113594	195	The Eldieme Necropolis	-214.550	134.555	-6.542	mission:San d'Oria:23:step-024	mesh-connected	10	1.856	0.000	1	1
105	Batallia Downs	Survival Guide	object:v1:105:17207973	-67.000	449.000	-2.000	912668026	195	The Eldieme Necropolis	54.594	134.594	0.978	mission:San d'Oria:23:step-024	mesh-connected	7	2.336	0.000	1	1
105	Batallia Downs	Survival Guide	object:v1:105:17207973	-67.000	449.000	-2.000	946222458	195	The Eldieme Necropolis	-133.604	-13.814	-6.624	mission:San d'Oria:23:step-024	mesh-connected	8	1.938	0.000	1	1
105	Batallia Downs	Survival Guide	object:v1:105:17207973	-67.000	449.000	-2.000	1634088314	195	The Eldieme Necropolis	-226.393	-66.378	-22.628	mission:San d'Oria:23:step-024	mesh-connected	16	1.942	0.000	1	1
105	Batallia Downs	Survival Guide	object:v1:105:17207973	-67.000	449.000	-2.000	1667642746	195	The Eldieme Necropolis	134.402	-374.405	9.438	mission:San d'Oria:23:step-024	mesh-connected	22	1.876	0.000	1	1
105	Batallia Downs	Survival Guide	object:v1:105:17207973	-67.000	449.000	-2.000	1701197178	195	The Eldieme Necropolis	165.521	-603.006	22.218	mission:San d'Oria:23:step-024	mesh-no-path	1	1077.668	0.000	1	1
105	Batallia Downs	Survival Guide	object:v1:105:17207973	-67.000	449.000	-2.000	812856954	244	Upper Jeuno	486.298	-159.953	4.169	mission:San d'Oria:23:step-024	mesh-connected	20	3.850	0.000	1	1
105	Batallia Downs	Survival Guide	object:v1:105:17207973	-67.000	449.000	-2.000	910000084	84	Batallia Downs [S]	-45.147	436.919	0.056	mission:San d'Oria:23:step-024	mesh-connected	3	0.246	0.000	1	1
108	Konschtat Highlands	Survival Guide	object:v1:108:17220216	-222.000	827.000	71.200	813052538	103	Valkurm Dunes	-160.124	883.812	68.250	mission:Bastok:12:step-010	mesh-connected	8	3.440	0.000	1	1
108	Konschtat Highlands	Survival Guide	object:v1:108:17220216	-222.000	827.000	71.200	913912442	106	North Gustaberg	101.543	-607.531	-75.453	mission:Bastok:12:step-010	mesh-connected	63	2.918	0.000	1	1
108	Konschtat Highlands	Survival Guide	object:v1:108:17220216	-222.000	827.000	71.200	808530810	109	Pashhow Marshlands	521.922	747.850	28.361	mission:Bastok:12:step-010	mesh-connected	25	3.410	0.000	1	1
108	Konschtat Highlands	Survival Guide	object:v1:108:17220216	-222.000	827.000	71.200	812070266	196	Gusgen Mines	703.532	216.502	17.044	mission:Bastok:12:step-010	mesh-connected	23	1.705	0.000	1	1
109	Pashhow Marshlands	Copper Quadav	camp:v1:109:copper-quadav:0836309713fed85cd065	541.667	18.268	24.502	842019706	108	Konschtat Highlands	-543.423	-647.550	22.197	mission:Bastok:11:step-010,mission:Bastok:11:step-015,mission:Bastok:11:step-017	mesh-connected	46	2.652	0.000	1	1
109	Pashhow Marshlands	Copper Quadav	camp:v1:109:copper-quadav:0836309713fed85cd065	541.667	18.268	24.502	808596346	110	Rolanberry Fields	547.841	696.323	23.192	mission:Bastok:11:step-010,mission:Bastok:11:step-015,mission:Bastok:11:step-017	mesh-connected	45	1.534	0.000	1	1
109	Pashhow Marshlands	Copper Quadav	camp:v1:109:copper-quadav:0836309713fed85cd065	541.667	18.268	24.502	808662138	147	Beadeaux	578.786	-376.731	23.416	mission:Bastok:11:step-010,mission:Bastok:11:step-015,mission:Bastok:11:step-017	mesh-connected	26	1.345	0.000	1	1
109	Pashhow Marshlands	Copper Quadav	camp:v1:109:copper-quadav:0836309713fed85cd065	541.667	18.268	24.502	910000090	90	Pashhow Marshlands [S]	422.092	30.299	25.290	mission:Bastok:11:step-010,mission:Bastok:11:step-015,mission:Bastok:11:step-017	mesh-connected	34	0.325	0.000	1	1
109	Pashhow Marshlands	Copper Quadav	camp:v1:109:copper-quadav:29a8761f8dc8f4e8e205	307.804	-110.022	24.490	842019706	108	Konschtat Highlands	-543.423	-647.550	22.197	mission:Bastok:11:step-010,mission:Bastok:11:step-015,mission:Bastok:11:step-017	mesh-connected	28	2.652	0.000	1	1
109	Pashhow Marshlands	Copper Quadav	camp:v1:109:copper-quadav:29a8761f8dc8f4e8e205	307.804	-110.022	24.490	808596346	110	Rolanberry Fields	547.841	696.323	23.192	mission:Bastok:11:step-010,mission:Bastok:11:step-015,mission:Bastok:11:step-017	mesh-connected	45	1.534	0.000	1	1
109	Pashhow Marshlands	Copper Quadav	camp:v1:109:copper-quadav:29a8761f8dc8f4e8e205	307.804	-110.022	24.490	808662138	147	Beadeaux	578.786	-376.731	23.416	mission:Bastok:11:step-010,mission:Bastok:11:step-015,mission:Bastok:11:step-017	mesh-connected	30	1.345	0.000	1	1
109	Pashhow Marshlands	Copper Quadav	camp:v1:109:copper-quadav:29a8761f8dc8f4e8e205	307.804	-110.022	24.490	910000090	90	Pashhow Marshlands [S]	422.092	30.299	25.290	mission:Bastok:11:step-010,mission:Bastok:11:step-015,mission:Bastok:11:step-017	mesh-connected	11	0.325	0.000	1	1
109	Pashhow Marshlands	Copper Quadav	camp:v1:109:copper-quadav:342ec79d0d3c6f09463a	-381.158	-280.207	24.804	842019706	108	Konschtat Highlands	-543.423	-647.550	22.197	mission:Bastok:11:step-010,mission:Bastok:11:step-015,mission:Bastok:11:step-017	mesh-connected	12	2.652	0.000	1	1
109	Pashhow Marshlands	Copper Quadav	camp:v1:109:copper-quadav:342ec79d0d3c6f09463a	-381.158	-280.207	24.804	808596346	110	Rolanberry Fields	547.841	696.323	23.192	mission:Bastok:11:step-010,mission:Bastok:11:step-015,mission:Bastok:11:step-017	mesh-connected	57	1.534	0.000	1	1
109	Pashhow Marshlands	Copper Quadav	camp:v1:109:copper-quadav:342ec79d0d3c6f09463a	-381.158	-280.207	24.804	808662138	147	Beadeaux	578.786	-376.731	23.416	mission:Bastok:11:step-010,mission:Bastok:11:step-015,mission:Bastok:11:step-017	mesh-connected	38	1.345	0.000	1	1
109	Pashhow Marshlands	Copper Quadav	camp:v1:109:copper-quadav:342ec79d0d3c6f09463a	-381.158	-280.207	24.804	910000090	90	Pashhow Marshlands [S]	422.092	30.299	25.290	mission:Bastok:11:step-010,mission:Bastok:11:step-015,mission:Bastok:11:step-017	mesh-connected	17	0.325	0.000	1	1
109	Pashhow Marshlands	Copper Quadav	camp:v1:109:copper-quadav:9d18f49c72f966c7534b	-101.870	-146.963	24.299	842019706	108	Konschtat Highlands	-543.423	-647.550	22.197	mission:Bastok:11:step-010,mission:Bastok:11:step-015,mission:Bastok:11:step-017	mesh-connected	13	2.652	0.000	1	1
109	Pashhow Marshlands	Copper Quadav	camp:v1:109:copper-quadav:9d18f49c72f966c7534b	-101.870	-146.963	24.299	808596346	110	Rolanberry Fields	547.841	696.323	23.192	mission:Bastok:11:step-010,mission:Bastok:11:step-015,mission:Bastok:11:step-017	mesh-connected	51	1.534	0.000	1	1
109	Pashhow Marshlands	Copper Quadav	camp:v1:109:copper-quadav:9d18f49c72f966c7534b	-101.870	-146.963	24.299	808662138	147	Beadeaux	578.786	-376.731	23.416	mission:Bastok:11:step-010,mission:Bastok:11:step-015,mission:Bastok:11:step-017	mesh-connected	33	1.345	0.000	1	1
109	Pashhow Marshlands	Copper Quadav	camp:v1:109:copper-quadav:9d18f49c72f966c7534b	-101.870	-146.963	24.299	910000090	90	Pashhow Marshlands [S]	422.092	30.299	25.290	mission:Bastok:11:step-010,mission:Bastok:11:step-015,mission:Bastok:11:step-017	mesh-connected	17	0.325	0.000	1	1
109	Pashhow Marshlands	Copper Quadav	camp:v1:109:copper-quadav:c09886281f7d75b95e00	546.975	-238.541	24.656	842019706	108	Konschtat Highlands	-543.423	-647.550	22.197	mission:Bastok:11:step-010,mission:Bastok:11:step-015,mission:Bastok:11:step-017	mesh-connected	37	2.652	0.000	1	1
109	Pashhow Marshlands	Copper Quadav	camp:v1:109:copper-quadav:c09886281f7d75b95e00	546.975	-238.541	24.656	808596346	110	Rolanberry Fields	547.841	696.323	23.192	mission:Bastok:11:step-010,mission:Bastok:11:step-015,mission:Bastok:11:step-017	mesh-connected	66	1.534	0.000	1	1
109	Pashhow Marshlands	Copper Quadav	camp:v1:109:copper-quadav:c09886281f7d75b95e00	546.975	-238.541	24.656	808662138	147	Beadeaux	578.786	-376.731	23.416	mission:Bastok:11:step-010,mission:Bastok:11:step-015,mission:Bastok:11:step-017	mesh-connected	8	1.345	0.000	1	1
109	Pashhow Marshlands	Copper Quadav	camp:v1:109:copper-quadav:c09886281f7d75b95e00	546.975	-238.541	24.656	910000090	90	Pashhow Marshlands [S]	422.092	30.299	25.290	mission:Bastok:11:step-010,mission:Bastok:11:step-015,mission:Bastok:11:step-017	mesh-connected	25	0.325	0.000	1	1
109	Pashhow Marshlands	Land Pugil	camp:v1:109:land-pugil:5711600d8d2b477ba6f7	-434.575	473.957	24.121	842019706	108	Konschtat Highlands	-543.423	-647.550	22.197	mission:Bastok:11:step-014	mesh-connected	63	2.652	0.000	1	1
109	Pashhow Marshlands	Land Pugil	camp:v1:109:land-pugil:5711600d8d2b477ba6f7	-434.575	473.957	24.121	808596346	110	Rolanberry Fields	547.841	696.323	23.192	mission:Bastok:11:step-014	mesh-connected	40	1.534	0.000	1	1
109	Pashhow Marshlands	Land Pugil	camp:v1:109:land-pugil:5711600d8d2b477ba6f7	-434.575	473.957	24.121	808662138	147	Beadeaux	578.786	-376.731	23.416	mission:Bastok:11:step-014	mesh-connected	57	1.345	0.000	1	1
109	Pashhow Marshlands	Land Pugil	camp:v1:109:land-pugil:5711600d8d2b477ba6f7	-434.575	473.957	24.121	910000090	90	Pashhow Marshlands [S]	422.092	30.299	25.290	mission:Bastok:11:step-014	mesh-connected	24	0.325	0.000	1	1
109	Pashhow Marshlands	Land Pugil	camp:v1:109:land-pugil:69723a97a29213bd9d73	-436.454	-263.289	24.260	842019706	108	Konschtat Highlands	-543.423	-647.550	22.197	mission:Bastok:11:step-014	mesh-connected	16	2.652	0.000	1	1
109	Pashhow Marshlands	Land Pugil	camp:v1:109:land-pugil:69723a97a29213bd9d73	-436.454	-263.289	24.260	808596346	110	Rolanberry Fields	547.841	696.323	23.192	mission:Bastok:11:step-014	mesh-connected	57	1.534	0.000	1	1
109	Pashhow Marshlands	Land Pugil	camp:v1:109:land-pugil:69723a97a29213bd9d73	-436.454	-263.289	24.260	808662138	147	Beadeaux	578.786	-376.731	23.416	mission:Bastok:11:step-014	mesh-connected	37	1.345	0.000	1	1
109	Pashhow Marshlands	Land Pugil	camp:v1:109:land-pugil:69723a97a29213bd9d73	-436.454	-263.289	24.260	910000090	90	Pashhow Marshlands [S]	422.092	30.299	25.290	mission:Bastok:11:step-014	mesh-connected	16	0.325	0.000	1	1
109	Pashhow Marshlands	Land Pugil	camp:v1:109:land-pugil:875344a93e42127f716f	433.978	363.261	24.637	842019706	108	Konschtat Highlands	-543.423	-647.550	22.197	mission:Bastok:11:step-014	mesh-connected	47	2.652	0.000	1	1
109	Pashhow Marshlands	Land Pugil	camp:v1:109:land-pugil:875344a93e42127f716f	433.978	363.261	24.637	808596346	110	Rolanberry Fields	547.841	696.323	23.192	mission:Bastok:11:step-014	mesh-connected	14	1.534	0.000	1	1
109	Pashhow Marshlands	Land Pugil	camp:v1:109:land-pugil:875344a93e42127f716f	433.978	363.261	24.637	808662138	147	Beadeaux	578.786	-376.731	23.416	mission:Bastok:11:step-014	mesh-connected	60	1.345	0.000	1	1
109	Pashhow Marshlands	Land Pugil	camp:v1:109:land-pugil:875344a93e42127f716f	433.978	363.261	24.637	910000090	90	Pashhow Marshlands [S]	422.092	30.299	25.290	mission:Bastok:11:step-014	mesh-connected	20	0.325	0.000	1	1
109	Pashhow Marshlands	Land Pugil	camp:v1:109:land-pugil:9dbf1aa3d59169381443	192.873	113.494	24.991	842019706	108	Konschtat Highlands	-543.423	-647.550	22.197	mission:Bastok:11:step-014	mesh-connected	40	2.652	0.000	1	1
109	Pashhow Marshlands	Land Pugil	camp:v1:109:land-pugil:9dbf1aa3d59169381443	192.873	113.494	24.991	808596346	110	Rolanberry Fields	547.841	696.323	23.192	mission:Bastok:11:step-014	mesh-connected	25	1.534	0.000	1	1
109	Pashhow Marshlands	Land Pugil	camp:v1:109:land-pugil:9dbf1aa3d59169381443	192.873	113.494	24.991	808662138	147	Beadeaux	578.786	-376.731	23.416	mission:Bastok:11:step-014	mesh-connected	42	1.345	0.000	1	1
109	Pashhow Marshlands	Land Pugil	camp:v1:109:land-pugil:9dbf1aa3d59169381443	192.873	113.494	24.991	910000090	90	Pashhow Marshlands [S]	422.092	30.299	25.290	mission:Bastok:11:step-014	mesh-connected	10	0.325	0.000	1	1
109	Pashhow Marshlands	Land Pugil	camp:v1:109:land-pugil:fcb8d3975ecaa4afe5e7	164.269	-316.996	24.133	842019706	108	Konschtat Highlands	-543.423	-647.550	22.197	mission:Bastok:11:step-014	mesh-connected	19	2.652	0.000	1	1
109	Pashhow Marshlands	Land Pugil	camp:v1:109:land-pugil:fcb8d3975ecaa4afe5e7	164.269	-316.996	24.133	808596346	110	Rolanberry Fields	547.841	696.323	23.192	mission:Bastok:11:step-014	mesh-connected	87	1.534	0.000	1	1
109	Pashhow Marshlands	Land Pugil	camp:v1:109:land-pugil:fcb8d3975ecaa4afe5e7	164.269	-316.996	24.133	808662138	147	Beadeaux	578.786	-376.731	23.416	mission:Bastok:11:step-014	mesh-connected	32	1.345	0.000	1	1
109	Pashhow Marshlands	Land Pugil	camp:v1:109:land-pugil:fcb8d3975ecaa4afe5e7	164.269	-316.996	24.133	910000090	90	Pashhow Marshlands [S]	422.092	30.299	25.290	mission:Bastok:11:step-014	mesh-connected	7	0.325	0.000	1	1
109	Pashhow Marshlands	Survival Guide	object:v1:109:17224381	467.000	410.000	24.490	842019706	108	Konschtat Highlands	-543.423	-647.550	22.197	mission:Bastok:11:step-007	mesh-connected	44	2.652	0.000	1	1
109	Pashhow Marshlands	Survival Guide	object:v1:109:17224381	467.000	410.000	24.490	808596346	110	Rolanberry Fields	547.841	696.323	23.192	mission:Bastok:11:step-007	mesh-connected	12	1.534	0.000	1	1
109	Pashhow Marshlands	Survival Guide	object:v1:109:17224381	467.000	410.000	24.490	808662138	147	Beadeaux	578.786	-376.731	23.416	mission:Bastok:11:step-007	mesh-connected	60	1.345	0.000	1	1
109	Pashhow Marshlands	Survival Guide	object:v1:109:17224381	467.000	410.000	24.490	910000090	90	Pashhow Marshlands [S]	422.092	30.299	25.290	mission:Bastok:11:step-007	mesh-connected	17	0.325	0.000	1	1
112	Xarcabard	???	object:v1:112:17236283	-335.245	-49.190	-26.403	808792186	5	Uleguerand Range	-136.287	137.302	-23.268	mission:San d'Oria:23:step-020	mesh-no-path	1	272.715	0.000	1	1
112	Xarcabard	???	object:v1:112:17236283	-335.245	-49.190	-26.403	842216314	111	Beaucedine Glacier	596.626	-259.979	-2.495	mission:San d'Oria:23:step-020	mesh-no-path	1	955.713	0.000	1	1
112	Xarcabard	???	object:v1:112:17236283	-335.245	-49.190	-26.403	812135546	161	Castle Zvahl Baileys	-433.249	20.010	-48.742	mission:San d'Oria:23:step-020	mesh-no-path	1	122.035	0.000	1	1
112	Xarcabard	???	object:v1:112:17236312	338.797	381.323	-28.185	808792186	5	Uleguerand Range	-136.287	137.302	-23.268	mission:San d'Oria:23:step-020	mesh-no-path	1	534.112	0.000	1	1
112	Xarcabard	???	object:v1:112:17236312	338.797	381.323	-28.185	842216314	111	Beaucedine Glacier	596.626	-259.979	-2.495	mission:San d'Oria:23:step-020	mesh-connected	47	2.492	0.000	1	1
112	Xarcabard	???	object:v1:112:17236312	338.797	381.323	-28.185	812135546	161	Castle Zvahl Baileys	-433.249	20.010	-48.742	mission:San d'Oria:23:step-020	mesh-connected	56	2.342	0.000	1	1
112	Xarcabard	???	object:v1:112:17236313	578.489	300.138	-8.228	808792186	5	Uleguerand Range	-136.287	137.302	-23.268	mission:San d'Oria:23:step-020	mesh-no-path	1	733.244	0.000	1	1
112	Xarcabard	???	object:v1:112:17236313	578.489	300.138	-8.228	842216314	111	Beaucedine Glacier	596.626	-259.979	-2.495	mission:San d'Oria:23:step-020	mesh-connected	41	2.492	0.000	1	1
112	Xarcabard	???	object:v1:112:17236313	578.489	300.138	-8.228	812135546	161	Castle Zvahl Baileys	-433.249	20.010	-48.742	mission:San d'Oria:23:step-020	mesh-connected	58	2.342	0.000	1	1
112	Xarcabard	???	object:v1:112:17236314	-18.827	-501.646	-24.172	808792186	5	Uleguerand Range	-136.287	137.302	-23.268	mission:San d'Oria:23:step-020	mesh-no-path	1	649.655	0.000	1	1
112	Xarcabard	???	object:v1:112:17236314	-18.827	-501.646	-24.172	842216314	111	Beaucedine Glacier	596.626	-259.979	-2.495	mission:San d'Oria:23:step-020	mesh-connected	37	2.492	0.000	1	1
112	Xarcabard	???	object:v1:112:17236314	-18.827	-501.646	-24.172	812135546	161	Castle Zvahl Baileys	-433.249	20.010	-48.742	mission:San d'Oria:23:step-020	mesh-connected	47	2.342	0.000	1	1
112	Xarcabard	???	object:v1:112:17236316	178.149	81.987	-33.243	808792186	5	Uleguerand Range	-136.287	137.302	-23.268	mission:San d'Oria:23:step-020	mesh-no-path	1	319.420	0.000	1	1
112	Xarcabard	???	object:v1:112:17236316	178.149	81.987	-33.243	842216314	111	Beaucedine Glacier	596.626	-259.979	-2.495	mission:San d'Oria:23:step-020	mesh-connected	30	2.492	0.000	1	1
112	Xarcabard	???	object:v1:112:17236316	178.149	81.987	-33.243	812135546	161	Castle Zvahl Baileys	-433.249	20.010	-48.742	mission:San d'Oria:23:step-020	mesh-connected	35	2.342	0.000	1	1
112	Xarcabard	???	object:v1:112:17236317	-254.883	-150.818	-17.003	808792186	5	Uleguerand Range	-136.287	137.302	-23.268	mission:San d'Oria:23:step-020	mesh-no-path	1	311.637	0.000	1	1
112	Xarcabard	???	object:v1:112:17236317	-254.883	-150.818	-17.003	842216314	111	Beaucedine Glacier	596.626	-259.979	-2.495	mission:San d'Oria:23:step-020	mesh-no-path	1	858.600	0.000	1	1
112	Xarcabard	???	object:v1:112:17236317	-254.883	-150.818	-17.003	812135546	161	Castle Zvahl Baileys	-433.249	20.010	-48.742	mission:San d'Oria:23:step-020	mesh-no-path	1	249.006	0.000	1	1
112	Xarcabard	???	object:v1:112:17236322	-295.065	151.250	-25.054	808792186	5	Uleguerand Range	-136.287	137.302	-23.268	mission:San d'Oria:23:step-020	mesh-no-path	1	159.399	0.000	1	1
112	Xarcabard	???	object:v1:112:17236322	-295.065	151.250	-25.054	842216314	111	Beaucedine Glacier	596.626	-259.979	-2.495	mission:San d'Oria:23:step-020	mesh-no-path	1	982.207	0.000	1	1
112	Xarcabard	???	object:v1:112:17236322	-295.065	151.250	-25.054	812135546	161	Castle Zvahl Baileys	-433.249	20.010	-48.742	mission:San d'Oria:23:step-020	mesh-no-path	1	192.041	0.000	1	1
112	Xarcabard	???	object:v1:112:17236341	1.000	1.000	1.000	808792186	5	Uleguerand Range	-136.287	137.302	-23.268	mission:San d'Oria:23:step-020	mesh-no-path	1	194.974	0.000	1	1
112	Xarcabard	???	object:v1:112:17236341	1.000	1.000	1.000	842216314	111	Beaucedine Glacier	596.626	-259.979	-2.495	mission:San d'Oria:23:step-020	mesh-no-path	1	650.302	0.000	1	1
112	Xarcabard	???	object:v1:112:17236341	1.000	1.000	1.000	812135546	161	Castle Zvahl Baileys	-433.249	20.010	-48.742	mission:San d'Oria:23:step-020	mesh-no-path	1	437.502	0.000	1	1
112	Xarcabard	Survival Guide	object:v1:112:17236374	204.000	-203.000	-24.000	808792186	5	Uleguerand Range	-136.287	137.302	-23.268	mission:San d'Oria:23:step-018	mesh-no-path	1	481.250	0.000	1	1
112	Xarcabard	Survival Guide	object:v1:112:17236374	204.000	-203.000	-24.000	842216314	111	Beaucedine Glacier	596.626	-259.979	-2.495	mission:San d'Oria:23:step-018	mesh-connected	13	2.492	0.000	1	1
112	Xarcabard	Survival Guide	object:v1:112:17236374	204.000	-203.000	-24.000	812135546	161	Castle Zvahl Baileys	-433.249	20.010	-48.742	mission:San d'Oria:23:step-018	mesh-connected	28	2.342	0.000	1	1
114	Eastern Altepa Desert	Survival Guide	object:v1:114:17244669	-260.000	-265.000	8.500	812135290	125	Western Altepa Desert	260.090	320.454	6.013	mission:San d'Oria:21:step-010	mesh-connected	26	1.461	0.000	1	1
114	Eastern Altepa Desert	Survival Guide	object:v1:114:17244669	-260.000	-265.000	8.500	912798586	125	Western Altepa Desert	-320.016	-100.021	25.995	mission:San d'Oria:21:step-010	mesh-connected	19	1.560	0.000	1	1
114	Eastern Altepa Desert	Survival Guide	object:v1:114:17244669	-260.000	-265.000	8.500	846476410	173	Korroloka Tunnel	499.839	-76.809	5.391	mission:San d'Oria:21:step-010	mesh-connected	21	2.008	0.000	1	1
114	Eastern Altepa Desert	Survival Guide	object:v1:114:17244669	-260.000	-265.000	8.500	812856698	208	Quicksand Caves	420.002	191.739	8.362	mission:San d'Oria:21:step-010	mesh-connected	25	1.638	0.000	1	1
114	Eastern Altepa Desert	Survival Guide	object:v1:114:17244669	-260.000	-265.000	8.500	846411130	208	Quicksand Caves	19.980	-321.526	16.529	mission:San d'Oria:21:step-010	mesh-connected	16	1.318	0.000	1	1
114	Eastern Altepa Desert	Survival Guide	object:v1:114:17244669	-260.000	-265.000	8.500	947074426	208	Quicksand Caves	126.597	-20.012	8.245	mission:San d'Oria:21:step-010	mesh-no-path	1	457.686	0.000	1	1
114	Eastern Altepa Desert	Survival Guide	object:v1:114:17244669	-260.000	-265.000	8.500	846476666	209	Cloister of Tremors	80.866	-100.362	8.464	mission:San d'Oria:21:step-010	mesh-no-path	1	378.544	0.000	1	1
115	West Sarutabaruta	Survival Guide	object:v1:115:17248921	-13.322	315.696	-12.459	842543994	116	East Sarutabaruta	501.209	134.432	-12.111	mission:Windurst:22:step-022	mesh-connected	13	2.105	0.000	1	1
115	West Sarutabaruta	Survival Guide	object:v1:115:17248921	-13.322	315.696	-12.459	876098426	116	East Sarutabaruta	421.970	694.068	-28.059	mission:Windurst:22:step-022	mesh-connected	25	2.021	0.000	1	1
115	West Sarutabaruta	Survival Guide	object:v1:115:17248921	-13.322	315.696	-12.459	808531066	145	Giddeus	-374.008	63.289	-23.712	mission:Windurst:22:step-022	mesh-connected	20	1.545	0.000	1	1
115	West Sarutabaruta	Survival Guide	object:v1:115:17248921	-13.322	315.696	-12.459	842151034	146	Balga's Dais	-225.921	-185.284	-8.401	mission:Windurst:22:step-022	mesh-no-path	1	544.239	0.000	1	1
115	West Sarutabaruta	Survival Guide	object:v1:115:17248921	-13.322	315.696	-12.459	1633891706	192	Inner Horutoto Ruins	223.706	39.976	0.114	mission:Windurst:22:step-022	mesh-connected	19	1.386	0.000	1	1
115	West Sarutabaruta	Survival Guide	object:v1:115:17248921	-13.322	315.696	-12.459	811939194	194	Outer Horutoto Ruins	-276.409	660.009	-11.665	mission:Windurst:22:step-022	mesh-connected	22	1.565	0.000	1	1
115	West Sarutabaruta	Survival Guide	object:v1:115:17248921	-13.322	315.696	-12.459	946156922	194	Outer Horutoto Ruins	-339.959	-396.924	8.355	mission:Windurst:22:step-022	mesh-connected	30	1.332	0.000	1	1
115	West Sarutabaruta	Survival Guide	object:v1:115:17248921	-13.322	315.696	-12.459	812463738	238	Windurst Waters	320.018	-45.166	-6.684	mission:Windurst:22:step-022	mesh-connected	18	2.475	0.000	1	1
115	West Sarutabaruta	Survival Guide	object:v1:115:17248921	-13.322	315.696	-12.459	812594810	240	Port Windurst	166.612	-319.972	-2.610	mission:Windurst:22:step-022	mesh-connected	28	2.510	0.000	1	1
115	West Sarutabaruta	Survival Guide	object:v1:115:17248921	-13.322	315.696	-12.459	910000095	95	West Sarutabaruta [S]	-2.229	-162.715	0.000	mission:Windurst:22:step-022	mesh-connected	23	0.301	0.000	1	1
116	East Sarutabaruta	Inner Horutoto Ruins zone line	area:v1:116:1631073146	399.294	99.968	-8.287	876032890	115	West Sarutabaruta	-341.494	106.469	-12.089	mission:Windurst:1:step-009	mesh-connected	28	1.866	0.000	1	1
116	East Sarutabaruta	Inner Horutoto Ruins zone line	area:v1:116:1631073146	399.294	99.968	-8.287	909587322	115	West Sarutabaruta	-422.940	601.463	-28.935	mission:Windurst:1:step-009	mesh-connected	29	2.279	0.000	1	1
116	East Sarutabaruta	Inner Horutoto Ruins zone line	area:v1:116:1631073146	399.294	99.968	-8.287	809055098	117	Tahrongi Canyon	305.377	660.435	-36.092	mission:Windurst:1:step-009	mesh-connected	41	2.084	0.000	1	1
116	East Sarutabaruta	Inner Horutoto Ruins zone line	area:v1:116:1631073146	399.294	99.968	-8.287	878916986	192	Inner Horutoto Ruins	396.225	99.989	-7.669	mission:Windurst:1:step-009	mesh-connected	3	1.233	0.000	1	1
116	East Sarutabaruta	Inner Horutoto Ruins zone line	area:v1:116:1631073146	399.294	99.968	-8.287	845493626	194	Outer Horutoto Ruins	-59.996	756.249	-31.677	mission:Windurst:1:step-009	mesh-connected	36	1.570	0.000	1	1
116	East Sarutabaruta	Inner Horutoto Ruins zone line	area:v1:116:1631073146	399.294	99.968	-8.287	912602490	194	Outer Horutoto Ruins	259.999	-476.211	-11.661	mission:Windurst:1:step-009	mesh-connected	25	1.303	0.000	1	1
116	East Sarutabaruta	Inner Horutoto Ruins zone line	area:v1:116:1631073146	399.294	99.968	-8.287	812660346	241	Windurst Woods	-125.638	-520.000	-6.602	mission:Windurst:1:step-009	mesh-connected	38	2.502	0.000	1	1
116	East Sarutabaruta	Pore-Ohre	npc:v1:116:17253039	262.275	-459.613	-17.249	876032890	115	West Sarutabaruta	-341.494	106.469	-12.089	mission:Windurst:2:step-020,mission:Windurst:2:step-021,mission:Windurst:2:step-040	mesh-connected	30	1.866	0.000	1	1
116	East Sarutabaruta	Pore-Ohre	npc:v1:116:17253039	262.275	-459.613	-17.249	909587322	115	West Sarutabaruta	-422.940	601.463	-28.935	mission:Windurst:2:step-020,mission:Windurst:2:step-021,mission:Windurst:2:step-040	mesh-connected	36	2.279	0.000	1	1
116	East Sarutabaruta	Pore-Ohre	npc:v1:116:17253039	262.275	-459.613	-17.249	809055098	117	Tahrongi Canyon	305.377	660.435	-36.092	mission:Windurst:2:step-020,mission:Windurst:2:step-021,mission:Windurst:2:step-040	mesh-connected	56	2.084	0.000	1	1
116	East Sarutabaruta	Pore-Ohre	npc:v1:116:17253039	262.275	-459.613	-17.249	878916986	192	Inner Horutoto Ruins	396.225	99.989	-7.669	mission:Windurst:2:step-020,mission:Windurst:2:step-021,mission:Windurst:2:step-040	mesh-connected	21	1.233	0.000	1	1
116	East Sarutabaruta	Pore-Ohre	npc:v1:116:17253039	262.275	-459.613	-17.249	845493626	194	Outer Horutoto Ruins	-59.996	756.249	-31.677	mission:Windurst:2:step-020,mission:Windurst:2:step-021,mission:Windurst:2:step-040	mesh-connected	53	1.570	0.000	1	1
116	East Sarutabaruta	Pore-Ohre	npc:v1:116:17253039	262.275	-459.613	-17.249	912602490	194	Outer Horutoto Ruins	259.999	-476.211	-11.661	mission:Windurst:2:step-020,mission:Windurst:2:step-021,mission:Windurst:2:step-040	mesh-connected	4	1.303	0.000	1	1
116	East Sarutabaruta	Pore-Ohre	npc:v1:116:17253039	262.275	-459.613	-17.249	812660346	241	Windurst Woods	-125.638	-520.000	-6.602	mission:Windurst:2:step-020,mission:Windurst:2:step-021,mission:Windurst:2:step-040	mesh-connected	25	2.502	0.000	1	1
116	East Sarutabaruta	Quh Berhuja	npc:v1:116:17253038	258.263	-442.665	-17.175	876032890	115	West Sarutabaruta	-341.494	106.469	-12.089	mission:Windurst:2:step-040	mesh-connected	29	1.866	0.000	1	1
116	East Sarutabaruta	Quh Berhuja	npc:v1:116:17253038	258.263	-442.665	-17.175	909587322	115	West Sarutabaruta	-422.940	601.463	-28.935	mission:Windurst:2:step-040	mesh-connected	35	2.279	0.000	1	1
116	East Sarutabaruta	Quh Berhuja	npc:v1:116:17253038	258.263	-442.665	-17.175	809055098	117	Tahrongi Canyon	305.377	660.435	-36.092	mission:Windurst:2:step-040	mesh-connected	55	2.084	0.000	1	1
116	East Sarutabaruta	Quh Berhuja	npc:v1:116:17253038	258.263	-442.665	-17.175	878916986	192	Inner Horutoto Ruins	396.225	99.989	-7.669	mission:Windurst:2:step-040	mesh-connected	20	1.233	0.000	1	1
116	East Sarutabaruta	Quh Berhuja	npc:v1:116:17253038	258.263	-442.665	-17.175	845493626	194	Outer Horutoto Ruins	-59.996	756.249	-31.677	mission:Windurst:2:step-040	mesh-connected	52	1.570	0.000	1	1
116	East Sarutabaruta	Quh Berhuja	npc:v1:116:17253038	258.263	-442.665	-17.175	912602490	194	Outer Horutoto Ruins	259.999	-476.211	-11.661	mission:Windurst:2:step-040	mesh-connected	5	1.303	0.000	1	1
116	East Sarutabaruta	Quh Berhuja	npc:v1:116:17253038	258.263	-442.665	-17.175	812660346	241	Windurst Woods	-125.638	-520.000	-6.602	mission:Windurst:2:step-040	mesh-connected	24	2.502	0.000	1	1
116	East Sarutabaruta	Sama Gohjima	npc:v1:116:17253043	378.574	98.102	-13.249	876032890	115	West Sarutabaruta	-341.494	106.469	-12.089	mission:Windurst:1:step-011	mesh-connected	28	1.866	0.000	1	1
116	East Sarutabaruta	Sama Gohjima	npc:v1:116:17253043	378.574	98.102	-13.249	909587322	115	West Sarutabaruta	-422.940	601.463	-28.935	mission:Windurst:1:step-011	mesh-connected	30	2.279	0.000	1	1
116	East Sarutabaruta	Sama Gohjima	npc:v1:116:17253043	378.574	98.102	-13.249	809055098	117	Tahrongi Canyon	305.377	660.435	-36.092	mission:Windurst:1:step-011	mesh-connected	42	2.084	0.000	1	1
116	East Sarutabaruta	Sama Gohjima	npc:v1:116:17253043	378.574	98.102	-13.249	878916986	192	Inner Horutoto Ruins	396.225	99.989	-7.669	mission:Windurst:1:step-011	mesh-connected	4	1.233	0.000	1	1
116	East Sarutabaruta	Sama Gohjima	npc:v1:116:17253043	378.574	98.102	-13.249	845493626	194	Outer Horutoto Ruins	-59.996	756.249	-31.677	mission:Windurst:1:step-011	mesh-connected	37	1.570	0.000	1	1
116	East Sarutabaruta	Sama Gohjima	npc:v1:116:17253043	378.574	98.102	-13.249	912602490	194	Outer Horutoto Ruins	259.999	-476.211	-11.661	mission:Windurst:1:step-011	mesh-connected	26	1.303	0.000	1	1
116	East Sarutabaruta	Sama Gohjima	npc:v1:116:17253043	378.574	98.102	-13.249	812660346	241	Windurst Woods	-125.638	-520.000	-6.602	mission:Windurst:1:step-011	mesh-connected	27	2.502	0.000	1	1
117	Tahrongi Canyon	Survival Guide	object:v1:117:17257126	-160.000	648.000	47.000	909652858	116	East Sarutabaruta	-65.655	-737.096	44.371	mission:Windurst:4:step-019	mesh-connected	68	1.516	0.000	1	1
117	Tahrongi Canyon	Survival Guide	object:v1:117:17257126	-160.000	648.000	47.000	811676538	118	Buburimu Peninsula	442.781	-40.144	-1.641	mission:Windurst:4:step-019	mesh-connected	62	1.309	0.000	1	1
117	Tahrongi Canyon	Survival Guide	object:v1:117:17257126	-160.000	648.000	47.000	811742074	119	Meriphataud Mountains	-239.016	699.986	49.663	mission:Windurst:4:step-019	mesh-connected	10	1.264	0.000	1	1
117	Tahrongi Canyon	Survival Guide	object:v1:117:17257126	-160.000	648.000	47.000	812201338	198	Maze of Shakhrami	481.394	515.493	44.388	mission:Windurst:4:step-019	mesh-connected	46	1.320	0.000	1	1
121	The Sanctuary of Zi'Tah	???	object:v1:121:17273334	-324.360	474.307	0.115	912405370	119	Meriphataud Mountains	-459.974	-480.899	1.075	mission:Bastok:19:step-005	mesh-connected	89	1.208	0.000	1	1
121	The Sanctuary of Zi'Tah	???	object:v1:121:17273334	-324.360	474.307	0.115	811938682	122	Ro'Maeve	-238.888	642.089	-2.225	mission:Bastok:19:step-005	mesh-no-path	1	188.313	0.000	1	1
121	The Sanctuary of Zi'Tah	???	object:v1:121:17273334	-324.360	474.307	0.115	809055354	153	The Boyahda Tree	539.901	-580.218	3.379	mission:Bastok:19:step-005	mesh-connected	99	2.023	0.000	1	1
121	The Sanctuary of Zi'Tah	???	object:v1:121:17273334	-324.360	474.307	0.115	842609786	153	The Boyahda Tree	380.081	-499.802	3.756	mission:Bastok:19:step-005	mesh-connected	112	1.646	0.000	1	1
121	The Sanctuary of Zi'Tah	???	object:v1:121:17273334	-324.360	474.307	0.115	845231226	154	Dragon's Aery	179.953	-180.016	3.753	mission:Bastok:19:step-005	mesh-no-path	1	826.126	0.000	1	1
121	The Sanctuary of Zi'Tah	???	object:v1:121:17273394	642.317	-149.643	-4.877	912405370	119	Meriphataud Mountains	-459.974	-480.899	1.075	mission:Bastok:19:step-005	mesh-no-path	1	1151.005	0.000	1	1
121	The Sanctuary of Zi'Tah	???	object:v1:121:17273394	642.317	-149.643	-4.877	811938682	122	Ro'Maeve	-238.888	642.089	-2.225	mission:Bastok:19:step-005	mesh-no-path	1	1184.639	0.000	1	1
121	The Sanctuary of Zi'Tah	???	object:v1:121:17273394	642.317	-149.643	-4.877	809055354	153	The Boyahda Tree	539.901	-580.218	3.379	mission:Bastok:19:step-005	mesh-no-path	1	442.665	0.000	1	1
121	The Sanctuary of Zi'Tah	???	object:v1:121:17273394	642.317	-149.643	-4.877	842609786	153	The Boyahda Tree	380.081	-499.802	3.756	mission:Bastok:19:step-005	mesh-no-path	1	437.554	0.000	1	1
121	The Sanctuary of Zi'Tah	???	object:v1:121:17273394	642.317	-149.643	-4.877	845231226	154	Dragon's Aery	179.953	-180.016	3.753	mission:Bastok:19:step-005	mesh-no-path	1	463.441	0.000	1	1
121	The Sanctuary of Zi'Tah	???	object:v1:121:17273395	-418.884	48.382	1.272	912405370	119	Meriphataud Mountains	-459.974	-480.899	1.075	mission:Bastok:19:step-005	mesh-connected	66	1.208	0.000	1	1
121	The Sanctuary of Zi'Tah	???	object:v1:121:17273395	-418.884	48.382	1.272	811938682	122	Ro'Maeve	-238.888	642.089	-2.225	mission:Bastok:19:step-005	mesh-no-path	1	620.402	0.000	1	1
121	The Sanctuary of Zi'Tah	???	object:v1:121:17273395	-418.884	48.382	1.272	809055354	153	The Boyahda Tree	539.901	-580.218	3.379	mission:Bastok:19:step-005	mesh-connected	85	2.023	0.000	1	1
121	The Sanctuary of Zi'Tah	???	object:v1:121:17273395	-418.884	48.382	1.272	842609786	153	The Boyahda Tree	380.081	-499.802	3.756	mission:Bastok:19:step-005	mesh-connected	98	1.646	0.000	1	1
121	The Sanctuary of Zi'Tah	???	object:v1:121:17273395	-418.884	48.382	1.272	845231226	154	Dragon's Aery	179.953	-180.016	3.753	mission:Bastok:19:step-005	mesh-no-path	1	640.919	0.000	1	1
121	The Sanctuary of Zi'Tah	???	object:v1:121:17273396	23.058	94.635	0.483	912405370	119	Meriphataud Mountains	-459.974	-480.899	1.075	mission:Bastok:19:step-005	mesh-connected	52	1.208	0.000	1	1
121	The Sanctuary of Zi'Tah	???	object:v1:121:17273396	23.058	94.635	0.483	811938682	122	Ro'Maeve	-238.888	642.089	-2.225	mission:Bastok:19:step-005	mesh-no-path	1	606.901	0.000	1	1
121	The Sanctuary of Zi'Tah	???	object:v1:121:17273396	23.058	94.635	0.483	809055354	153	The Boyahda Tree	539.901	-580.218	3.379	mission:Bastok:19:step-005	mesh-connected	61	2.023	0.000	1	1
121	The Sanctuary of Zi'Tah	???	object:v1:121:17273396	23.058	94.635	0.483	842609786	153	The Boyahda Tree	380.081	-499.802	3.756	mission:Bastok:19:step-005	mesh-connected	74	1.646	0.000	1	1
121	The Sanctuary of Zi'Tah	???	object:v1:121:17273396	23.058	94.635	0.483	845231226	154	Dragon's Aery	179.953	-180.016	3.753	mission:Bastok:19:step-005	mesh-no-path	1	316.322	0.000	1	1
121	The Sanctuary of Zi'Tah	Goobbue Gardener	camp:v1:121:goobbue-gardener:372ff028428b45ed51bd	411.000	-639.000	-0.288	912405370	119	Meriphataud Mountains	-459.974	-480.899	1.075	mission:Windurst:23:step-012,mission:Windurst:23:step-015,mission:Windurst:23:step-017	mesh-connected	80	1.208	0.000	1	1
121	The Sanctuary of Zi'Tah	Goobbue Gardener	camp:v1:121:goobbue-gardener:372ff028428b45ed51bd	411.000	-639.000	-0.288	811938682	122	Ro'Maeve	-238.888	642.089	-2.225	mission:Windurst:23:step-012,mission:Windurst:23:step-015,mission:Windurst:23:step-017	mesh-no-path	1	1436.505	0.000	1	1
121	The Sanctuary of Zi'Tah	Goobbue Gardener	camp:v1:121:goobbue-gardener:372ff028428b45ed51bd	411.000	-639.000	-0.288	809055354	153	The Boyahda Tree	539.901	-580.218	3.379	mission:Windurst:23:step-012,mission:Windurst:23:step-015,mission:Windurst:23:step-017	mesh-connected	15	2.023	0.000	1	1
121	The Sanctuary of Zi'Tah	Goobbue Gardener	camp:v1:121:goobbue-gardener:372ff028428b45ed51bd	411.000	-639.000	-0.288	842609786	153	The Boyahda Tree	380.081	-499.802	3.756	mission:Windurst:23:step-012,mission:Windurst:23:step-015,mission:Windurst:23:step-017	mesh-connected	11	1.646	0.000	1	1
121	The Sanctuary of Zi'Tah	Goobbue Gardener	camp:v1:121:goobbue-gardener:372ff028428b45ed51bd	411.000	-639.000	-0.288	845231226	154	Dragon's Aery	179.953	-180.016	3.753	mission:Windurst:23:step-012,mission:Windurst:23:step-015,mission:Windurst:23:step-017	mesh-no-path	1	513.873	0.000	1	1
121	The Sanctuary of Zi'Tah	Goobbue Gardener	camp:v1:121:goobbue-gardener:7df4c23732c69dc12b86	273.000	8.000	-0.510	912405370	119	Meriphataud Mountains	-459.974	-480.899	1.075	mission:Windurst:23:step-012,mission:Windurst:23:step-015,mission:Windurst:23:step-017	mesh-connected	89	1.208	0.000	1	1
121	The Sanctuary of Zi'Tah	Goobbue Gardener	camp:v1:121:goobbue-gardener:7df4c23732c69dc12b86	273.000	8.000	-0.510	811938682	122	Ro'Maeve	-238.888	642.089	-2.225	mission:Windurst:23:step-012,mission:Windurst:23:step-015,mission:Windurst:23:step-017	mesh-no-path	1	814.924	0.000	1	1
121	The Sanctuary of Zi'Tah	Goobbue Gardener	camp:v1:121:goobbue-gardener:7df4c23732c69dc12b86	273.000	8.000	-0.510	809055354	153	The Boyahda Tree	539.901	-580.218	3.379	mission:Windurst:23:step-012,mission:Windurst:23:step-015,mission:Windurst:23:step-017	mesh-connected	38	2.023	0.000	1	1
121	The Sanctuary of Zi'Tah	Goobbue Gardener	camp:v1:121:goobbue-gardener:7df4c23732c69dc12b86	273.000	8.000	-0.510	842609786	153	The Boyahda Tree	380.081	-499.802	3.756	mission:Windurst:23:step-012,mission:Windurst:23:step-015,mission:Windurst:23:step-017	mesh-connected	49	1.646	0.000	1	1
121	The Sanctuary of Zi'Tah	Goobbue Gardener	camp:v1:121:goobbue-gardener:7df4c23732c69dc12b86	273.000	8.000	-0.510	845231226	154	Dragon's Aery	179.953	-180.016	3.753	mission:Windurst:23:step-012,mission:Windurst:23:step-015,mission:Windurst:23:step-017	mesh-no-path	1	209.824	0.000	1	1
121	The Sanctuary of Zi'Tah	Goobbue Gardener	camp:v1:121:goobbue-gardener:7ef013498c882aff3e52	470.032	-516.560	-0.363	912405370	119	Meriphataud Mountains	-459.974	-480.899	1.075	mission:Windurst:23:step-012,mission:Windurst:23:step-015,mission:Windurst:23:step-017	mesh-connected	73	1.208	0.000	1	1
121	The Sanctuary of Zi'Tah	Goobbue Gardener	camp:v1:121:goobbue-gardener:7ef013498c882aff3e52	470.032	-516.560	-0.363	811938682	122	Ro'Maeve	-238.888	642.089	-2.225	mission:Windurst:23:step-012,mission:Windurst:23:step-015,mission:Windurst:23:step-017	mesh-no-path	1	1358.322	0.000	1	1
121	The Sanctuary of Zi'Tah	Goobbue Gardener	camp:v1:121:goobbue-gardener:7ef013498c882aff3e52	470.032	-516.560	-0.363	809055354	153	The Boyahda Tree	539.901	-580.218	3.379	mission:Windurst:23:step-012,mission:Windurst:23:step-015,mission:Windurst:23:step-017	mesh-connected	8	2.023	0.000	1	1
121	The Sanctuary of Zi'Tah	Goobbue Gardener	camp:v1:121:goobbue-gardener:7ef013498c882aff3e52	470.032	-516.560	-0.363	842609786	153	The Boyahda Tree	380.081	-499.802	3.756	mission:Windurst:23:step-012,mission:Windurst:23:step-015,mission:Windurst:23:step-017	mesh-connected	22	1.646	0.000	1	1
121	The Sanctuary of Zi'Tah	Goobbue Gardener	camp:v1:121:goobbue-gardener:7ef013498c882aff3e52	470.032	-516.560	-0.363	845231226	154	Dragon's Aery	179.953	-180.016	3.753	mission:Windurst:23:step-012,mission:Windurst:23:step-015,mission:Windurst:23:step-017	mesh-no-path	1	444.325	0.000	1	1
121	The Sanctuary of Zi'Tah	Goobbue Gardener	camp:v1:121:goobbue-gardener:9a9a3d5173992c827e5e	427.000	-31.000	-0.322	912405370	119	Meriphataud Mountains	-459.974	-480.899	1.075	mission:Windurst:23:step-012,mission:Windurst:23:step-015,mission:Windurst:23:step-017	mesh-connected	84	1.208	0.000	1	1
121	The Sanctuary of Zi'Tah	Goobbue Gardener	camp:v1:121:goobbue-gardener:9a9a3d5173992c827e5e	427.000	-31.000	-0.322	811938682	122	Ro'Maeve	-238.888	642.089	-2.225	mission:Windurst:23:step-012,mission:Windurst:23:step-015,mission:Windurst:23:step-017	mesh-no-path	1	946.815	0.000	1	1
121	The Sanctuary of Zi'Tah	Goobbue Gardener	camp:v1:121:goobbue-gardener:9a9a3d5173992c827e5e	427.000	-31.000	-0.322	809055354	153	The Boyahda Tree	539.901	-580.218	3.379	mission:Windurst:23:step-012,mission:Windurst:23:step-015,mission:Windurst:23:step-017	mesh-connected	36	2.023	0.000	1	1
121	The Sanctuary of Zi'Tah	Goobbue Gardener	camp:v1:121:goobbue-gardener:9a9a3d5173992c827e5e	427.000	-31.000	-0.322	842609786	153	The Boyahda Tree	380.081	-499.802	3.756	mission:Windurst:23:step-012,mission:Windurst:23:step-015,mission:Windurst:23:step-017	mesh-connected	44	1.646	0.000	1	1
121	The Sanctuary of Zi'Tah	Goobbue Gardener	camp:v1:121:goobbue-gardener:9a9a3d5173992c827e5e	427.000	-31.000	-0.322	845231226	154	Dragon's Aery	179.953	-180.016	3.753	mission:Windurst:23:step-012,mission:Windurst:23:step-015,mission:Windurst:23:step-017	mesh-no-path	1	288.539	0.000	1	1
121	The Sanctuary of Zi'Tah	Goobbue Gardener	camp:v1:121:goobbue-gardener:d5b997b960f615f5c16b	319.939	187.231	-0.037	912405370	119	Meriphataud Mountains	-459.974	-480.899	1.075	mission:Windurst:23:step-012,mission:Windurst:23:step-015,mission:Windurst:23:step-017	mesh-connected	102	1.208	0.000	1	1
121	The Sanctuary of Zi'Tah	Goobbue Gardener	camp:v1:121:goobbue-gardener:d5b997b960f615f5c16b	319.939	187.231	-0.037	811938682	122	Ro'Maeve	-238.888	642.089	-2.225	mission:Windurst:23:step-012,mission:Windurst:23:step-015,mission:Windurst:23:step-017	mesh-no-path	1	720.547	0.000	1	1
121	The Sanctuary of Zi'Tah	Goobbue Gardener	camp:v1:121:goobbue-gardener:d5b997b960f615f5c16b	319.939	187.231	-0.037	809055354	153	The Boyahda Tree	539.901	-580.218	3.379	mission:Windurst:23:step-012,mission:Windurst:23:step-015,mission:Windurst:23:step-017	mesh-connected	57	2.023	0.000	1	1
121	The Sanctuary of Zi'Tah	Goobbue Gardener	camp:v1:121:goobbue-gardener:d5b997b960f615f5c16b	319.939	187.231	-0.037	842609786	153	The Boyahda Tree	380.081	-499.802	3.756	mission:Windurst:23:step-012,mission:Windurst:23:step-015,mission:Windurst:23:step-017	mesh-connected	65	1.646	0.000	1	1
121	The Sanctuary of Zi'Tah	Goobbue Gardener	camp:v1:121:goobbue-gardener:d5b997b960f615f5c16b	319.939	187.231	-0.037	845231226	154	Dragon's Aery	179.953	-180.016	3.753	mission:Windurst:23:step-012,mission:Windurst:23:step-015,mission:Windurst:23:step-017	mesh-no-path	1	393.040	0.000	1	1
122	Ro'Maeve	???	object:v1:122:17277169	197.329	-27.451	-8.086	946090874	121	The Sanctuary of Zi'Tah	-0.012	-146.430	-9.889	mission:Bastok:19:step-005,mission:Bastok:19:step-020,mission:Bastok:19:step-024,mission:Bastok:19:step-030,mission:Bastok:19:step-032	mesh-connected	28	1.504	0.000	1	1
122	Ro'Maeve	???	object:v1:122:17277169	197.329	-27.451	-8.086	813315706	251	Hall of the Gods	-0.008	123.478	-33.595	mission:Bastok:19:step-005,mission:Bastok:19:step-020,mission:Bastok:19:step-024,mission:Bastok:19:step-030,mission:Bastok:19:step-032	mesh-connected	13	1.476	0.000	1	1
122	Ro'Maeve	???	object:v1:122:17277208	-105.196	-117.103	-4.134	946090874	121	The Sanctuary of Zi'Tah	-0.012	-146.430	-9.889	mission:Bastok:19:step-005,mission:Bastok:19:step-020,mission:Bastok:19:step-024,mission:Bastok:19:step-030,mission:Bastok:19:step-032	mesh-connected	9	1.504	0.000	1	1
122	Ro'Maeve	???	object:v1:122:17277208	-105.196	-117.103	-4.134	813315706	251	Hall of the Gods	-0.008	123.478	-33.595	mission:Bastok:19:step-005,mission:Bastok:19:step-020,mission:Bastok:19:step-024,mission:Bastok:19:step-030,mission:Bastok:19:step-032	mesh-connected	26	1.476	0.000	1	1
122	Ro'Maeve	???	object:v1:122:17277209	151.779	68.553	4.438	946090874	121	The Sanctuary of Zi'Tah	-0.012	-146.430	-9.889	mission:Bastok:19:step-005,mission:Bastok:19:step-020,mission:Bastok:19:step-024,mission:Bastok:19:step-030,mission:Bastok:19:step-032	mesh-connected	40	1.504	0.000	1	1
122	Ro'Maeve	???	object:v1:122:17277209	151.779	68.553	4.438	813315706	251	Hall of the Gods	-0.008	123.478	-33.595	mission:Bastok:19:step-005,mission:Bastok:19:step-020,mission:Bastok:19:step-024,mission:Bastok:19:step-030,mission:Bastok:19:step-032	mesh-connected	30	1.476	0.000	1	1
122	Ro'Maeve	Cursed Puppet	camp:v1:122:cursed-puppet:32e86f0cf30d06dc83f2	120.778	-50.248	-3.500	946090874	121	The Sanctuary of Zi'Tah	-0.012	-146.430	-9.889	mission:Windurst:21:step-010	mesh-connected	13	1.504	0.000	1	1
122	Ro'Maeve	Cursed Puppet	camp:v1:122:cursed-puppet:32e86f0cf30d06dc83f2	120.778	-50.248	-3.500	813315706	251	Hall of the Gods	-0.008	123.478	-33.595	mission:Windurst:21:step-010	mesh-connected	19	1.476	0.000	1	1
122	Ro'Maeve	Cursed Puppet	camp:v1:122:cursed-puppet:7d6ce5504372a89e2e18	61.468	-49.230	-4.500	946090874	121	The Sanctuary of Zi'Tah	-0.012	-146.430	-9.889	mission:Windurst:21:step-010	mesh-connected	11	1.504	0.000	1	1
122	Ro'Maeve	Cursed Puppet	camp:v1:122:cursed-puppet:7d6ce5504372a89e2e18	61.468	-49.230	-4.500	813315706	251	Hall of the Gods	-0.008	123.478	-33.595	mission:Windurst:21:step-010	mesh-connected	24	1.476	0.000	1	1
122	Ro'Maeve	Cursed Puppet	camp:v1:122:cursed-puppet:93c5795b8eb3d5f48e79	83.017	62.191	-10.443	946090874	121	The Sanctuary of Zi'Tah	-0.012	-146.430	-9.889	mission:Windurst:21:step-010	mesh-connected	16	1.504	0.000	1	1
122	Ro'Maeve	Cursed Puppet	camp:v1:122:cursed-puppet:93c5795b8eb3d5f48e79	83.017	62.191	-10.443	813315706	251	Hall of the Gods	-0.008	123.478	-33.595	mission:Windurst:21:step-010	mesh-connected	8	1.476	0.000	1	1
122	Ro'Maeve	Cursed Puppet	camp:v1:122:cursed-puppet:9757e7a02a9b3da38447	-24.000	117.000	-28.000	946090874	121	The Sanctuary of Zi'Tah	-0.012	-146.430	-9.889	mission:Windurst:21:step-010	mesh-connected	15	1.504	0.000	1	1
122	Ro'Maeve	Cursed Puppet	camp:v1:122:cursed-puppet:9757e7a02a9b3da38447	-24.000	117.000	-28.000	813315706	251	Hall of the Gods	-0.008	123.478	-33.595	mission:Windurst:21:step-010	mesh-connected	7	1.476	0.000	1	1
122	Ro'Maeve	Cursed Puppet	camp:v1:122:cursed-puppet:b5ac21d1bb525c17e159	-149.772	-64.417	-6.500	946090874	121	The Sanctuary of Zi'Tah	-0.012	-146.430	-9.889	mission:Windurst:21:step-010	mesh-connected	15	1.504	0.000	1	1
122	Ro'Maeve	Cursed Puppet	camp:v1:122:cursed-puppet:b5ac21d1bb525c17e159	-149.772	-64.417	-6.500	813315706	251	Hall of the Gods	-0.008	123.478	-33.595	mission:Windurst:21:step-010	mesh-connected	19	1.476	0.000	1	1
122	Ro'Maeve	Cursed Puppet	camp:v1:122:cursed-puppet:f5aa6cc74797171c8b0c	-127.487	49.186	-8.500	946090874	121	The Sanctuary of Zi'Tah	-0.012	-146.430	-9.889	mission:Windurst:21:step-010	mesh-connected	21	1.504	0.000	1	1
122	Ro'Maeve	Cursed Puppet	camp:v1:122:cursed-puppet:f5aa6cc74797171c8b0c	-127.487	49.186	-8.500	813315706	251	Hall of the Gods	-0.008	123.478	-33.595	mission:Windurst:21:step-010	mesh-connected	6	1.476	0.000	1	1
122	Ro'Maeve	Douma Weapon	camp:v1:122:douma-weapon:01ff9f994b271d8dbfa9	-184.584	-55.671	-8.500	946090874	121	The Sanctuary of Zi'Tah	-0.012	-146.430	-9.889	mission:Windurst:24:step-015	mesh-connected	28	1.504	0.000	1	1
122	Ro'Maeve	Douma Weapon	camp:v1:122:douma-weapon:01ff9f994b271d8dbfa9	-184.584	-55.671	-8.500	813315706	251	Hall of the Gods	-0.008	123.478	-33.595	mission:Windurst:24:step-015	mesh-connected	14	1.476	0.000	1	1
122	Ro'Maeve	Douma Weapon	camp:v1:122:douma-weapon:33e0ce81fd8fe8840e25	43.361	-96.558	-2.500	946090874	121	The Sanctuary of Zi'Tah	-0.012	-146.430	-9.889	mission:Windurst:24:step-015	mesh-connected	4	1.504	0.000	1	1
122	Ro'Maeve	Douma Weapon	camp:v1:122:douma-weapon:33e0ce81fd8fe8840e25	43.361	-96.558	-2.500	813315706	251	Hall of the Gods	-0.008	123.478	-33.595	mission:Windurst:24:step-015	mesh-connected	18	1.476	0.000	1	1
122	Ro'Maeve	Mokkurkalfi	camp:v1:122:mokkurkalfi:8a46f752348e4113eb82	101.918	-115.265	-4.000	946090874	121	The Sanctuary of Zi'Tah	-0.012	-146.430	-9.889	mission:Bastok:19:step-024	mesh-connected	11	1.504	0.000	1	1
122	Ro'Maeve	Mokkurkalfi	camp:v1:122:mokkurkalfi:8a46f752348e4113eb82	101.918	-115.265	-4.000	813315706	251	Hall of the Gods	-0.008	123.478	-33.595	mission:Bastok:19:step-024	mesh-connected	25	1.476	0.000	1	1
122	Ro'Maeve	Qu'Hau Spring	npc:v1:122:17277204	0.248	67.751	-27.402	946090874	121	The Sanctuary of Zi'Tah	-0.012	-146.430	-9.889	mission:Windurst:21:step-005,mission:Windurst:24:step-013	mesh-no-path	1	214.896	0.000	1	1
122	Ro'Maeve	Qu'Hau Spring	npc:v1:122:17277204	0.248	67.751	-27.402	813315706	251	Hall of the Gods	-0.008	123.478	-33.595	mission:Windurst:21:step-005,mission:Windurst:24:step-013	mesh-no-path	1	56.071	0.000	1	1
122	Ro'Maeve	Survival Guide	object:v1:122:17277256	15.000	53.000	-28.000	946090874	121	The Sanctuary of Zi'Tah	-0.012	-146.430	-9.889	mission:Bastok:19:step-012,mission:Windurst:21:step-010,mission:Windurst:21:step-015	mesh-connected	9	1.504	0.000	1	1
122	Ro'Maeve	Survival Guide	object:v1:122:17277256	15.000	53.000	-28.000	813315706	251	Hall of the Gods	-0.008	123.478	-33.595	mission:Bastok:19:step-012,mission:Windurst:21:step-010,mission:Windurst:21:step-015	mesh-connected	8	1.476	0.000	1	1
124	Yhoator Jungle	???	object:v1:124:17285616	546.093	-432.901	0.134	879113082	123	Yuhtunga Jungle	-357.024	139.422	6.386	mission:Bastok:18:step-014,mission:Bastok:18:step-016	mesh-connected	124	1.614	0.000	1	1
124	Yhoator Jungle	???	object:v1:124:17285616	546.093	-432.901	0.134	912667514	123	Yuhtunga Jungle	-476.853	59.442	6.503	mission:Bastok:18:step-014,mission:Bastok:18:step-016	mesh-connected	137	1.497	0.000	1	1
124	Yhoator Jungle	???	object:v1:124:17285616	546.093	-432.901	0.134	946221946	123	Yuhtunga Jungle	-586.840	-263.946	6.758	mission:Bastok:18:step-014,mission:Bastok:18:step-016	mesh-connected	107	1.693	0.000	1	1
124	Yhoator Jungle	???	object:v1:124:17285616	546.093	-432.901	0.134	1634087802	123	Yuhtunga Jungle	-476.878	-500.774	6.665	mission:Bastok:18:step-014,mission:Bastok:18:step-016	mesh-connected	71	1.322	0.000	1	1
124	Yhoator Jungle	???	object:v1:124:17285616	546.093	-432.901	0.134	812004474	159	Temple of Uggalepih	299.997	-622.998	-5.838	mission:Bastok:18:step-014,mission:Bastok:18:step-016	mesh-connected	31	1.638	0.000	1	1
124	Yhoator Jungle	???	object:v1:124:17285616	546.093	-432.901	0.134	845558906	159	Temple of Uggalepih	65.035	-503.018	-11.628	mission:Bastok:18:step-014,mission:Bastok:18:step-016	mesh-no-path	1	486.283	0.000	1	1
124	Yhoator Jungle	???	object:v1:124:17285616	546.093	-432.901	0.134	879113338	159	Temple of Uggalepih	8.004	-503.051	-11.638	mission:Bastok:18:step-014,mission:Bastok:18:step-016	mesh-no-path	1	542.770	0.000	1	1
124	Yhoator Jungle	???	object:v1:124:17285616	546.093	-432.901	0.134	912667770	159	Temple of Uggalepih	343.003	-168.009	-11.650	mission:Bastok:18:step-014,mission:Bastok:18:step-016	mesh-no-path	1	333.994	0.000	1	1
124	Yhoator Jungle	???	object:v1:124:17285616	546.093	-432.901	0.134	946222202	159	Temple of Uggalepih	342.997	-225.007	-11.682	mission:Bastok:18:step-014,mission:Bastok:18:step-016	mesh-no-path	1	290.874	0.000	1	1
124	Yhoator Jungle	???	object:v1:124:17285616	546.093	-432.901	0.134	1634153594	160	Den of Rancor	380.798	83.074	6.340	mission:Bastok:18:step-014,mission:Bastok:18:step-016	mesh-connected	71	1.660	0.000	1	1
124	Yhoator Jungle	???	object:v1:124:17285616	546.093	-432.901	0.134	812660090	205	Ifrit's Cauldron	102.056	344.135	-1.571	mission:Bastok:18:step-014,mission:Bastok:18:step-016	mesh-connected	86	1.493	0.000	1	1
124	Yhoator Jungle	???	object:v1:124:17285616	546.093	-432.901	0.134	846214522	205	Ifrit's Cauldron	-100.461	255.806	-1.628	mission:Bastok:18:step-014,mission:Bastok:18:step-016	mesh-connected	94	1.382	0.000	1	1
124	Yhoator Jungle	???	object:v1:124:17285646	-302.183	18.208	1.703	879113082	123	Yuhtunga Jungle	-357.024	139.422	6.386	mission:Bastok:18:step-014,mission:Bastok:18:step-016	mesh-connected	25	1.614	0.000	1	1
124	Yhoator Jungle	???	object:v1:124:17285646	-302.183	18.208	1.703	912667514	123	Yuhtunga Jungle	-476.853	59.442	6.503	mission:Bastok:18:step-014,mission:Bastok:18:step-016	mesh-connected	25	1.497	0.000	1	1
124	Yhoator Jungle	???	object:v1:124:17285646	-302.183	18.208	1.703	946221946	123	Yuhtunga Jungle	-586.840	-263.946	6.758	mission:Bastok:18:step-014,mission:Bastok:18:step-016	mesh-connected	116	1.693	0.000	1	1
124	Yhoator Jungle	???	object:v1:124:17285646	-302.183	18.208	1.703	1634087802	123	Yuhtunga Jungle	-476.878	-500.774	6.665	mission:Bastok:18:step-014,mission:Bastok:18:step-016	mesh-connected	102	1.322	0.000	1	1
124	Yhoator Jungle	???	object:v1:124:17285646	-302.183	18.208	1.703	812004474	159	Temple of Uggalepih	299.997	-622.998	-5.838	mission:Bastok:18:step-014,mission:Bastok:18:step-016	mesh-connected	108	1.638	0.000	1	1
124	Yhoator Jungle	???	object:v1:124:17285646	-302.183	18.208	1.703	845558906	159	Temple of Uggalepih	65.035	-503.018	-11.628	mission:Bastok:18:step-014,mission:Bastok:18:step-016	mesh-no-path	1	637.733	0.000	1	1
124	Yhoator Jungle	???	object:v1:124:17285646	-302.183	18.208	1.703	879113338	159	Temple of Uggalepih	8.004	-503.051	-11.638	mission:Bastok:18:step-014,mission:Bastok:18:step-016	mesh-no-path	1	606.716	0.000	1	1
124	Yhoator Jungle	???	object:v1:124:17285646	-302.183	18.208	1.703	912667770	159	Temple of Uggalepih	343.003	-168.009	-11.650	mission:Bastok:18:step-014,mission:Bastok:18:step-016	mesh-no-path	1	671.655	0.000	1	1
124	Yhoator Jungle	???	object:v1:124:17285646	-302.183	18.208	1.703	946222202	159	Temple of Uggalepih	342.997	-225.007	-11.682	mission:Bastok:18:step-014,mission:Bastok:18:step-016	mesh-no-path	1	689.630	0.000	1	1
124	Yhoator Jungle	???	object:v1:124:17285646	-302.183	18.208	1.703	1634153594	160	Den of Rancor	380.798	83.074	6.340	mission:Bastok:18:step-014,mission:Bastok:18:step-016	mesh-connected	94	1.660	0.000	1	1
124	Yhoator Jungle	???	object:v1:124:17285646	-302.183	18.208	1.703	812660090	205	Ifrit's Cauldron	102.056	344.135	-1.571	mission:Bastok:18:step-014,mission:Bastok:18:step-016	mesh-connected	79	1.493	0.000	1	1
124	Yhoator Jungle	???	object:v1:124:17285646	-302.183	18.208	1.703	846214522	205	Ifrit's Cauldron	-100.461	255.806	-1.628	mission:Bastok:18:step-014,mission:Bastok:18:step-016	mesh-connected	52	1.382	0.000	1	1
124	Yhoator Jungle	???	object:v1:124:17285684	203.332	82.045	0.000	879113082	123	Yuhtunga Jungle	-357.024	139.422	6.386	mission:Bastok:18:step-014,mission:Bastok:18:step-016	mesh-connected	91	1.614	0.000	1	1
124	Yhoator Jungle	???	object:v1:124:17285684	203.332	82.045	0.000	912667514	123	Yuhtunga Jungle	-476.853	59.442	6.503	mission:Bastok:18:step-014,mission:Bastok:18:step-016	mesh-connected	102	1.497	0.000	1	1
124	Yhoator Jungle	???	object:v1:124:17285684	203.332	82.045	0.000	946221946	123	Yuhtunga Jungle	-586.840	-263.946	6.758	mission:Bastok:18:step-014,mission:Bastok:18:step-016	mesh-connected	116	1.693	0.000	1	1
124	Yhoator Jungle	???	object:v1:124:17285684	203.332	82.045	0.000	1634087802	123	Yuhtunga Jungle	-476.878	-500.774	6.665	mission:Bastok:18:step-014,mission:Bastok:18:step-016	mesh-connected	61	1.322	0.000	1	1
124	Yhoator Jungle	???	object:v1:124:17285684	203.332	82.045	0.000	812004474	159	Temple of Uggalepih	299.997	-622.998	-5.838	mission:Bastok:18:step-014,mission:Bastok:18:step-016	mesh-connected	43	1.638	0.000	1	1
124	Yhoator Jungle	???	object:v1:124:17285684	203.332	82.045	0.000	845558906	159	Temple of Uggalepih	65.035	-503.018	-11.628	mission:Bastok:18:step-014,mission:Bastok:18:step-016	mesh-no-path	1	601.299	0.000	1	1
124	Yhoator Jungle	???	object:v1:124:17285684	203.332	82.045	0.000	879113338	159	Temple of Uggalepih	8.004	-503.051	-11.638	mission:Bastok:18:step-014,mission:Bastok:18:step-016	mesh-no-path	1	616.949	0.000	1	1
124	Yhoator Jungle	???	object:v1:124:17285684	203.332	82.045	0.000	912667770	159	Temple of Uggalepih	343.003	-168.009	-11.650	mission:Bastok:18:step-014,mission:Bastok:18:step-016	mesh-no-path	1	286.654	0.000	1	1
124	Yhoator Jungle	???	object:v1:124:17285684	203.332	82.045	0.000	946222202	159	Temple of Uggalepih	342.997	-225.007	-11.682	mission:Bastok:18:step-014,mission:Bastok:18:step-016	mesh-no-path	1	337.526	0.000	1	1
124	Yhoator Jungle	???	object:v1:124:17285684	203.332	82.045	0.000	1634153594	160	Den of Rancor	380.798	83.074	6.340	mission:Bastok:18:step-014,mission:Bastok:18:step-016	mesh-connected	19	1.660	0.000	1	1
124	Yhoator Jungle	???	object:v1:124:17285684	203.332	82.045	0.000	812660090	205	Ifrit's Cauldron	102.056	344.135	-1.571	mission:Bastok:18:step-014,mission:Bastok:18:step-016	mesh-connected	36	1.493	0.000	1	1
124	Yhoator Jungle	???	object:v1:124:17285684	203.332	82.045	0.000	846214522	205	Ifrit's Cauldron	-100.461	255.806	-1.628	mission:Bastok:18:step-014,mission:Bastok:18:step-016	mesh-connected	59	1.382	0.000	1	1
124	Yhoator Jungle	???	object:v1:124:17285689	-149.929	56.761	-1.148	879113082	123	Yuhtunga Jungle	-357.024	139.422	6.386	mission:Bastok:18:step-014,mission:Bastok:18:step-016	mesh-connected	41	1.614	0.000	1	1
124	Yhoator Jungle	???	object:v1:124:17285689	-149.929	56.761	-1.148	912667514	123	Yuhtunga Jungle	-476.853	59.442	6.503	mission:Bastok:18:step-014,mission:Bastok:18:step-016	mesh-connected	64	1.497	0.000	1	1
124	Yhoator Jungle	???	object:v1:124:17285689	-149.929	56.761	-1.148	946221946	123	Yuhtunga Jungle	-586.840	-263.946	6.758	mission:Bastok:18:step-014,mission:Bastok:18:step-016	mesh-connected	91	1.693	0.000	1	1
124	Yhoator Jungle	???	object:v1:124:17285689	-149.929	56.761	-1.148	1634087802	123	Yuhtunga Jungle	-476.878	-500.774	6.665	mission:Bastok:18:step-014,mission:Bastok:18:step-016	mesh-connected	74	1.322	0.000	1	1
124	Yhoator Jungle	???	object:v1:124:17285689	-149.929	56.761	-1.148	812004474	159	Temple of Uggalepih	299.997	-622.998	-5.838	mission:Bastok:18:step-014,mission:Bastok:18:step-016	mesh-connected	80	1.638	0.000	1	1
124	Yhoator Jungle	???	object:v1:124:17285689	-149.929	56.761	-1.148	845558906	159	Temple of Uggalepih	65.035	-503.018	-11.628	mission:Bastok:18:step-014,mission:Bastok:18:step-016	mesh-no-path	1	599.726	0.000	1	1
124	Yhoator Jungle	???	object:v1:124:17285689	-149.929	56.761	-1.148	879113338	159	Temple of Uggalepih	8.004	-503.051	-11.638	mission:Bastok:18:step-014,mission:Bastok:18:step-016	mesh-no-path	1	581.758	0.000	1	1
124	Yhoator Jungle	???	object:v1:124:17285689	-149.929	56.761	-1.148	912667770	159	Temple of Uggalepih	343.003	-168.009	-11.650	mission:Bastok:18:step-014,mission:Bastok:18:step-016	mesh-no-path	1	541.861	0.000	1	1
124	Yhoator Jungle	???	object:v1:124:17285689	-149.929	56.761	-1.148	946222202	159	Temple of Uggalepih	342.997	-225.007	-11.682	mission:Bastok:18:step-014,mission:Bastok:18:step-016	mesh-no-path	1	567.873	0.000	1	1
124	Yhoator Jungle	???	object:v1:124:17285689	-149.929	56.761	-1.148	1634153594	160	Den of Rancor	380.798	83.074	6.340	mission:Bastok:18:step-014,mission:Bastok:18:step-016	mesh-connected	68	1.660	0.000	1	1
124	Yhoator Jungle	???	object:v1:124:17285689	-149.929	56.761	-1.148	812660090	205	Ifrit's Cauldron	102.056	344.135	-1.571	mission:Bastok:18:step-014,mission:Bastok:18:step-016	mesh-connected	54	1.493	0.000	1	1
124	Yhoator Jungle	???	object:v1:124:17285689	-149.929	56.761	-1.148	846214522	205	Ifrit's Cauldron	-100.461	255.806	-1.628	mission:Bastok:18:step-014,mission:Bastok:18:step-016	mesh-connected	28	1.382	0.000	1	1
124	Yhoator Jungle	???	object:v1:124:17285690	80.520	200.147	-1.312	879113082	123	Yuhtunga Jungle	-357.024	139.422	6.386	mission:Bastok:18:step-014,mission:Bastok:18:step-016	mesh-connected	79	1.614	0.000	1	1
124	Yhoator Jungle	???	object:v1:124:17285690	80.520	200.147	-1.312	912667514	123	Yuhtunga Jungle	-476.853	59.442	6.503	mission:Bastok:18:step-014,mission:Bastok:18:step-016	mesh-connected	88	1.497	0.000	1	1
124	Yhoator Jungle	???	object:v1:124:17285690	80.520	200.147	-1.312	946221946	123	Yuhtunga Jungle	-586.840	-263.946	6.758	mission:Bastok:18:step-014,mission:Bastok:18:step-016	mesh-connected	101	1.693	0.000	1	1
124	Yhoator Jungle	???	object:v1:124:17285690	80.520	200.147	-1.312	1634087802	123	Yuhtunga Jungle	-476.878	-500.774	6.665	mission:Bastok:18:step-014,mission:Bastok:18:step-016	mesh-connected	81	1.322	0.000	1	1
124	Yhoator Jungle	???	object:v1:124:17285690	80.520	200.147	-1.312	812004474	159	Temple of Uggalepih	299.997	-622.998	-5.838	mission:Bastok:18:step-014,mission:Bastok:18:step-016	mesh-connected	63	1.638	0.000	1	1
124	Yhoator Jungle	???	object:v1:124:17285690	80.520	200.147	-1.312	845558906	159	Temple of Uggalepih	65.035	-503.018	-11.628	mission:Bastok:18:step-014,mission:Bastok:18:step-016	mesh-no-path	1	703.411	0.000	1	1
124	Yhoator Jungle	???	object:v1:124:17285690	80.520	200.147	-1.312	879113338	159	Temple of Uggalepih	8.004	-503.051	-11.638	mission:Bastok:18:step-014,mission:Bastok:18:step-016	mesh-no-path	1	707.003	0.000	1	1
124	Yhoator Jungle	???	object:v1:124:17285690	80.520	200.147	-1.312	912667770	159	Temple of Uggalepih	343.003	-168.009	-11.650	mission:Bastok:18:step-014,mission:Bastok:18:step-016	mesh-no-path	1	452.264	0.000	1	1
124	Yhoator Jungle	???	object:v1:124:17285690	80.520	200.147	-1.312	946222202	159	Temple of Uggalepih	342.997	-225.007	-11.682	mission:Bastok:18:step-014,mission:Bastok:18:step-016	mesh-no-path	1	499.758	0.000	1	1
124	Yhoator Jungle	???	object:v1:124:17285690	80.520	200.147	-1.312	1634153594	160	Den of Rancor	380.798	83.074	6.340	mission:Bastok:18:step-014,mission:Bastok:18:step-016	mesh-connected	41	1.660	0.000	1	1
124	Yhoator Jungle	???	object:v1:124:17285690	80.520	200.147	-1.312	812660090	205	Ifrit's Cauldron	102.056	344.135	-1.571	mission:Bastok:18:step-014,mission:Bastok:18:step-016	mesh-connected	22	1.493	0.000	1	1
124	Yhoator Jungle	???	object:v1:124:17285690	80.520	200.147	-1.312	846214522	205	Ifrit's Cauldron	-100.461	255.806	-1.628	mission:Bastok:18:step-014,mission:Bastok:18:step-016	mesh-connected	47	1.382	0.000	1	1
124	Yhoator Jungle	???	object:v1:124:17285691	198.650	58.046	-0.783	879113082	123	Yuhtunga Jungle	-357.024	139.422	6.386	mission:Bastok:18:step-014,mission:Bastok:18:step-016	mesh-connected	92	1.614	0.000	1	1
124	Yhoator Jungle	???	object:v1:124:17285691	198.650	58.046	-0.783	912667514	123	Yuhtunga Jungle	-476.853	59.442	6.503	mission:Bastok:18:step-014,mission:Bastok:18:step-016	mesh-connected	103	1.497	0.000	1	1
124	Yhoator Jungle	???	object:v1:124:17285691	198.650	58.046	-0.783	946221946	123	Yuhtunga Jungle	-586.840	-263.946	6.758	mission:Bastok:18:step-014,mission:Bastok:18:step-016	mesh-connected	117	1.693	0.000	1	1
124	Yhoator Jungle	???	object:v1:124:17285691	198.650	58.046	-0.783	1634087802	123	Yuhtunga Jungle	-476.878	-500.774	6.665	mission:Bastok:18:step-014,mission:Bastok:18:step-016	mesh-connected	61	1.322	0.000	1	1
124	Yhoator Jungle	???	object:v1:124:17285691	198.650	58.046	-0.783	812004474	159	Temple of Uggalepih	299.997	-622.998	-5.838	mission:Bastok:18:step-014,mission:Bastok:18:step-016	mesh-connected	44	1.638	0.000	1	1
124	Yhoator Jungle	???	object:v1:124:17285691	198.650	58.046	-0.783	845558906	159	Temple of Uggalepih	65.035	-503.018	-11.628	mission:Bastok:18:step-014,mission:Bastok:18:step-016	mesh-no-path	1	576.856	0.000	1	1
124	Yhoator Jungle	???	object:v1:124:17285691	198.650	58.046	-0.783	879113338	159	Temple of Uggalepih	8.004	-503.051	-11.638	mission:Bastok:18:step-014,mission:Bastok:18:step-016	mesh-no-path	1	592.700	0.000	1	1
124	Yhoator Jungle	???	object:v1:124:17285691	198.650	58.046	-0.783	912667770	159	Temple of Uggalepih	343.003	-168.009	-11.650	mission:Bastok:18:step-014,mission:Bastok:18:step-016	mesh-no-path	1	268.434	0.000	1	1
124	Yhoator Jungle	???	object:v1:124:17285691	198.650	58.046	-0.783	946222202	159	Temple of Uggalepih	342.997	-225.007	-11.682	mission:Bastok:18:step-014,mission:Bastok:18:step-016	mesh-no-path	1	317.921	0.000	1	1
124	Yhoator Jungle	???	object:v1:124:17285691	198.650	58.046	-0.783	1634153594	160	Den of Rancor	380.798	83.074	6.340	mission:Bastok:18:step-014,mission:Bastok:18:step-016	mesh-connected	24	1.660	0.000	1	1
124	Yhoator Jungle	???	object:v1:124:17285691	198.650	58.046	-0.783	812660090	205	Ifrit's Cauldron	102.056	344.135	-1.571	mission:Bastok:18:step-014,mission:Bastok:18:step-016	mesh-connected	37	1.493	0.000	1	1
124	Yhoator Jungle	???	object:v1:124:17285691	198.650	58.046	-0.783	846214522	205	Ifrit's Cauldron	-100.461	255.806	-1.628	mission:Bastok:18:step-014,mission:Bastok:18:step-016	mesh-connected	60	1.382	0.000	1	1
124	Yhoator Jungle	???	object:v1:124:17285692	205.932	-174.886	-1.097	879113082	123	Yuhtunga Jungle	-357.024	139.422	6.386	mission:Bastok:18:step-014,mission:Bastok:18:step-016	mesh-connected	90	1.614	0.000	1	1
124	Yhoator Jungle	???	object:v1:124:17285692	205.932	-174.886	-1.097	912667514	123	Yuhtunga Jungle	-476.853	59.442	6.503	mission:Bastok:18:step-014,mission:Bastok:18:step-016	mesh-connected	103	1.497	0.000	1	1
124	Yhoator Jungle	???	object:v1:124:17285692	205.932	-174.886	-1.097	946221946	123	Yuhtunga Jungle	-586.840	-263.946	6.758	mission:Bastok:18:step-014,mission:Bastok:18:step-016	mesh-connected	87	1.693	0.000	1	1
124	Yhoator Jungle	???	object:v1:124:17285692	205.932	-174.886	-1.097	1634087802	123	Yuhtunga Jungle	-476.878	-500.774	6.665	mission:Bastok:18:step-014,mission:Bastok:18:step-016	mesh-connected	48	1.322	0.000	1	1
124	Yhoator Jungle	???	object:v1:124:17285692	205.932	-174.886	-1.097	812004474	159	Temple of Uggalepih	299.997	-622.998	-5.838	mission:Bastok:18:step-014,mission:Bastok:18:step-016	mesh-connected	33	1.638	0.000	1	1
124	Yhoator Jungle	???	object:v1:124:17285692	205.932	-174.886	-1.097	845558906	159	Temple of Uggalepih	65.035	-503.018	-11.628	mission:Bastok:18:step-014,mission:Bastok:18:step-016	mesh-no-path	1	357.258	0.000	1	1
124	Yhoator Jungle	???	object:v1:124:17285692	205.932	-174.886	-1.097	879113338	159	Temple of Uggalepih	8.004	-503.051	-11.638	mission:Bastok:18:step-014,mission:Bastok:18:step-016	mesh-no-path	1	383.378	0.000	1	1
124	Yhoator Jungle	???	object:v1:124:17285692	205.932	-174.886	-1.097	912667770	159	Temple of Uggalepih	343.003	-168.009	-11.650	mission:Bastok:18:step-014,mission:Bastok:18:step-016	mesh-no-path	1	137.649	0.000	1	1
124	Yhoator Jungle	???	object:v1:124:17285692	205.932	-174.886	-1.097	946222202	159	Temple of Uggalepih	342.997	-225.007	-11.682	mission:Bastok:18:step-014,mission:Bastok:18:step-016	mesh-no-path	1	146.325	0.000	1	1
124	Yhoator Jungle	???	object:v1:124:17285692	205.932	-174.886	-1.097	1634153594	160	Den of Rancor	380.798	83.074	6.340	mission:Bastok:18:step-014,mission:Bastok:18:step-016	mesh-connected	32	1.660	0.000	1	1
124	Yhoator Jungle	???	object:v1:124:17285692	205.932	-174.886	-1.097	812660090	205	Ifrit's Cauldron	102.056	344.135	-1.571	mission:Bastok:18:step-014,mission:Bastok:18:step-016	mesh-connected	48	1.493	0.000	1	1
124	Yhoator Jungle	???	object:v1:124:17285692	205.932	-174.886	-1.097	846214522	205	Ifrit's Cauldron	-100.461	255.806	-1.628	mission:Bastok:18:step-014,mission:Bastok:18:step-016	mesh-connected	60	1.382	0.000	1	1
124	Yhoator Jungle	???	object:v1:124:17285693	525.239	-394.046	-1.224	879113082	123	Yuhtunga Jungle	-357.024	139.422	6.386	mission:Bastok:18:step-014,mission:Bastok:18:step-016	mesh-connected	122	1.614	0.000	1	1
124	Yhoator Jungle	???	object:v1:124:17285693	525.239	-394.046	-1.224	912667514	123	Yuhtunga Jungle	-476.853	59.442	6.503	mission:Bastok:18:step-014,mission:Bastok:18:step-016	mesh-connected	135	1.497	0.000	1	1
124	Yhoator Jungle	???	object:v1:124:17285693	525.239	-394.046	-1.224	946221946	123	Yuhtunga Jungle	-586.840	-263.946	6.758	mission:Bastok:18:step-014,mission:Bastok:18:step-016	mesh-connected	106	1.693	0.000	1	1
124	Yhoator Jungle	???	object:v1:124:17285693	525.239	-394.046	-1.224	1634087802	123	Yuhtunga Jungle	-476.878	-500.774	6.665	mission:Bastok:18:step-014,mission:Bastok:18:step-016	mesh-connected	70	1.322	0.000	1	1
124	Yhoator Jungle	???	object:v1:124:17285693	525.239	-394.046	-1.224	812004474	159	Temple of Uggalepih	299.997	-622.998	-5.838	mission:Bastok:18:step-014,mission:Bastok:18:step-016	mesh-connected	30	1.638	0.000	1	1
124	Yhoator Jungle	???	object:v1:124:17285693	525.239	-394.046	-1.224	845558906	159	Temple of Uggalepih	65.035	-503.018	-11.628	mission:Bastok:18:step-014,mission:Bastok:18:step-016	mesh-no-path	1	473.044	0.000	1	1
124	Yhoator Jungle	???	object:v1:124:17285693	525.239	-394.046	-1.224	879113338	159	Temple of Uggalepih	8.004	-503.051	-11.638	mission:Bastok:18:step-014,mission:Bastok:18:step-016	mesh-no-path	1	528.699	0.000	1	1
124	Yhoator Jungle	???	object:v1:124:17285693	525.239	-394.046	-1.224	912667770	159	Temple of Uggalepih	343.003	-168.009	-11.650	mission:Bastok:18:step-014,mission:Bastok:18:step-016	mesh-no-path	1	290.536	0.000	1	1
124	Yhoator Jungle	???	object:v1:124:17285693	525.239	-394.046	-1.224	946222202	159	Temple of Uggalepih	342.997	-225.007	-11.682	mission:Bastok:18:step-014,mission:Bastok:18:step-016	mesh-no-path	1	248.788	0.000	1	1
124	Yhoator Jungle	???	object:v1:124:17285693	525.239	-394.046	-1.224	1634153594	160	Den of Rancor	380.798	83.074	6.340	mission:Bastok:18:step-014,mission:Bastok:18:step-016	mesh-connected	70	1.660	0.000	1	1
124	Yhoator Jungle	???	object:v1:124:17285693	525.239	-394.046	-1.224	812660090	205	Ifrit's Cauldron	102.056	344.135	-1.571	mission:Bastok:18:step-014,mission:Bastok:18:step-016	mesh-connected	85	1.493	0.000	1	1
124	Yhoator Jungle	???	object:v1:124:17285693	525.239	-394.046	-1.224	846214522	205	Ifrit's Cauldron	-100.461	255.806	-1.628	mission:Bastok:18:step-014,mission:Bastok:18:step-016	mesh-connected	92	1.382	0.000	1	1
124	Yhoator Jungle	???	object:v1:124:17285694	240.341	-402.532	-0.826	879113082	123	Yuhtunga Jungle	-357.024	139.422	6.386	mission:Bastok:18:step-014,mission:Bastok:18:step-016	mesh-connected	108	1.614	0.000	1	1
124	Yhoator Jungle	???	object:v1:124:17285694	240.341	-402.532	-0.826	912667514	123	Yuhtunga Jungle	-476.853	59.442	6.503	mission:Bastok:18:step-014,mission:Bastok:18:step-016	mesh-connected	124	1.497	0.000	1	1
124	Yhoator Jungle	???	object:v1:124:17285694	240.341	-402.532	-0.826	946221946	123	Yuhtunga Jungle	-586.840	-263.946	6.758	mission:Bastok:18:step-014,mission:Bastok:18:step-016	mesh-connected	92	1.693	0.000	1	1
124	Yhoator Jungle	???	object:v1:124:17285694	240.341	-402.532	-0.826	1634087802	123	Yuhtunga Jungle	-476.878	-500.774	6.665	mission:Bastok:18:step-014,mission:Bastok:18:step-016	mesh-connected	56	1.322	0.000	1	1
124	Yhoator Jungle	???	object:v1:124:17285694	240.341	-402.532	-0.826	812004474	159	Temple of Uggalepih	299.997	-622.998	-5.838	mission:Bastok:18:step-014,mission:Bastok:18:step-016	mesh-connected	12	1.638	0.000	1	1
124	Yhoator Jungle	???	object:v1:124:17285694	240.341	-402.532	-0.826	845558906	159	Temple of Uggalepih	65.035	-503.018	-11.628	mission:Bastok:18:step-014,mission:Bastok:18:step-016	mesh-no-path	1	202.352	0.000	1	1
124	Yhoator Jungle	???	object:v1:124:17285694	240.341	-402.532	-0.826	879113338	159	Temple of Uggalepih	8.004	-503.051	-11.638	mission:Bastok:18:step-014,mission:Bastok:18:step-016	mesh-no-path	1	253.380	0.000	1	1
124	Yhoator Jungle	???	object:v1:124:17285694	240.341	-402.532	-0.826	912667770	159	Temple of Uggalepih	343.003	-168.009	-11.650	mission:Bastok:18:step-014,mission:Bastok:18:step-016	mesh-no-path	1	256.238	0.000	1	1
124	Yhoator Jungle	???	object:v1:124:17285694	240.341	-402.532	-0.826	946222202	159	Temple of Uggalepih	342.997	-225.007	-11.682	mission:Bastok:18:step-014,mission:Bastok:18:step-016	mesh-no-path	1	205.356	0.000	1	1
124	Yhoator Jungle	???	object:v1:124:17285694	240.341	-402.532	-0.826	1634153594	160	Den of Rancor	380.798	83.074	6.340	mission:Bastok:18:step-014,mission:Bastok:18:step-016	mesh-connected	53	1.660	0.000	1	1
124	Yhoator Jungle	???	object:v1:124:17285694	240.341	-402.532	-0.826	812660090	205	Ifrit's Cauldron	102.056	344.135	-1.571	mission:Bastok:18:step-014,mission:Bastok:18:step-016	mesh-connected	67	1.493	0.000	1	1
124	Yhoator Jungle	???	object:v1:124:17285694	240.341	-402.532	-0.826	846214522	205	Ifrit's Cauldron	-100.461	255.806	-1.628	mission:Bastok:18:step-014,mission:Bastok:18:step-016	mesh-connected	82	1.382	0.000	1	1
124	Yhoator Jungle	???	object:v1:124:17285695	16.069	-393.843	-0.860	879113082	123	Yuhtunga Jungle	-357.024	139.422	6.386	mission:Bastok:18:step-014,mission:Bastok:18:step-016	mesh-connected	90	1.614	0.000	1	1
124	Yhoator Jungle	???	object:v1:124:17285695	16.069	-393.843	-0.860	912667514	123	Yuhtunga Jungle	-476.853	59.442	6.503	mission:Bastok:18:step-014,mission:Bastok:18:step-016	mesh-connected	106	1.497	0.000	1	1
124	Yhoator Jungle	???	object:v1:124:17285695	16.069	-393.843	-0.860	946221946	123	Yuhtunga Jungle	-586.840	-263.946	6.758	mission:Bastok:18:step-014,mission:Bastok:18:step-016	mesh-connected	76	1.693	0.000	1	1
124	Yhoator Jungle	???	object:v1:124:17285695	16.069	-393.843	-0.860	1634087802	123	Yuhtunga Jungle	-476.878	-500.774	6.665	mission:Bastok:18:step-014,mission:Bastok:18:step-016	mesh-connected	37	1.322	0.000	1	1
124	Yhoator Jungle	???	object:v1:124:17285695	16.069	-393.843	-0.860	812004474	159	Temple of Uggalepih	299.997	-622.998	-5.838	mission:Bastok:18:step-014,mission:Bastok:18:step-016	mesh-connected	35	1.638	0.000	1	1
124	Yhoator Jungle	???	object:v1:124:17285695	16.069	-393.843	-0.860	845558906	159	Temple of Uggalepih	65.035	-503.018	-11.628	mission:Bastok:18:step-014,mission:Bastok:18:step-016	mesh-no-path	1	120.137	0.000	1	1
124	Yhoator Jungle	???	object:v1:124:17285695	16.069	-393.843	-0.860	879113338	159	Temple of Uggalepih	8.004	-503.051	-11.638	mission:Bastok:18:step-014,mission:Bastok:18:step-016	mesh-no-path	1	110.035	0.000	1	1
124	Yhoator Jungle	???	object:v1:124:17285695	16.069	-393.843	-0.860	912667770	159	Temple of Uggalepih	343.003	-168.009	-11.650	mission:Bastok:18:step-014,mission:Bastok:18:step-016	mesh-no-path	1	397.496	0.000	1	1
124	Yhoator Jungle	???	object:v1:124:17285695	16.069	-393.843	-0.860	946222202	159	Temple of Uggalepih	342.997	-225.007	-11.682	mission:Bastok:18:step-014,mission:Bastok:18:step-016	mesh-no-path	1	368.110	0.000	1	1
124	Yhoator Jungle	???	object:v1:124:17285695	16.069	-393.843	-0.860	1634153594	160	Den of Rancor	380.798	83.074	6.340	mission:Bastok:18:step-014,mission:Bastok:18:step-016	mesh-connected	44	1.660	0.000	1	1
124	Yhoator Jungle	???	object:v1:124:17285695	16.069	-393.843	-0.860	812660090	205	Ifrit's Cauldron	102.056	344.135	-1.571	mission:Bastok:18:step-014,mission:Bastok:18:step-016	mesh-connected	57	1.493	0.000	1	1
124	Yhoator Jungle	???	object:v1:124:17285695	16.069	-393.843	-0.860	846214522	205	Ifrit's Cauldron	-100.461	255.806	-1.628	mission:Bastok:18:step-014,mission:Bastok:18:step-016	mesh-connected	64	1.382	0.000	1	1
124	Yhoator Jungle	???	object:v1:124:17285696	-255.358	-405.178	-0.558	879113082	123	Yuhtunga Jungle	-357.024	139.422	6.386	mission:Bastok:18:step-014,mission:Bastok:18:step-016	mesh-connected	96	1.614	0.000	1	1
124	Yhoator Jungle	???	object:v1:124:17285696	-255.358	-405.178	-0.558	912667514	123	Yuhtunga Jungle	-476.853	59.442	6.503	mission:Bastok:18:step-014,mission:Bastok:18:step-016	mesh-connected	110	1.497	0.000	1	1
124	Yhoator Jungle	???	object:v1:124:17285696	-255.358	-405.178	-0.558	946221946	123	Yuhtunga Jungle	-586.840	-263.946	6.758	mission:Bastok:18:step-014,mission:Bastok:18:step-016	mesh-connected	59	1.693	0.000	1	1
124	Yhoator Jungle	???	object:v1:124:17285696	-255.358	-405.178	-0.558	1634087802	123	Yuhtunga Jungle	-476.878	-500.774	6.665	mission:Bastok:18:step-014,mission:Bastok:18:step-016	mesh-connected	18	1.322	0.000	1	1
124	Yhoator Jungle	???	object:v1:124:17285696	-255.358	-405.178	-0.558	812004474	159	Temple of Uggalepih	299.997	-622.998	-5.838	mission:Bastok:18:step-014,mission:Bastok:18:step-016	mesh-connected	51	1.638	0.000	1	1
124	Yhoator Jungle	???	object:v1:124:17285696	-255.358	-405.178	-0.558	845558906	159	Temple of Uggalepih	65.035	-503.018	-11.628	mission:Bastok:18:step-014,mission:Bastok:18:step-016	mesh-no-path	1	335.182	0.000	1	1
124	Yhoator Jungle	???	object:v1:124:17285696	-255.358	-405.178	-0.558	879113338	159	Temple of Uggalepih	8.004	-503.051	-11.638	mission:Bastok:18:step-014,mission:Bastok:18:step-016	mesh-no-path	1	281.179	0.000	1	1
124	Yhoator Jungle	???	object:v1:124:17285696	-255.358	-405.178	-0.558	912667770	159	Temple of Uggalepih	343.003	-168.009	-11.650	mission:Bastok:18:step-014,mission:Bastok:18:step-016	mesh-no-path	1	643.745	0.000	1	1
124	Yhoator Jungle	???	object:v1:124:17285696	-255.358	-405.178	-0.558	946222202	159	Temple of Uggalepih	342.997	-225.007	-11.682	mission:Bastok:18:step-014,mission:Bastok:18:step-016	mesh-no-path	1	624.991	0.000	1	1
124	Yhoator Jungle	???	object:v1:124:17285696	-255.358	-405.178	-0.558	1634153594	160	Den of Rancor	380.798	83.074	6.340	mission:Bastok:18:step-014,mission:Bastok:18:step-016	mesh-connected	58	1.660	0.000	1	1
124	Yhoator Jungle	???	object:v1:124:17285696	-255.358	-405.178	-0.558	812660090	205	Ifrit's Cauldron	102.056	344.135	-1.571	mission:Bastok:18:step-014,mission:Bastok:18:step-016	mesh-connected	82	1.493	0.000	1	1
124	Yhoator Jungle	???	object:v1:124:17285696	-255.358	-405.178	-0.558	846214522	205	Ifrit's Cauldron	-100.461	255.806	-1.628	mission:Bastok:18:step-014,mission:Bastok:18:step-016	mesh-connected	70	1.382	0.000	1	1
124	Yhoator Jungle	Survival Guide	object:v1:124:17285713	197.000	-81.000	0.000	879113082	123	Yuhtunga Jungle	-357.024	139.422	6.386	mission:San d'Oria:22:step-013,mission:San d'Oria:22:step-015,mission:Windurst:20:step-022,mission:Windurst:20:step-023,mission:Windurst:24:step-027	mesh-connected	97	1.614	0.000	1	1
124	Yhoator Jungle	Survival Guide	object:v1:124:17285713	197.000	-81.000	0.000	912667514	123	Yuhtunga Jungle	-476.853	59.442	6.503	mission:San d'Oria:22:step-013,mission:San d'Oria:22:step-015,mission:Windurst:20:step-022,mission:Windurst:20:step-023,mission:Windurst:24:step-027	mesh-connected	110	1.497	0.000	1	1
124	Yhoator Jungle	Survival Guide	object:v1:124:17285713	197.000	-81.000	0.000	946221946	123	Yuhtunga Jungle	-586.840	-263.946	6.758	mission:San d'Oria:22:step-013,mission:San d'Oria:22:step-015,mission:Windurst:20:step-022,mission:Windurst:20:step-023,mission:Windurst:24:step-027	mesh-connected	103	1.693	0.000	1	1
124	Yhoator Jungle	Survival Guide	object:v1:124:17285713	197.000	-81.000	0.000	1634087802	123	Yuhtunga Jungle	-476.878	-500.774	6.665	mission:San d'Oria:22:step-013,mission:San d'Oria:22:step-015,mission:Windurst:20:step-022,mission:Windurst:20:step-023,mission:Windurst:24:step-027	mesh-connected	48	1.322	0.000	1	1
124	Yhoator Jungle	Survival Guide	object:v1:124:17285713	197.000	-81.000	0.000	812004474	159	Temple of Uggalepih	299.997	-622.998	-5.838	mission:San d'Oria:22:step-013,mission:San d'Oria:22:step-015,mission:Windurst:20:step-022,mission:Windurst:20:step-023,mission:Windurst:24:step-027	mesh-connected	32	1.638	0.000	1	1
124	Yhoator Jungle	Survival Guide	object:v1:124:17285713	197.000	-81.000	0.000	845558906	159	Temple of Uggalepih	65.035	-503.018	-11.628	mission:San d'Oria:22:step-013,mission:San d'Oria:22:step-015,mission:Windurst:20:step-022,mission:Windurst:20:step-023,mission:Windurst:24:step-027	mesh-no-path	1	442.322	0.000	1	1
124	Yhoator Jungle	Survival Guide	object:v1:124:17285713	197.000	-81.000	0.000	879113338	159	Temple of Uggalepih	8.004	-503.051	-11.638	mission:San d'Oria:22:step-013,mission:San d'Oria:22:step-015,mission:Windurst:20:step-022,mission:Windurst:20:step-023,mission:Windurst:24:step-027	mesh-no-path	1	462.582	0.000	1	1
124	Yhoator Jungle	Survival Guide	object:v1:124:17285713	197.000	-81.000	0.000	912667770	159	Temple of Uggalepih	343.003	-168.009	-11.650	mission:San d'Oria:22:step-013,mission:San d'Oria:22:step-015,mission:Windurst:20:step-022,mission:Windurst:20:step-023,mission:Windurst:24:step-027	mesh-no-path	1	170.362	0.000	1	1
124	Yhoator Jungle	Survival Guide	object:v1:124:17285713	197.000	-81.000	0.000	946222202	159	Temple of Uggalepih	342.997	-225.007	-11.682	mission:San d'Oria:22:step-013,mission:San d'Oria:22:step-015,mission:Windurst:20:step-022,mission:Windurst:20:step-023,mission:Windurst:24:step-027	mesh-no-path	1	205.401	0.000	1	1
124	Yhoator Jungle	Survival Guide	object:v1:124:17285713	197.000	-81.000	0.000	1634153594	160	Den of Rancor	380.798	83.074	6.340	mission:San d'Oria:22:step-013,mission:San d'Oria:22:step-015,mission:Windurst:20:step-022,mission:Windurst:20:step-023,mission:Windurst:24:step-027	mesh-connected	32	1.660	0.000	1	1
124	Yhoator Jungle	Survival Guide	object:v1:124:17285713	197.000	-81.000	0.000	812660090	205	Ifrit's Cauldron	102.056	344.135	-1.571	mission:San d'Oria:22:step-013,mission:San d'Oria:22:step-015,mission:Windurst:20:step-022,mission:Windurst:20:step-023,mission:Windurst:24:step-027	mesh-connected	48	1.493	0.000	1	1
124	Yhoator Jungle	Survival Guide	object:v1:124:17285713	197.000	-81.000	0.000	846214522	205	Ifrit's Cauldron	-100.461	255.806	-1.628	mission:San d'Oria:22:step-013,mission:San d'Oria:22:step-015,mission:Windurst:20:step-022,mission:Windurst:20:step-023,mission:Windurst:24:step-027	mesh-connected	67	1.382	0.000	1	1
124	Yhoator Jungle	Tonberry Chopper	camp:v1:124:tonberry-chopper:963a964ef45c7b52e000	264.175	-189.668	-18.504	879113082	123	Yuhtunga Jungle	-357.024	139.422	6.386	mission:San d'Oria:22:step-011	mesh-no-path	1	703.426	0.000	1	1
124	Yhoator Jungle	Tonberry Chopper	camp:v1:124:tonberry-chopper:963a964ef45c7b52e000	264.175	-189.668	-18.504	912667514	123	Yuhtunga Jungle	-476.853	59.442	6.503	mission:San d'Oria:22:step-011	mesh-no-path	1	782.179	0.000	1	1
124	Yhoator Jungle	Tonberry Chopper	camp:v1:124:tonberry-chopper:963a964ef45c7b52e000	264.175	-189.668	-18.504	946221946	123	Yuhtunga Jungle	-586.840	-263.946	6.758	mission:San d'Oria:22:step-011	mesh-no-path	1	854.624	0.000	1	1
124	Yhoator Jungle	Tonberry Chopper	camp:v1:124:tonberry-chopper:963a964ef45c7b52e000	264.175	-189.668	-18.504	1634087802	123	Yuhtunga Jungle	-476.878	-500.774	6.665	mission:San d'Oria:22:step-011	mesh-no-path	1	804.102	0.000	1	1
124	Yhoator Jungle	Tonberry Chopper	camp:v1:124:tonberry-chopper:963a964ef45c7b52e000	264.175	-189.668	-18.504	812004474	159	Temple of Uggalepih	299.997	-622.998	-5.838	mission:San d'Oria:22:step-011	mesh-no-path	1	434.993	0.000	1	1
124	Yhoator Jungle	Tonberry Chopper	camp:v1:124:tonberry-chopper:963a964ef45c7b52e000	264.175	-189.668	-18.504	845558906	159	Temple of Uggalepih	65.035	-503.018	-11.628	mission:San d'Oria:22:step-011	mesh-no-path	1	371.338	0.000	1	1
124	Yhoator Jungle	Tonberry Chopper	camp:v1:124:tonberry-chopper:963a964ef45c7b52e000	264.175	-189.668	-18.504	879113338	159	Temple of Uggalepih	8.004	-503.051	-11.638	mission:San d'Oria:22:step-011	mesh-no-path	1	404.820	0.000	1	1
124	Yhoator Jungle	Tonberry Chopper	camp:v1:124:tonberry-chopper:963a964ef45c7b52e000	264.175	-189.668	-18.504	912667770	159	Temple of Uggalepih	343.003	-168.009	-11.650	mission:San d'Oria:22:step-011	mesh-connected	10	1.450	0.000	1	1
124	Yhoator Jungle	Tonberry Chopper	camp:v1:124:tonberry-chopper:963a964ef45c7b52e000	264.175	-189.668	-18.504	946222202	159	Temple of Uggalepih	342.997	-225.007	-11.682	mission:San d'Oria:22:step-011	mesh-connected	12	1.482	0.000	1	1
124	Yhoator Jungle	Tonberry Chopper	camp:v1:124:tonberry-chopper:963a964ef45c7b52e000	264.175	-189.668	-18.504	1634153594	160	Den of Rancor	380.798	83.074	6.340	mission:San d'Oria:22:step-011	mesh-no-path	1	297.668	0.000	1	1
124	Yhoator Jungle	Tonberry Chopper	camp:v1:124:tonberry-chopper:963a964ef45c7b52e000	264.175	-189.668	-18.504	812660090	205	Ifrit's Cauldron	102.056	344.135	-1.571	mission:San d'Oria:22:step-011	mesh-no-path	1	558.135	0.000	1	1
124	Yhoator Jungle	Tonberry Chopper	camp:v1:124:tonberry-chopper:963a964ef45c7b52e000	264.175	-189.668	-18.504	846214522	205	Ifrit's Cauldron	-100.461	255.806	-1.628	mission:San d'Oria:22:step-011	mesh-no-path	1	575.926	0.000	1	1
124	Yhoator Jungle	Tonberry Chopper	camp:v1:124:tonberry-chopper:9b2d499641da4715e131	17.325	-454.870	-10.500	879113082	123	Yuhtunga Jungle	-357.024	139.422	6.386	mission:San d'Oria:22:step-011	mesh-no-path	1	702.570	0.000	1	1
124	Yhoator Jungle	Tonberry Chopper	camp:v1:124:tonberry-chopper:9b2d499641da4715e131	17.325	-454.870	-10.500	912667514	123	Yuhtunga Jungle	-476.853	59.442	6.503	mission:San d'Oria:22:step-011	mesh-no-path	1	713.455	0.000	1	1
124	Yhoator Jungle	Tonberry Chopper	camp:v1:124:tonberry-chopper:9b2d499641da4715e131	17.325	-454.870	-10.500	946221946	123	Yuhtunga Jungle	-586.840	-263.946	6.758	mission:San d'Oria:22:step-011	mesh-no-path	1	633.850	0.000	1	1
124	Yhoator Jungle	Tonberry Chopper	camp:v1:124:tonberry-chopper:9b2d499641da4715e131	17.325	-454.870	-10.500	1634087802	123	Yuhtunga Jungle	-476.878	-500.774	6.665	mission:San d'Oria:22:step-011	mesh-no-path	1	496.627	0.000	1	1
124	Yhoator Jungle	Tonberry Chopper	camp:v1:124:tonberry-chopper:9b2d499641da4715e131	17.325	-454.870	-10.500	812004474	159	Temple of Uggalepih	299.997	-622.998	-5.838	mission:San d'Oria:22:step-011	mesh-no-path	1	328.926	0.000	1	1
124	Yhoator Jungle	Tonberry Chopper	camp:v1:124:tonberry-chopper:9b2d499641da4715e131	17.325	-454.870	-10.500	845558906	159	Temple of Uggalepih	65.035	-503.018	-11.628	mission:San d'Oria:22:step-011	mesh-connected	8	1.428	0.000	1	1
124	Yhoator Jungle	Tonberry Chopper	camp:v1:124:tonberry-chopper:9b2d499641da4715e131	17.325	-454.870	-10.500	879113338	159	Temple of Uggalepih	8.004	-503.051	-11.638	mission:San d'Oria:22:step-011	mesh-connected	6	1.438	0.000	1	1
124	Yhoator Jungle	Tonberry Chopper	camp:v1:124:tonberry-chopper:9b2d499641da4715e131	17.325	-454.870	-10.500	912667770	159	Temple of Uggalepih	343.003	-168.009	-11.650	mission:San d'Oria:22:step-011	mesh-no-path	1	434.001	0.000	1	1
124	Yhoator Jungle	Tonberry Chopper	camp:v1:124:tonberry-chopper:9b2d499641da4715e131	17.325	-454.870	-10.500	946222202	159	Temple of Uggalepih	342.997	-225.007	-11.682	mission:San d'Oria:22:step-011	mesh-no-path	1	398.623	0.000	1	1
124	Yhoator Jungle	Tonberry Chopper	camp:v1:124:tonberry-chopper:9b2d499641da4715e131	17.325	-454.870	-10.500	1634153594	160	Den of Rancor	380.798	83.074	6.340	mission:San d'Oria:22:step-011	mesh-no-path	1	649.446	0.000	1	1
124	Yhoator Jungle	Tonberry Chopper	camp:v1:124:tonberry-chopper:9b2d499641da4715e131	17.325	-454.870	-10.500	812660090	205	Ifrit's Cauldron	102.056	344.135	-1.571	mission:San d'Oria:22:step-011	mesh-no-path	1	803.535	0.000	1	1
124	Yhoator Jungle	Tonberry Chopper	camp:v1:124:tonberry-chopper:9b2d499641da4715e131	17.325	-454.870	-10.500	846214522	205	Ifrit's Cauldron	-100.461	255.806	-1.628	mission:San d'Oria:22:step-011	mesh-no-path	1	720.425	0.000	1	1
125	Western Altepa Desert	???	object:v1:125:17289719	-659.294	-338.234	0.237	842412922	114	Eastern Altepa Desert	379.256	-7.993	6.954	mission:Bastok:17:step-006,mission:Bastok:22:step-008,mission:Bastok:22:step-010,mission:Bastok:22:step-019	mesh-connected	74	2.429	0.000	1	1
125	Western Altepa Desert	???	object:v1:125:17289719	-659.294	-338.234	0.237	875967354	114	Eastern Altepa Desert	-118.837	-500.499	-2.646	mission:Bastok:17:step-006,mission:Bastok:22:step-008,mission:Bastok:22:step-010,mission:Bastok:22:step-019	mesh-connected	53	2.207	0.000	1	1
125	Western Altepa Desert	???	object:v1:125:17289719	-659.294	-338.234	0.237	880030842	173	Korroloka Tunnel	676.280	-99.425	12.742	mission:Bastok:17:step-006,mission:Bastok:22:step-008,mission:Bastok:22:step-010,mission:Bastok:22:step-019	mesh-connected	77	2.404	0.000	1	1
125	Western Altepa Desert	???	object:v1:125:17289719	-659.294	-338.234	0.237	812987514	174	Kuftal Tunnel	-19.901	440.058	13.607	mission:Bastok:17:step-006,mission:Bastok:22:step-008,mission:Bastok:22:step-010,mission:Bastok:22:step-019	mesh-connected	66	2.014	0.000	1	1
125	Western Altepa Desert	???	object:v1:125:17289719	-659.294	-338.234	0.237	879965562	208	Quicksand Caves	179.988	-281.511	16.043	mission:Bastok:17:step-006,mission:Bastok:22:step-008,mission:Bastok:22:step-010,mission:Bastok:22:step-019	mesh-connected	42	1.817	0.000	1	1
125	Western Altepa Desert	???	object:v1:125:17289719	-659.294	-338.234	0.237	913519994	208	Quicksand Caves	-740.000	-761.537	-11.967	mission:Bastok:17:step-006,mission:Bastok:22:step-008,mission:Bastok:22:step-010,mission:Bastok:22:step-019	mesh-connected	47	1.848	0.000	1	1
125	Western Altepa Desert	???	object:v1:125:17289719	-659.294	-338.234	0.237	1634940282	208	Quicksand Caves	-138.784	-332.049	8.934	mission:Bastok:17:step-006,mission:Bastok:22:step-008,mission:Bastok:22:step-010,mission:Bastok:22:step-019	mesh-no-path	1	520.619	0.000	1	1
125	Western Altepa Desert	???	object:v1:125:17289719	-659.294	-338.234	0.237	1668494714	208	Quicksand Caves	-325.234	-220.852	8.777	mission:Bastok:17:step-006,mission:Bastok:22:step-008,mission:Bastok:22:step-010,mission:Bastok:22:step-019	mesh-no-path	1	354.186	0.000	1	1
125	Western Altepa Desert	???	object:v1:125:17289719	-659.294	-338.234	0.237	1702049146	208	Quicksand Caves	220.071	13.230	14.204	mission:Bastok:17:step-006,mission:Bastok:22:step-008,mission:Bastok:22:step-010,mission:Bastok:22:step-019	mesh-no-path	1	947.103	0.000	1	1
125	Western Altepa Desert	???	object:v1:125:17289719	-659.294	-338.234	0.237	1735603578	208	Quicksand Caves	-20.001	201.725	23.951	mission:Bastok:17:step-006,mission:Bastok:22:step-008,mission:Bastok:22:step-010,mission:Bastok:22:step-019	mesh-no-path	1	837.146	0.000	1	1
125	Western Altepa Desert	???	object:v1:125:17289719	-659.294	-338.234	0.237	1769158010	208	Quicksand Caves	-844.734	-540.749	8.842	mission:Bastok:17:step-006,mission:Bastok:22:step-008,mission:Bastok:22:step-010,mission:Bastok:22:step-019	mesh-no-path	1	274.726	0.000	1	1
125	Western Altepa Desert	???	object:v1:125:17289719	-659.294	-338.234	0.237	1802712442	208	Quicksand Caves	-883.969	-420.910	8.776	mission:Bastok:17:step-006,mission:Bastok:22:step-008,mission:Bastok:22:step-010,mission:Bastok:22:step-019	mesh-no-path	1	239.556	0.000	1	1
125	Western Altepa Desert	???	object:v1:125:17289719	-659.294	-338.234	0.237	1836266874	208	Quicksand Caves	-379.069	186.901	14.444	mission:Bastok:17:step-006,mission:Bastok:22:step-008,mission:Bastok:22:step-010,mission:Bastok:22:step-019	mesh-no-path	1	595.395	0.000	1	1
125	Western Altepa Desert	???	object:v1:125:17289719	-659.294	-338.234	0.237	1869821306	208	Quicksand Caves	-492.920	101.989	13.869	mission:Bastok:17:step-006,mission:Bastok:22:step-008,mission:Bastok:22:step-010,mission:Bastok:22:step-019	mesh-no-path	1	470.810	0.000	1	1
125	Western Altepa Desert	???	object:v1:125:17289719	-659.294	-338.234	0.237	2004039034	208	Quicksand Caves	-283.003	299.964	15.913	mission:Bastok:17:step-006,mission:Bastok:22:step-008,mission:Bastok:22:step-010,mission:Bastok:22:step-019	mesh-connected	53	2.083	0.000	1	1
125	Western Altepa Desert	???	object:v1:125:17289719	-659.294	-338.234	0.237	813053562	247	Rabao	419.969	359.802	5.699	mission:Bastok:17:step-006,mission:Bastok:22:step-008,mission:Bastok:22:step-010,mission:Bastok:22:step-019	mesh-connected	76	1.701	0.000	1	1
125	Western Altepa Desert	???	object:v1:125:17289760	-328.479	-112.932	0.068	842412922	114	Eastern Altepa Desert	379.256	-7.993	6.954	mission:Bastok:17:step-006,mission:Bastok:22:step-008,mission:Bastok:22:step-010,mission:Bastok:22:step-019	mesh-connected	43	2.429	0.000	1	1
125	Western Altepa Desert	???	object:v1:125:17289760	-328.479	-112.932	0.068	875967354	114	Eastern Altepa Desert	-118.837	-500.499	-2.646	mission:Bastok:17:step-006,mission:Bastok:22:step-008,mission:Bastok:22:step-010,mission:Bastok:22:step-019	mesh-connected	48	2.207	0.000	1	1
125	Western Altepa Desert	???	object:v1:125:17289760	-328.479	-112.932	0.068	880030842	173	Korroloka Tunnel	676.280	-99.425	12.742	mission:Bastok:17:step-006,mission:Bastok:22:step-008,mission:Bastok:22:step-010,mission:Bastok:22:step-019	mesh-connected	46	2.404	0.000	1	1
125	Western Altepa Desert	???	object:v1:125:17289760	-328.479	-112.932	0.068	812987514	174	Kuftal Tunnel	-19.901	440.058	13.607	mission:Bastok:17:step-006,mission:Bastok:22:step-008,mission:Bastok:22:step-010,mission:Bastok:22:step-019	mesh-connected	32	2.014	0.000	1	1
125	Western Altepa Desert	???	object:v1:125:17289760	-328.479	-112.932	0.068	879965562	208	Quicksand Caves	179.988	-281.511	16.043	mission:Bastok:17:step-006,mission:Bastok:22:step-008,mission:Bastok:22:step-010,mission:Bastok:22:step-019	mesh-connected	19	1.817	0.000	1	1
125	Western Altepa Desert	???	object:v1:125:17289760	-328.479	-112.932	0.068	913519994	208	Quicksand Caves	-740.000	-761.537	-11.967	mission:Bastok:17:step-006,mission:Bastok:22:step-008,mission:Bastok:22:step-010,mission:Bastok:22:step-019	mesh-connected	86	1.848	0.000	1	1
125	Western Altepa Desert	???	object:v1:125:17289760	-328.479	-112.932	0.068	1634940282	208	Quicksand Caves	-138.784	-332.049	8.934	mission:Bastok:17:step-006,mission:Bastok:22:step-008,mission:Bastok:22:step-010,mission:Bastok:22:step-019	mesh-no-path	1	289.957	0.000	1	1
125	Western Altepa Desert	???	object:v1:125:17289760	-328.479	-112.932	0.068	1668494714	208	Quicksand Caves	-325.234	-220.852	8.777	mission:Bastok:17:step-006,mission:Bastok:22:step-008,mission:Bastok:22:step-010,mission:Bastok:22:step-019	mesh-no-path	1	108.319	0.000	1	1
125	Western Altepa Desert	???	object:v1:125:17289760	-328.479	-112.932	0.068	1702049146	208	Quicksand Caves	220.071	13.230	14.204	mission:Bastok:17:step-006,mission:Bastok:22:step-008,mission:Bastok:22:step-010,mission:Bastok:22:step-019	mesh-no-path	1	563.049	0.000	1	1
125	Western Altepa Desert	???	object:v1:125:17289760	-328.479	-112.932	0.068	1735603578	208	Quicksand Caves	-20.001	201.725	23.951	mission:Bastok:17:step-006,mission:Bastok:22:step-008,mission:Bastok:22:step-010,mission:Bastok:22:step-019	mesh-no-path	1	441.291	0.000	1	1
125	Western Altepa Desert	???	object:v1:125:17289760	-328.479	-112.932	0.068	1769158010	208	Quicksand Caves	-844.734	-540.749	8.842	mission:Bastok:17:step-006,mission:Bastok:22:step-008,mission:Bastok:22:step-010,mission:Bastok:22:step-019	mesh-no-path	1	670.540	0.000	1	1
125	Western Altepa Desert	???	object:v1:125:17289760	-328.479	-112.932	0.068	1802712442	208	Quicksand Caves	-883.969	-420.910	8.776	mission:Bastok:17:step-006,mission:Bastok:22:step-008,mission:Bastok:22:step-010,mission:Bastok:22:step-019	mesh-no-path	1	635.213	0.000	1	1
125	Western Altepa Desert	???	object:v1:125:17289760	-328.479	-112.932	0.068	1836266874	208	Quicksand Caves	-379.069	186.901	14.444	mission:Bastok:17:step-006,mission:Bastok:22:step-008,mission:Bastok:22:step-010,mission:Bastok:22:step-019	mesh-no-path	1	304.411	0.000	1	1
125	Western Altepa Desert	???	object:v1:125:17289760	-328.479	-112.932	0.068	1869821306	208	Quicksand Caves	-492.920	101.989	13.869	mission:Bastok:17:step-006,mission:Bastok:22:step-008,mission:Bastok:22:step-010,mission:Bastok:22:step-019	mesh-no-path	1	270.966	0.000	1	1
125	Western Altepa Desert	???	object:v1:125:17289760	-328.479	-112.932	0.068	2004039034	208	Quicksand Caves	-283.003	299.964	15.913	mission:Bastok:17:step-006,mission:Bastok:22:step-008,mission:Bastok:22:step-010,mission:Bastok:22:step-019	mesh-connected	13	2.083	0.000	1	1
125	Western Altepa Desert	???	object:v1:125:17289760	-328.479	-112.932	0.068	813053562	247	Rabao	419.969	359.802	5.699	mission:Bastok:17:step-006,mission:Bastok:22:step-008,mission:Bastok:22:step-010,mission:Bastok:22:step-019	mesh-connected	44	1.701	0.000	1	1
125	Western Altepa Desert	???	object:v1:125:17289775	-197.901	357.648	-0.733	842412922	114	Eastern Altepa Desert	379.256	-7.993	6.954	mission:Bastok:17:step-006,mission:Bastok:22:step-008,mission:Bastok:22:step-010,mission:Bastok:22:step-019	mesh-connected	33	2.429	0.000	1	1
125	Western Altepa Desert	???	object:v1:125:17289775	-197.901	357.648	-0.733	875967354	114	Eastern Altepa Desert	-118.837	-500.499	-2.646	mission:Bastok:17:step-006,mission:Bastok:22:step-008,mission:Bastok:22:step-010,mission:Bastok:22:step-019	mesh-connected	46	2.207	0.000	1	1
125	Western Altepa Desert	???	object:v1:125:17289775	-197.901	357.648	-0.733	880030842	173	Korroloka Tunnel	676.280	-99.425	12.742	mission:Bastok:17:step-006,mission:Bastok:22:step-008,mission:Bastok:22:step-010,mission:Bastok:22:step-019	mesh-connected	39	2.404	0.000	1	1
125	Western Altepa Desert	???	object:v1:125:17289775	-197.901	357.648	-0.733	812987514	174	Kuftal Tunnel	-19.901	440.058	13.607	mission:Bastok:17:step-006,mission:Bastok:22:step-008,mission:Bastok:22:step-010,mission:Bastok:22:step-019	mesh-connected	27	2.014	0.000	1	1
125	Western Altepa Desert	???	object:v1:125:17289775	-197.901	357.648	-0.733	879965562	208	Quicksand Caves	179.988	-281.511	16.043	mission:Bastok:17:step-006,mission:Bastok:22:step-008,mission:Bastok:22:step-010,mission:Bastok:22:step-019	mesh-connected	13	1.817	0.000	1	1
125	Western Altepa Desert	???	object:v1:125:17289775	-197.901	357.648	-0.733	913519994	208	Quicksand Caves	-740.000	-761.537	-11.967	mission:Bastok:17:step-006,mission:Bastok:22:step-008,mission:Bastok:22:step-010,mission:Bastok:22:step-019	mesh-connected	91	1.848	0.000	1	1
125	Western Altepa Desert	???	object:v1:125:17289775	-197.901	357.648	-0.733	1634940282	208	Quicksand Caves	-138.784	-332.049	8.934	mission:Bastok:17:step-006,mission:Bastok:22:step-008,mission:Bastok:22:step-010,mission:Bastok:22:step-019	mesh-no-path	1	692.293	0.000	1	1
125	Western Altepa Desert	???	object:v1:125:17289775	-197.901	357.648	-0.733	1668494714	208	Quicksand Caves	-325.234	-220.852	8.777	mission:Bastok:17:step-006,mission:Bastok:22:step-008,mission:Bastok:22:step-010,mission:Bastok:22:step-019	mesh-no-path	1	592.424	0.000	1	1
125	Western Altepa Desert	???	object:v1:125:17289775	-197.901	357.648	-0.733	1702049146	208	Quicksand Caves	220.071	13.230	14.204	mission:Bastok:17:step-006,mission:Bastok:22:step-008,mission:Bastok:22:step-010,mission:Bastok:22:step-019	mesh-no-path	1	541.800	0.000	1	1
125	Western Altepa Desert	???	object:v1:125:17289775	-197.901	357.648	-0.733	1735603578	208	Quicksand Caves	-20.001	201.725	23.951	mission:Bastok:17:step-006,mission:Bastok:22:step-008,mission:Bastok:22:step-010,mission:Bastok:22:step-019	mesh-no-path	1	237.844	0.000	1	1
125	Western Altepa Desert	???	object:v1:125:17289775	-197.901	357.648	-0.733	1769158010	208	Quicksand Caves	-844.734	-540.749	8.842	mission:Bastok:17:step-006,mission:Bastok:22:step-008,mission:Bastok:22:step-010,mission:Bastok:22:step-019	mesh-no-path	1	1107.069	0.000	1	1
125	Western Altepa Desert	???	object:v1:125:17289775	-197.901	357.648	-0.733	1802712442	208	Quicksand Caves	-883.969	-420.910	8.776	mission:Bastok:17:step-006,mission:Bastok:22:step-008,mission:Bastok:22:step-010,mission:Bastok:22:step-019	mesh-no-path	1	1037.753	0.000	1	1
125	Western Altepa Desert	???	object:v1:125:17289775	-197.901	357.648	-0.733	1836266874	208	Quicksand Caves	-379.069	186.901	14.444	mission:Bastok:17:step-006,mission:Bastok:22:step-008,mission:Bastok:22:step-010,mission:Bastok:22:step-019	mesh-no-path	1	249.413	0.000	1	1
125	Western Altepa Desert	???	object:v1:125:17289775	-197.901	357.648	-0.733	1869821306	208	Quicksand Caves	-492.920	101.989	13.869	mission:Bastok:17:step-006,mission:Bastok:22:step-008,mission:Bastok:22:step-010,mission:Bastok:22:step-019	mesh-no-path	1	390.655	0.000	1	1
125	Western Altepa Desert	???	object:v1:125:17289775	-197.901	357.648	-0.733	2004039034	208	Quicksand Caves	-283.003	299.964	15.913	mission:Bastok:17:step-006,mission:Bastok:22:step-008,mission:Bastok:22:step-010,mission:Bastok:22:step-019	mesh-connected	16	2.083	0.000	1	1
125	Western Altepa Desert	???	object:v1:125:17289775	-197.901	357.648	-0.733	813053562	247	Rabao	419.969	359.802	5.699	mission:Bastok:17:step-006,mission:Bastok:22:step-008,mission:Bastok:22:step-010,mission:Bastok:22:step-019	mesh-connected	39	1.701	0.000	1	1
125	Western Altepa Desert	???	object:v1:125:17289776	-113.454	-58.319	-4.459	842412922	114	Eastern Altepa Desert	379.256	-7.993	6.954	mission:Bastok:17:step-006,mission:Bastok:22:step-008,mission:Bastok:22:step-010,mission:Bastok:22:step-019	mesh-connected	40	2.429	0.000	1	1
125	Western Altepa Desert	???	object:v1:125:17289776	-113.454	-58.319	-4.459	875967354	114	Eastern Altepa Desert	-118.837	-500.499	-2.646	mission:Bastok:17:step-006,mission:Bastok:22:step-008,mission:Bastok:22:step-010,mission:Bastok:22:step-019	mesh-connected	33	2.207	0.000	1	1
125	Western Altepa Desert	???	object:v1:125:17289776	-113.454	-58.319	-4.459	880030842	173	Korroloka Tunnel	676.280	-99.425	12.742	mission:Bastok:17:step-006,mission:Bastok:22:step-008,mission:Bastok:22:step-010,mission:Bastok:22:step-019	mesh-connected	43	2.404	0.000	1	1
125	Western Altepa Desert	???	object:v1:125:17289776	-113.454	-58.319	-4.459	812987514	174	Kuftal Tunnel	-19.901	440.058	13.607	mission:Bastok:17:step-006,mission:Bastok:22:step-008,mission:Bastok:22:step-010,mission:Bastok:22:step-019	mesh-connected	27	2.014	0.000	1	1
125	Western Altepa Desert	???	object:v1:125:17289776	-113.454	-58.319	-4.459	879965562	208	Quicksand Caves	179.988	-281.511	16.043	mission:Bastok:17:step-006,mission:Bastok:22:step-008,mission:Bastok:22:step-010,mission:Bastok:22:step-019	mesh-connected	15	1.817	0.000	1	1
125	Western Altepa Desert	???	object:v1:125:17289776	-113.454	-58.319	-4.459	913519994	208	Quicksand Caves	-740.000	-761.537	-11.967	mission:Bastok:17:step-006,mission:Bastok:22:step-008,mission:Bastok:22:step-010,mission:Bastok:22:step-019	mesh-connected	78	1.848	0.000	1	1
125	Western Altepa Desert	???	object:v1:125:17289776	-113.454	-58.319	-4.459	1634940282	208	Quicksand Caves	-138.784	-332.049	8.934	mission:Bastok:17:step-006,mission:Bastok:22:step-008,mission:Bastok:22:step-010,mission:Bastok:22:step-019	mesh-no-path	1	275.226	0.000	1	1
125	Western Altepa Desert	???	object:v1:125:17289776	-113.454	-58.319	-4.459	1668494714	208	Quicksand Caves	-325.234	-220.852	8.777	mission:Bastok:17:step-006,mission:Bastok:22:step-008,mission:Bastok:22:step-010,mission:Bastok:22:step-019	mesh-no-path	1	267.288	0.000	1	1
125	Western Altepa Desert	???	object:v1:125:17289776	-113.454	-58.319	-4.459	1702049146	208	Quicksand Caves	220.071	13.230	14.204	mission:Bastok:17:step-006,mission:Bastok:22:step-008,mission:Bastok:22:step-010,mission:Bastok:22:step-019	mesh-no-path	1	341.623	0.000	1	1
125	Western Altepa Desert	???	object:v1:125:17289776	-113.454	-58.319	-4.459	1735603578	208	Quicksand Caves	-20.001	201.725	23.951	mission:Bastok:17:step-006,mission:Bastok:22:step-008,mission:Bastok:22:step-010,mission:Bastok:22:step-019	mesh-no-path	1	277.783	0.000	1	1
125	Western Altepa Desert	???	object:v1:125:17289776	-113.454	-58.319	-4.459	1769158010	208	Quicksand Caves	-844.734	-540.749	8.842	mission:Bastok:17:step-006,mission:Bastok:22:step-008,mission:Bastok:22:step-010,mission:Bastok:22:step-019	mesh-no-path	1	876.177	0.000	1	1
125	Western Altepa Desert	???	object:v1:125:17289776	-113.454	-58.319	-4.459	1802712442	208	Quicksand Caves	-883.969	-420.910	8.776	mission:Bastok:17:step-006,mission:Bastok:22:step-008,mission:Bastok:22:step-010,mission:Bastok:22:step-019	mesh-no-path	1	851.669	0.000	1	1
125	Western Altepa Desert	???	object:v1:125:17289776	-113.454	-58.319	-4.459	1836266874	208	Quicksand Caves	-379.069	186.901	14.444	mission:Bastok:17:step-006,mission:Bastok:22:step-008,mission:Bastok:22:step-010,mission:Bastok:22:step-019	mesh-no-path	1	361.997	0.000	1	1
125	Western Altepa Desert	???	object:v1:125:17289776	-113.454	-58.319	-4.459	1869821306	208	Quicksand Caves	-492.920	101.989	13.869	mission:Bastok:17:step-006,mission:Bastok:22:step-008,mission:Bastok:22:step-010,mission:Bastok:22:step-019	mesh-no-path	1	412.346	0.000	1	1
125	Western Altepa Desert	???	object:v1:125:17289776	-113.454	-58.319	-4.459	2004039034	208	Quicksand Caves	-283.003	299.964	15.913	mission:Bastok:17:step-006,mission:Bastok:22:step-008,mission:Bastok:22:step-010,mission:Bastok:22:step-019	mesh-connected	20	2.083	0.000	1	1
125	Western Altepa Desert	???	object:v1:125:17289776	-113.454	-58.319	-4.459	813053562	247	Rabao	419.969	359.802	5.699	mission:Bastok:17:step-006,mission:Bastok:22:step-008,mission:Bastok:22:step-010,mission:Bastok:22:step-019	mesh-connected	42	1.701	0.000	1	1
125	Western Altepa Desert	???	object:v1:125:17289777	3.302	-250.435	-0.302	842412922	114	Eastern Altepa Desert	379.256	-7.993	6.954	mission:Bastok:17:step-006,mission:Bastok:22:step-008,mission:Bastok:22:step-010,mission:Bastok:22:step-019	mesh-connected	43	2.429	0.000	1	1
125	Western Altepa Desert	???	object:v1:125:17289777	3.302	-250.435	-0.302	875967354	114	Eastern Altepa Desert	-118.837	-500.499	-2.646	mission:Bastok:17:step-006,mission:Bastok:22:step-008,mission:Bastok:22:step-010,mission:Bastok:22:step-019	mesh-connected	45	2.207	0.000	1	1
125	Western Altepa Desert	???	object:v1:125:17289777	3.302	-250.435	-0.302	880030842	173	Korroloka Tunnel	676.280	-99.425	12.742	mission:Bastok:17:step-006,mission:Bastok:22:step-008,mission:Bastok:22:step-010,mission:Bastok:22:step-019	mesh-connected	46	2.404	0.000	1	1
125	Western Altepa Desert	???	object:v1:125:17289777	3.302	-250.435	-0.302	812987514	174	Kuftal Tunnel	-19.901	440.058	13.607	mission:Bastok:17:step-006,mission:Bastok:22:step-008,mission:Bastok:22:step-010,mission:Bastok:22:step-019	mesh-connected	26	2.014	0.000	1	1
125	Western Altepa Desert	???	object:v1:125:17289777	3.302	-250.435	-0.302	879965562	208	Quicksand Caves	179.988	-281.511	16.043	mission:Bastok:17:step-006,mission:Bastok:22:step-008,mission:Bastok:22:step-010,mission:Bastok:22:step-019	mesh-connected	19	1.817	0.000	1	1
125	Western Altepa Desert	???	object:v1:125:17289777	3.302	-250.435	-0.302	913519994	208	Quicksand Caves	-740.000	-761.537	-11.967	mission:Bastok:17:step-006,mission:Bastok:22:step-008,mission:Bastok:22:step-010,mission:Bastok:22:step-019	mesh-connected	81	1.848	0.000	1	1
125	Western Altepa Desert	???	object:v1:125:17289777	3.302	-250.435	-0.302	1634940282	208	Quicksand Caves	-138.784	-332.049	8.934	mission:Bastok:17:step-006,mission:Bastok:22:step-008,mission:Bastok:22:step-010,mission:Bastok:22:step-019	mesh-no-path	1	164.118	0.000	1	1
125	Western Altepa Desert	???	object:v1:125:17289777	3.302	-250.435	-0.302	1668494714	208	Quicksand Caves	-325.234	-220.852	8.777	mission:Bastok:17:step-006,mission:Bastok:22:step-008,mission:Bastok:22:step-010,mission:Bastok:22:step-019	mesh-no-path	1	329.990	0.000	1	1
125	Western Altepa Desert	???	object:v1:125:17289777	3.302	-250.435	-0.302	1702049146	208	Quicksand Caves	220.071	13.230	14.204	mission:Bastok:17:step-006,mission:Bastok:22:step-008,mission:Bastok:22:step-010,mission:Bastok:22:step-019	mesh-no-path	1	341.641	0.000	1	1
125	Western Altepa Desert	???	object:v1:125:17289777	3.302	-250.435	-0.302	1735603578	208	Quicksand Caves	-20.001	201.725	23.951	mission:Bastok:17:step-006,mission:Bastok:22:step-008,mission:Bastok:22:step-010,mission:Bastok:22:step-019	mesh-no-path	1	453.409	0.000	1	1
125	Western Altepa Desert	???	object:v1:125:17289777	3.302	-250.435	-0.302	1769158010	208	Quicksand Caves	-844.734	-540.749	8.842	mission:Bastok:17:step-006,mission:Bastok:22:step-008,mission:Bastok:22:step-010,mission:Bastok:22:step-019	mesh-no-path	1	896.399	0.000	1	1
125	Western Altepa Desert	???	object:v1:125:17289777	3.302	-250.435	-0.302	1802712442	208	Quicksand Caves	-883.969	-420.910	8.776	mission:Bastok:17:step-006,mission:Bastok:22:step-008,mission:Bastok:22:step-010,mission:Bastok:22:step-019	mesh-no-path	1	903.545	0.000	1	1
125	Western Altepa Desert	???	object:v1:125:17289777	3.302	-250.435	-0.302	1836266874	208	Quicksand Caves	-379.069	186.901	14.444	mission:Bastok:17:step-006,mission:Bastok:22:step-008,mission:Bastok:22:step-010,mission:Bastok:22:step-019	mesh-no-path	1	581.109	0.000	1	1
125	Western Altepa Desert	???	object:v1:125:17289777	3.302	-250.435	-0.302	1869821306	208	Quicksand Caves	-492.920	101.989	13.869	mission:Bastok:17:step-006,mission:Bastok:22:step-008,mission:Bastok:22:step-010,mission:Bastok:22:step-019	mesh-no-path	1	608.802	0.000	1	1
125	Western Altepa Desert	???	object:v1:125:17289777	3.302	-250.435	-0.302	2004039034	208	Quicksand Caves	-283.003	299.964	15.913	mission:Bastok:17:step-006,mission:Bastok:22:step-008,mission:Bastok:22:step-010,mission:Bastok:22:step-019	mesh-connected	17	2.083	0.000	1	1
125	Western Altepa Desert	???	object:v1:125:17289777	3.302	-250.435	-0.302	813053562	247	Rabao	419.969	359.802	5.699	mission:Bastok:17:step-006,mission:Bastok:22:step-008,mission:Bastok:22:step-010,mission:Bastok:22:step-019	mesh-connected	40	1.701	0.000	1	1
125	Western Altepa Desert	???	object:v1:125:17289778	-476.967	17.835	0.159	842412922	114	Eastern Altepa Desert	379.256	-7.993	6.954	mission:Bastok:17:step-006,mission:Bastok:22:step-008,mission:Bastok:22:step-010,mission:Bastok:22:step-019	mesh-connected	35	2.429	0.000	1	1
125	Western Altepa Desert	???	object:v1:125:17289778	-476.967	17.835	0.159	875967354	114	Eastern Altepa Desert	-118.837	-500.499	-2.646	mission:Bastok:17:step-006,mission:Bastok:22:step-008,mission:Bastok:22:step-010,mission:Bastok:22:step-019	mesh-connected	40	2.207	0.000	1	1
125	Western Altepa Desert	???	object:v1:125:17289778	-476.967	17.835	0.159	880030842	173	Korroloka Tunnel	676.280	-99.425	12.742	mission:Bastok:17:step-006,mission:Bastok:22:step-008,mission:Bastok:22:step-010,mission:Bastok:22:step-019	mesh-connected	38	2.404	0.000	1	1
125	Western Altepa Desert	???	object:v1:125:17289778	-476.967	17.835	0.159	812987514	174	Kuftal Tunnel	-19.901	440.058	13.607	mission:Bastok:17:step-006,mission:Bastok:22:step-008,mission:Bastok:22:step-010,mission:Bastok:22:step-019	mesh-connected	21	2.014	0.000	1	1
125	Western Altepa Desert	???	object:v1:125:17289778	-476.967	17.835	0.159	879965562	208	Quicksand Caves	179.988	-281.511	16.043	mission:Bastok:17:step-006,mission:Bastok:22:step-008,mission:Bastok:22:step-010,mission:Bastok:22:step-019	mesh-connected	15	1.817	0.000	1	1
125	Western Altepa Desert	???	object:v1:125:17289778	-476.967	17.835	0.159	913519994	208	Quicksand Caves	-740.000	-761.537	-11.967	mission:Bastok:17:step-006,mission:Bastok:22:step-008,mission:Bastok:22:step-010,mission:Bastok:22:step-019	mesh-connected	80	1.848	0.000	1	1
125	Western Altepa Desert	???	object:v1:125:17289778	-476.967	17.835	0.159	1634940282	208	Quicksand Caves	-138.784	-332.049	8.934	mission:Bastok:17:step-006,mission:Bastok:22:step-008,mission:Bastok:22:step-010,mission:Bastok:22:step-019	mesh-no-path	1	486.686	0.000	1	1
125	Western Altepa Desert	???	object:v1:125:17289778	-476.967	17.835	0.159	1668494714	208	Quicksand Caves	-325.234	-220.852	8.777	mission:Bastok:17:step-006,mission:Bastok:22:step-008,mission:Bastok:22:step-010,mission:Bastok:22:step-019	mesh-no-path	1	282.964	0.000	1	1
125	Western Altepa Desert	???	object:v1:125:17289778	-476.967	17.835	0.159	1702049146	208	Quicksand Caves	220.071	13.230	14.204	mission:Bastok:17:step-006,mission:Bastok:22:step-008,mission:Bastok:22:step-010,mission:Bastok:22:step-019	mesh-no-path	1	697.195	0.000	1	1
125	Western Altepa Desert	???	object:v1:125:17289778	-476.967	17.835	0.159	1735603578	208	Quicksand Caves	-20.001	201.725	23.951	mission:Bastok:17:step-006,mission:Bastok:22:step-008,mission:Bastok:22:step-010,mission:Bastok:22:step-019	mesh-no-path	1	493.153	0.000	1	1
125	Western Altepa Desert	???	object:v1:125:17289778	-476.967	17.835	0.159	1769158010	208	Quicksand Caves	-844.734	-540.749	8.842	mission:Bastok:17:step-006,mission:Bastok:22:step-008,mission:Bastok:22:step-010,mission:Bastok:22:step-019	mesh-no-path	1	668.838	0.000	1	1
125	Western Altepa Desert	???	object:v1:125:17289778	-476.967	17.835	0.159	1802712442	208	Quicksand Caves	-883.969	-420.910	8.776	mission:Bastok:17:step-006,mission:Bastok:22:step-008,mission:Bastok:22:step-010,mission:Bastok:22:step-019	mesh-no-path	1	598.517	0.000	1	1
125	Western Altepa Desert	???	object:v1:125:17289778	-476.967	17.835	0.159	1836266874	208	Quicksand Caves	-379.069	186.901	14.444	mission:Bastok:17:step-006,mission:Bastok:22:step-008,mission:Bastok:22:step-010,mission:Bastok:22:step-019	mesh-no-path	1	195.886	0.000	1	1
125	Western Altepa Desert	???	object:v1:125:17289778	-476.967	17.835	0.159	1869821306	208	Quicksand Caves	-492.920	101.989	13.869	mission:Bastok:17:step-006,mission:Bastok:22:step-008,mission:Bastok:22:step-010,mission:Bastok:22:step-019	mesh-no-path	1	86.743	0.000	1	1
125	Western Altepa Desert	???	object:v1:125:17289778	-476.967	17.835	0.159	2004039034	208	Quicksand Caves	-283.003	299.964	15.913	mission:Bastok:17:step-006,mission:Bastok:22:step-008,mission:Bastok:22:step-010,mission:Bastok:22:step-019	mesh-connected	11	2.083	0.000	1	1
125	Western Altepa Desert	???	object:v1:125:17289778	-476.967	17.835	0.159	813053562	247	Rabao	419.969	359.802	5.699	mission:Bastok:17:step-006,mission:Bastok:22:step-008,mission:Bastok:22:step-010,mission:Bastok:22:step-019	mesh-connected	35	1.701	0.000	1	1
125	Western Altepa Desert	???	object:v1:125:17289779	-454.701	-286.864	-3.465	842412922	114	Eastern Altepa Desert	379.256	-7.993	6.954	mission:Bastok:17:step-006,mission:Bastok:22:step-008,mission:Bastok:22:step-010,mission:Bastok:22:step-019	mesh-connected	53	2.429	0.000	1	1
125	Western Altepa Desert	???	object:v1:125:17289779	-454.701	-286.864	-3.465	875967354	114	Eastern Altepa Desert	-118.837	-500.499	-2.646	mission:Bastok:17:step-006,mission:Bastok:22:step-008,mission:Bastok:22:step-010,mission:Bastok:22:step-019	mesh-connected	21	2.207	0.000	1	1
125	Western Altepa Desert	???	object:v1:125:17289779	-454.701	-286.864	-3.465	880030842	173	Korroloka Tunnel	676.280	-99.425	12.742	mission:Bastok:17:step-006,mission:Bastok:22:step-008,mission:Bastok:22:step-010,mission:Bastok:22:step-019	mesh-connected	56	2.404	0.000	1	1
125	Western Altepa Desert	???	object:v1:125:17289779	-454.701	-286.864	-3.465	812987514	174	Kuftal Tunnel	-19.901	440.058	13.607	mission:Bastok:17:step-006,mission:Bastok:22:step-008,mission:Bastok:22:step-010,mission:Bastok:22:step-019	mesh-connected	45	2.014	0.000	1	1
125	Western Altepa Desert	???	object:v1:125:17289779	-454.701	-286.864	-3.465	879965562	208	Quicksand Caves	179.988	-281.511	16.043	mission:Bastok:17:step-006,mission:Bastok:22:step-008,mission:Bastok:22:step-010,mission:Bastok:22:step-019	mesh-connected	21	1.817	0.000	1	1
125	Western Altepa Desert	???	object:v1:125:17289779	-454.701	-286.864	-3.465	913519994	208	Quicksand Caves	-740.000	-761.537	-11.967	mission:Bastok:17:step-006,mission:Bastok:22:step-008,mission:Bastok:22:step-010,mission:Bastok:22:step-019	mesh-connected	76	1.848	0.000	1	1
125	Western Altepa Desert	???	object:v1:125:17289779	-454.701	-286.864	-3.465	1634940282	208	Quicksand Caves	-138.784	-332.049	8.934	mission:Bastok:17:step-006,mission:Bastok:22:step-008,mission:Bastok:22:step-010,mission:Bastok:22:step-019	mesh-no-path	1	319.373	0.000	1	1
125	Western Altepa Desert	???	object:v1:125:17289779	-454.701	-286.864	-3.465	1668494714	208	Quicksand Caves	-325.234	-220.852	8.777	mission:Bastok:17:step-006,mission:Bastok:22:step-008,mission:Bastok:22:step-010,mission:Bastok:22:step-019	mesh-no-path	1	145.839	0.000	1	1
125	Western Altepa Desert	???	object:v1:125:17289779	-454.701	-286.864	-3.465	1702049146	208	Quicksand Caves	220.071	13.230	14.204	mission:Bastok:17:step-006,mission:Bastok:22:step-008,mission:Bastok:22:step-010,mission:Bastok:22:step-019	mesh-no-path	1	738.706	0.000	1	1
125	Western Altepa Desert	???	object:v1:125:17289779	-454.701	-286.864	-3.465	1735603578	208	Quicksand Caves	-20.001	201.725	23.951	mission:Bastok:17:step-006,mission:Bastok:22:step-008,mission:Bastok:22:step-010,mission:Bastok:22:step-019	mesh-no-path	1	654.549	0.000	1	1
125	Western Altepa Desert	???	object:v1:125:17289779	-454.701	-286.864	-3.465	1769158010	208	Quicksand Caves	-844.734	-540.749	8.842	mission:Bastok:17:step-006,mission:Bastok:22:step-008,mission:Bastok:22:step-010,mission:Bastok:22:step-019	mesh-no-path	1	465.548	0.000	1	1
125	Western Altepa Desert	???	object:v1:125:17289779	-454.701	-286.864	-3.465	1802712442	208	Quicksand Caves	-883.969	-420.910	8.776	mission:Bastok:17:step-006,mission:Bastok:22:step-008,mission:Bastok:22:step-010,mission:Bastok:22:step-019	mesh-no-path	1	449.877	0.000	1	1
125	Western Altepa Desert	???	object:v1:125:17289779	-454.701	-286.864	-3.465	1836266874	208	Quicksand Caves	-379.069	186.901	14.444	mission:Bastok:17:step-006,mission:Bastok:22:step-008,mission:Bastok:22:step-010,mission:Bastok:22:step-019	mesh-no-path	1	480.098	0.000	1	1
125	Western Altepa Desert	???	object:v1:125:17289779	-454.701	-286.864	-3.465	1869821306	208	Quicksand Caves	-492.920	101.989	13.869	mission:Bastok:17:step-006,mission:Bastok:22:step-008,mission:Bastok:22:step-010,mission:Bastok:22:step-019	mesh-no-path	1	391.111	0.000	1	1
125	Western Altepa Desert	???	object:v1:125:17289779	-454.701	-286.864	-3.465	2004039034	208	Quicksand Caves	-283.003	299.964	15.913	mission:Bastok:17:step-006,mission:Bastok:22:step-008,mission:Bastok:22:step-010,mission:Bastok:22:step-019	mesh-connected	32	2.083	0.000	1	1
125	Western Altepa Desert	???	object:v1:125:17289779	-454.701	-286.864	-3.465	813053562	247	Rabao	419.969	359.802	5.699	mission:Bastok:17:step-006,mission:Bastok:22:step-008,mission:Bastok:22:step-010,mission:Bastok:22:step-019	mesh-connected	55	1.701	0.000	1	1
125	Western Altepa Desert	???	object:v1:125:17289780	-223.055	-672.207	-0.085	842412922	114	Eastern Altepa Desert	379.256	-7.993	6.954	mission:Bastok:17:step-006,mission:Bastok:22:step-008,mission:Bastok:22:step-010,mission:Bastok:22:step-019	mesh-connected	57	2.429	0.000	1	1
125	Western Altepa Desert	???	object:v1:125:17289780	-223.055	-672.207	-0.085	875967354	114	Eastern Altepa Desert	-118.837	-500.499	-2.646	mission:Bastok:17:step-006,mission:Bastok:22:step-008,mission:Bastok:22:step-010,mission:Bastok:22:step-019	mesh-connected	39	2.207	0.000	1	1
125	Western Altepa Desert	???	object:v1:125:17289780	-223.055	-672.207	-0.085	880030842	173	Korroloka Tunnel	676.280	-99.425	12.742	mission:Bastok:17:step-006,mission:Bastok:22:step-008,mission:Bastok:22:step-010,mission:Bastok:22:step-019	mesh-connected	62	2.404	0.000	1	1
125	Western Altepa Desert	???	object:v1:125:17289780	-223.055	-672.207	-0.085	812987514	174	Kuftal Tunnel	-19.901	440.058	13.607	mission:Bastok:17:step-006,mission:Bastok:22:step-008,mission:Bastok:22:step-010,mission:Bastok:22:step-019	mesh-connected	39	2.014	0.000	1	1
125	Western Altepa Desert	???	object:v1:125:17289780	-223.055	-672.207	-0.085	879965562	208	Quicksand Caves	179.988	-281.511	16.043	mission:Bastok:17:step-006,mission:Bastok:22:step-008,mission:Bastok:22:step-010,mission:Bastok:22:step-019	mesh-connected	31	1.817	0.000	1	1
125	Western Altepa Desert	???	object:v1:125:17289780	-223.055	-672.207	-0.085	913519994	208	Quicksand Caves	-740.000	-761.537	-11.967	mission:Bastok:17:step-006,mission:Bastok:22:step-008,mission:Bastok:22:step-010,mission:Bastok:22:step-019	mesh-connected	59	1.848	0.000	1	1
125	Western Altepa Desert	???	object:v1:125:17289780	-223.055	-672.207	-0.085	1634940282	208	Quicksand Caves	-138.784	-332.049	8.934	mission:Bastok:17:step-006,mission:Bastok:22:step-008,mission:Bastok:22:step-010,mission:Bastok:22:step-019	mesh-no-path	1	350.557	0.000	1	1
125	Western Altepa Desert	???	object:v1:125:17289780	-223.055	-672.207	-0.085	1668494714	208	Quicksand Caves	-325.234	-220.852	8.777	mission:Bastok:17:step-006,mission:Bastok:22:step-008,mission:Bastok:22:step-010,mission:Bastok:22:step-019	mesh-no-path	1	462.861	0.000	1	1
125	Western Altepa Desert	???	object:v1:125:17289780	-223.055	-672.207	-0.085	1702049146	208	Quicksand Caves	220.071	13.230	14.204	mission:Bastok:17:step-006,mission:Bastok:22:step-008,mission:Bastok:22:step-010,mission:Bastok:22:step-019	mesh-no-path	1	816.326	0.000	1	1
125	Western Altepa Desert	???	object:v1:125:17289780	-223.055	-672.207	-0.085	1735603578	208	Quicksand Caves	-20.001	201.725	23.951	mission:Bastok:17:step-006,mission:Bastok:22:step-008,mission:Bastok:22:step-010,mission:Bastok:22:step-019	mesh-no-path	1	897.533	0.000	1	1
125	Western Altepa Desert	???	object:v1:125:17289780	-223.055	-672.207	-0.085	1769158010	208	Quicksand Caves	-844.734	-540.749	8.842	mission:Bastok:17:step-006,mission:Bastok:22:step-008,mission:Bastok:22:step-010,mission:Bastok:22:step-019	mesh-no-path	1	635.489	0.000	1	1
125	Western Altepa Desert	???	object:v1:125:17289780	-223.055	-672.207	-0.085	1802712442	208	Quicksand Caves	-883.969	-420.910	8.776	mission:Bastok:17:step-006,mission:Bastok:22:step-008,mission:Bastok:22:step-010,mission:Bastok:22:step-019	mesh-no-path	1	707.132	0.000	1	1
125	Western Altepa Desert	???	object:v1:125:17289780	-223.055	-672.207	-0.085	1836266874	208	Quicksand Caves	-379.069	186.901	14.444	mission:Bastok:17:step-006,mission:Bastok:22:step-008,mission:Bastok:22:step-010,mission:Bastok:22:step-019	mesh-no-path	1	873.280	0.000	1	1
125	Western Altepa Desert	???	object:v1:125:17289780	-223.055	-672.207	-0.085	1869821306	208	Quicksand Caves	-492.920	101.989	13.869	mission:Bastok:17:step-006,mission:Bastok:22:step-008,mission:Bastok:22:step-010,mission:Bastok:22:step-019	mesh-no-path	1	820.001	0.000	1	1
125	Western Altepa Desert	???	object:v1:125:17289780	-223.055	-672.207	-0.085	2004039034	208	Quicksand Caves	-283.003	299.964	15.913	mission:Bastok:17:step-006,mission:Bastok:22:step-008,mission:Bastok:22:step-010,mission:Bastok:22:step-019	mesh-connected	35	2.083	0.000	1	1
125	Western Altepa Desert	???	object:v1:125:17289780	-223.055	-672.207	-0.085	813053562	247	Rabao	419.969	359.802	5.699	mission:Bastok:17:step-006,mission:Bastok:22:step-008,mission:Bastok:22:step-010,mission:Bastok:22:step-019	mesh-connected	55	1.701	0.000	1	1
125	Western Altepa Desert	???	object:v1:125:17289781	-631.524	-336.254	0.046	842412922	114	Eastern Altepa Desert	379.256	-7.993	6.954	mission:Bastok:17:step-006,mission:Bastok:22:step-008,mission:Bastok:22:step-010,mission:Bastok:22:step-019	mesh-connected	69	2.429	0.000	1	1
125	Western Altepa Desert	???	object:v1:125:17289781	-631.524	-336.254	0.046	875967354	114	Eastern Altepa Desert	-118.837	-500.499	-2.646	mission:Bastok:17:step-006,mission:Bastok:22:step-008,mission:Bastok:22:step-010,mission:Bastok:22:step-019	mesh-connected	48	2.207	0.000	1	1
125	Western Altepa Desert	???	object:v1:125:17289781	-631.524	-336.254	0.046	880030842	173	Korroloka Tunnel	676.280	-99.425	12.742	mission:Bastok:17:step-006,mission:Bastok:22:step-008,mission:Bastok:22:step-010,mission:Bastok:22:step-019	mesh-connected	72	2.404	0.000	1	1
125	Western Altepa Desert	???	object:v1:125:17289781	-631.524	-336.254	0.046	812987514	174	Kuftal Tunnel	-19.901	440.058	13.607	mission:Bastok:17:step-006,mission:Bastok:22:step-008,mission:Bastok:22:step-010,mission:Bastok:22:step-019	mesh-connected	61	2.014	0.000	1	1
125	Western Altepa Desert	???	object:v1:125:17289781	-631.524	-336.254	0.046	879965562	208	Quicksand Caves	179.988	-281.511	16.043	mission:Bastok:17:step-006,mission:Bastok:22:step-008,mission:Bastok:22:step-010,mission:Bastok:22:step-019	mesh-connected	37	1.817	0.000	1	1
125	Western Altepa Desert	???	object:v1:125:17289781	-631.524	-336.254	0.046	913519994	208	Quicksand Caves	-740.000	-761.537	-11.967	mission:Bastok:17:step-006,mission:Bastok:22:step-008,mission:Bastok:22:step-010,mission:Bastok:22:step-019	mesh-connected	48	1.848	0.000	1	1
125	Western Altepa Desert	???	object:v1:125:17289781	-631.524	-336.254	0.046	1634940282	208	Quicksand Caves	-138.784	-332.049	8.934	mission:Bastok:17:step-006,mission:Bastok:22:step-008,mission:Bastok:22:step-010,mission:Bastok:22:step-019	mesh-no-path	1	492.838	0.000	1	1
125	Western Altepa Desert	???	object:v1:125:17289781	-631.524	-336.254	0.046	1668494714	208	Quicksand Caves	-325.234	-220.852	8.777	mission:Bastok:17:step-006,mission:Bastok:22:step-008,mission:Bastok:22:step-010,mission:Bastok:22:step-019	mesh-no-path	1	327.425	0.000	1	1
125	Western Altepa Desert	???	object:v1:125:17289781	-631.524	-336.254	0.046	1702049146	208	Quicksand Caves	220.071	13.230	14.204	mission:Bastok:17:step-006,mission:Bastok:22:step-008,mission:Bastok:22:step-010,mission:Bastok:22:step-019	mesh-no-path	1	920.627	0.000	1	1
125	Western Altepa Desert	???	object:v1:125:17289781	-631.524	-336.254	0.046	1735603578	208	Quicksand Caves	-20.001	201.725	23.951	mission:Bastok:17:step-006,mission:Bastok:22:step-008,mission:Bastok:22:step-010,mission:Bastok:22:step-019	mesh-no-path	1	814.833	0.000	1	1
125	Western Altepa Desert	???	object:v1:125:17289781	-631.524	-336.254	0.046	1769158010	208	Quicksand Caves	-844.734	-540.749	8.842	mission:Bastok:17:step-006,mission:Bastok:22:step-008,mission:Bastok:22:step-010,mission:Bastok:22:step-019	mesh-no-path	1	295.557	0.000	1	1
125	Western Altepa Desert	???	object:v1:125:17289781	-631.524	-336.254	0.046	1802712442	208	Quicksand Caves	-883.969	-420.910	8.776	mission:Bastok:17:step-006,mission:Bastok:22:step-008,mission:Bastok:22:step-010,mission:Bastok:22:step-019	mesh-no-path	1	266.404	0.000	1	1
125	Western Altepa Desert	???	object:v1:125:17289781	-631.524	-336.254	0.046	1836266874	208	Quicksand Caves	-379.069	186.901	14.444	mission:Bastok:17:step-006,mission:Bastok:22:step-008,mission:Bastok:22:step-010,mission:Bastok:22:step-019	mesh-no-path	1	581.061	0.000	1	1
125	Western Altepa Desert	???	object:v1:125:17289781	-631.524	-336.254	0.046	1869821306	208	Quicksand Caves	-492.920	101.989	13.869	mission:Bastok:17:step-006,mission:Bastok:22:step-008,mission:Bastok:22:step-010,mission:Bastok:22:step-019	mesh-no-path	1	459.847	0.000	1	1
125	Western Altepa Desert	???	object:v1:125:17289781	-631.524	-336.254	0.046	2004039034	208	Quicksand Caves	-283.003	299.964	15.913	mission:Bastok:17:step-006,mission:Bastok:22:step-008,mission:Bastok:22:step-010,mission:Bastok:22:step-019	mesh-connected	48	2.083	0.000	1	1
125	Western Altepa Desert	???	object:v1:125:17289781	-631.524	-336.254	0.046	813053562	247	Rabao	419.969	359.802	5.699	mission:Bastok:17:step-006,mission:Bastok:22:step-008,mission:Bastok:22:step-010,mission:Bastok:22:step-019	mesh-connected	71	1.701	0.000	1	1
125	Western Altepa Desert	???	object:v1:125:17289782	-670.697	-677.751	-8.438	842412922	114	Eastern Altepa Desert	379.256	-7.993	6.954	mission:Bastok:17:step-006,mission:Bastok:22:step-008,mission:Bastok:22:step-010,mission:Bastok:22:step-019	mesh-connected	78	2.429	0.000	1	1
125	Western Altepa Desert	???	object:v1:125:17289782	-670.697	-677.751	-8.438	875967354	114	Eastern Altepa Desert	-118.837	-500.499	-2.646	mission:Bastok:17:step-006,mission:Bastok:22:step-008,mission:Bastok:22:step-010,mission:Bastok:22:step-019	mesh-connected	57	2.207	0.000	1	1
125	Western Altepa Desert	???	object:v1:125:17289782	-670.697	-677.751	-8.438	880030842	173	Korroloka Tunnel	676.280	-99.425	12.742	mission:Bastok:17:step-006,mission:Bastok:22:step-008,mission:Bastok:22:step-010,mission:Bastok:22:step-019	mesh-connected	80	2.404	0.000	1	1
125	Western Altepa Desert	???	object:v1:125:17289782	-670.697	-677.751	-8.438	812987514	174	Kuftal Tunnel	-19.901	440.058	13.607	mission:Bastok:17:step-006,mission:Bastok:22:step-008,mission:Bastok:22:step-010,mission:Bastok:22:step-019	mesh-connected	67	2.014	0.000	1	1
125	Western Altepa Desert	???	object:v1:125:17289782	-670.697	-677.751	-8.438	879965562	208	Quicksand Caves	179.988	-281.511	16.043	mission:Bastok:17:step-006,mission:Bastok:22:step-008,mission:Bastok:22:step-010,mission:Bastok:22:step-019	mesh-connected	48	1.817	0.000	1	1
125	Western Altepa Desert	???	object:v1:125:17289782	-670.697	-677.751	-8.438	913519994	208	Quicksand Caves	-740.000	-761.537	-11.967	mission:Bastok:17:step-006,mission:Bastok:22:step-008,mission:Bastok:22:step-010,mission:Bastok:22:step-019	mesh-connected	46	1.848	0.000	1	1
125	Western Altepa Desert	???	object:v1:125:17289782	-670.697	-677.751	-8.438	1634940282	208	Quicksand Caves	-138.784	-332.049	8.934	mission:Bastok:17:step-006,mission:Bastok:22:step-008,mission:Bastok:22:step-010,mission:Bastok:22:step-019	mesh-no-path	1	634.620	0.000	1	1
125	Western Altepa Desert	???	object:v1:125:17289782	-670.697	-677.751	-8.438	1668494714	208	Quicksand Caves	-325.234	-220.852	8.777	mission:Bastok:17:step-006,mission:Bastok:22:step-008,mission:Bastok:22:step-010,mission:Bastok:22:step-019	mesh-no-path	1	573.060	0.000	1	1
125	Western Altepa Desert	???	object:v1:125:17289782	-670.697	-677.751	-8.438	1702049146	208	Quicksand Caves	220.071	13.230	14.204	mission:Bastok:17:step-006,mission:Bastok:22:step-008,mission:Bastok:22:step-010,mission:Bastok:22:step-019	mesh-no-path	1	1127.579	0.000	1	1
125	Western Altepa Desert	???	object:v1:125:17289782	-670.697	-677.751	-8.438	1735603578	208	Quicksand Caves	-20.001	201.725	23.951	mission:Bastok:17:step-006,mission:Bastok:22:step-008,mission:Bastok:22:step-010,mission:Bastok:22:step-019	mesh-no-path	1	1094.501	0.000	1	1
125	Western Altepa Desert	???	object:v1:125:17289782	-670.697	-677.751	-8.438	1769158010	208	Quicksand Caves	-844.734	-540.749	8.842	mission:Bastok:17:step-006,mission:Bastok:22:step-008,mission:Bastok:22:step-010,mission:Bastok:22:step-019	mesh-no-path	1	222.164	0.000	1	1
125	Western Altepa Desert	???	object:v1:125:17289782	-670.697	-677.751	-8.438	1802712442	208	Quicksand Caves	-883.969	-420.910	8.776	mission:Bastok:17:step-006,mission:Bastok:22:step-008,mission:Bastok:22:step-010,mission:Bastok:22:step-019	mesh-no-path	1	334.288	0.000	1	1
125	Western Altepa Desert	???	object:v1:125:17289782	-670.697	-677.751	-8.438	1836266874	208	Quicksand Caves	-379.069	186.901	14.444	mission:Bastok:17:step-006,mission:Bastok:22:step-008,mission:Bastok:22:step-010,mission:Bastok:22:step-019	mesh-no-path	1	912.794	0.000	1	1
125	Western Altepa Desert	???	object:v1:125:17289782	-670.697	-677.751	-8.438	1869821306	208	Quicksand Caves	-492.920	101.989	13.869	mission:Bastok:17:step-006,mission:Bastok:22:step-008,mission:Bastok:22:step-010,mission:Bastok:22:step-019	mesh-no-path	1	800.060	0.000	1	1
125	Western Altepa Desert	???	object:v1:125:17289782	-670.697	-677.751	-8.438	2004039034	208	Quicksand Caves	-283.003	299.964	15.913	mission:Bastok:17:step-006,mission:Bastok:22:step-008,mission:Bastok:22:step-010,mission:Bastok:22:step-019	mesh-connected	54	2.083	0.000	1	1
125	Western Altepa Desert	???	object:v1:125:17289782	-670.697	-677.751	-8.438	813053562	247	Rabao	419.969	359.802	5.699	mission:Bastok:17:step-006,mission:Bastok:22:step-008,mission:Bastok:22:step-010,mission:Bastok:22:step-019	mesh-connected	78	1.701	0.000	1	1
125	Western Altepa Desert	Cactuar	camp:v1:125:cactuar:0dd11c188fda6a5e7bd3	-176.568	-151.007	0.279	842412922	114	Eastern Altepa Desert	379.256	-7.993	6.954	mission:San d'Oria:17:step-012	mesh-connected	44	2.429	0.000	1	1
125	Western Altepa Desert	Cactuar	camp:v1:125:cactuar:0dd11c188fda6a5e7bd3	-176.568	-151.007	0.279	875967354	114	Eastern Altepa Desert	-118.837	-500.499	-2.646	mission:San d'Oria:17:step-012	mesh-connected	31	2.207	0.000	1	1
125	Western Altepa Desert	Cactuar	camp:v1:125:cactuar:0dd11c188fda6a5e7bd3	-176.568	-151.007	0.279	880030842	173	Korroloka Tunnel	676.280	-99.425	12.742	mission:San d'Oria:17:step-012	mesh-connected	47	2.404	0.000	1	1
125	Western Altepa Desert	Cactuar	camp:v1:125:cactuar:0dd11c188fda6a5e7bd3	-176.568	-151.007	0.279	812987514	174	Kuftal Tunnel	-19.901	440.058	13.607	mission:San d'Oria:17:step-012	mesh-connected	32	2.014	0.000	1	1
125	Western Altepa Desert	Cactuar	camp:v1:125:cactuar:0dd11c188fda6a5e7bd3	-176.568	-151.007	0.279	879965562	208	Quicksand Caves	179.988	-281.511	16.043	mission:San d'Oria:17:step-012	mesh-connected	17	1.817	0.000	1	1
125	Western Altepa Desert	Cactuar	camp:v1:125:cactuar:0dd11c188fda6a5e7bd3	-176.568	-151.007	0.279	913519994	208	Quicksand Caves	-740.000	-761.537	-11.967	mission:San d'Oria:17:step-012	mesh-connected	75	1.848	0.000	1	1
125	Western Altepa Desert	Cactuar	camp:v1:125:cactuar:0dd11c188fda6a5e7bd3	-176.568	-151.007	0.279	1634940282	208	Quicksand Caves	-138.784	-332.049	8.934	mission:San d'Oria:17:step-012	mesh-no-path	1	185.145	0.000	1	1
125	Western Altepa Desert	Cactuar	camp:v1:125:cactuar:0dd11c188fda6a5e7bd3	-176.568	-151.007	0.279	1668494714	208	Quicksand Caves	-325.234	-220.852	8.777	mission:San d'Oria:17:step-012	mesh-no-path	1	164.475	0.000	1	1
125	Western Altepa Desert	Cactuar	camp:v1:125:cactuar:0dd11c188fda6a5e7bd3	-176.568	-151.007	0.279	1702049146	208	Quicksand Caves	220.071	13.230	14.204	mission:San d'Oria:17:step-012	mesh-no-path	1	429.523	0.000	1	1
125	Western Altepa Desert	Cactuar	camp:v1:125:cactuar:0dd11c188fda6a5e7bd3	-176.568	-151.007	0.279	1735603578	208	Quicksand Caves	-20.001	201.725	23.951	mission:San d'Oria:17:step-012	mesh-no-path	1	386.644	0.000	1	1
125	Western Altepa Desert	Cactuar	camp:v1:125:cactuar:0dd11c188fda6a5e7bd3	-176.568	-151.007	0.279	1769158010	208	Quicksand Caves	-844.734	-540.749	8.842	mission:San d'Oria:17:step-012	mesh-no-path	1	773.575	0.000	1	1
125	Western Altepa Desert	Cactuar	camp:v1:125:cactuar:0dd11c188fda6a5e7bd3	-176.568	-151.007	0.279	1802712442	208	Quicksand Caves	-883.969	-420.910	8.776	mission:San d'Oria:17:step-012	mesh-no-path	1	757.190	0.000	1	1
125	Western Altepa Desert	Cactuar	camp:v1:125:cactuar:0dd11c188fda6a5e7bd3	-176.568	-151.007	0.279	1836266874	208	Quicksand Caves	-379.069	186.901	14.444	mission:San d'Oria:17:step-012	mesh-no-path	1	394.194	0.000	1	1
125	Western Altepa Desert	Cactuar	camp:v1:125:cactuar:0dd11c188fda6a5e7bd3	-176.568	-151.007	0.279	1869821306	208	Quicksand Caves	-492.920	101.989	13.869	mission:San d'Oria:17:step-012	mesh-no-path	1	405.303	0.000	1	1
125	Western Altepa Desert	Cactuar	camp:v1:125:cactuar:0dd11c188fda6a5e7bd3	-176.568	-151.007	0.279	2004039034	208	Quicksand Caves	-283.003	299.964	15.913	mission:San d'Oria:17:step-012	mesh-connected	20	2.083	0.000	1	1
125	Western Altepa Desert	Cactuar	camp:v1:125:cactuar:0dd11c188fda6a5e7bd3	-176.568	-151.007	0.279	813053562	247	Rabao	419.969	359.802	5.699	mission:San d'Oria:17:step-012	mesh-connected	44	1.701	0.000	1	1
125	Western Altepa Desert	Cactuar	camp:v1:125:cactuar:1fd6d6c5f74c91a6c3d9	-458.944	-557.266	0.018	842412922	114	Eastern Altepa Desert	379.256	-7.993	6.954	mission:San d'Oria:17:step-012	mesh-connected	65	2.429	0.000	1	1
125	Western Altepa Desert	Cactuar	camp:v1:125:cactuar:1fd6d6c5f74c91a6c3d9	-458.944	-557.266	0.018	875967354	114	Eastern Altepa Desert	-118.837	-500.499	-2.646	mission:San d'Oria:17:step-012	mesh-connected	44	2.207	0.000	1	1
125	Western Altepa Desert	Cactuar	camp:v1:125:cactuar:1fd6d6c5f74c91a6c3d9	-458.944	-557.266	0.018	880030842	173	Korroloka Tunnel	676.280	-99.425	12.742	mission:San d'Oria:17:step-012	mesh-connected	67	2.404	0.000	1	1
125	Western Altepa Desert	Cactuar	camp:v1:125:cactuar:1fd6d6c5f74c91a6c3d9	-458.944	-557.266	0.018	812987514	174	Kuftal Tunnel	-19.901	440.058	13.607	mission:San d'Oria:17:step-012	mesh-connected	54	2.014	0.000	1	1
125	Western Altepa Desert	Cactuar	camp:v1:125:cactuar:1fd6d6c5f74c91a6c3d9	-458.944	-557.266	0.018	879965562	208	Quicksand Caves	179.988	-281.511	16.043	mission:San d'Oria:17:step-012	mesh-connected	37	1.817	0.000	1	1
125	Western Altepa Desert	Cactuar	camp:v1:125:cactuar:1fd6d6c5f74c91a6c3d9	-458.944	-557.266	0.018	913519994	208	Quicksand Caves	-740.000	-761.537	-11.967	mission:San d'Oria:17:step-012	mesh-connected	48	1.848	0.000	1	1
125	Western Altepa Desert	Cactuar	camp:v1:125:cactuar:1fd6d6c5f74c91a6c3d9	-458.944	-557.266	0.018	1634940282	208	Quicksand Caves	-138.784	-332.049	8.934	mission:San d'Oria:17:step-012	mesh-no-path	1	391.541	0.000	1	1
125	Western Altepa Desert	Cactuar	camp:v1:125:cactuar:1fd6d6c5f74c91a6c3d9	-458.944	-557.266	0.018	1668494714	208	Quicksand Caves	-325.234	-220.852	8.777	mission:San d'Oria:17:step-012	mesh-no-path	1	362.118	0.000	1	1
125	Western Altepa Desert	Cactuar	camp:v1:125:cactuar:1fd6d6c5f74c91a6c3d9	-458.944	-557.266	0.018	1702049146	208	Quicksand Caves	220.071	13.230	14.204	mission:San d'Oria:17:step-012	mesh-no-path	1	886.977	0.000	1	1
125	Western Altepa Desert	Cactuar	camp:v1:125:cactuar:1fd6d6c5f74c91a6c3d9	-458.944	-557.266	0.018	1735603578	208	Quicksand Caves	-20.001	201.725	23.951	mission:San d'Oria:17:step-012	mesh-no-path	1	877.104	0.000	1	1
125	Western Altepa Desert	Cactuar	camp:v1:125:cactuar:1fd6d6c5f74c91a6c3d9	-458.944	-557.266	0.018	1769158010	208	Quicksand Caves	-844.734	-540.749	8.842	mission:San d'Oria:17:step-012	mesh-no-path	1	386.244	0.000	1	1
125	Western Altepa Desert	Cactuar	camp:v1:125:cactuar:1fd6d6c5f74c91a6c3d9	-458.944	-557.266	0.018	1802712442	208	Quicksand Caves	-883.969	-420.910	8.776	mission:San d'Oria:17:step-012	mesh-no-path	1	446.448	0.000	1	1
125	Western Altepa Desert	Cactuar	camp:v1:125:cactuar:1fd6d6c5f74c91a6c3d9	-458.944	-557.266	0.018	1836266874	208	Quicksand Caves	-379.069	186.901	14.444	mission:San d'Oria:17:step-012	mesh-no-path	1	748.580	0.000	1	1
125	Western Altepa Desert	Cactuar	camp:v1:125:cactuar:1fd6d6c5f74c91a6c3d9	-458.944	-557.266	0.018	1869821306	208	Quicksand Caves	-492.920	101.989	13.869	mission:San d'Oria:17:step-012	mesh-no-path	1	660.275	0.000	1	1
125	Western Altepa Desert	Cactuar	camp:v1:125:cactuar:1fd6d6c5f74c91a6c3d9	-458.944	-557.266	0.018	2004039034	208	Quicksand Caves	-283.003	299.964	15.913	mission:San d'Oria:17:step-012	mesh-connected	41	2.083	0.000	1	1
125	Western Altepa Desert	Cactuar	camp:v1:125:cactuar:1fd6d6c5f74c91a6c3d9	-458.944	-557.266	0.018	813053562	247	Rabao	419.969	359.802	5.699	mission:San d'Oria:17:step-012	mesh-connected	65	1.701	0.000	1	1
125	Western Altepa Desert	Cactuar	camp:v1:125:cactuar:303728f6749a6f88afed	-399.618	72.013	-0.335	842412922	114	Eastern Altepa Desert	379.256	-7.993	6.954	mission:San d'Oria:17:step-012	mesh-connected	35	2.429	0.000	1	1
125	Western Altepa Desert	Cactuar	camp:v1:125:cactuar:303728f6749a6f88afed	-399.618	72.013	-0.335	875967354	114	Eastern Altepa Desert	-118.837	-500.499	-2.646	mission:San d'Oria:17:step-012	mesh-connected	40	2.207	0.000	1	1
125	Western Altepa Desert	Cactuar	camp:v1:125:cactuar:303728f6749a6f88afed	-399.618	72.013	-0.335	880030842	173	Korroloka Tunnel	676.280	-99.425	12.742	mission:San d'Oria:17:step-012	mesh-connected	37	2.404	0.000	1	1
125	Western Altepa Desert	Cactuar	camp:v1:125:cactuar:303728f6749a6f88afed	-399.618	72.013	-0.335	812987514	174	Kuftal Tunnel	-19.901	440.058	13.607	mission:San d'Oria:17:step-012	mesh-connected	21	2.014	0.000	1	1
125	Western Altepa Desert	Cactuar	camp:v1:125:cactuar:303728f6749a6f88afed	-399.618	72.013	-0.335	879965562	208	Quicksand Caves	179.988	-281.511	16.043	mission:San d'Oria:17:step-012	mesh-connected	15	1.817	0.000	1	1
125	Western Altepa Desert	Cactuar	camp:v1:125:cactuar:303728f6749a6f88afed	-399.618	72.013	-0.335	913519994	208	Quicksand Caves	-740.000	-761.537	-11.967	mission:San d'Oria:17:step-012	mesh-connected	80	1.848	0.000	1	1
125	Western Altepa Desert	Cactuar	camp:v1:125:cactuar:303728f6749a6f88afed	-399.618	72.013	-0.335	1634940282	208	Quicksand Caves	-138.784	-332.049	8.934	mission:San d'Oria:17:step-012	mesh-no-path	1	481.026	0.000	1	1
125	Western Altepa Desert	Cactuar	camp:v1:125:cactuar:303728f6749a6f88afed	-399.618	72.013	-0.335	1668494714	208	Quicksand Caves	-325.234	-220.852	8.777	mission:San d'Oria:17:step-012	mesh-no-path	1	302.301	0.000	1	1
125	Western Altepa Desert	Cactuar	camp:v1:125:cactuar:303728f6749a6f88afed	-399.618	72.013	-0.335	1702049146	208	Quicksand Caves	220.071	13.230	14.204	mission:San d'Oria:17:step-012	mesh-no-path	1	622.641	0.000	1	1
125	Western Altepa Desert	Cactuar	camp:v1:125:cactuar:303728f6749a6f88afed	-399.618	72.013	-0.335	1735603578	208	Quicksand Caves	-20.001	201.725	23.951	mission:San d'Oria:17:step-012	mesh-no-path	1	401.901	0.000	1	1
125	Western Altepa Desert	Cactuar	camp:v1:125:cactuar:303728f6749a6f88afed	-399.618	72.013	-0.335	1769158010	208	Quicksand Caves	-844.734	-540.749	8.842	mission:San d'Oria:17:step-012	mesh-no-path	1	757.423	0.000	1	1
125	Western Altepa Desert	Cactuar	camp:v1:125:cactuar:303728f6749a6f88afed	-399.618	72.013	-0.335	1802712442	208	Quicksand Caves	-883.969	-420.910	8.776	mission:San d'Oria:17:step-012	mesh-no-path	1	691.124	0.000	1	1
125	Western Altepa Desert	Cactuar	camp:v1:125:cactuar:303728f6749a6f88afed	-399.618	72.013	-0.335	1836266874	208	Quicksand Caves	-379.069	186.901	14.444	mission:San d'Oria:17:step-012	mesh-no-path	1	117.643	0.000	1	1
125	Western Altepa Desert	Cactuar	camp:v1:125:cactuar:303728f6749a6f88afed	-399.618	72.013	-0.335	1869821306	208	Quicksand Caves	-492.920	101.989	13.869	mission:San d'Oria:17:step-012	mesh-no-path	1	99.023	0.000	1	1
125	Western Altepa Desert	Cactuar	camp:v1:125:cactuar:303728f6749a6f88afed	-399.618	72.013	-0.335	2004039034	208	Quicksand Caves	-283.003	299.964	15.913	mission:San d'Oria:17:step-012	mesh-connected	11	2.083	0.000	1	1
125	Western Altepa Desert	Cactuar	camp:v1:125:cactuar:303728f6749a6f88afed	-399.618	72.013	-0.335	813053562	247	Rabao	419.969	359.802	5.699	mission:San d'Oria:17:step-012	mesh-connected	40	1.701	0.000	1	1
125	Western Altepa Desert	Cactuar	camp:v1:125:cactuar:3cc6333c14f61540c4d5	-366.263	-392.583	-1.477	842412922	114	Eastern Altepa Desert	379.256	-7.993	6.954	mission:San d'Oria:17:step-012	mesh-connected	54	2.429	0.000	1	1
125	Western Altepa Desert	Cactuar	camp:v1:125:cactuar:3cc6333c14f61540c4d5	-366.263	-392.583	-1.477	875967354	114	Eastern Altepa Desert	-118.837	-500.499	-2.646	mission:San d'Oria:17:step-012	mesh-connected	33	2.207	0.000	1	1
125	Western Altepa Desert	Cactuar	camp:v1:125:cactuar:3cc6333c14f61540c4d5	-366.263	-392.583	-1.477	880030842	173	Korroloka Tunnel	676.280	-99.425	12.742	mission:San d'Oria:17:step-012	mesh-connected	57	2.404	0.000	1	1
125	Western Altepa Desert	Cactuar	camp:v1:125:cactuar:3cc6333c14f61540c4d5	-366.263	-392.583	-1.477	812987514	174	Kuftal Tunnel	-19.901	440.058	13.607	mission:San d'Oria:17:step-012	mesh-connected	43	2.014	0.000	1	1
125	Western Altepa Desert	Cactuar	camp:v1:125:cactuar:3cc6333c14f61540c4d5	-366.263	-392.583	-1.477	879965562	208	Quicksand Caves	179.988	-281.511	16.043	mission:San d'Oria:17:step-012	mesh-connected	27	1.817	0.000	1	1
125	Western Altepa Desert	Cactuar	camp:v1:125:cactuar:3cc6333c14f61540c4d5	-366.263	-392.583	-1.477	913519994	208	Quicksand Caves	-740.000	-761.537	-11.967	mission:San d'Oria:17:step-012	mesh-connected	69	1.848	0.000	1	1
125	Western Altepa Desert	Cactuar	camp:v1:125:cactuar:3cc6333c14f61540c4d5	-366.263	-392.583	-1.477	1634940282	208	Quicksand Caves	-138.784	-332.049	8.934	mission:San d'Oria:17:step-012	mesh-no-path	1	235.626	0.000	1	1
125	Western Altepa Desert	Cactuar	camp:v1:125:cactuar:3cc6333c14f61540c4d5	-366.263	-392.583	-1.477	1668494714	208	Quicksand Caves	-325.234	-220.852	8.777	mission:San d'Oria:17:step-012	mesh-no-path	1	176.862	0.000	1	1
125	Western Altepa Desert	Cactuar	camp:v1:125:cactuar:3cc6333c14f61540c4d5	-366.263	-392.583	-1.477	1702049146	208	Quicksand Caves	220.071	13.230	14.204	mission:San d'Oria:17:step-012	mesh-no-path	1	713.244	0.000	1	1
125	Western Altepa Desert	Cactuar	camp:v1:125:cactuar:3cc6333c14f61540c4d5	-366.263	-392.583	-1.477	1735603578	208	Quicksand Caves	-20.001	201.725	23.951	mission:San d'Oria:17:step-012	mesh-no-path	1	688.292	0.000	1	1
125	Western Altepa Desert	Cactuar	camp:v1:125:cactuar:3cc6333c14f61540c4d5	-366.263	-392.583	-1.477	1769158010	208	Quicksand Caves	-844.734	-540.749	8.842	mission:San d'Oria:17:step-012	mesh-no-path	1	500.993	0.000	1	1
125	Western Altepa Desert	Cactuar	camp:v1:125:cactuar:3cc6333c14f61540c4d5	-366.263	-392.583	-1.477	1802712442	208	Quicksand Caves	-883.969	-420.910	8.776	mission:San d'Oria:17:step-012	mesh-no-path	1	518.582	0.000	1	1
125	Western Altepa Desert	Cactuar	camp:v1:125:cactuar:3cc6333c14f61540c4d5	-366.263	-392.583	-1.477	1836266874	208	Quicksand Caves	-379.069	186.901	14.444	mission:San d'Oria:17:step-012	mesh-no-path	1	579.844	0.000	1	1
125	Western Altepa Desert	Cactuar	camp:v1:125:cactuar:3cc6333c14f61540c4d5	-366.263	-392.583	-1.477	1869821306	208	Quicksand Caves	-492.920	101.989	13.869	mission:San d'Oria:17:step-012	mesh-no-path	1	510.763	0.000	1	1
125	Western Altepa Desert	Cactuar	camp:v1:125:cactuar:3cc6333c14f61540c4d5	-366.263	-392.583	-1.477	2004039034	208	Quicksand Caves	-283.003	299.964	15.913	mission:San d'Oria:17:step-012	mesh-connected	30	2.083	0.000	1	1
125	Western Altepa Desert	Cactuar	camp:v1:125:cactuar:3cc6333c14f61540c4d5	-366.263	-392.583	-1.477	813053562	247	Rabao	419.969	359.802	5.699	mission:San d'Oria:17:step-012	mesh-connected	54	1.701	0.000	1	1
125	Western Altepa Desert	Cactuar	camp:v1:125:cactuar:59e3ce91b3ee30c2ebbb	432.964	330.306	-2.630	842412922	114	Eastern Altepa Desert	379.256	-7.993	6.954	mission:San d'Oria:17:step-012	mesh-connected	20	2.429	0.000	1	1
125	Western Altepa Desert	Cactuar	camp:v1:125:cactuar:59e3ce91b3ee30c2ebbb	432.964	330.306	-2.630	875967354	114	Eastern Altepa Desert	-118.837	-500.499	-2.646	mission:San d'Oria:17:step-012	mesh-connected	55	2.207	0.000	1	1
125	Western Altepa Desert	Cactuar	camp:v1:125:cactuar:59e3ce91b3ee30c2ebbb	432.964	330.306	-2.630	880030842	173	Korroloka Tunnel	676.280	-99.425	12.742	mission:San d'Oria:17:step-012	mesh-connected	28	2.404	0.000	1	1
125	Western Altepa Desert	Cactuar	camp:v1:125:cactuar:59e3ce91b3ee30c2ebbb	432.964	330.306	-2.630	812987514	174	Kuftal Tunnel	-19.901	440.058	13.607	mission:San d'Oria:17:step-012	mesh-connected	43	2.014	0.000	1	1
125	Western Altepa Desert	Cactuar	camp:v1:125:cactuar:59e3ce91b3ee30c2ebbb	432.964	330.306	-2.630	879965562	208	Quicksand Caves	179.988	-281.511	16.043	mission:San d'Oria:17:step-012	mesh-connected	36	1.817	0.000	1	1
125	Western Altepa Desert	Cactuar	camp:v1:125:cactuar:59e3ce91b3ee30c2ebbb	432.964	330.306	-2.630	913519994	208	Quicksand Caves	-740.000	-761.537	-11.967	mission:San d'Oria:17:step-012	mesh-connected	93	1.848	0.000	1	1
125	Western Altepa Desert	Cactuar	camp:v1:125:cactuar:59e3ce91b3ee30c2ebbb	432.964	330.306	-2.630	1634940282	208	Quicksand Caves	-138.784	-332.049	8.934	mission:San d'Oria:17:step-012	mesh-no-path	1	875.068	0.000	1	1
125	Western Altepa Desert	Cactuar	camp:v1:125:cactuar:59e3ce91b3ee30c2ebbb	432.964	330.306	-2.630	1668494714	208	Quicksand Caves	-325.234	-220.852	8.777	mission:San d'Oria:17:step-012	mesh-no-path	1	937.427	0.000	1	1
125	Western Altepa Desert	Cactuar	camp:v1:125:cactuar:59e3ce91b3ee30c2ebbb	432.964	330.306	-2.630	1702049146	208	Quicksand Caves	220.071	13.230	14.204	mission:San d'Oria:17:step-012	mesh-no-path	1	382.288	0.000	1	1
125	Western Altepa Desert	Cactuar	camp:v1:125:cactuar:59e3ce91b3ee30c2ebbb	432.964	330.306	-2.630	1735603578	208	Quicksand Caves	-20.001	201.725	23.951	mission:San d'Oria:17:step-012	mesh-no-path	1	471.611	0.000	1	1
125	Western Altepa Desert	Cactuar	camp:v1:125:cactuar:59e3ce91b3ee30c2ebbb	432.964	330.306	-2.630	1769158010	208	Quicksand Caves	-844.734	-540.749	8.842	mission:San d'Oria:17:step-012	mesh-no-path	1	1546.409	0.000	1	1
125	Western Altepa Desert	Cactuar	camp:v1:125:cactuar:59e3ce91b3ee30c2ebbb	432.964	330.306	-2.630	1802712442	208	Quicksand Caves	-883.969	-420.910	8.776	mission:San d'Oria:17:step-012	mesh-no-path	1	1516.169	0.000	1	1
125	Western Altepa Desert	Cactuar	camp:v1:125:cactuar:59e3ce91b3ee30c2ebbb	432.964	330.306	-2.630	1836266874	208	Quicksand Caves	-379.069	186.901	14.444	mission:San d'Oria:17:step-012	mesh-no-path	1	824.775	0.000	1	1
125	Western Altepa Desert	Cactuar	camp:v1:125:cactuar:59e3ce91b3ee30c2ebbb	432.964	330.306	-2.630	1869821306	208	Quicksand Caves	-492.920	101.989	13.869	mission:San d'Oria:17:step-012	mesh-no-path	1	953.762	0.000	1	1
125	Western Altepa Desert	Cactuar	camp:v1:125:cactuar:59e3ce91b3ee30c2ebbb	432.964	330.306	-2.630	2004039034	208	Quicksand Caves	-283.003	299.964	15.913	mission:San d'Oria:17:step-012	mesh-connected	28	2.083	0.000	1	1
125	Western Altepa Desert	Cactuar	camp:v1:125:cactuar:59e3ce91b3ee30c2ebbb	432.964	330.306	-2.630	813053562	247	Rabao	419.969	359.802	5.699	mission:San d'Oria:17:step-012	mesh-connected	13	1.701	0.000	1	1
125	Western Altepa Desert	Cactuar	camp:v1:125:cactuar:637eb542332b05093fb8	570.214	213.596	-1.212	842412922	114	Eastern Altepa Desert	379.256	-7.993	6.954	mission:San d'Oria:17:step-012	mesh-connected	18	2.429	0.000	1	1
125	Western Altepa Desert	Cactuar	camp:v1:125:cactuar:637eb542332b05093fb8	570.214	213.596	-1.212	875967354	114	Eastern Altepa Desert	-118.837	-500.499	-2.646	mission:San d'Oria:17:step-012	mesh-connected	56	2.207	0.000	1	1
125	Western Altepa Desert	Cactuar	camp:v1:125:cactuar:637eb542332b05093fb8	570.214	213.596	-1.212	880030842	173	Korroloka Tunnel	676.280	-99.425	12.742	mission:San d'Oria:17:step-012	mesh-connected	23	2.404	0.000	1	1
125	Western Altepa Desert	Cactuar	camp:v1:125:cactuar:637eb542332b05093fb8	570.214	213.596	-1.212	812987514	174	Kuftal Tunnel	-19.901	440.058	13.607	mission:San d'Oria:17:step-012	mesh-connected	42	2.014	0.000	1	1
125	Western Altepa Desert	Cactuar	camp:v1:125:cactuar:637eb542332b05093fb8	570.214	213.596	-1.212	879965562	208	Quicksand Caves	179.988	-281.511	16.043	mission:San d'Oria:17:step-012	mesh-connected	34	1.817	0.000	1	1
125	Western Altepa Desert	Cactuar	camp:v1:125:cactuar:637eb542332b05093fb8	570.214	213.596	-1.212	913519994	208	Quicksand Caves	-740.000	-761.537	-11.967	mission:San d'Oria:17:step-012	mesh-connected	93	1.848	0.000	1	1
125	Western Altepa Desert	Cactuar	camp:v1:125:cactuar:637eb542332b05093fb8	570.214	213.596	-1.212	1634940282	208	Quicksand Caves	-138.784	-332.049	8.934	mission:San d'Oria:17:step-012	mesh-no-path	1	894.712	0.000	1	1
125	Western Altepa Desert	Cactuar	camp:v1:125:cactuar:637eb542332b05093fb8	570.214	213.596	-1.212	1668494714	208	Quicksand Caves	-325.234	-220.852	8.777	mission:San d'Oria:17:step-012	mesh-no-path	1	995.325	0.000	1	1
125	Western Altepa Desert	Cactuar	camp:v1:125:cactuar:637eb542332b05093fb8	570.214	213.596	-1.212	1702049146	208	Quicksand Caves	220.071	13.230	14.204	mission:San d'Oria:17:step-012	mesh-no-path	1	403.713	0.000	1	1
125	Western Altepa Desert	Cactuar	camp:v1:125:cactuar:637eb542332b05093fb8	570.214	213.596	-1.212	1735603578	208	Quicksand Caves	-20.001	201.725	23.951	mission:San d'Oria:17:step-012	mesh-no-path	1	590.870	0.000	1	1
125	Western Altepa Desert	Cactuar	camp:v1:125:cactuar:637eb542332b05093fb8	570.214	213.596	-1.212	1769158010	208	Quicksand Caves	-844.734	-540.749	8.842	mission:San d'Oria:17:step-012	mesh-no-path	1	1603.501	0.000	1	1
125	Western Altepa Desert	Cactuar	camp:v1:125:cactuar:637eb542332b05093fb8	570.214	213.596	-1.212	1802712442	208	Quicksand Caves	-883.969	-420.910	8.776	mission:San d'Oria:17:step-012	mesh-no-path	1	1586.615	0.000	1	1
125	Western Altepa Desert	Cactuar	camp:v1:125:cactuar:637eb542332b05093fb8	570.214	213.596	-1.212	1836266874	208	Quicksand Caves	-379.069	186.901	14.444	mission:San d'Oria:17:step-012	mesh-no-path	1	949.787	0.000	1	1
125	Western Altepa Desert	Cactuar	camp:v1:125:cactuar:637eb542332b05093fb8	570.214	213.596	-1.212	1869821306	208	Quicksand Caves	-492.920	101.989	13.869	mission:San d'Oria:17:step-012	mesh-no-path	1	1069.083	0.000	1	1
125	Western Altepa Desert	Cactuar	camp:v1:125:cactuar:637eb542332b05093fb8	570.214	213.596	-1.212	2004039034	208	Quicksand Caves	-283.003	299.964	15.913	mission:San d'Oria:17:step-012	mesh-connected	27	2.083	0.000	1	1
125	Western Altepa Desert	Cactuar	camp:v1:125:cactuar:637eb542332b05093fb8	570.214	213.596	-1.212	813053562	247	Rabao	419.969	359.802	5.699	mission:San d'Oria:17:step-012	mesh-connected	23	1.701	0.000	1	1
125	Western Altepa Desert	Cactuar	camp:v1:125:cactuar:677d9c68df8a1fdf7036	-71.377	231.910	-0.086	842412922	114	Eastern Altepa Desert	379.256	-7.993	6.954	mission:San d'Oria:17:step-012	mesh-connected	32	2.429	0.000	1	1
125	Western Altepa Desert	Cactuar	camp:v1:125:cactuar:677d9c68df8a1fdf7036	-71.377	231.910	-0.086	875967354	114	Eastern Altepa Desert	-118.837	-500.499	-2.646	mission:San d'Oria:17:step-012	mesh-connected	43	2.207	0.000	1	1
125	Western Altepa Desert	Cactuar	camp:v1:125:cactuar:677d9c68df8a1fdf7036	-71.377	231.910	-0.086	880030842	173	Korroloka Tunnel	676.280	-99.425	12.742	mission:San d'Oria:17:step-012	mesh-connected	34	2.404	0.000	1	1
125	Western Altepa Desert	Cactuar	camp:v1:125:cactuar:677d9c68df8a1fdf7036	-71.377	231.910	-0.086	812987514	174	Kuftal Tunnel	-19.901	440.058	13.607	mission:San d'Oria:17:step-012	mesh-connected	20	2.014	0.000	1	1
125	Western Altepa Desert	Cactuar	camp:v1:125:cactuar:677d9c68df8a1fdf7036	-71.377	231.910	-0.086	879965562	208	Quicksand Caves	179.988	-281.511	16.043	mission:San d'Oria:17:step-012	mesh-connected	12	1.817	0.000	1	1
125	Western Altepa Desert	Cactuar	camp:v1:125:cactuar:677d9c68df8a1fdf7036	-71.377	231.910	-0.086	913519994	208	Quicksand Caves	-740.000	-761.537	-11.967	mission:San d'Oria:17:step-012	mesh-connected	92	1.848	0.000	1	1
125	Western Altepa Desert	Cactuar	camp:v1:125:cactuar:677d9c68df8a1fdf7036	-71.377	231.910	-0.086	1634940282	208	Quicksand Caves	-138.784	-332.049	8.934	mission:San d'Oria:17:step-012	mesh-no-path	1	568.045	0.000	1	1
125	Western Altepa Desert	Cactuar	camp:v1:125:cactuar:677d9c68df8a1fdf7036	-71.377	231.910	-0.086	1668494714	208	Quicksand Caves	-325.234	-220.852	8.777	mission:San d'Oria:17:step-012	mesh-no-path	1	519.149	0.000	1	1
125	Western Altepa Desert	Cactuar	camp:v1:125:cactuar:677d9c68df8a1fdf7036	-71.377	231.910	-0.086	1702049146	208	Quicksand Caves	220.071	13.230	14.204	mission:San d'Oria:17:step-012	mesh-no-path	1	364.647	0.000	1	1
125	Western Altepa Desert	Cactuar	camp:v1:125:cactuar:677d9c68df8a1fdf7036	-71.377	231.910	-0.086	1735603578	208	Quicksand Caves	-20.001	201.725	23.951	mission:San d'Oria:17:step-012	mesh-no-path	1	64.253	0.000	1	1
125	Western Altepa Desert	Cactuar	camp:v1:125:cactuar:677d9c68df8a1fdf7036	-71.377	231.910	-0.086	1769158010	208	Quicksand Caves	-844.734	-540.749	8.842	mission:San d'Oria:17:step-012	mesh-no-path	1	1093.235	0.000	1	1
125	Western Altepa Desert	Cactuar	camp:v1:125:cactuar:677d9c68df8a1fdf7036	-71.377	231.910	-0.086	1802712442	208	Quicksand Caves	-883.969	-420.910	8.776	mission:San d'Oria:17:step-012	mesh-no-path	1	1042.381	0.000	1	1
125	Western Altepa Desert	Cactuar	camp:v1:125:cactuar:677d9c68df8a1fdf7036	-71.377	231.910	-0.086	1836266874	208	Quicksand Caves	-379.069	186.901	14.444	mission:San d'Oria:17:step-012	mesh-no-path	1	311.306	0.000	1	1
125	Western Altepa Desert	Cactuar	camp:v1:125:cactuar:677d9c68df8a1fdf7036	-71.377	231.910	-0.086	1869821306	208	Quicksand Caves	-492.920	101.989	13.869	mission:San d'Oria:17:step-012	mesh-no-path	1	441.331	0.000	1	1
125	Western Altepa Desert	Cactuar	camp:v1:125:cactuar:677d9c68df8a1fdf7036	-71.377	231.910	-0.086	2004039034	208	Quicksand Caves	-283.003	299.964	15.913	mission:San d'Oria:17:step-012	mesh-connected	8	2.083	0.000	1	1
125	Western Altepa Desert	Cactuar	camp:v1:125:cactuar:677d9c68df8a1fdf7036	-71.377	231.910	-0.086	813053562	247	Rabao	419.969	359.802	5.699	mission:San d'Oria:17:step-012	mesh-connected	38	1.701	0.000	1	1
125	Western Altepa Desert	Cactuar	camp:v1:125:cactuar:7b524e86d0c382d9e1b5	241.933	115.813	-0.534	842412922	114	Eastern Altepa Desert	379.256	-7.993	6.954	mission:San d'Oria:17:step-012	mesh-connected	27	2.429	0.000	1	1
125	Western Altepa Desert	Cactuar	camp:v1:125:cactuar:7b524e86d0c382d9e1b5	241.933	115.813	-0.534	875967354	114	Eastern Altepa Desert	-118.837	-500.499	-2.646	mission:San d'Oria:17:step-012	mesh-connected	46	2.207	0.000	1	1
125	Western Altepa Desert	Cactuar	camp:v1:125:cactuar:7b524e86d0c382d9e1b5	241.933	115.813	-0.534	880030842	173	Korroloka Tunnel	676.280	-99.425	12.742	mission:San d'Oria:17:step-012	mesh-connected	29	2.404	0.000	1	1
125	Western Altepa Desert	Cactuar	camp:v1:125:cactuar:7b524e86d0c382d9e1b5	241.933	115.813	-0.534	812987514	174	Kuftal Tunnel	-19.901	440.058	13.607	mission:San d'Oria:17:step-012	mesh-connected	24	2.014	0.000	1	1
125	Western Altepa Desert	Cactuar	camp:v1:125:cactuar:7b524e86d0c382d9e1b5	241.933	115.813	-0.534	879965562	208	Quicksand Caves	179.988	-281.511	16.043	mission:San d'Oria:17:step-012	mesh-connected	22	1.817	0.000	1	1
125	Western Altepa Desert	Cactuar	camp:v1:125:cactuar:7b524e86d0c382d9e1b5	241.933	115.813	-0.534	913519994	208	Quicksand Caves	-740.000	-761.537	-11.967	mission:San d'Oria:17:step-012	mesh-connected	84	1.848	0.000	1	1
125	Western Altepa Desert	Cactuar	camp:v1:125:cactuar:7b524e86d0c382d9e1b5	241.933	115.813	-0.534	1634940282	208	Quicksand Caves	-138.784	-332.049	8.934	mission:San d'Oria:17:step-012	mesh-no-path	1	587.891	0.000	1	1
125	Western Altepa Desert	Cactuar	camp:v1:125:cactuar:7b524e86d0c382d9e1b5	241.933	115.813	-0.534	1668494714	208	Quicksand Caves	-325.234	-220.852	8.777	mission:San d'Oria:17:step-012	mesh-no-path	1	659.627	0.000	1	1
125	Western Altepa Desert	Cactuar	camp:v1:125:cactuar:7b524e86d0c382d9e1b5	241.933	115.813	-0.534	1702049146	208	Quicksand Caves	220.071	13.230	14.204	mission:San d'Oria:17:step-012	mesh-no-path	1	105.917	0.000	1	1
125	Western Altepa Desert	Cactuar	camp:v1:125:cactuar:7b524e86d0c382d9e1b5	241.933	115.813	-0.534	1735603578	208	Quicksand Caves	-20.001	201.725	23.951	mission:San d'Oria:17:step-012	mesh-no-path	1	276.749	0.000	1	1
125	Western Altepa Desert	Cactuar	camp:v1:125:cactuar:7b524e86d0c382d9e1b5	241.933	115.813	-0.534	1769158010	208	Quicksand Caves	-844.734	-540.749	8.842	mission:San d'Oria:17:step-012	mesh-no-path	1	1269.648	0.000	1	1
125	Western Altepa Desert	Cactuar	camp:v1:125:cactuar:7b524e86d0c382d9e1b5	241.933	115.813	-0.534	1802712442	208	Quicksand Caves	-883.969	-420.910	8.776	mission:San d'Oria:17:step-012	mesh-no-path	1	1247.323	0.000	1	1
125	Western Altepa Desert	Cactuar	camp:v1:125:cactuar:7b524e86d0c382d9e1b5	241.933	115.813	-0.534	1836266874	208	Quicksand Caves	-379.069	186.901	14.444	mission:San d'Oria:17:step-012	mesh-no-path	1	625.237	0.000	1	1
125	Western Altepa Desert	Cactuar	camp:v1:125:cactuar:7b524e86d0c382d9e1b5	241.933	115.813	-0.534	1869821306	208	Quicksand Caves	-492.920	101.989	13.869	mission:San d'Oria:17:step-012	mesh-no-path	1	735.124	0.000	1	1
125	Western Altepa Desert	Cactuar	camp:v1:125:cactuar:7b524e86d0c382d9e1b5	241.933	115.813	-0.534	2004039034	208	Quicksand Caves	-283.003	299.964	15.913	mission:San d'Oria:17:step-012	mesh-connected	13	2.083	0.000	1	1
125	Western Altepa Desert	Cactuar	camp:v1:125:cactuar:7b524e86d0c382d9e1b5	241.933	115.813	-0.534	813053562	247	Rabao	419.969	359.802	5.699	mission:San d'Oria:17:step-012	mesh-connected	26	1.701	0.000	1	1
125	Western Altepa Desert	Cactuar	camp:v1:125:cactuar:7d75568a8577e9bea81d	10.979	73.713	-0.006	842412922	114	Eastern Altepa Desert	379.256	-7.993	6.954	mission:San d'Oria:17:step-012	mesh-connected	35	2.429	0.000	1	1
125	Western Altepa Desert	Cactuar	camp:v1:125:cactuar:7d75568a8577e9bea81d	10.979	73.713	-0.006	875967354	114	Eastern Altepa Desert	-118.837	-500.499	-2.646	mission:San d'Oria:17:step-012	mesh-connected	37	2.207	0.000	1	1
125	Western Altepa Desert	Cactuar	camp:v1:125:cactuar:7d75568a8577e9bea81d	10.979	73.713	-0.006	880030842	173	Korroloka Tunnel	676.280	-99.425	12.742	mission:San d'Oria:17:step-012	mesh-connected	37	2.404	0.000	1	1
125	Western Altepa Desert	Cactuar	camp:v1:125:cactuar:7d75568a8577e9bea81d	10.979	73.713	-0.006	812987514	174	Kuftal Tunnel	-19.901	440.058	13.607	mission:San d'Oria:17:step-012	mesh-connected	23	2.014	0.000	1	1
125	Western Altepa Desert	Cactuar	camp:v1:125:cactuar:7d75568a8577e9bea81d	10.979	73.713	-0.006	879965562	208	Quicksand Caves	179.988	-281.511	16.043	mission:San d'Oria:17:step-012	mesh-connected	10	1.817	0.000	1	1
125	Western Altepa Desert	Cactuar	camp:v1:125:cactuar:7d75568a8577e9bea81d	10.979	73.713	-0.006	913519994	208	Quicksand Caves	-740.000	-761.537	-11.967	mission:San d'Oria:17:step-012	mesh-connected	79	1.848	0.000	1	1
125	Western Altepa Desert	Cactuar	camp:v1:125:cactuar:7d75568a8577e9bea81d	10.979	73.713	-0.006	1634940282	208	Quicksand Caves	-138.784	-332.049	8.934	mission:San d'Oria:17:step-012	mesh-no-path	1	432.610	0.000	1	1
125	Western Altepa Desert	Cactuar	camp:v1:125:cactuar:7d75568a8577e9bea81d	10.979	73.713	-0.006	1668494714	208	Quicksand Caves	-325.234	-220.852	8.777	mission:San d'Oria:17:step-012	mesh-no-path	1	447.085	0.000	1	1
125	Western Altepa Desert	Cactuar	camp:v1:125:cactuar:7d75568a8577e9bea81d	10.979	73.713	-0.006	1702049146	208	Quicksand Caves	220.071	13.230	14.204	mission:San d'Oria:17:step-012	mesh-no-path	1	218.127	0.000	1	1
125	Western Altepa Desert	Cactuar	camp:v1:125:cactuar:7d75568a8577e9bea81d	10.979	73.713	-0.006	1735603578	208	Quicksand Caves	-20.001	201.725	23.951	mission:San d'Oria:17:step-012	mesh-no-path	1	133.868	0.000	1	1
125	Western Altepa Desert	Cactuar	camp:v1:125:cactuar:7d75568a8577e9bea81d	10.979	73.713	-0.006	1769158010	208	Quicksand Caves	-844.734	-540.749	8.842	mission:San d'Oria:17:step-012	mesh-no-path	1	1053.512	0.000	1	1
125	Western Altepa Desert	Cactuar	camp:v1:125:cactuar:7d75568a8577e9bea81d	10.979	73.713	-0.006	1802712442	208	Quicksand Caves	-883.969	-420.910	8.776	mission:San d'Oria:17:step-012	mesh-no-path	1	1022.576	0.000	1	1
125	Western Altepa Desert	Cactuar	camp:v1:125:cactuar:7d75568a8577e9bea81d	10.979	73.713	-0.006	1836266874	208	Quicksand Caves	-379.069	186.901	14.444	mission:San d'Oria:17:step-012	mesh-no-path	1	406.396	0.000	1	1
125	Western Altepa Desert	Cactuar	camp:v1:125:cactuar:7d75568a8577e9bea81d	10.979	73.713	-0.006	1869821306	208	Quicksand Caves	-492.920	101.989	13.869	mission:San d'Oria:17:step-012	mesh-no-path	1	504.882	0.000	1	1
125	Western Altepa Desert	Cactuar	camp:v1:125:cactuar:7d75568a8577e9bea81d	10.979	73.713	-0.006	2004039034	208	Quicksand Caves	-283.003	299.964	15.913	mission:San d'Oria:17:step-012	mesh-connected	11	2.083	0.000	1	1
125	Western Altepa Desert	Cactuar	camp:v1:125:cactuar:7d75568a8577e9bea81d	10.979	73.713	-0.006	813053562	247	Rabao	419.969	359.802	5.699	mission:San d'Oria:17:step-012	mesh-connected	36	1.701	0.000	1	1
125	Western Altepa Desert	Cactuar	camp:v1:125:cactuar:80e0561c4e6c234e3b6d	-328.251	-119.047	-0.239	842412922	114	Eastern Altepa Desert	379.256	-7.993	6.954	mission:San d'Oria:17:step-012	mesh-connected	40	2.429	0.000	1	1
125	Western Altepa Desert	Cactuar	camp:v1:125:cactuar:80e0561c4e6c234e3b6d	-328.251	-119.047	-0.239	875967354	114	Eastern Altepa Desert	-118.837	-500.499	-2.646	mission:San d'Oria:17:step-012	mesh-connected	46	2.207	0.000	1	1
125	Western Altepa Desert	Cactuar	camp:v1:125:cactuar:80e0561c4e6c234e3b6d	-328.251	-119.047	-0.239	880030842	173	Korroloka Tunnel	676.280	-99.425	12.742	mission:San d'Oria:17:step-012	mesh-connected	43	2.404	0.000	1	1
125	Western Altepa Desert	Cactuar	camp:v1:125:cactuar:80e0561c4e6c234e3b6d	-328.251	-119.047	-0.239	812987514	174	Kuftal Tunnel	-19.901	440.058	13.607	mission:San d'Oria:17:step-012	mesh-connected	34	2.014	0.000	1	1
125	Western Altepa Desert	Cactuar	camp:v1:125:cactuar:80e0561c4e6c234e3b6d	-328.251	-119.047	-0.239	879965562	208	Quicksand Caves	179.988	-281.511	16.043	mission:San d'Oria:17:step-012	mesh-connected	16	1.817	0.000	1	1
125	Western Altepa Desert	Cactuar	camp:v1:125:cactuar:80e0561c4e6c234e3b6d	-328.251	-119.047	-0.239	913519994	208	Quicksand Caves	-740.000	-761.537	-11.967	mission:San d'Oria:17:step-012	mesh-connected	84	1.848	0.000	1	1
125	Western Altepa Desert	Cactuar	camp:v1:125:cactuar:80e0561c4e6c234e3b6d	-328.251	-119.047	-0.239	1634940282	208	Quicksand Caves	-138.784	-332.049	8.934	mission:San d'Oria:17:step-012	mesh-no-path	1	285.222	0.000	1	1
125	Western Altepa Desert	Cactuar	camp:v1:125:cactuar:80e0561c4e6c234e3b6d	-328.251	-119.047	-0.239	1668494714	208	Quicksand Caves	-325.234	-220.852	8.777	mission:San d'Oria:17:step-012	mesh-no-path	1	102.248	0.000	1	1
125	Western Altepa Desert	Cactuar	camp:v1:125:cactuar:80e0561c4e6c234e3b6d	-328.251	-119.047	-0.239	1702049146	208	Quicksand Caves	220.071	13.230	14.204	mission:San d'Oria:17:step-012	mesh-no-path	1	564.237	0.000	1	1
125	Western Altepa Desert	Cactuar	camp:v1:125:cactuar:80e0561c4e6c234e3b6d	-328.251	-119.047	-0.239	1735603578	208	Quicksand Caves	-20.001	201.725	23.951	mission:San d'Oria:17:step-012	mesh-no-path	1	445.531	0.000	1	1
125	Western Altepa Desert	Cactuar	camp:v1:125:cactuar:80e0561c4e6c234e3b6d	-328.251	-119.047	-0.239	1769158010	208	Quicksand Caves	-844.734	-540.749	8.842	mission:San d'Oria:17:step-012	mesh-no-path	1	666.836	0.000	1	1
125	Western Altepa Desert	Cactuar	camp:v1:125:cactuar:80e0561c4e6c234e3b6d	-328.251	-119.047	-0.239	1802712442	208	Quicksand Caves	-883.969	-420.910	8.776	mission:San d'Oria:17:step-012	mesh-no-path	1	632.475	0.000	1	1
125	Western Altepa Desert	Cactuar	camp:v1:125:cactuar:80e0561c4e6c234e3b6d	-328.251	-119.047	-0.239	1836266874	208	Quicksand Caves	-379.069	186.901	14.444	mission:San d'Oria:17:step-012	mesh-no-path	1	310.487	0.000	1	1
125	Western Altepa Desert	Cactuar	camp:v1:125:cactuar:80e0561c4e6c234e3b6d	-328.251	-119.047	-0.239	1869821306	208	Quicksand Caves	-492.920	101.989	13.869	mission:San d'Oria:17:step-012	mesh-no-path	1	275.992	0.000	1	1
125	Western Altepa Desert	Cactuar	camp:v1:125:cactuar:80e0561c4e6c234e3b6d	-328.251	-119.047	-0.239	2004039034	208	Quicksand Caves	-283.003	299.964	15.913	mission:San d'Oria:17:step-012	mesh-connected	12	2.083	0.000	1	1
125	Western Altepa Desert	Cactuar	camp:v1:125:cactuar:80e0561c4e6c234e3b6d	-328.251	-119.047	-0.239	813053562	247	Rabao	419.969	359.802	5.699	mission:San d'Oria:17:step-012	mesh-connected	41	1.701	0.000	1	1
125	Western Altepa Desert	Cactuar	camp:v1:125:cactuar:89c467c8725f18616ec0	-238.342	-674.394	-0.385	842412922	114	Eastern Altepa Desert	379.256	-7.993	6.954	mission:San d'Oria:17:step-012	mesh-connected	54	2.429	0.000	1	1
125	Western Altepa Desert	Cactuar	camp:v1:125:cactuar:89c467c8725f18616ec0	-238.342	-674.394	-0.385	875967354	114	Eastern Altepa Desert	-118.837	-500.499	-2.646	mission:San d'Oria:17:step-012	mesh-connected	36	2.207	0.000	1	1
125	Western Altepa Desert	Cactuar	camp:v1:125:cactuar:89c467c8725f18616ec0	-238.342	-674.394	-0.385	880030842	173	Korroloka Tunnel	676.280	-99.425	12.742	mission:San d'Oria:17:step-012	mesh-connected	59	2.404	0.000	1	1
125	Western Altepa Desert	Cactuar	camp:v1:125:cactuar:89c467c8725f18616ec0	-238.342	-674.394	-0.385	812987514	174	Kuftal Tunnel	-19.901	440.058	13.607	mission:San d'Oria:17:step-012	mesh-connected	36	2.014	0.000	1	1
125	Western Altepa Desert	Cactuar	camp:v1:125:cactuar:89c467c8725f18616ec0	-238.342	-674.394	-0.385	879965562	208	Quicksand Caves	179.988	-281.511	16.043	mission:San d'Oria:17:step-012	mesh-connected	28	1.817	0.000	1	1
125	Western Altepa Desert	Cactuar	camp:v1:125:cactuar:89c467c8725f18616ec0	-238.342	-674.394	-0.385	913519994	208	Quicksand Caves	-740.000	-761.537	-11.967	mission:San d'Oria:17:step-012	mesh-connected	58	1.848	0.000	1	1
125	Western Altepa Desert	Cactuar	camp:v1:125:cactuar:89c467c8725f18616ec0	-238.342	-674.394	-0.385	1634940282	208	Quicksand Caves	-138.784	-332.049	8.934	mission:San d'Oria:17:step-012	mesh-no-path	1	356.649	0.000	1	1
125	Western Altepa Desert	Cactuar	camp:v1:125:cactuar:89c467c8725f18616ec0	-238.342	-674.394	-0.385	1668494714	208	Quicksand Caves	-325.234	-220.852	8.777	mission:San d'Oria:17:step-012	mesh-no-path	1	461.881	0.000	1	1
125	Western Altepa Desert	Cactuar	camp:v1:125:cactuar:89c467c8725f18616ec0	-238.342	-674.394	-0.385	1702049146	208	Quicksand Caves	220.071	13.230	14.204	mission:San d'Oria:17:step-012	mesh-no-path	1	826.548	0.000	1	1
125	Western Altepa Desert	Cactuar	camp:v1:125:cactuar:89c467c8725f18616ec0	-238.342	-674.394	-0.385	1735603578	208	Quicksand Caves	-20.001	201.725	23.951	mission:San d'Oria:17:step-012	mesh-no-path	1	903.244	0.000	1	1
125	Western Altepa Desert	Cactuar	camp:v1:125:cactuar:89c467c8725f18616ec0	-238.342	-674.394	-0.385	1769158010	208	Quicksand Caves	-844.734	-540.749	8.842	mission:San d'Oria:17:step-012	mesh-no-path	1	621.013	0.000	1	1
125	Western Altepa Desert	Cactuar	camp:v1:125:cactuar:89c467c8725f18616ec0	-238.342	-674.394	-0.385	1802712442	208	Quicksand Caves	-883.969	-420.910	8.776	mission:San d'Oria:17:step-012	mesh-no-path	1	693.666	0.000	1	1
125	Western Altepa Desert	Cactuar	camp:v1:125:cactuar:89c467c8725f18616ec0	-238.342	-674.394	-0.385	1836266874	208	Quicksand Caves	-379.069	186.901	14.444	mission:San d'Oria:17:step-012	mesh-no-path	1	872.842	0.000	1	1
125	Western Altepa Desert	Cactuar	camp:v1:125:cactuar:89c467c8725f18616ec0	-238.342	-674.394	-0.385	1869821306	208	Quicksand Caves	-492.920	101.989	13.869	mission:San d'Oria:17:step-012	mesh-no-path	1	817.180	0.000	1	1
125	Western Altepa Desert	Cactuar	camp:v1:125:cactuar:89c467c8725f18616ec0	-238.342	-674.394	-0.385	2004039034	208	Quicksand Caves	-283.003	299.964	15.913	mission:San d'Oria:17:step-012	mesh-connected	32	2.083	0.000	1	1
125	Western Altepa Desert	Cactuar	camp:v1:125:cactuar:89c467c8725f18616ec0	-238.342	-674.394	-0.385	813053562	247	Rabao	419.969	359.802	5.699	mission:San d'Oria:17:step-012	mesh-connected	52	1.701	0.000	1	1
125	Western Altepa Desert	Cactuar	camp:v1:125:cactuar:90eaff32ac06fe2eba7c	-523.909	-83.232	-0.410	842412922	114	Eastern Altepa Desert	379.256	-7.993	6.954	mission:San d'Oria:17:step-012	mesh-connected	39	2.429	0.000	1	1
125	Western Altepa Desert	Cactuar	camp:v1:125:cactuar:90eaff32ac06fe2eba7c	-523.909	-83.232	-0.410	875967354	114	Eastern Altepa Desert	-118.837	-500.499	-2.646	mission:San d'Oria:17:step-012	mesh-connected	41	2.207	0.000	1	1
125	Western Altepa Desert	Cactuar	camp:v1:125:cactuar:90eaff32ac06fe2eba7c	-523.909	-83.232	-0.410	880030842	173	Korroloka Tunnel	676.280	-99.425	12.742	mission:San d'Oria:17:step-012	mesh-connected	42	2.404	0.000	1	1
125	Western Altepa Desert	Cactuar	camp:v1:125:cactuar:90eaff32ac06fe2eba7c	-523.909	-83.232	-0.410	812987514	174	Kuftal Tunnel	-19.901	440.058	13.607	mission:San d'Oria:17:step-012	mesh-connected	25	2.014	0.000	1	1
125	Western Altepa Desert	Cactuar	camp:v1:125:cactuar:90eaff32ac06fe2eba7c	-523.909	-83.232	-0.410	879965562	208	Quicksand Caves	179.988	-281.511	16.043	mission:San d'Oria:17:step-012	mesh-connected	27	1.817	0.000	1	1
125	Western Altepa Desert	Cactuar	camp:v1:125:cactuar:90eaff32ac06fe2eba7c	-523.909	-83.232	-0.410	913519994	208	Quicksand Caves	-740.000	-761.537	-11.967	mission:San d'Oria:17:step-012	mesh-connected	91	1.848	0.000	1	1
125	Western Altepa Desert	Cactuar	camp:v1:125:cactuar:90eaff32ac06fe2eba7c	-523.909	-83.232	-0.410	1634940282	208	Quicksand Caves	-138.784	-332.049	8.934	mission:San d'Oria:17:step-012	mesh-no-path	1	458.605	0.000	1	1
125	Western Altepa Desert	Cactuar	camp:v1:125:cactuar:90eaff32ac06fe2eba7c	-523.909	-83.232	-0.410	1668494714	208	Quicksand Caves	-325.234	-220.852	8.777	mission:San d'Oria:17:step-012	mesh-no-path	1	241.858	0.000	1	1
125	Western Altepa Desert	Cactuar	camp:v1:125:cactuar:90eaff32ac06fe2eba7c	-523.909	-83.232	-0.410	1702049146	208	Quicksand Caves	220.071	13.230	14.204	mission:San d'Oria:17:step-012	mesh-no-path	1	750.350	0.000	1	1
125	Western Altepa Desert	Cactuar	camp:v1:125:cactuar:90eaff32ac06fe2eba7c	-523.909	-83.232	-0.410	1735603578	208	Quicksand Caves	-20.001	201.725	23.951	mission:San d'Oria:17:step-012	mesh-no-path	1	579.411	0.000	1	1
125	Western Altepa Desert	Cactuar	camp:v1:125:cactuar:90eaff32ac06fe2eba7c	-523.909	-83.232	-0.410	1769158010	208	Quicksand Caves	-844.734	-540.749	8.842	mission:San d'Oria:17:step-012	mesh-no-path	1	558.870	0.000	1	1
125	Western Altepa Desert	Cactuar	camp:v1:125:cactuar:90eaff32ac06fe2eba7c	-523.909	-83.232	-0.410	1802712442	208	Quicksand Caves	-883.969	-420.910	8.776	mission:San d'Oria:17:step-012	mesh-no-path	1	493.715	0.000	1	1
125	Western Altepa Desert	Cactuar	camp:v1:125:cactuar:90eaff32ac06fe2eba7c	-523.909	-83.232	-0.410	1836266874	208	Quicksand Caves	-379.069	186.901	14.444	mission:San d'Oria:17:step-012	mesh-no-path	1	306.873	0.000	1	1
125	Western Altepa Desert	Cactuar	camp:v1:125:cactuar:90eaff32ac06fe2eba7c	-523.909	-83.232	-0.410	1869821306	208	Quicksand Caves	-492.920	101.989	13.869	mission:San d'Oria:17:step-012	mesh-no-path	1	188.338	0.000	1	1
125	Western Altepa Desert	Cactuar	camp:v1:125:cactuar:90eaff32ac06fe2eba7c	-523.909	-83.232	-0.410	2004039034	208	Quicksand Caves	-283.003	299.964	15.913	mission:San d'Oria:17:step-012	mesh-connected	14	2.083	0.000	1	1
125	Western Altepa Desert	Cactuar	camp:v1:125:cactuar:90eaff32ac06fe2eba7c	-523.909	-83.232	-0.410	813053562	247	Rabao	419.969	359.802	5.699	mission:San d'Oria:17:step-012	mesh-connected	40	1.701	0.000	1	1
125	Western Altepa Desert	Cactuar	camp:v1:125:cactuar:990d980c3aefe869471d	-53.000	396.000	-0.030	842412922	114	Eastern Altepa Desert	379.256	-7.993	6.954	mission:San d'Oria:17:step-012	mesh-connected	44	2.429	0.000	1	1
125	Western Altepa Desert	Cactuar	camp:v1:125:cactuar:990d980c3aefe869471d	-53.000	396.000	-0.030	875967354	114	Eastern Altepa Desert	-118.837	-500.499	-2.646	mission:San d'Oria:17:step-012	mesh-connected	48	2.207	0.000	1	1
125	Western Altepa Desert	Cactuar	camp:v1:125:cactuar:990d980c3aefe869471d	-53.000	396.000	-0.030	880030842	173	Korroloka Tunnel	676.280	-99.425	12.742	mission:San d'Oria:17:step-012	mesh-connected	47	2.404	0.000	1	1
125	Western Altepa Desert	Cactuar	camp:v1:125:cactuar:990d980c3aefe869471d	-53.000	396.000	-0.030	812987514	174	Kuftal Tunnel	-19.901	440.058	13.607	mission:San d'Oria:17:step-012	mesh-connected	16	2.014	0.000	1	1
125	Western Altepa Desert	Cactuar	camp:v1:125:cactuar:990d980c3aefe869471d	-53.000	396.000	-0.030	879965562	208	Quicksand Caves	179.988	-281.511	16.043	mission:San d'Oria:17:step-012	mesh-connected	16	1.817	0.000	1	1
125	Western Altepa Desert	Cactuar	camp:v1:125:cactuar:990d980c3aefe869471d	-53.000	396.000	-0.030	913519994	208	Quicksand Caves	-740.000	-761.537	-11.967	mission:San d'Oria:17:step-012	mesh-connected	98	1.848	0.000	1	1
125	Western Altepa Desert	Cactuar	camp:v1:125:cactuar:990d980c3aefe869471d	-53.000	396.000	-0.030	1634940282	208	Quicksand Caves	-138.784	-332.049	8.934	mission:San d'Oria:17:step-012	mesh-no-path	1	733.140	0.000	1	1
125	Western Altepa Desert	Cactuar	camp:v1:125:cactuar:990d980c3aefe869471d	-53.000	396.000	-0.030	1668494714	208	Quicksand Caves	-325.234	-220.852	8.777	mission:San d'Oria:17:step-012	mesh-no-path	1	674.311	0.000	1	1
125	Western Altepa Desert	Cactuar	camp:v1:125:cactuar:990d980c3aefe869471d	-53.000	396.000	-0.030	1702049146	208	Quicksand Caves	220.071	13.230	14.204	mission:San d'Oria:17:step-012	mesh-no-path	1	470.408	0.000	1	1
125	Western Altepa Desert	Cactuar	camp:v1:125:cactuar:990d980c3aefe869471d	-53.000	396.000	-0.030	1735603578	208	Quicksand Caves	-20.001	201.725	23.951	mission:San d'Oria:17:step-012	mesh-no-path	1	198.511	0.000	1	1
125	Western Altepa Desert	Cactuar	camp:v1:125:cactuar:990d980c3aefe869471d	-53.000	396.000	-0.030	1769158010	208	Quicksand Caves	-844.734	-540.749	8.842	mission:San d'Oria:17:step-012	mesh-no-path	1	1226.548	0.000	1	1
125	Western Altepa Desert	Cactuar	camp:v1:125:cactuar:990d980c3aefe869471d	-53.000	396.000	-0.030	1802712442	208	Quicksand Caves	-883.969	-420.910	8.776	mission:San d'Oria:17:step-012	mesh-no-path	1	1165.302	0.000	1	1
125	Western Altepa Desert	Cactuar	camp:v1:125:cactuar:990d980c3aefe869471d	-53.000	396.000	-0.030	1836266874	208	Quicksand Caves	-379.069	186.901	14.444	mission:San d'Oria:17:step-012	mesh-no-path	1	387.625	0.000	1	1
125	Western Altepa Desert	Cactuar	camp:v1:125:cactuar:990d980c3aefe869471d	-53.000	396.000	-0.030	1869821306	208	Quicksand Caves	-492.920	101.989	13.869	mission:San d'Oria:17:step-012	mesh-no-path	1	529.306	0.000	1	1
125	Western Altepa Desert	Cactuar	camp:v1:125:cactuar:990d980c3aefe869471d	-53.000	396.000	-0.030	2004039034	208	Quicksand Caves	-283.003	299.964	15.913	mission:San d'Oria:17:step-012	mesh-connected	19	2.083	0.000	1	1
125	Western Altepa Desert	Cactuar	camp:v1:125:cactuar:990d980c3aefe869471d	-53.000	396.000	-0.030	813053562	247	Rabao	419.969	359.802	5.699	mission:San d'Oria:17:step-012	mesh-connected	49	1.701	0.000	1	1
125	Western Altepa Desert	Cactuar	camp:v1:125:cactuar:99e4082f79ae67a68c6b	133.321	231.377	-0.760	842412922	114	Eastern Altepa Desert	379.256	-7.993	6.954	mission:San d'Oria:17:step-012	mesh-connected	39	2.429	0.000	1	1
125	Western Altepa Desert	Cactuar	camp:v1:125:cactuar:99e4082f79ae67a68c6b	133.321	231.377	-0.760	875967354	114	Eastern Altepa Desert	-118.837	-500.499	-2.646	mission:San d'Oria:17:step-012	mesh-connected	38	2.207	0.000	1	1
125	Western Altepa Desert	Cactuar	camp:v1:125:cactuar:99e4082f79ae67a68c6b	133.321	231.377	-0.760	880030842	173	Korroloka Tunnel	676.280	-99.425	12.742	mission:San d'Oria:17:step-012	mesh-connected	43	2.404	0.000	1	1
125	Western Altepa Desert	Cactuar	camp:v1:125:cactuar:99e4082f79ae67a68c6b	133.321	231.377	-0.760	812987514	174	Kuftal Tunnel	-19.901	440.058	13.607	mission:San d'Oria:17:step-012	mesh-connected	25	2.014	0.000	1	1
125	Western Altepa Desert	Cactuar	camp:v1:125:cactuar:99e4082f79ae67a68c6b	133.321	231.377	-0.760	879965562	208	Quicksand Caves	179.988	-281.511	16.043	mission:San d'Oria:17:step-012	mesh-connected	19	1.817	0.000	1	1
125	Western Altepa Desert	Cactuar	camp:v1:125:cactuar:99e4082f79ae67a68c6b	133.321	231.377	-0.760	913519994	208	Quicksand Caves	-740.000	-761.537	-11.967	mission:San d'Oria:17:step-012	mesh-connected	79	1.848	0.000	1	1
125	Western Altepa Desert	Cactuar	camp:v1:125:cactuar:99e4082f79ae67a68c6b	133.321	231.377	-0.760	1634940282	208	Quicksand Caves	-138.784	-332.049	8.934	mission:San d'Oria:17:step-012	mesh-no-path	1	625.767	0.000	1	1
125	Western Altepa Desert	Cactuar	camp:v1:125:cactuar:99e4082f79ae67a68c6b	133.321	231.377	-0.760	1668494714	208	Quicksand Caves	-325.234	-220.852	8.777	mission:San d'Oria:17:step-012	mesh-no-path	1	644.108	0.000	1	1
125	Western Altepa Desert	Cactuar	camp:v1:125:cactuar:99e4082f79ae67a68c6b	133.321	231.377	-0.760	1702049146	208	Quicksand Caves	220.071	13.230	14.204	mission:San d'Oria:17:step-012	mesh-no-path	1	235.239	0.000	1	1
125	Western Altepa Desert	Cactuar	camp:v1:125:cactuar:99e4082f79ae67a68c6b	133.321	231.377	-0.760	1735603578	208	Quicksand Caves	-20.001	201.725	23.951	mission:San d'Oria:17:step-012	mesh-no-path	1	158.106	0.000	1	1
125	Western Altepa Desert	Cactuar	camp:v1:125:cactuar:99e4082f79ae67a68c6b	133.321	231.377	-0.760	1769158010	208	Quicksand Caves	-844.734	-540.749	8.842	mission:San d'Oria:17:step-012	mesh-no-path	1	1246.139	0.000	1	1
125	Western Altepa Desert	Cactuar	camp:v1:125:cactuar:99e4082f79ae67a68c6b	133.321	231.377	-0.760	1802712442	208	Quicksand Caves	-883.969	-420.910	8.776	mission:San d'Oria:17:step-012	mesh-no-path	1	1208.490	0.000	1	1
125	Western Altepa Desert	Cactuar	camp:v1:125:cactuar:99e4082f79ae67a68c6b	133.321	231.377	-0.760	1836266874	208	Quicksand Caves	-379.069	186.901	14.444	mission:San d'Oria:17:step-012	mesh-no-path	1	514.541	0.000	1	1
125	Western Altepa Desert	Cactuar	camp:v1:125:cactuar:99e4082f79ae67a68c6b	133.321	231.377	-0.760	1869821306	208	Quicksand Caves	-492.920	101.989	13.869	mission:San d'Oria:17:step-012	mesh-no-path	1	639.635	0.000	1	1
125	Western Altepa Desert	Cactuar	camp:v1:125:cactuar:99e4082f79ae67a68c6b	133.321	231.377	-0.760	2004039034	208	Quicksand Caves	-283.003	299.964	15.913	mission:San d'Oria:17:step-012	mesh-connected	11	2.083	0.000	1	1
125	Western Altepa Desert	Cactuar	camp:v1:125:cactuar:99e4082f79ae67a68c6b	133.321	231.377	-0.760	813053562	247	Rabao	419.969	359.802	5.699	mission:San d'Oria:17:step-012	mesh-connected	46	1.701	0.000	1	1
125	Western Altepa Desert	Cactuar	camp:v1:125:cactuar:aa4569803425a606cb60	-488.307	275.177	-1.414	842412922	114	Eastern Altepa Desert	379.256	-7.993	6.954	mission:San d'Oria:17:step-012	mesh-connected	34	2.429	0.000	1	1
125	Western Altepa Desert	Cactuar	camp:v1:125:cactuar:aa4569803425a606cb60	-488.307	275.177	-1.414	875967354	114	Eastern Altepa Desert	-118.837	-500.499	-2.646	mission:San d'Oria:17:step-012	mesh-connected	47	2.207	0.000	1	1
125	Western Altepa Desert	Cactuar	camp:v1:125:cactuar:aa4569803425a606cb60	-488.307	275.177	-1.414	880030842	173	Korroloka Tunnel	676.280	-99.425	12.742	mission:San d'Oria:17:step-012	mesh-connected	36	2.404	0.000	1	1
125	Western Altepa Desert	Cactuar	camp:v1:125:cactuar:aa4569803425a606cb60	-488.307	275.177	-1.414	812987514	174	Kuftal Tunnel	-19.901	440.058	13.607	mission:San d'Oria:17:step-012	mesh-connected	29	2.014	0.000	1	1
125	Western Altepa Desert	Cactuar	camp:v1:125:cactuar:aa4569803425a606cb60	-488.307	275.177	-1.414	879965562	208	Quicksand Caves	179.988	-281.511	16.043	mission:San d'Oria:17:step-012	mesh-connected	20	1.817	0.000	1	1
125	Western Altepa Desert	Cactuar	camp:v1:125:cactuar:aa4569803425a606cb60	-488.307	275.177	-1.414	913519994	208	Quicksand Caves	-740.000	-761.537	-11.967	mission:San d'Oria:17:step-012	mesh-connected	85	1.848	0.000	1	1
125	Western Altepa Desert	Cactuar	camp:v1:125:cactuar:aa4569803425a606cb60	-488.307	275.177	-1.414	1634940282	208	Quicksand Caves	-138.784	-332.049	8.934	mission:San d'Oria:17:step-012	mesh-no-path	1	700.712	0.000	1	1
125	Western Altepa Desert	Cactuar	camp:v1:125:cactuar:aa4569803425a606cb60	-488.307	275.177	-1.414	1668494714	208	Quicksand Caves	-325.234	-220.852	8.777	mission:San d'Oria:17:step-012	mesh-no-path	1	522.247	0.000	1	1
125	Western Altepa Desert	Cactuar	camp:v1:125:cactuar:aa4569803425a606cb60	-488.307	275.177	-1.414	1702049146	208	Quicksand Caves	220.071	13.230	14.204	mission:San d'Oria:17:step-012	mesh-no-path	1	755.420	0.000	1	1
125	Western Altepa Desert	Cactuar	camp:v1:125:cactuar:aa4569803425a606cb60	-488.307	275.177	-1.414	1735603578	208	Quicksand Caves	-20.001	201.725	23.951	mission:San d'Oria:17:step-012	mesh-no-path	1	474.709	0.000	1	1
125	Western Altepa Desert	Cactuar	camp:v1:125:cactuar:aa4569803425a606cb60	-488.307	275.177	-1.414	1769158010	208	Quicksand Caves	-844.734	-540.749	8.842	mission:San d'Oria:17:step-012	mesh-no-path	1	890.438	0.000	1	1
125	Western Altepa Desert	Cactuar	camp:v1:125:cactuar:aa4569803425a606cb60	-488.307	275.177	-1.414	1802712442	208	Quicksand Caves	-883.969	-420.910	8.776	mission:San d'Oria:17:step-012	mesh-no-path	1	800.743	0.000	1	1
125	Western Altepa Desert	Cactuar	camp:v1:125:cactuar:aa4569803425a606cb60	-488.307	275.177	-1.414	1836266874	208	Quicksand Caves	-379.069	186.901	14.444	mission:San d'Oria:17:step-012	mesh-no-path	1	141.340	0.000	1	1
125	Western Altepa Desert	Cactuar	camp:v1:125:cactuar:aa4569803425a606cb60	-488.307	275.177	-1.414	1869821306	208	Quicksand Caves	-492.920	101.989	13.869	mission:San d'Oria:17:step-012	mesh-no-path	1	173.922	0.000	1	1
125	Western Altepa Desert	Cactuar	camp:v1:125:cactuar:aa4569803425a606cb60	-488.307	275.177	-1.414	2004039034	208	Quicksand Caves	-283.003	299.964	15.913	mission:San d'Oria:17:step-012	mesh-connected	13	2.083	0.000	1	1
125	Western Altepa Desert	Cactuar	camp:v1:125:cactuar:aa4569803425a606cb60	-488.307	275.177	-1.414	813053562	247	Rabao	419.969	359.802	5.699	mission:San d'Oria:17:step-012	mesh-connected	39	1.701	0.000	1	1
125	Western Altepa Desert	Cactuar	camp:v1:125:cactuar:ab72a3696433ace9b115	-274.656	-521.873	-0.341	842412922	114	Eastern Altepa Desert	379.256	-7.993	6.954	mission:San d'Oria:17:step-012	mesh-connected	54	2.429	0.000	1	1
125	Western Altepa Desert	Cactuar	camp:v1:125:cactuar:ab72a3696433ace9b115	-274.656	-521.873	-0.341	875967354	114	Eastern Altepa Desert	-118.837	-500.499	-2.646	mission:San d'Oria:17:step-012	mesh-connected	35	2.207	0.000	1	1
125	Western Altepa Desert	Cactuar	camp:v1:125:cactuar:ab72a3696433ace9b115	-274.656	-521.873	-0.341	880030842	173	Korroloka Tunnel	676.280	-99.425	12.742	mission:San d'Oria:17:step-012	mesh-connected	57	2.404	0.000	1	1
125	Western Altepa Desert	Cactuar	camp:v1:125:cactuar:ab72a3696433ace9b115	-274.656	-521.873	-0.341	812987514	174	Kuftal Tunnel	-19.901	440.058	13.607	mission:San d'Oria:17:step-012	mesh-connected	34	2.014	0.000	1	1
125	Western Altepa Desert	Cactuar	camp:v1:125:cactuar:ab72a3696433ace9b115	-274.656	-521.873	-0.341	879965562	208	Quicksand Caves	179.988	-281.511	16.043	mission:San d'Oria:17:step-012	mesh-connected	27	1.817	0.000	1	1
125	Western Altepa Desert	Cactuar	camp:v1:125:cactuar:ab72a3696433ace9b115	-274.656	-521.873	-0.341	913519994	208	Quicksand Caves	-740.000	-761.537	-11.967	mission:San d'Oria:17:step-012	mesh-connected	55	1.848	0.000	1	1
125	Western Altepa Desert	Cactuar	camp:v1:125:cactuar:ab72a3696433ace9b115	-274.656	-521.873	-0.341	1634940282	208	Quicksand Caves	-138.784	-332.049	8.934	mission:San d'Oria:17:step-012	mesh-no-path	1	233.624	0.000	1	1
125	Western Altepa Desert	Cactuar	camp:v1:125:cactuar:ab72a3696433ace9b115	-274.656	-521.873	-0.341	1668494714	208	Quicksand Caves	-325.234	-220.852	8.777	mission:San d'Oria:17:step-012	mesh-no-path	1	305.377	0.000	1	1
125	Western Altepa Desert	Cactuar	camp:v1:125:cactuar:ab72a3696433ace9b115	-274.656	-521.873	-0.341	1702049146	208	Quicksand Caves	220.071	13.230	14.204	mission:San d'Oria:17:step-012	mesh-no-path	1	728.904	0.000	1	1
125	Western Altepa Desert	Cactuar	camp:v1:125:cactuar:ab72a3696433ace9b115	-274.656	-521.873	-0.341	1735603578	208	Quicksand Caves	-20.001	201.725	23.951	mission:San d'Oria:17:step-012	mesh-no-path	1	767.485	0.000	1	1
125	Western Altepa Desert	Cactuar	camp:v1:125:cactuar:ab72a3696433ace9b115	-274.656	-521.873	-0.341	1769158010	208	Quicksand Caves	-844.734	-540.749	8.842	mission:San d'Oria:17:step-012	mesh-no-path	1	570.464	0.000	1	1
125	Western Altepa Desert	Cactuar	camp:v1:125:cactuar:ab72a3696433ace9b115	-274.656	-521.873	-0.341	1802712442	208	Quicksand Caves	-883.969	-420.910	8.776	mission:San d'Oria:17:step-012	mesh-no-path	1	617.688	0.000	1	1
125	Western Altepa Desert	Cactuar	camp:v1:125:cactuar:ab72a3696433ace9b115	-274.656	-521.873	-0.341	1836266874	208	Quicksand Caves	-379.069	186.901	14.444	mission:San d'Oria:17:step-012	mesh-no-path	1	716.576	0.000	1	1
125	Western Altepa Desert	Cactuar	camp:v1:125:cactuar:ab72a3696433ace9b115	-274.656	-521.873	-0.341	1869821306	208	Quicksand Caves	-492.920	101.989	13.869	mission:San d'Oria:17:step-012	mesh-no-path	1	661.094	0.000	1	1
125	Western Altepa Desert	Cactuar	camp:v1:125:cactuar:ab72a3696433ace9b115	-274.656	-521.873	-0.341	2004039034	208	Quicksand Caves	-283.003	299.964	15.913	mission:San d'Oria:17:step-012	mesh-connected	31	2.083	0.000	1	1
125	Western Altepa Desert	Cactuar	camp:v1:125:cactuar:ab72a3696433ace9b115	-274.656	-521.873	-0.341	813053562	247	Rabao	419.969	359.802	5.699	mission:San d'Oria:17:step-012	mesh-connected	55	1.701	0.000	1	1
125	Western Altepa Desert	Cactuar	camp:v1:125:cactuar:c859be0400cd5d02b502	351.000	185.000	-0.030	842412922	114	Eastern Altepa Desert	379.256	-7.993	6.954	mission:San d'Oria:17:step-012	mesh-connected	20	2.429	0.000	1	1
125	Western Altepa Desert	Cactuar	camp:v1:125:cactuar:c859be0400cd5d02b502	351.000	185.000	-0.030	875967354	114	Eastern Altepa Desert	-118.837	-500.499	-2.646	mission:San d'Oria:17:step-012	mesh-connected	53	2.207	0.000	1	1
125	Western Altepa Desert	Cactuar	camp:v1:125:cactuar:c859be0400cd5d02b502	351.000	185.000	-0.030	880030842	173	Korroloka Tunnel	676.280	-99.425	12.742	mission:San d'Oria:17:step-012	mesh-connected	21	2.404	0.000	1	1
125	Western Altepa Desert	Cactuar	camp:v1:125:cactuar:c859be0400cd5d02b502	351.000	185.000	-0.030	812987514	174	Kuftal Tunnel	-19.901	440.058	13.607	mission:San d'Oria:17:step-012	mesh-connected	37	2.014	0.000	1	1
125	Western Altepa Desert	Cactuar	camp:v1:125:cactuar:c859be0400cd5d02b502	351.000	185.000	-0.030	879965562	208	Quicksand Caves	179.988	-281.511	16.043	mission:San d'Oria:17:step-012	mesh-connected	29	1.817	0.000	1	1
125	Western Altepa Desert	Cactuar	camp:v1:125:cactuar:c859be0400cd5d02b502	351.000	185.000	-0.030	913519994	208	Quicksand Caves	-740.000	-761.537	-11.967	mission:San d'Oria:17:step-012	mesh-connected	91	1.848	0.000	1	1
125	Western Altepa Desert	Cactuar	camp:v1:125:cactuar:c859be0400cd5d02b502	351.000	185.000	-0.030	1634940282	208	Quicksand Caves	-138.784	-332.049	8.934	mission:San d'Oria:17:step-012	mesh-no-path	1	712.256	0.000	1	1
125	Western Altepa Desert	Cactuar	camp:v1:125:cactuar:c859be0400cd5d02b502	351.000	185.000	-0.030	1668494714	208	Quicksand Caves	-325.234	-220.852	8.777	mission:San d'Oria:17:step-012	mesh-no-path	1	788.724	0.000	1	1
125	Western Altepa Desert	Cactuar	camp:v1:125:cactuar:c859be0400cd5d02b502	351.000	185.000	-0.030	1702049146	208	Quicksand Caves	220.071	13.230	14.204	mission:San d'Oria:17:step-012	mesh-no-path	1	216.448	0.000	1	1
125	Western Altepa Desert	Cactuar	camp:v1:125:cactuar:c859be0400cd5d02b502	351.000	185.000	-0.030	1735603578	208	Quicksand Caves	-20.001	201.725	23.951	mission:San d'Oria:17:step-012	mesh-no-path	1	372.151	0.000	1	1
125	Western Altepa Desert	Cactuar	camp:v1:125:cactuar:c859be0400cd5d02b502	351.000	185.000	-0.030	1769158010	208	Quicksand Caves	-844.734	-540.749	8.842	mission:San d'Oria:17:step-012	mesh-no-path	1	1398.775	0.000	1	1
125	Western Altepa Desert	Cactuar	camp:v1:125:cactuar:c859be0400cd5d02b502	351.000	185.000	-0.030	1802712442	208	Quicksand Caves	-883.969	-420.910	8.776	mission:San d'Oria:17:step-012	mesh-no-path	1	1375.628	0.000	1	1
125	Western Altepa Desert	Cactuar	camp:v1:125:cactuar:c859be0400cd5d02b502	351.000	185.000	-0.030	1836266874	208	Quicksand Caves	-379.069	186.901	14.444	mission:San d'Oria:17:step-012	mesh-no-path	1	730.215	0.000	1	1
125	Western Altepa Desert	Cactuar	camp:v1:125:cactuar:c859be0400cd5d02b502	351.000	185.000	-0.030	1869821306	208	Quicksand Caves	-492.920	101.989	13.869	mission:San d'Oria:17:step-012	mesh-no-path	1	848.107	0.000	1	1
125	Western Altepa Desert	Cactuar	camp:v1:125:cactuar:c859be0400cd5d02b502	351.000	185.000	-0.030	2004039034	208	Quicksand Caves	-283.003	299.964	15.913	mission:San d'Oria:17:step-012	mesh-connected	19	2.083	0.000	1	1
125	Western Altepa Desert	Cactuar	camp:v1:125:cactuar:c859be0400cd5d02b502	351.000	185.000	-0.030	813053562	247	Rabao	419.969	359.802	5.699	mission:San d'Oria:17:step-012	mesh-connected	24	1.701	0.000	1	1
125	Western Altepa Desert	Cactuar	camp:v1:125:cactuar:e39aef31f6d1c7f95a5f	-266.406	88.818	-5.580	842412922	114	Eastern Altepa Desert	379.256	-7.993	6.954	mission:San d'Oria:17:step-012	mesh-connected	41	2.429	0.000	1	1
125	Western Altepa Desert	Cactuar	camp:v1:125:cactuar:e39aef31f6d1c7f95a5f	-266.406	88.818	-5.580	875967354	114	Eastern Altepa Desert	-118.837	-500.499	-2.646	mission:San d'Oria:17:step-012	mesh-connected	54	2.207	0.000	1	1
125	Western Altepa Desert	Cactuar	camp:v1:125:cactuar:e39aef31f6d1c7f95a5f	-266.406	88.818	-5.580	880030842	173	Korroloka Tunnel	676.280	-99.425	12.742	mission:San d'Oria:17:step-012	mesh-connected	43	2.404	0.000	1	1
125	Western Altepa Desert	Cactuar	camp:v1:125:cactuar:e39aef31f6d1c7f95a5f	-266.406	88.818	-5.580	812987514	174	Kuftal Tunnel	-19.901	440.058	13.607	mission:San d'Oria:17:step-012	mesh-connected	27	2.014	0.000	1	1
125	Western Altepa Desert	Cactuar	camp:v1:125:cactuar:e39aef31f6d1c7f95a5f	-266.406	88.818	-5.580	879965562	208	Quicksand Caves	179.988	-281.511	16.043	mission:San d'Oria:17:step-012	mesh-connected	28	1.817	0.000	1	1
125	Western Altepa Desert	Cactuar	camp:v1:125:cactuar:e39aef31f6d1c7f95a5f	-266.406	88.818	-5.580	913519994	208	Quicksand Caves	-740.000	-761.537	-11.967	mission:San d'Oria:17:step-012	mesh-connected	93	1.848	0.000	1	1
125	Western Altepa Desert	Cactuar	camp:v1:125:cactuar:e39aef31f6d1c7f95a5f	-266.406	88.818	-5.580	1634940282	208	Quicksand Caves	-138.784	-332.049	8.934	mission:San d'Oria:17:step-012	mesh-no-path	1	440.031	0.000	1	1
125	Western Altepa Desert	Cactuar	camp:v1:125:cactuar:e39aef31f6d1c7f95a5f	-266.406	88.818	-5.580	1668494714	208	Quicksand Caves	-325.234	-220.852	8.777	mission:San d'Oria:17:step-012	mesh-no-path	1	315.535	0.000	1	1
125	Western Altepa Desert	Cactuar	camp:v1:125:cactuar:e39aef31f6d1c7f95a5f	-266.406	88.818	-5.580	1702049146	208	Quicksand Caves	220.071	13.230	14.204	mission:San d'Oria:17:step-012	mesh-no-path	1	492.712	0.000	1	1
125	Western Altepa Desert	Cactuar	camp:v1:125:cactuar:e39aef31f6d1c7f95a5f	-266.406	88.818	-5.580	1735603578	208	Quicksand Caves	-20.001	201.725	23.951	mission:San d'Oria:17:step-012	mesh-no-path	1	272.645	0.000	1	1
125	Western Altepa Desert	Cactuar	camp:v1:125:cactuar:e39aef31f6d1c7f95a5f	-266.406	88.818	-5.580	1769158010	208	Quicksand Caves	-844.734	-540.749	8.842	mission:San d'Oria:17:step-012	mesh-no-path	1	855.001	0.000	1	1
125	Western Altepa Desert	Cactuar	camp:v1:125:cactuar:e39aef31f6d1c7f95a5f	-266.406	88.818	-5.580	1802712442	208	Quicksand Caves	-883.969	-420.910	8.776	mission:San d'Oria:17:step-012	mesh-no-path	1	800.882	0.000	1	1
125	Western Altepa Desert	Cactuar	camp:v1:125:cactuar:e39aef31f6d1c7f95a5f	-266.406	88.818	-5.580	1836266874	208	Quicksand Caves	-379.069	186.901	14.444	mission:San d'Oria:17:step-012	mesh-no-path	1	150.712	0.000	1	1
125	Western Altepa Desert	Cactuar	camp:v1:125:cactuar:e39aef31f6d1c7f95a5f	-266.406	88.818	-5.580	1869821306	208	Quicksand Caves	-492.920	101.989	13.869	mission:San d'Oria:17:step-012	mesh-no-path	1	227.729	0.000	1	1
125	Western Altepa Desert	Cactuar	camp:v1:125:cactuar:e39aef31f6d1c7f95a5f	-266.406	88.818	-5.580	2004039034	208	Quicksand Caves	-283.003	299.964	15.913	mission:San d'Oria:17:step-012	mesh-connected	13	2.083	0.000	1	1
125	Western Altepa Desert	Cactuar	camp:v1:125:cactuar:e39aef31f6d1c7f95a5f	-266.406	88.818	-5.580	813053562	247	Rabao	419.969	359.802	5.699	mission:San d'Oria:17:step-012	mesh-connected	41	1.701	0.000	1	1
125	Western Altepa Desert	Cactuar	camp:v1:125:cactuar:e48e7967cc28befa57c7	-172.000	173.000	-0.010	842412922	114	Eastern Altepa Desert	379.256	-7.993	6.954	mission:San d'Oria:17:step-012	mesh-connected	32	2.429	0.000	1	1
125	Western Altepa Desert	Cactuar	camp:v1:125:cactuar:e48e7967cc28befa57c7	-172.000	173.000	-0.010	875967354	114	Eastern Altepa Desert	-118.837	-500.499	-2.646	mission:San d'Oria:17:step-012	mesh-connected	49	2.207	0.000	1	1
125	Western Altepa Desert	Cactuar	camp:v1:125:cactuar:e48e7967cc28befa57c7	-172.000	173.000	-0.010	880030842	173	Korroloka Tunnel	676.280	-99.425	12.742	mission:San d'Oria:17:step-012	mesh-connected	34	2.404	0.000	1	1
125	Western Altepa Desert	Cactuar	camp:v1:125:cactuar:e48e7967cc28befa57c7	-172.000	173.000	-0.010	812987514	174	Kuftal Tunnel	-19.901	440.058	13.607	mission:San d'Oria:17:step-012	mesh-connected	20	2.014	0.000	1	1
125	Western Altepa Desert	Cactuar	camp:v1:125:cactuar:e48e7967cc28befa57c7	-172.000	173.000	-0.010	879965562	208	Quicksand Caves	179.988	-281.511	16.043	mission:San d'Oria:17:step-012	mesh-connected	15	1.817	0.000	1	1
125	Western Altepa Desert	Cactuar	camp:v1:125:cactuar:e48e7967cc28befa57c7	-172.000	173.000	-0.010	913519994	208	Quicksand Caves	-740.000	-761.537	-11.967	mission:San d'Oria:17:step-012	mesh-connected	96	1.848	0.000	1	1
125	Western Altepa Desert	Cactuar	camp:v1:125:cactuar:e48e7967cc28befa57c7	-172.000	173.000	-0.010	1634940282	208	Quicksand Caves	-138.784	-332.049	8.934	mission:San d'Oria:17:step-012	mesh-no-path	1	506.219	0.000	1	1
125	Western Altepa Desert	Cactuar	camp:v1:125:cactuar:e48e7967cc28befa57c7	-172.000	173.000	-0.010	1668494714	208	Quicksand Caves	-325.234	-220.852	8.777	mission:San d'Oria:17:step-012	mesh-no-path	1	422.702	0.000	1	1
125	Western Altepa Desert	Cactuar	camp:v1:125:cactuar:e48e7967cc28befa57c7	-172.000	173.000	-0.010	1702049146	208	Quicksand Caves	220.071	13.230	14.204	mission:San d'Oria:17:step-012	mesh-no-path	1	423.613	0.000	1	1
125	Western Altepa Desert	Cactuar	camp:v1:125:cactuar:e48e7967cc28befa57c7	-172.000	173.000	-0.010	1735603578	208	Quicksand Caves	-20.001	201.725	23.951	mission:San d'Oria:17:step-012	mesh-no-path	1	156.534	0.000	1	1
125	Western Altepa Desert	Cactuar	camp:v1:125:cactuar:e48e7967cc28befa57c7	-172.000	173.000	-0.010	1769158010	208	Quicksand Caves	-844.734	-540.749	8.842	mission:San d'Oria:17:step-012	mesh-no-path	1	980.860	0.000	1	1
125	Western Altepa Desert	Cactuar	camp:v1:125:cactuar:e48e7967cc28befa57c7	-172.000	173.000	-0.010	1802712442	208	Quicksand Caves	-883.969	-420.910	8.776	mission:San d'Oria:17:step-012	mesh-no-path	1	927.203	0.000	1	1
125	Western Altepa Desert	Cactuar	camp:v1:125:cactuar:e48e7967cc28befa57c7	-172.000	173.000	-0.010	1836266874	208	Quicksand Caves	-379.069	186.901	14.444	mission:San d'Oria:17:step-012	mesh-no-path	1	208.038	0.000	1	1
125	Western Altepa Desert	Cactuar	camp:v1:125:cactuar:e48e7967cc28befa57c7	-172.000	173.000	-0.010	1869821306	208	Quicksand Caves	-492.920	101.989	13.869	mission:San d'Oria:17:step-012	mesh-no-path	1	328.975	0.000	1	1
125	Western Altepa Desert	Cactuar	camp:v1:125:cactuar:e48e7967cc28befa57c7	-172.000	173.000	-0.010	2004039034	208	Quicksand Caves	-283.003	299.964	15.913	mission:San d'Oria:17:step-012	mesh-connected	9	2.083	0.000	1	1
125	Western Altepa Desert	Cactuar	camp:v1:125:cactuar:e48e7967cc28befa57c7	-172.000	173.000	-0.010	813053562	247	Rabao	419.969	359.802	5.699	mission:San d'Oria:17:step-012	mesh-connected	37	1.701	0.000	1	1
125	Western Altepa Desert	Cactuar	camp:v1:125:cactuar:e604a30364bea6203bea	-580.376	-366.963	-0.034	842412922	114	Eastern Altepa Desert	379.256	-7.993	6.954	mission:San d'Oria:17:step-012	mesh-connected	68	2.429	0.000	1	1
125	Western Altepa Desert	Cactuar	camp:v1:125:cactuar:e604a30364bea6203bea	-580.376	-366.963	-0.034	875967354	114	Eastern Altepa Desert	-118.837	-500.499	-2.646	mission:San d'Oria:17:step-012	mesh-connected	47	2.207	0.000	1	1
125	Western Altepa Desert	Cactuar	camp:v1:125:cactuar:e604a30364bea6203bea	-580.376	-366.963	-0.034	880030842	173	Korroloka Tunnel	676.280	-99.425	12.742	mission:San d'Oria:17:step-012	mesh-connected	71	2.404	0.000	1	1
125	Western Altepa Desert	Cactuar	camp:v1:125:cactuar:e604a30364bea6203bea	-580.376	-366.963	-0.034	812987514	174	Kuftal Tunnel	-19.901	440.058	13.607	mission:San d'Oria:17:step-012	mesh-connected	60	2.014	0.000	1	1
125	Western Altepa Desert	Cactuar	camp:v1:125:cactuar:e604a30364bea6203bea	-580.376	-366.963	-0.034	879965562	208	Quicksand Caves	179.988	-281.511	16.043	mission:San d'Oria:17:step-012	mesh-connected	36	1.817	0.000	1	1
125	Western Altepa Desert	Cactuar	camp:v1:125:cactuar:e604a30364bea6203bea	-580.376	-366.963	-0.034	913519994	208	Quicksand Caves	-740.000	-761.537	-11.967	mission:San d'Oria:17:step-012	mesh-connected	47	1.848	0.000	1	1
125	Western Altepa Desert	Cactuar	camp:v1:125:cactuar:e604a30364bea6203bea	-580.376	-366.963	-0.034	1634940282	208	Quicksand Caves	-138.784	-332.049	8.934	mission:San d'Oria:17:step-012	mesh-no-path	1	443.061	0.000	1	1
125	Western Altepa Desert	Cactuar	camp:v1:125:cactuar:e604a30364bea6203bea	-580.376	-366.963	-0.034	1668494714	208	Quicksand Caves	-325.234	-220.852	8.777	mission:San d'Oria:17:step-012	mesh-no-path	1	294.149	0.000	1	1
125	Western Altepa Desert	Cactuar	camp:v1:125:cactuar:e604a30364bea6203bea	-580.376	-366.963	-0.034	1702049146	208	Quicksand Caves	220.071	13.230	14.204	mission:San d'Oria:17:step-012	mesh-no-path	1	886.265	0.000	1	1
125	Western Altepa Desert	Cactuar	camp:v1:125:cactuar:e604a30364bea6203bea	-580.376	-366.963	-0.034	1735603578	208	Quicksand Caves	-20.001	201.725	23.951	mission:San d'Oria:17:step-012	mesh-no-path	1	798.750	0.000	1	1
125	Western Altepa Desert	Cactuar	camp:v1:125:cactuar:e604a30364bea6203bea	-580.376	-366.963	-0.034	1769158010	208	Quicksand Caves	-844.734	-540.749	8.842	mission:San d'Oria:17:step-012	mesh-no-path	1	316.489	0.000	1	1
125	Western Altepa Desert	Cactuar	camp:v1:125:cactuar:e604a30364bea6203bea	-580.376	-366.963	-0.034	1802712442	208	Quicksand Caves	-883.969	-420.910	8.776	mission:San d'Oria:17:step-012	mesh-no-path	1	308.475	0.000	1	1
125	Western Altepa Desert	Cactuar	camp:v1:125:cactuar:e604a30364bea6203bea	-580.376	-366.963	-0.034	1836266874	208	Quicksand Caves	-379.069	186.901	14.444	mission:San d'Oria:17:step-012	mesh-no-path	1	589.491	0.000	1	1
125	Western Altepa Desert	Cactuar	camp:v1:125:cactuar:e604a30364bea6203bea	-580.376	-366.963	-0.034	1869821306	208	Quicksand Caves	-492.920	101.989	13.869	mission:San d'Oria:17:step-012	mesh-no-path	1	477.240	0.000	1	1
125	Western Altepa Desert	Cactuar	camp:v1:125:cactuar:e604a30364bea6203bea	-580.376	-366.963	-0.034	2004039034	208	Quicksand Caves	-283.003	299.964	15.913	mission:San d'Oria:17:step-012	mesh-connected	47	2.083	0.000	1	1
125	Western Altepa Desert	Cactuar	camp:v1:125:cactuar:e604a30364bea6203bea	-580.376	-366.963	-0.034	813053562	247	Rabao	419.969	359.802	5.699	mission:San d'Oria:17:step-012	mesh-connected	70	1.701	0.000	1	1
125	Western Altepa Desert	Cactuar	camp:v1:125:cactuar:fd82e2e6e3ff320c05df	-279.754	60.812	-4.966	842412922	114	Eastern Altepa Desert	379.256	-7.993	6.954	mission:San d'Oria:17:step-012	mesh-connected	40	2.429	0.000	1	1
125	Western Altepa Desert	Cactuar	camp:v1:125:cactuar:fd82e2e6e3ff320c05df	-279.754	60.812	-4.966	875967354	114	Eastern Altepa Desert	-118.837	-500.499	-2.646	mission:San d'Oria:17:step-012	mesh-connected	52	2.207	0.000	1	1
125	Western Altepa Desert	Cactuar	camp:v1:125:cactuar:fd82e2e6e3ff320c05df	-279.754	60.812	-4.966	880030842	173	Korroloka Tunnel	676.280	-99.425	12.742	mission:San d'Oria:17:step-012	mesh-connected	43	2.404	0.000	1	1
125	Western Altepa Desert	Cactuar	camp:v1:125:cactuar:fd82e2e6e3ff320c05df	-279.754	60.812	-4.966	812987514	174	Kuftal Tunnel	-19.901	440.058	13.607	mission:San d'Oria:17:step-012	mesh-connected	26	2.014	0.000	1	1
125	Western Altepa Desert	Cactuar	camp:v1:125:cactuar:fd82e2e6e3ff320c05df	-279.754	60.812	-4.966	879965562	208	Quicksand Caves	179.988	-281.511	16.043	mission:San d'Oria:17:step-012	mesh-connected	27	1.817	0.000	1	1
125	Western Altepa Desert	Cactuar	camp:v1:125:cactuar:fd82e2e6e3ff320c05df	-279.754	60.812	-4.966	913519994	208	Quicksand Caves	-740.000	-761.537	-11.967	mission:San d'Oria:17:step-012	mesh-connected	91	1.848	0.000	1	1
125	Western Altepa Desert	Cactuar	camp:v1:125:cactuar:fd82e2e6e3ff320c05df	-279.754	60.812	-4.966	1634940282	208	Quicksand Caves	-138.784	-332.049	8.934	mission:San d'Oria:17:step-012	mesh-no-path	1	417.619	0.000	1	1
125	Western Altepa Desert	Cactuar	camp:v1:125:cactuar:fd82e2e6e3ff320c05df	-279.754	60.812	-4.966	1668494714	208	Quicksand Caves	-325.234	-220.852	8.777	mission:San d'Oria:17:step-012	mesh-no-path	1	285.643	0.000	1	1
125	Western Altepa Desert	Cactuar	camp:v1:125:cactuar:fd82e2e6e3ff320c05df	-279.754	60.812	-4.966	1702049146	208	Quicksand Caves	220.071	13.230	14.204	mission:San d'Oria:17:step-012	mesh-no-path	1	502.451	0.000	1	1
125	Western Altepa Desert	Cactuar	camp:v1:125:cactuar:fd82e2e6e3ff320c05df	-279.754	60.812	-4.966	1735603578	208	Quicksand Caves	-20.001	201.725	23.951	mission:San d'Oria:17:step-012	mesh-no-path	1	296.925	0.000	1	1
125	Western Altepa Desert	Cactuar	camp:v1:125:cactuar:fd82e2e6e3ff320c05df	-279.754	60.812	-4.966	1769158010	208	Quicksand Caves	-844.734	-540.749	8.842	mission:San d'Oria:17:step-012	mesh-no-path	1	825.390	0.000	1	1
125	Western Altepa Desert	Cactuar	camp:v1:125:cactuar:fd82e2e6e3ff320c05df	-279.754	60.812	-4.966	1802712442	208	Quicksand Caves	-883.969	-420.910	8.776	mission:San d'Oria:17:step-012	mesh-no-path	1	772.865	0.000	1	1
125	Western Altepa Desert	Cactuar	camp:v1:125:cactuar:fd82e2e6e3ff320c05df	-279.754	60.812	-4.966	1836266874	208	Quicksand Caves	-379.069	186.901	14.444	mission:San d'Oria:17:step-012	mesh-no-path	1	161.675	0.000	1	1
125	Western Altepa Desert	Cactuar	camp:v1:125:cactuar:fd82e2e6e3ff320c05df	-279.754	60.812	-4.966	1869821306	208	Quicksand Caves	-492.920	101.989	13.869	mission:San d'Oria:17:step-012	mesh-no-path	1	217.922	0.000	1	1
125	Western Altepa Desert	Cactuar	camp:v1:125:cactuar:fd82e2e6e3ff320c05df	-279.754	60.812	-4.966	2004039034	208	Quicksand Caves	-283.003	299.964	15.913	mission:San d'Oria:17:step-012	mesh-connected	15	2.083	0.000	1	1
125	Western Altepa Desert	Cactuar	camp:v1:125:cactuar:fd82e2e6e3ff320c05df	-279.754	60.812	-4.966	813053562	247	Rabao	419.969	359.802	5.699	mission:San d'Oria:17:step-012	mesh-connected	40	1.701	0.000	1	1
125	Western Altepa Desert	Cactuar	camp:v1:125:cactuar:fdd9545c1b95338f869f	-710.129	-592.100	-8.273	842412922	114	Eastern Altepa Desert	379.256	-7.993	6.954	mission:San d'Oria:17:step-012	mesh-connected	69	2.429	0.000	1	1
125	Western Altepa Desert	Cactuar	camp:v1:125:cactuar:fdd9545c1b95338f869f	-710.129	-592.100	-8.273	875967354	114	Eastern Altepa Desert	-118.837	-500.499	-2.646	mission:San d'Oria:17:step-012	mesh-connected	48	2.207	0.000	1	1
125	Western Altepa Desert	Cactuar	camp:v1:125:cactuar:fdd9545c1b95338f869f	-710.129	-592.100	-8.273	880030842	173	Korroloka Tunnel	676.280	-99.425	12.742	mission:San d'Oria:17:step-012	mesh-connected	72	2.404	0.000	1	1
125	Western Altepa Desert	Cactuar	camp:v1:125:cactuar:fdd9545c1b95338f869f	-710.129	-592.100	-8.273	812987514	174	Kuftal Tunnel	-19.901	440.058	13.607	mission:San d'Oria:17:step-012	mesh-connected	58	2.014	0.000	1	1
125	Western Altepa Desert	Cactuar	camp:v1:125:cactuar:fdd9545c1b95338f869f	-710.129	-592.100	-8.273	879965562	208	Quicksand Caves	179.988	-281.511	16.043	mission:San d'Oria:17:step-012	mesh-connected	39	1.817	0.000	1	1
125	Western Altepa Desert	Cactuar	camp:v1:125:cactuar:fdd9545c1b95338f869f	-710.129	-592.100	-8.273	913519994	208	Quicksand Caves	-740.000	-761.537	-11.967	mission:San d'Oria:17:step-012	mesh-connected	42	1.848	0.000	1	1
125	Western Altepa Desert	Cactuar	camp:v1:125:cactuar:fdd9545c1b95338f869f	-710.129	-592.100	-8.273	1634940282	208	Quicksand Caves	-138.784	-332.049	8.934	mission:San d'Oria:17:step-012	mesh-no-path	1	627.979	0.000	1	1
125	Western Altepa Desert	Cactuar	camp:v1:125:cactuar:fdd9545c1b95338f869f	-710.129	-592.100	-8.273	1668494714	208	Quicksand Caves	-325.234	-220.852	8.777	mission:San d'Oria:17:step-012	mesh-no-path	1	535.033	0.000	1	1
125	Western Altepa Desert	Cactuar	camp:v1:125:cactuar:fdd9545c1b95338f869f	-710.129	-592.100	-8.273	1702049146	208	Quicksand Caves	220.071	13.230	14.204	mission:San d'Oria:17:step-012	mesh-no-path	1	1110.046	0.000	1	1
125	Western Altepa Desert	Cactuar	camp:v1:125:cactuar:fdd9545c1b95338f869f	-710.129	-592.100	-8.273	1735603578	208	Quicksand Caves	-20.001	201.725	23.951	mission:San d'Oria:17:step-012	mesh-no-path	1	1052.366	0.000	1	1
125	Western Altepa Desert	Cactuar	camp:v1:125:cactuar:fdd9545c1b95338f869f	-710.129	-592.100	-8.273	1769158010	208	Quicksand Caves	-844.734	-540.749	8.842	mission:San d'Oria:17:step-012	mesh-no-path	1	145.080	0.000	1	1
125	Western Altepa Desert	Cactuar	camp:v1:125:cactuar:fdd9545c1b95338f869f	-710.129	-592.100	-8.273	1802712442	208	Quicksand Caves	-883.969	-420.910	8.776	mission:San d'Oria:17:step-012	mesh-no-path	1	244.575	0.000	1	1
125	Western Altepa Desert	Cactuar	camp:v1:125:cactuar:fdd9545c1b95338f869f	-710.129	-592.100	-8.273	1836266874	208	Quicksand Caves	-379.069	186.901	14.444	mission:San d'Oria:17:step-012	mesh-no-path	1	846.735	0.000	1	1
125	Western Altepa Desert	Cactuar	camp:v1:125:cactuar:fdd9545c1b95338f869f	-710.129	-592.100	-8.273	1869821306	208	Quicksand Caves	-492.920	101.989	13.869	mission:San d'Oria:17:step-012	mesh-no-path	1	727.619	0.000	1	1
125	Western Altepa Desert	Cactuar	camp:v1:125:cactuar:fdd9545c1b95338f869f	-710.129	-592.100	-8.273	2004039034	208	Quicksand Caves	-283.003	299.964	15.913	mission:San d'Oria:17:step-012	mesh-connected	45	2.083	0.000	1	1
125	Western Altepa Desert	Cactuar	camp:v1:125:cactuar:fdd9545c1b95338f869f	-710.129	-592.100	-8.273	813053562	247	Rabao	419.969	359.802	5.699	mission:San d'Oria:17:step-012	mesh-connected	69	1.701	0.000	1	1
125	Western Altepa Desert	Dreamrose	npc:v1:125:17289759	-262.403	49.164	-10.155	842412922	114	Eastern Altepa Desert	379.256	-7.993	6.954	mission:San d'Oria:17:step-017	mesh-connected	41	2.429	0.000	1	1
125	Western Altepa Desert	Dreamrose	npc:v1:125:17289759	-262.403	49.164	-10.155	875967354	114	Eastern Altepa Desert	-118.837	-500.499	-2.646	mission:San d'Oria:17:step-017	mesh-connected	52	2.207	0.000	1	1
125	Western Altepa Desert	Dreamrose	npc:v1:125:17289759	-262.403	49.164	-10.155	880030842	173	Korroloka Tunnel	676.280	-99.425	12.742	mission:San d'Oria:17:step-017	mesh-connected	44	2.404	0.000	1	1
125	Western Altepa Desert	Dreamrose	npc:v1:125:17289759	-262.403	49.164	-10.155	812987514	174	Kuftal Tunnel	-19.901	440.058	13.607	mission:San d'Oria:17:step-017	mesh-connected	27	2.014	0.000	1	1
125	Western Altepa Desert	Dreamrose	npc:v1:125:17289759	-262.403	49.164	-10.155	879965562	208	Quicksand Caves	179.988	-281.511	16.043	mission:San d'Oria:17:step-017	mesh-connected	28	1.817	0.000	1	1
125	Western Altepa Desert	Dreamrose	npc:v1:125:17289759	-262.403	49.164	-10.155	913519994	208	Quicksand Caves	-740.000	-761.537	-11.967	mission:San d'Oria:17:step-017	mesh-connected	93	1.848	0.000	1	1
125	Western Altepa Desert	Dreamrose	npc:v1:125:17289759	-262.403	49.164	-10.155	1634940282	208	Quicksand Caves	-138.784	-332.049	8.934	mission:San d'Oria:17:step-017	mesh-no-path	1	401.210	0.000	1	1
125	Western Altepa Desert	Dreamrose	npc:v1:125:17289759	-262.403	49.164	-10.155	1668494714	208	Quicksand Caves	-325.234	-220.852	8.777	mission:San d'Oria:17:step-017	mesh-no-path	1	277.875	0.000	1	1
125	Western Altepa Desert	Dreamrose	npc:v1:125:17289759	-262.403	49.164	-10.155	1702049146	208	Quicksand Caves	220.071	13.230	14.204	mission:San d'Oria:17:step-017	mesh-no-path	1	484.423	0.000	1	1
125	Western Altepa Desert	Dreamrose	npc:v1:125:17289759	-262.403	49.164	-10.155	1735603578	208	Quicksand Caves	-20.001	201.725	23.951	mission:San d'Oria:17:step-017	mesh-no-path	1	288.439	0.000	1	1
125	Western Altepa Desert	Dreamrose	npc:v1:125:17289759	-262.403	49.164	-10.155	1769158010	208	Quicksand Caves	-844.734	-540.749	8.842	mission:San d'Oria:17:step-017	mesh-no-path	1	829.137	0.000	1	1
125	Western Altepa Desert	Dreamrose	npc:v1:125:17289759	-262.403	49.164	-10.155	1802712442	208	Quicksand Caves	-883.969	-420.910	8.776	mission:San d'Oria:17:step-017	mesh-no-path	1	779.533	0.000	1	1
125	Western Altepa Desert	Dreamrose	npc:v1:125:17289759	-262.403	49.164	-10.155	1836266874	208	Quicksand Caves	-379.069	186.901	14.444	mission:San d'Oria:17:step-017	mesh-no-path	1	182.174	0.000	1	1
125	Western Altepa Desert	Dreamrose	npc:v1:125:17289759	-262.403	49.164	-10.155	1869821306	208	Quicksand Caves	-492.920	101.989	13.869	mission:San d'Oria:17:step-017	mesh-no-path	1	237.709	0.000	1	1
125	Western Altepa Desert	Dreamrose	npc:v1:125:17289759	-262.403	49.164	-10.155	2004039034	208	Quicksand Caves	-283.003	299.964	15.913	mission:San d'Oria:17:step-017	mesh-connected	17	2.083	0.000	1	1
125	Western Altepa Desert	Dreamrose	npc:v1:125:17289759	-262.403	49.164	-10.155	813053562	247	Rabao	419.969	359.802	5.699	mission:San d'Oria:17:step-017	mesh-connected	41	1.701	0.000	1	1
125	Western Altepa Desert	Eastern Sphinx	camp:v1:125:eastern-sphinx:bbc4b13a354377719216	-327.799	-114.501	-2.859	842412922	114	Eastern Altepa Desert	379.256	-7.993	6.954	mission:Bastok:17:step-006,mission:Bastok:17:step-010	mesh-connected	40	2.429	0.000	1	1
125	Western Altepa Desert	Eastern Sphinx	camp:v1:125:eastern-sphinx:bbc4b13a354377719216	-327.799	-114.501	-2.859	875967354	114	Eastern Altepa Desert	-118.837	-500.499	-2.646	mission:Bastok:17:step-006,mission:Bastok:17:step-010	mesh-connected	43	2.207	0.000	1	1
125	Western Altepa Desert	Eastern Sphinx	camp:v1:125:eastern-sphinx:bbc4b13a354377719216	-327.799	-114.501	-2.859	880030842	173	Korroloka Tunnel	676.280	-99.425	12.742	mission:Bastok:17:step-006,mission:Bastok:17:step-010	mesh-connected	43	2.404	0.000	1	1
125	Western Altepa Desert	Eastern Sphinx	camp:v1:125:eastern-sphinx:bbc4b13a354377719216	-327.799	-114.501	-2.859	812987514	174	Kuftal Tunnel	-19.901	440.058	13.607	mission:Bastok:17:step-006,mission:Bastok:17:step-010	mesh-connected	34	2.014	0.000	1	1
125	Western Altepa Desert	Eastern Sphinx	camp:v1:125:eastern-sphinx:bbc4b13a354377719216	-327.799	-114.501	-2.859	879965562	208	Quicksand Caves	179.988	-281.511	16.043	mission:Bastok:17:step-006,mission:Bastok:17:step-010	mesh-connected	16	1.817	0.000	1	1
125	Western Altepa Desert	Eastern Sphinx	camp:v1:125:eastern-sphinx:bbc4b13a354377719216	-327.799	-114.501	-2.859	913519994	208	Quicksand Caves	-740.000	-761.537	-11.967	mission:Bastok:17:step-006,mission:Bastok:17:step-010	mesh-connected	81	1.848	0.000	1	1
125	Western Altepa Desert	Eastern Sphinx	camp:v1:125:eastern-sphinx:bbc4b13a354377719216	-327.799	-114.501	-2.859	1634940282	208	Quicksand Caves	-138.784	-332.049	8.934	mission:Bastok:17:step-006,mission:Bastok:17:step-010	mesh-no-path	1	288.432	0.000	1	1
125	Western Altepa Desert	Eastern Sphinx	camp:v1:125:eastern-sphinx:bbc4b13a354377719216	-327.799	-114.501	-2.859	1668494714	208	Quicksand Caves	-325.234	-220.852	8.777	mission:Bastok:17:step-006,mission:Bastok:17:step-010	mesh-no-path	1	107.016	0.000	1	1
125	Western Altepa Desert	Eastern Sphinx	camp:v1:125:eastern-sphinx:bbc4b13a354377719216	-327.799	-114.501	-2.859	1702049146	208	Quicksand Caves	220.071	13.230	14.204	mission:Bastok:17:step-006,mission:Bastok:17:step-010	mesh-no-path	1	562.821	0.000	1	1
125	Western Altepa Desert	Eastern Sphinx	camp:v1:125:eastern-sphinx:bbc4b13a354377719216	-327.799	-114.501	-2.859	1735603578	208	Quicksand Caves	-20.001	201.725	23.951	mission:Bastok:17:step-006,mission:Bastok:17:step-010	mesh-no-path	1	442.106	0.000	1	1
125	Western Altepa Desert	Eastern Sphinx	camp:v1:125:eastern-sphinx:bbc4b13a354377719216	-327.799	-114.501	-2.859	1769158010	208	Quicksand Caves	-844.734	-540.749	8.842	mission:Bastok:17:step-006,mission:Bastok:17:step-010	mesh-no-path	1	670.109	0.000	1	1
125	Western Altepa Desert	Eastern Sphinx	camp:v1:125:eastern-sphinx:bbc4b13a354377719216	-327.799	-114.501	-2.859	1802712442	208	Quicksand Caves	-883.969	-420.910	8.776	mission:Bastok:17:step-006,mission:Bastok:17:step-010	mesh-no-path	1	635.096	0.000	1	1
125	Western Altepa Desert	Eastern Sphinx	camp:v1:125:eastern-sphinx:bbc4b13a354377719216	-327.799	-114.501	-2.859	1836266874	208	Quicksand Caves	-379.069	186.901	14.444	mission:Bastok:17:step-006,mission:Bastok:17:step-010	mesh-no-path	1	306.221	0.000	1	1
125	Western Altepa Desert	Eastern Sphinx	camp:v1:125:eastern-sphinx:bbc4b13a354377719216	-327.799	-114.501	-2.859	1869821306	208	Quicksand Caves	-492.920	101.989	13.869	mission:Bastok:17:step-006,mission:Bastok:17:step-010	mesh-no-path	1	272.787	0.000	1	1
125	Western Altepa Desert	Eastern Sphinx	camp:v1:125:eastern-sphinx:bbc4b13a354377719216	-327.799	-114.501	-2.859	2004039034	208	Quicksand Caves	-283.003	299.964	15.913	mission:Bastok:17:step-006,mission:Bastok:17:step-010	mesh-connected	11	2.083	0.000	1	1
125	Western Altepa Desert	Eastern Sphinx	camp:v1:125:eastern-sphinx:bbc4b13a354377719216	-327.799	-114.501	-2.859	813053562	247	Rabao	419.969	359.802	5.699	mission:Bastok:17:step-006,mission:Bastok:17:step-010	mesh-connected	41	1.701	0.000	1	1
125	Western Altepa Desert	Sabotender Enamorado	camp:v1:125:sabotender-enamorado:c672be10e91488135433	-262.568	51.540	-8.248	842412922	114	Eastern Altepa Desert	379.256	-7.993	6.954	mission:San d'Oria:17:step-011,mission:San d'Oria:17:step-013,mission:San d'Oria:17:step-014,mission:San d'Oria:17:step-017	mesh-connected	41	2.429	0.000	1	1
125	Western Altepa Desert	Sabotender Enamorado	camp:v1:125:sabotender-enamorado:c672be10e91488135433	-262.568	51.540	-8.248	875967354	114	Eastern Altepa Desert	-118.837	-500.499	-2.646	mission:San d'Oria:17:step-011,mission:San d'Oria:17:step-013,mission:San d'Oria:17:step-014,mission:San d'Oria:17:step-017	mesh-connected	51	2.207	0.000	1	1
125	Western Altepa Desert	Sabotender Enamorado	camp:v1:125:sabotender-enamorado:c672be10e91488135433	-262.568	51.540	-8.248	880030842	173	Korroloka Tunnel	676.280	-99.425	12.742	mission:San d'Oria:17:step-011,mission:San d'Oria:17:step-013,mission:San d'Oria:17:step-014,mission:San d'Oria:17:step-017	mesh-connected	44	2.404	0.000	1	1
125	Western Altepa Desert	Sabotender Enamorado	camp:v1:125:sabotender-enamorado:c672be10e91488135433	-262.568	51.540	-8.248	812987514	174	Kuftal Tunnel	-19.901	440.058	13.607	mission:San d'Oria:17:step-011,mission:San d'Oria:17:step-013,mission:San d'Oria:17:step-014,mission:San d'Oria:17:step-017	mesh-connected	27	2.014	0.000	1	1
125	Western Altepa Desert	Sabotender Enamorado	camp:v1:125:sabotender-enamorado:c672be10e91488135433	-262.568	51.540	-8.248	879965562	208	Quicksand Caves	179.988	-281.511	16.043	mission:San d'Oria:17:step-011,mission:San d'Oria:17:step-013,mission:San d'Oria:17:step-014,mission:San d'Oria:17:step-017	mesh-connected	28	1.817	0.000	1	1
125	Western Altepa Desert	Sabotender Enamorado	camp:v1:125:sabotender-enamorado:c672be10e91488135433	-262.568	51.540	-8.248	913519994	208	Quicksand Caves	-740.000	-761.537	-11.967	mission:San d'Oria:17:step-011,mission:San d'Oria:17:step-013,mission:San d'Oria:17:step-014,mission:San d'Oria:17:step-017	mesh-connected	92	1.848	0.000	1	1
125	Western Altepa Desert	Sabotender Enamorado	camp:v1:125:sabotender-enamorado:c672be10e91488135433	-262.568	51.540	-8.248	1634940282	208	Quicksand Caves	-138.784	-332.049	8.934	mission:San d'Oria:17:step-011,mission:San d'Oria:17:step-013,mission:San d'Oria:17:step-014,mission:San d'Oria:17:step-017	mesh-no-path	1	403.433	0.000	1	1
125	Western Altepa Desert	Sabotender Enamorado	camp:v1:125:sabotender-enamorado:c672be10e91488135433	-262.568	51.540	-8.248	1668494714	208	Quicksand Caves	-325.234	-220.852	8.777	mission:San d'Oria:17:step-011,mission:San d'Oria:17:step-013,mission:San d'Oria:17:step-014,mission:San d'Oria:17:step-017	mesh-no-path	1	280.026	0.000	1	1
125	Western Altepa Desert	Sabotender Enamorado	camp:v1:125:sabotender-enamorado:c672be10e91488135433	-262.568	51.540	-8.248	1702049146	208	Quicksand Caves	220.071	13.230	14.204	mission:San d'Oria:17:step-011,mission:San d'Oria:17:step-013,mission:San d'Oria:17:step-014,mission:San d'Oria:17:step-017	mesh-no-path	1	484.677	0.000	1	1
125	Western Altepa Desert	Sabotender Enamorado	camp:v1:125:sabotender-enamorado:c672be10e91488135433	-262.568	51.540	-8.248	1735603578	208	Quicksand Caves	-20.001	201.725	23.951	mission:San d'Oria:17:step-011,mission:San d'Oria:17:step-013,mission:San d'Oria:17:step-014,mission:San d'Oria:17:step-017	mesh-no-path	1	287.108	0.000	1	1
125	Western Altepa Desert	Sabotender Enamorado	camp:v1:125:sabotender-enamorado:c672be10e91488135433	-262.568	51.540	-8.248	1769158010	208	Quicksand Caves	-844.734	-540.749	8.842	mission:San d'Oria:17:step-011,mission:San d'Oria:17:step-013,mission:San d'Oria:17:step-014,mission:San d'Oria:17:step-017	mesh-no-path	1	830.672	0.000	1	1
125	Western Altepa Desert	Sabotender Enamorado	camp:v1:125:sabotender-enamorado:c672be10e91488135433	-262.568	51.540	-8.248	1802712442	208	Quicksand Caves	-883.969	-420.910	8.776	mission:San d'Oria:17:step-011,mission:San d'Oria:17:step-013,mission:San d'Oria:17:step-014,mission:San d'Oria:17:step-017	mesh-no-path	1	780.793	0.000	1	1
125	Western Altepa Desert	Sabotender Enamorado	camp:v1:125:sabotender-enamorado:c672be10e91488135433	-262.568	51.540	-8.248	1836266874	208	Quicksand Caves	-379.069	186.901	14.444	mission:San d'Oria:17:step-011,mission:San d'Oria:17:step-013,mission:San d'Oria:17:step-014,mission:San d'Oria:17:step-017	mesh-no-path	1	180.028	0.000	1	1
125	Western Altepa Desert	Sabotender Enamorado	camp:v1:125:sabotender-enamorado:c672be10e91488135433	-262.568	51.540	-8.248	1869821306	208	Quicksand Caves	-492.920	101.989	13.869	mission:San d'Oria:17:step-011,mission:San d'Oria:17:step-013,mission:San d'Oria:17:step-014,mission:San d'Oria:17:step-017	mesh-no-path	1	236.847	0.000	1	1
125	Western Altepa Desert	Sabotender Enamorado	camp:v1:125:sabotender-enamorado:c672be10e91488135433	-262.568	51.540	-8.248	2004039034	208	Quicksand Caves	-283.003	299.964	15.913	mission:San d'Oria:17:step-011,mission:San d'Oria:17:step-013,mission:San d'Oria:17:step-014,mission:San d'Oria:17:step-017	mesh-connected	17	2.083	0.000	1	1
125	Western Altepa Desert	Sabotender Enamorado	camp:v1:125:sabotender-enamorado:c672be10e91488135433	-262.568	51.540	-8.248	813053562	247	Rabao	419.969	359.802	5.699	mission:San d'Oria:17:step-011,mission:San d'Oria:17:step-013,mission:San d'Oria:17:step-014,mission:San d'Oria:17:step-017	mesh-connected	41	1.701	0.000	1	1
125	Western Altepa Desert	Survival Guide	object:v1:125:17289819	420.000	11.000	-3.290	842412922	114	Eastern Altepa Desert	379.256	-7.993	6.954	mission:Bastok:21:step-005,mission:Bastok:22:step-007,mission:San d'Oria:17:step-010	mesh-connected	6	2.429	0.000	1	1
125	Western Altepa Desert	Survival Guide	object:v1:125:17289819	420.000	11.000	-3.290	875967354	114	Eastern Altepa Desert	-118.837	-500.499	-2.646	mission:Bastok:21:step-005,mission:Bastok:22:step-007,mission:San d'Oria:17:step-010	mesh-connected	66	2.207	0.000	1	1
125	Western Altepa Desert	Survival Guide	object:v1:125:17289819	420.000	11.000	-3.290	880030842	173	Korroloka Tunnel	676.280	-99.425	12.742	mission:Bastok:21:step-005,mission:Bastok:22:step-007,mission:San d'Oria:17:step-010	mesh-connected	33	2.404	0.000	1	1
125	Western Altepa Desert	Survival Guide	object:v1:125:17289819	420.000	11.000	-3.290	812987514	174	Kuftal Tunnel	-19.901	440.058	13.607	mission:Bastok:21:step-005,mission:Bastok:22:step-007,mission:San d'Oria:17:step-010	mesh-connected	48	2.014	0.000	1	1
125	Western Altepa Desert	Survival Guide	object:v1:125:17289819	420.000	11.000	-3.290	879965562	208	Quicksand Caves	179.988	-281.511	16.043	mission:Bastok:21:step-005,mission:Bastok:22:step-007,mission:San d'Oria:17:step-010	mesh-connected	45	1.817	0.000	1	1
125	Western Altepa Desert	Survival Guide	object:v1:125:17289819	420.000	11.000	-3.290	913519994	208	Quicksand Caves	-740.000	-761.537	-11.967	mission:Bastok:21:step-005,mission:Bastok:22:step-007,mission:San d'Oria:17:step-010	mesh-connected	103	1.848	0.000	1	1
125	Western Altepa Desert	Survival Guide	object:v1:125:17289819	420.000	11.000	-3.290	1634940282	208	Quicksand Caves	-138.784	-332.049	8.934	mission:Bastok:21:step-005,mission:Bastok:22:step-007,mission:San d'Oria:17:step-010	mesh-no-path	1	655.798	0.000	1	1
125	Western Altepa Desert	Survival Guide	object:v1:125:17289819	420.000	11.000	-3.290	1668494714	208	Quicksand Caves	-325.234	-220.852	8.777	mission:Bastok:21:step-005,mission:Bastok:22:step-007,mission:San d'Oria:17:step-010	mesh-no-path	1	780.560	0.000	1	1
125	Western Altepa Desert	Survival Guide	object:v1:125:17289819	420.000	11.000	-3.290	1702049146	208	Quicksand Caves	220.071	13.230	14.204	mission:Bastok:21:step-005,mission:Bastok:22:step-007,mission:San d'Oria:17:step-010	mesh-no-path	1	200.705	0.000	1	1
125	Western Altepa Desert	Survival Guide	object:v1:125:17289819	420.000	11.000	-3.290	1735603578	208	Quicksand Caves	-20.001	201.725	23.951	mission:Bastok:21:step-005,mission:Bastok:22:step-007,mission:San d'Oria:17:step-010	mesh-no-path	1	480.332	0.000	1	1
125	Western Altepa Desert	Survival Guide	object:v1:125:17289819	420.000	11.000	-3.290	1769158010	208	Quicksand Caves	-844.734	-540.749	8.842	mission:Bastok:21:step-005,mission:Bastok:22:step-007,mission:San d'Oria:17:step-010	mesh-no-path	1	1379.901	0.000	1	1
125	Western Altepa Desert	Survival Guide	object:v1:125:17289819	420.000	11.000	-3.290	1802712442	208	Quicksand Caves	-883.969	-420.910	8.776	mission:Bastok:21:step-005,mission:Bastok:22:step-007,mission:San d'Oria:17:step-010	mesh-no-path	1	1373.691	0.000	1	1
125	Western Altepa Desert	Survival Guide	object:v1:125:17289819	420.000	11.000	-3.290	1836266874	208	Quicksand Caves	-379.069	186.901	14.444	mission:Bastok:21:step-005,mission:Bastok:22:step-007,mission:San d'Oria:17:step-010	mesh-no-path	1	818.393	0.000	1	1
125	Western Altepa Desert	Survival Guide	object:v1:125:17289819	420.000	11.000	-3.290	1869821306	208	Quicksand Caves	-492.920	101.989	13.869	mission:Bastok:21:step-005,mission:Bastok:22:step-007,mission:San d'Oria:17:step-010	mesh-no-path	1	917.604	0.000	1	1
125	Western Altepa Desert	Survival Guide	object:v1:125:17289819	420.000	11.000	-3.290	2004039034	208	Quicksand Caves	-283.003	299.964	15.913	mission:Bastok:21:step-005,mission:Bastok:22:step-007,mission:San d'Oria:17:step-010	mesh-connected	36	2.083	0.000	1	1
125	Western Altepa Desert	Survival Guide	object:v1:125:17289819	420.000	11.000	-3.290	813053562	247	Rabao	419.969	359.802	5.699	mission:Bastok:21:step-005,mission:Bastok:22:step-007,mission:San d'Oria:17:step-010	mesh-connected	26	1.701	0.000	1	1
125	Western Altepa Desert	Western Sphinx	camp:v1:125:western-sphinx:1b1feb74a674f2d961ea	-329.357	-110.601	-4.004	842412922	114	Eastern Altepa Desert	379.256	-7.993	6.954	mission:Bastok:17:step-006,mission:Bastok:17:step-010	mesh-connected	40	2.429	0.000	1	1
125	Western Altepa Desert	Western Sphinx	camp:v1:125:western-sphinx:1b1feb74a674f2d961ea	-329.357	-110.601	-4.004	875967354	114	Eastern Altepa Desert	-118.837	-500.499	-2.646	mission:Bastok:17:step-006,mission:Bastok:17:step-010	mesh-connected	43	2.207	0.000	1	1
125	Western Altepa Desert	Western Sphinx	camp:v1:125:western-sphinx:1b1feb74a674f2d961ea	-329.357	-110.601	-4.004	880030842	173	Korroloka Tunnel	676.280	-99.425	12.742	mission:Bastok:17:step-006,mission:Bastok:17:step-010	mesh-connected	43	2.404	0.000	1	1
125	Western Altepa Desert	Western Sphinx	camp:v1:125:western-sphinx:1b1feb74a674f2d961ea	-329.357	-110.601	-4.004	812987514	174	Kuftal Tunnel	-19.901	440.058	13.607	mission:Bastok:17:step-006,mission:Bastok:17:step-010	mesh-connected	34	2.014	0.000	1	1
125	Western Altepa Desert	Western Sphinx	camp:v1:125:western-sphinx:1b1feb74a674f2d961ea	-329.357	-110.601	-4.004	879965562	208	Quicksand Caves	179.988	-281.511	16.043	mission:Bastok:17:step-006,mission:Bastok:17:step-010	mesh-connected	16	1.817	0.000	1	1
125	Western Altepa Desert	Western Sphinx	camp:v1:125:western-sphinx:1b1feb74a674f2d961ea	-329.357	-110.601	-4.004	913519994	208	Quicksand Caves	-740.000	-761.537	-11.967	mission:Bastok:17:step-006,mission:Bastok:17:step-010	mesh-connected	81	1.848	0.000	1	1
125	Western Altepa Desert	Western Sphinx	camp:v1:125:western-sphinx:1b1feb74a674f2d961ea	-329.357	-110.601	-4.004	1634940282	208	Quicksand Caves	-138.784	-332.049	8.934	mission:Bastok:17:step-006,mission:Bastok:17:step-010	mesh-no-path	1	292.446	0.000	1	1
125	Western Altepa Desert	Western Sphinx	camp:v1:125:western-sphinx:1b1feb74a674f2d961ea	-329.357	-110.601	-4.004	1668494714	208	Quicksand Caves	-325.234	-220.852	8.777	mission:Bastok:17:step-006,mission:Bastok:17:step-010	mesh-no-path	1	111.066	0.000	1	1
125	Western Altepa Desert	Western Sphinx	camp:v1:125:western-sphinx:1b1feb74a674f2d961ea	-329.357	-110.601	-4.004	1702049146	208	Quicksand Caves	220.071	13.230	14.204	mission:Bastok:17:step-006,mission:Bastok:17:step-010	mesh-no-path	1	563.504	0.000	1	1
125	Western Altepa Desert	Western Sphinx	camp:v1:125:western-sphinx:1b1feb74a674f2d961ea	-329.357	-110.601	-4.004	1735603578	208	Quicksand Caves	-20.001	201.725	23.951	mission:Bastok:17:step-006,mission:Bastok:17:step-010	mesh-no-path	1	440.489	0.000	1	1
125	Western Altepa Desert	Western Sphinx	camp:v1:125:western-sphinx:1b1feb74a674f2d961ea	-329.357	-110.601	-4.004	1769158010	208	Quicksand Caves	-844.734	-540.749	8.842	mission:Bastok:17:step-006,mission:Bastok:17:step-010	mesh-no-path	1	671.421	0.000	1	1
125	Western Altepa Desert	Western Sphinx	camp:v1:125:western-sphinx:1b1feb74a674f2d961ea	-329.357	-110.601	-4.004	1802712442	208	Quicksand Caves	-883.969	-420.910	8.776	mission:Bastok:17:step-006,mission:Bastok:17:step-010	mesh-no-path	1	635.649	0.000	1	1
125	Western Altepa Desert	Western Sphinx	camp:v1:125:western-sphinx:1b1feb74a674f2d961ea	-329.357	-110.601	-4.004	1836266874	208	Quicksand Caves	-379.069	186.901	14.444	mission:Bastok:17:step-006,mission:Bastok:17:step-010	mesh-no-path	1	302.190	0.000	1	1
125	Western Altepa Desert	Western Sphinx	camp:v1:125:western-sphinx:1b1feb74a674f2d961ea	-329.357	-110.601	-4.004	1869821306	208	Quicksand Caves	-492.920	101.989	13.869	mission:Bastok:17:step-006,mission:Bastok:17:step-010	mesh-no-path	1	268.825	0.000	1	1
125	Western Altepa Desert	Western Sphinx	camp:v1:125:western-sphinx:1b1feb74a674f2d961ea	-329.357	-110.601	-4.004	2004039034	208	Quicksand Caves	-283.003	299.964	15.913	mission:Bastok:17:step-006,mission:Bastok:17:step-010	mesh-connected	12	2.083	0.000	1	1
125	Western Altepa Desert	Western Sphinx	camp:v1:125:western-sphinx:1b1feb74a674f2d961ea	-329.357	-110.601	-4.004	813053562	247	Rabao	419.969	359.802	5.699	mission:Bastok:17:step-006,mission:Bastok:17:step-010	mesh-connected	41	1.701	0.000	1	1
128	Valley of Sorrows	Adamantoise	camp:v1:128:adamantoise:51ce5bb4f92994a89341	0.894	-35.588	0.021	842347386	113	Cape Teriggan	45.250	-140.562	-2.115	mission:San d'Oria:23:step-014	mesh-connected	24	1.678	0.000	1	1
128	Valley of Sorrows	Adamantoise	camp:v1:128:adamantoise:51ce5bb4f92994a89341	0.894	-35.588	0.021	875901818	113	Cape Teriggan	-231.231	-19.154	-2.672	mission:San d'Oria:23:step-014	mesh-connected	16	1.654	0.000	1	1
128	Valley of Sorrows	Aspidochelone	camp:v1:128:aspidochelone:f77f52cf6e1beba1bd0f	0.894	-35.588	0.021	842347386	113	Cape Teriggan	45.250	-140.562	-2.115	mission:San d'Oria:23:step-014	mesh-connected	24	1.678	0.000	1	1
128	Valley of Sorrows	Aspidochelone	camp:v1:128:aspidochelone:f77f52cf6e1beba1bd0f	0.894	-35.588	0.021	875901818	113	Cape Teriggan	-231.231	-19.154	-2.672	mission:San d'Oria:23:step-014	mesh-connected	16	1.654	0.000	1	1
128	Valley of Sorrows	Survival Guide	object:v1:128:17301604	-167.000	24.000	-8.260	842347386	113	Cape Teriggan	45.250	-140.562	-2.115	mission:San d'Oria:23:step-012	mesh-connected	30	1.678	0.000	1	1
128	Valley of Sorrows	Survival Guide	object:v1:128:17301604	-167.000	24.000	-8.260	875901818	113	Cape Teriggan	-231.231	-19.154	-2.672	mission:San d'Oria:23:step-012	mesh-connected	10	1.654	0.000	1	1
139	Horlais Peak	Burning Circle	npc:v1:139:17347120	-502.952	-212.555	158.290	947467130	142	Yughott Grotto	-536.363	-210.819	157.713	mission:Bastok:10:step-042,mission:Bastok:6:step-042,mission:Bastok:7:step-042,mission:Bastok:8:step-042,mission:Bastok:9:step-042	mesh-connected	4	2.168	0.000	1	1
139	Horlais Peak	Burning Circle	npc:v1:139:17347120	-502.952	-212.555	158.290	1635332986	142	Yughott Grotto	444.270	68.513	-42.210	mission:Bastok:10:step-042,mission:Bastok:6:step-042,mission:Bastok:7:step-042,mission:Bastok:8:step-042,mission:Bastok:9:step-042	mesh-no-path	1	1008.181	0.000	1	1
139	Horlais Peak	Burning Circle	npc:v1:139:17347121	-416.581	-27.347	118.290	947467130	142	Yughott Grotto	-536.363	-210.819	157.713	mission:Bastok:10:step-042,mission:Bastok:6:step-042,mission:Bastok:7:step-042,mission:Bastok:8:step-042,mission:Bastok:9:step-042	mesh-no-path	1	222.629	0.000	1	1
139	Horlais Peak	Burning Circle	npc:v1:139:17347121	-416.581	-27.347	118.290	1635332986	142	Yughott Grotto	444.270	68.513	-42.210	mission:Bastok:10:step-042,mission:Bastok:6:step-042,mission:Bastok:7:step-042,mission:Bastok:8:step-042,mission:Bastok:9:step-042	mesh-no-path	1	880.916	0.000	1	1
139	Horlais Peak	Burning Circle	npc:v1:139:17347122	-176.798	152.569	-1.709	947467130	142	Yughott Grotto	-536.363	-210.819	157.713	mission:Bastok:10:step-042,mission:Bastok:6:step-042,mission:Bastok:7:step-042,mission:Bastok:8:step-042,mission:Bastok:9:step-042	mesh-no-path	1	535.493	0.000	1	1
139	Horlais Peak	Burning Circle	npc:v1:139:17347122	-176.798	152.569	-1.709	1635332986	142	Yughott Grotto	444.270	68.513	-42.210	mission:Bastok:10:step-042,mission:Bastok:6:step-042,mission:Bastok:7:step-042,mission:Bastok:8:step-042,mission:Bastok:9:step-042	mesh-no-path	1	628.038	0.000	1	1
139	Horlais Peak	Burning Circle	npc:v1:139:17347123	63.131	332.551	-121.709	947467130	142	Yughott Grotto	-536.363	-210.819	157.713	mission:Bastok:10:step-042,mission:Bastok:6:step-042,mission:Bastok:7:step-042,mission:Bastok:8:step-042,mission:Bastok:9:step-042	mesh-no-path	1	855.991	0.000	1	1
139	Horlais Peak	Burning Circle	npc:v1:139:17347123	63.131	332.551	-121.709	1635332986	142	Yughott Grotto	444.270	68.513	-42.210	mission:Bastok:10:step-042,mission:Bastok:6:step-042,mission:Bastok:7:step-042,mission:Bastok:8:step-042,mission:Bastok:9:step-042	mesh-no-path	1	470.429	0.000	1	1
139	Horlais Peak	Dread Dragon	camp:v1:139:dread-dragon:1fd3d3ff63d8a48af799	-156.065	115.970	-26.009	947467130	142	Yughott Grotto	-536.363	-210.819	157.713	mission:Bastok:10:step-051,mission:Bastok:6:step-051,mission:Bastok:7:step-051,mission:Bastok:8:step-051,mission:Bastok:9:step-051,mission:Windurst:10:step-046,mission:Windurst:6:step-046,mission:Windurst:7:step-046,mission:Windurst:8:step-046,mission:Windurst:9:step-046	mesh-no-path	1	534.014	0.000	1	1
139	Horlais Peak	Dread Dragon	camp:v1:139:dread-dragon:1fd3d3ff63d8a48af799	-156.065	115.970	-26.009	1635332986	142	Yughott Grotto	444.270	68.513	-42.210	mission:Bastok:10:step-051,mission:Bastok:6:step-051,mission:Bastok:7:step-051,mission:Bastok:8:step-051,mission:Bastok:9:step-051,mission:Windurst:10:step-046,mission:Windurst:6:step-046,mission:Windurst:7:step-046,mission:Windurst:8:step-046,mission:Windurst:9:step-046	mesh-no-path	1	602.426	0.000	1	1
139	Horlais Peak	Dread Dragon	camp:v1:139:dread-dragon:3f32a2bdeaf7a5a37aee	-396.000	-64.000	94.000	947467130	142	Yughott Grotto	-536.363	-210.819	157.713	mission:Bastok:10:step-051,mission:Bastok:6:step-051,mission:Bastok:7:step-051,mission:Bastok:8:step-051,mission:Bastok:9:step-051,mission:Windurst:10:step-046,mission:Windurst:6:step-046,mission:Windurst:7:step-046,mission:Windurst:8:step-046,mission:Windurst:9:step-046	mesh-no-path	1	212.878	0.000	1	1
139	Horlais Peak	Dread Dragon	camp:v1:139:dread-dragon:3f32a2bdeaf7a5a37aee	-396.000	-64.000	94.000	1635332986	142	Yughott Grotto	444.270	68.513	-42.210	mission:Bastok:10:step-051,mission:Bastok:6:step-051,mission:Bastok:7:step-051,mission:Bastok:8:step-051,mission:Bastok:9:step-051,mission:Windurst:10:step-046,mission:Windurst:6:step-046,mission:Windurst:7:step-046,mission:Windurst:8:step-046,mission:Windurst:9:step-046	mesh-no-path	1	861.491	0.000	1	1
139	Horlais Peak	Dread Dragon	camp:v1:139:dread-dragon:ec6ed2b7d38b99060498	83.928	295.804	-146.026	947467130	142	Yughott Grotto	-536.363	-210.819	157.713	mission:Bastok:10:step-051,mission:Bastok:6:step-051,mission:Bastok:7:step-051,mission:Bastok:8:step-051,mission:Bastok:9:step-051,mission:Windurst:10:step-046,mission:Windurst:6:step-046,mission:Windurst:7:step-046,mission:Windurst:8:step-046,mission:Windurst:9:step-046	mesh-no-path	1	856.554	0.000	1	1
139	Horlais Peak	Dread Dragon	camp:v1:139:dread-dragon:ec6ed2b7d38b99060498	83.928	295.804	-146.026	1635332986	142	Yughott Grotto	444.270	68.513	-42.210	mission:Bastok:10:step-051,mission:Bastok:6:step-051,mission:Bastok:7:step-051,mission:Bastok:8:step-051,mission:Bastok:9:step-051,mission:Windurst:10:step-046,mission:Windurst:6:step-046,mission:Windurst:7:step-046,mission:Windurst:8:step-046,mission:Windurst:9:step-046	mesh-no-path	1	438.503	0.000	1	1
139	Horlais Peak	Dread Dragon	npc:v1:139:17347129	-396.165	-64.033	94.710	947467130	142	Yughott Grotto	-536.363	-210.819	157.713	mission:Bastok:10:step-051,mission:Bastok:6:step-051,mission:Bastok:7:step-051,mission:Bastok:8:step-051,mission:Bastok:9:step-051,mission:Windurst:10:step-046,mission:Windurst:6:step-046,mission:Windurst:7:step-046,mission:Windurst:8:step-046,mission:Windurst:9:step-046	mesh-no-path	1	212.535	0.000	1	1
139	Horlais Peak	Dread Dragon	npc:v1:139:17347129	-396.165	-64.033	94.710	1635332986	142	Yughott Grotto	444.270	68.513	-42.210	mission:Bastok:10:step-051,mission:Bastok:6:step-051,mission:Bastok:7:step-051,mission:Bastok:8:step-051,mission:Bastok:9:step-051,mission:Windurst:10:step-046,mission:Windurst:6:step-046,mission:Windurst:7:step-046,mission:Windurst:8:step-046,mission:Windurst:9:step-046	mesh-no-path	1	861.769	0.000	1	1
139	Horlais Peak	Spotter	camp:v1:139:spotter:13c33b0a05a9509af258	-160.065	115.970	-26.009	947467130	142	Yughott Grotto	-536.363	-210.819	157.713	mission:Bastok:10:step-051,mission:Bastok:6:step-051,mission:Bastok:7:step-051,mission:Bastok:8:step-051,mission:Bastok:9:step-051,mission:Windurst:10:step-047,mission:Windurst:6:step-047,mission:Windurst:7:step-047,mission:Windurst:8:step-047,mission:Windurst:9:step-047	mesh-no-path	1	531.173	0.000	1	1
139	Horlais Peak	Spotter	camp:v1:139:spotter:13c33b0a05a9509af258	-160.065	115.970	-26.009	1635332986	142	Yughott Grotto	444.270	68.513	-42.210	mission:Bastok:10:step-051,mission:Bastok:6:step-051,mission:Bastok:7:step-051,mission:Bastok:8:step-051,mission:Bastok:9:step-051,mission:Windurst:10:step-047,mission:Windurst:6:step-047,mission:Windurst:7:step-047,mission:Windurst:8:step-047,mission:Windurst:9:step-047	mesh-no-path	1	606.412	0.000	1	1
139	Horlais Peak	Spotter	camp:v1:139:spotter:40e586398918eef8239a	-400.000	-64.000	94.000	947467130	142	Yughott Grotto	-536.363	-210.819	157.713	mission:Bastok:10:step-051,mission:Bastok:6:step-051,mission:Bastok:7:step-051,mission:Bastok:8:step-051,mission:Bastok:9:step-051,mission:Windurst:10:step-047,mission:Windurst:6:step-047,mission:Windurst:7:step-047,mission:Windurst:8:step-047,mission:Windurst:9:step-047	mesh-no-path	1	210.262	0.000	1	1
139	Horlais Peak	Spotter	camp:v1:139:spotter:40e586398918eef8239a	-400.000	-64.000	94.000	1635332986	142	Yughott Grotto	444.270	68.513	-42.210	mission:Bastok:10:step-051,mission:Bastok:6:step-051,mission:Bastok:7:step-051,mission:Bastok:8:step-051,mission:Bastok:9:step-051,mission:Windurst:10:step-047,mission:Windurst:6:step-047,mission:Windurst:7:step-047,mission:Windurst:8:step-047,mission:Windurst:9:step-047	mesh-no-path	1	865.393	0.000	1	1
139	Horlais Peak	Spotter	camp:v1:139:spotter:cdfe6840a437ee9cf89f	79.928	295.804	-146.026	947467130	142	Yughott Grotto	-536.363	-210.819	157.713	mission:Bastok:10:step-051,mission:Bastok:6:step-051,mission:Bastok:7:step-051,mission:Bastok:8:step-051,mission:Bastok:9:step-051,mission:Windurst:10:step-047,mission:Windurst:6:step-047,mission:Windurst:7:step-047,mission:Windurst:8:step-047,mission:Windurst:9:step-047	mesh-no-path	1	853.662	0.000	1	1
139	Horlais Peak	Spotter	camp:v1:139:spotter:cdfe6840a437ee9cf89f	79.928	295.804	-146.026	1635332986	142	Yughott Grotto	444.270	68.513	-42.210	mission:Bastok:10:step-051,mission:Bastok:6:step-051,mission:Bastok:7:step-051,mission:Bastok:8:step-051,mission:Bastok:9:step-051,mission:Windurst:10:step-047,mission:Windurst:6:step-047,mission:Windurst:7:step-047,mission:Windurst:8:step-047,mission:Windurst:9:step-047	mesh-no-path	1	441.796	0.000	1	1
139	Horlais Peak	Spotter	npc:v1:139:17347128	-399.056	-57.984	94.426	947467130	142	Yughott Grotto	-536.363	-210.819	157.713	mission:Bastok:10:step-051,mission:Bastok:6:step-051,mission:Bastok:7:step-051,mission:Bastok:8:step-051,mission:Bastok:9:step-051,mission:Windurst:10:step-047,mission:Windurst:6:step-047,mission:Windurst:7:step-047,mission:Windurst:8:step-047,mission:Windurst:9:step-047	mesh-no-path	1	214.981	0.000	1	1
139	Horlais Peak	Spotter	npc:v1:139:17347128	-399.056	-57.984	94.426	1635332986	142	Yughott Grotto	444.270	68.513	-42.210	mission:Bastok:10:step-051,mission:Bastok:6:step-051,mission:Bastok:7:step-051,mission:Bastok:8:step-051,mission:Bastok:9:step-051,mission:Windurst:10:step-047,mission:Windurst:6:step-047,mission:Windurst:7:step-047,mission:Windurst:8:step-047,mission:Windurst:9:step-047	mesh-no-path	1	863.637	0.000	1	1
140	Ghelsba Outpost	Fodderchief Vokdek	camp:v1:140:fodderchief-vokdek:1e73b5224427afcf4287	-188.703	45.326	-10.048	947073658	100	West Ronfaure	100.002	-38.021	-2.062	mission:San d'Oria:3:step-022	mesh-no-path	1	300.601	0.000	1	1
140	Ghelsba Outpost	Fodderchief Vokdek	camp:v1:140:fodderchief-vokdek:1e73b5224427afcf4287	-188.703	45.326	-10.048	813183866	141	Fort Ghelsba	125.852	180.403	-22.097	mission:San d'Oria:3:step-022	mesh-no-path	1	342.543	0.000	1	1
140	Ghelsba Outpost	Fodderchief Vokdek	camp:v1:140:fodderchief-vokdek:1e73b5224427afcf4287	-188.703	45.326	-10.048	913912698	142	Yughott Grotto	-2.049	-60.185	-2.202	mission:San d'Oria:3:step-022	mesh-no-path	1	214.555	0.000	1	1
140	Ghelsba Outpost	Hut Door	object:v1:140:17350951	-165.357	77.771	-11.672	947073658	100	West Ronfaure	100.002	-38.021	-2.062	mission:San d'Oria:3:step-018	mesh-connected	22	2.033	0.000	1	1
140	Ghelsba Outpost	Hut Door	object:v1:140:17350951	-165.357	77.771	-11.672	813183866	141	Fort Ghelsba	125.852	180.403	-22.097	mission:San d'Oria:3:step-018	mesh-connected	61	1.929	0.000	1	1
140	Ghelsba Outpost	Hut Door	object:v1:140:17350951	-165.357	77.771	-11.672	913912698	142	Yughott Grotto	-2.049	-60.185	-2.202	mission:San d'Oria:3:step-018	mesh-connected	24	2.036	0.000	1	1
140	Ghelsba Outpost	Orcish Fodder	camp:v1:140:orcish-fodder:09518496ce6eedbb480d	-180.089	271.715	-10.354	947073658	100	West Ronfaure	100.002	-38.021	-2.062	mission:San d'Oria:1:step-005	mesh-connected	37	2.033	0.000	1	1
140	Ghelsba Outpost	Orcish Fodder	camp:v1:140:orcish-fodder:09518496ce6eedbb480d	-180.089	271.715	-10.354	813183866	141	Fort Ghelsba	125.852	180.403	-22.097	mission:San d'Oria:1:step-005	mesh-connected	49	1.929	0.000	1	1
140	Ghelsba Outpost	Orcish Fodder	camp:v1:140:orcish-fodder:09518496ce6eedbb480d	-180.089	271.715	-10.354	913912698	142	Yughott Grotto	-2.049	-60.185	-2.202	mission:San d'Oria:1:step-005	mesh-connected	47	2.036	0.000	1	1
140	Ghelsba Outpost	Orcish Fodder	camp:v1:140:orcish-fodder:21255c724b8ddfd244f0	-161.143	403.798	-19.999	947073658	100	West Ronfaure	100.002	-38.021	-2.062	mission:San d'Oria:1:step-005	mesh-connected	44	2.033	0.000	1	1
140	Ghelsba Outpost	Orcish Fodder	camp:v1:140:orcish-fodder:21255c724b8ddfd244f0	-161.143	403.798	-19.999	813183866	141	Fort Ghelsba	125.852	180.403	-22.097	mission:San d'Oria:1:step-005	mesh-connected	42	1.929	0.000	1	1
140	Ghelsba Outpost	Orcish Fodder	camp:v1:140:orcish-fodder:21255c724b8ddfd244f0	-161.143	403.798	-19.999	913912698	142	Yughott Grotto	-2.049	-60.185	-2.202	mission:San d'Oria:1:step-005	mesh-connected	55	2.036	0.000	1	1
140	Ghelsba Outpost	Orcish Fodder	camp:v1:140:orcish-fodder:6fc66ab53675c7cdd389	-134.024	88.463	-10.037	947073658	100	West Ronfaure	100.002	-38.021	-2.062	mission:San d'Oria:1:step-005	mesh-connected	17	2.033	0.000	1	1
140	Ghelsba Outpost	Orcish Fodder	camp:v1:140:orcish-fodder:6fc66ab53675c7cdd389	-134.024	88.463	-10.037	813183866	141	Fort Ghelsba	125.852	180.403	-22.097	mission:San d'Oria:1:step-005	mesh-connected	64	1.929	0.000	1	1
140	Ghelsba Outpost	Orcish Fodder	camp:v1:140:orcish-fodder:6fc66ab53675c7cdd389	-134.024	88.463	-10.037	913912698	142	Yughott Grotto	-2.049	-60.185	-2.202	mission:San d'Oria:1:step-005	mesh-connected	25	2.036	0.000	1	1
140	Ghelsba Outpost	Orcish Fodder	camp:v1:140:orcish-fodder:8190058e0c755d44849c	-0.640	42.498	0.500	947073658	100	West Ronfaure	100.002	-38.021	-2.062	mission:San d'Oria:1:step-005	mesh-connected	16	2.033	0.000	1	1
140	Ghelsba Outpost	Orcish Fodder	camp:v1:140:orcish-fodder:8190058e0c755d44849c	-0.640	42.498	0.500	813183866	141	Fort Ghelsba	125.852	180.403	-22.097	mission:San d'Oria:1:step-005	mesh-connected	75	1.929	0.000	1	1
140	Ghelsba Outpost	Orcish Fodder	camp:v1:140:orcish-fodder:8190058e0c755d44849c	-0.640	42.498	0.500	913912698	142	Yughott Grotto	-2.049	-60.185	-2.202	mission:San d'Oria:1:step-005	mesh-connected	17	2.036	0.000	1	1
140	Ghelsba Outpost	Orcish Fodder	camp:v1:140:orcish-fodder:b113f620fc1645e5e0eb	39.483	420.413	-30.003	947073658	100	West Ronfaure	100.002	-38.021	-2.062	mission:San d'Oria:1:step-005	mesh-connected	51	2.033	0.000	1	1
140	Ghelsba Outpost	Orcish Fodder	camp:v1:140:orcish-fodder:b113f620fc1645e5e0eb	39.483	420.413	-30.003	813183866	141	Fort Ghelsba	125.852	180.403	-22.097	mission:San d'Oria:1:step-005	mesh-connected	24	1.929	0.000	1	1
140	Ghelsba Outpost	Orcish Fodder	camp:v1:140:orcish-fodder:b113f620fc1645e5e0eb	39.483	420.413	-30.003	913912698	142	Yughott Grotto	-2.049	-60.185	-2.202	mission:San d'Oria:1:step-005	mesh-connected	58	2.036	0.000	1	1
140	Ghelsba Outpost	Orcish Fodder	camp:v1:140:orcish-fodder:cba81e5effec34bda80e	-61.683	-17.515	-5.595	947073658	100	West Ronfaure	100.002	-38.021	-2.062	mission:San d'Oria:1:step-005	mesh-connected	25	2.033	0.000	1	1
140	Ghelsba Outpost	Orcish Fodder	camp:v1:140:orcish-fodder:cba81e5effec34bda80e	-61.683	-17.515	-5.595	813183866	141	Fort Ghelsba	125.852	180.403	-22.097	mission:San d'Oria:1:step-005	mesh-connected	72	1.929	0.000	1	1
140	Ghelsba Outpost	Orcish Fodder	camp:v1:140:orcish-fodder:cba81e5effec34bda80e	-61.683	-17.515	-5.595	913912698	142	Yughott Grotto	-2.049	-60.185	-2.202	mission:San d'Oria:1:step-005	mesh-connected	20	2.036	0.000	1	1
140	Ghelsba Outpost	Orcish Fodder	camp:v1:140:orcish-fodder:e2a2eee595cc9b8d0d7c	-22.330	240.560	-31.999	947073658	100	West Ronfaure	100.002	-38.021	-2.062	mission:San d'Oria:1:step-005	mesh-connected	65	2.033	0.000	1	1
140	Ghelsba Outpost	Orcish Fodder	camp:v1:140:orcish-fodder:e2a2eee595cc9b8d0d7c	-22.330	240.560	-31.999	813183866	141	Fort Ghelsba	125.852	180.403	-22.097	mission:San d'Oria:1:step-005	mesh-connected	15	1.929	0.000	1	1
140	Ghelsba Outpost	Orcish Fodder	camp:v1:140:orcish-fodder:e2a2eee595cc9b8d0d7c	-22.330	240.560	-31.999	913912698	142	Yughott Grotto	-2.049	-60.185	-2.202	mission:San d'Oria:1:step-005	mesh-connected	72	2.036	0.000	1	1
140	Ghelsba Outpost	Orcish Fodder	camp:v1:140:orcish-fodder:e3c4dc643d86dd30f593	-34.180	358.748	-20.000	947073658	100	West Ronfaure	100.002	-38.021	-2.062	mission:San d'Oria:1:step-005	mesh-connected	51	2.033	0.000	1	1
140	Ghelsba Outpost	Orcish Fodder	camp:v1:140:orcish-fodder:e3c4dc643d86dd30f593	-34.180	358.748	-20.000	813183866	141	Fort Ghelsba	125.852	180.403	-22.097	mission:San d'Oria:1:step-005	mesh-connected	41	1.929	0.000	1	1
140	Ghelsba Outpost	Orcish Fodder	camp:v1:140:orcish-fodder:e3c4dc643d86dd30f593	-34.180	358.748	-20.000	913912698	142	Yughott Grotto	-2.049	-60.185	-2.202	mission:San d'Oria:1:step-005	mesh-connected	58	2.036	0.000	1	1
140	Ghelsba Outpost	Strongarm Zodvad	camp:v1:140:strongarm-zodvad:cf99060d7517b256d505	-177.171	50.070	-10.006	947073658	100	West Ronfaure	100.002	-38.021	-2.062	mission:San d'Oria:3:step-023	mesh-no-path	1	290.943	0.000	1	1
140	Ghelsba Outpost	Strongarm Zodvad	camp:v1:140:strongarm-zodvad:cf99060d7517b256d505	-177.171	50.070	-10.006	813183866	141	Fort Ghelsba	125.852	180.403	-22.097	mission:San d'Oria:3:step-023	mesh-no-path	1	330.085	0.000	1	1
140	Ghelsba Outpost	Strongarm Zodvad	camp:v1:140:strongarm-zodvad:cf99060d7517b256d505	-177.171	50.070	-10.006	913912698	142	Yughott Grotto	-2.049	-60.185	-2.202	mission:San d'Oria:3:step-023	mesh-no-path	1	207.086	0.000	1	1
140	Ghelsba Outpost	Sureshot Snatgat	camp:v1:140:sureshot-snatgat:ccc938f3b5434fd2efbc	-188.164	55.693	-10.554	947073658	100	West Ronfaure	100.002	-38.021	-2.062	mission:San d'Oria:3:step-024	mesh-no-path	1	303.140	0.000	1	1
140	Ghelsba Outpost	Sureshot Snatgat	camp:v1:140:sureshot-snatgat:ccc938f3b5434fd2efbc	-188.164	55.693	-10.554	813183866	141	Fort Ghelsba	125.852	180.403	-22.097	mission:San d'Oria:3:step-024	mesh-no-path	1	338.071	0.000	1	1
140	Ghelsba Outpost	Sureshot Snatgat	camp:v1:140:sureshot-snatgat:ccc938f3b5434fd2efbc	-188.164	55.693	-10.554	913912698	142	Yughott Grotto	-2.049	-60.185	-2.202	mission:San d'Oria:3:step-024	mesh-no-path	1	219.400	0.000	1	1
140	Ghelsba Outpost	Warchief Vatgit	camp:v1:140:warchief-vatgit:05f831acf9d0794044c7	-74.960	256.968	-34.692	947073658	100	West Ronfaure	100.002	-38.021	-2.062	mission:Bastok:10:step-008,mission:Bastok:10:step-058,mission:Bastok:6:step-008,mission:Bastok:6:step-058,mission:Bastok:7:step-008,mission:Bastok:7:step-058,mission:Bastok:8:step-008,mission:Bastok:8:step-058,mission:Bastok:9:step-008,mission:Bastok:9:step-058,mission:Windurst:10:step-009,mission:Windurst:6:step-009,mission:Windurst:7:step-009,mission:Windurst:8:step-009,mission:Windurst:9:step-009	mesh-connected	66	2.033	0.000	1	1
140	Ghelsba Outpost	Warchief Vatgit	camp:v1:140:warchief-vatgit:05f831acf9d0794044c7	-74.960	256.968	-34.692	813183866	141	Fort Ghelsba	125.852	180.403	-22.097	mission:Bastok:10:step-008,mission:Bastok:10:step-058,mission:Bastok:6:step-008,mission:Bastok:6:step-058,mission:Bastok:7:step-008,mission:Bastok:7:step-058,mission:Bastok:8:step-008,mission:Bastok:8:step-058,mission:Bastok:9:step-008,mission:Bastok:9:step-058,mission:Windurst:10:step-009,mission:Windurst:6:step-009,mission:Windurst:7:step-009,mission:Windurst:8:step-009,mission:Windurst:9:step-009	mesh-connected	16	1.929	0.000	1	1
140	Ghelsba Outpost	Warchief Vatgit	camp:v1:140:warchief-vatgit:05f831acf9d0794044c7	-74.960	256.968	-34.692	913912698	142	Yughott Grotto	-2.049	-60.185	-2.202	mission:Bastok:10:step-008,mission:Bastok:10:step-058,mission:Bastok:6:step-008,mission:Bastok:6:step-058,mission:Bastok:7:step-008,mission:Bastok:7:step-058,mission:Bastok:8:step-008,mission:Bastok:8:step-058,mission:Bastok:9:step-008,mission:Bastok:9:step-058,mission:Windurst:10:step-009,mission:Windurst:6:step-009,mission:Windurst:7:step-009,mission:Windurst:8:step-009,mission:Windurst:9:step-009	mesh-connected	73	2.036	0.000	1	1
141	Fort Ghelsba	Survival Guide	object:v1:141:17355014	-143.000	7.000	-20.000	880227194	140	Ghelsba Outpost	-161.497	19.985	-21.977	mission:Windurst:10:step-011,mission:Windurst:6:step-011,mission:Windurst:7:step-011,mission:Windurst:8:step-011,mission:Windurst:9:step-011	mesh-connected	4	2.121	0.000	1	1
141	Fort Ghelsba	Survival Guide	object:v1:141:17355014	-143.000	7.000	-20.000	813249402	142	Yughott Grotto	219.949	19.489	-86.032	mission:Windurst:10:step-011,mission:Windurst:6:step-011,mission:Windurst:7:step-011,mission:Windurst:8:step-011,mission:Windurst:9:step-011	mesh-connected	77	1.983	0.000	1	1
141	Fort Ghelsba	Survival Guide	object:v1:141:17355014	-143.000	7.000	-20.000	846803834	142	Yughott Grotto	226.688	101.045	-46.417	mission:Windurst:10:step-011,mission:Windurst:6:step-011,mission:Windurst:7:step-011,mission:Windurst:8:step-011,mission:Windurst:9:step-011	mesh-connected	55	2.552	0.000	1	1
141	Fort Ghelsba	Survival Guide	object:v1:141:17355014	-143.000	7.000	-20.000	880358266	142	Yughott Grotto	6.587	-107.077	-22.088	mission:Windurst:10:step-011,mission:Windurst:6:step-011,mission:Windurst:7:step-011,mission:Windurst:8:step-011,mission:Windurst:9:step-011	mesh-connected	19	1.949	0.000	1	1
143	Palborough Mines	Amber Quadav	camp:v1:143:amber-quadav:08807d51d2f65679f2f0	104.811	187.422	-2.108	947466874	106	North Gustaberg	4.923	59.551	-2.383	mission:Bastok:3:step-006	mesh-connected	27	2.095	0.000	1	1
143	Palborough Mines	Amber Quadav	camp:v1:143:amber-quadav:08807d51d2f65679f2f0	104.811	187.422	-2.108	808465530	144	Waughroon Shrine	114.483	-140.014	-41.944	mission:Bastok:3:step-006	mesh-connected	108	1.964	0.000	1	1
143	Palborough Mines	Amber Quadav	camp:v1:143:amber-quadav:08807d51d2f65679f2f0	104.811	187.422	-2.108	842019962	144	Waughroon Shrine	180.861	-70.971	-40.500	mission:Bastok:3:step-006	mesh-no-path	1	272.074	0.000	1	1
143	Palborough Mines	Amber Quadav	camp:v1:143:amber-quadav:0d6672238e58777ac061	228.847	168.167	-10.563	947466874	106	North Gustaberg	4.923	59.551	-2.383	mission:Bastok:3:step-006	mesh-connected	41	2.095	0.000	1	1
143	Palborough Mines	Amber Quadav	camp:v1:143:amber-quadav:0d6672238e58777ac061	228.847	168.167	-10.563	808465530	144	Waughroon Shrine	114.483	-140.014	-41.944	mission:Bastok:3:step-006	mesh-connected	103	1.964	0.000	1	1
143	Palborough Mines	Amber Quadav	camp:v1:143:amber-quadav:0d6672238e58777ac061	228.847	168.167	-10.563	842019962	144	Waughroon Shrine	180.861	-70.971	-40.500	mission:Bastok:3:step-006	mesh-no-path	1	245.735	0.000	1	1
143	Palborough Mines	Amber Quadav	camp:v1:143:amber-quadav:8684a7460d520b0f72a1	172.213	139.367	-0.269	947466874	106	North Gustaberg	4.923	59.551	-2.383	mission:Bastok:3:step-006	mesh-connected	25	2.095	0.000	1	1
143	Palborough Mines	Amber Quadav	camp:v1:143:amber-quadav:8684a7460d520b0f72a1	172.213	139.367	-0.269	808465530	144	Waughroon Shrine	114.483	-140.014	-41.944	mission:Bastok:3:step-006	mesh-connected	117	1.964	0.000	1	1
143	Palborough Mines	Amber Quadav	camp:v1:143:amber-quadav:8684a7460d520b0f72a1	172.213	139.367	-0.269	842019962	144	Waughroon Shrine	180.861	-70.971	-40.500	mission:Bastok:3:step-006	mesh-no-path	1	214.325	0.000	1	1
143	Palborough Mines	Amber Quadav	camp:v1:143:amber-quadav:8c00dcfe689d89f5f863	58.904	123.259	-0.483	947466874	106	North Gustaberg	4.923	59.551	-2.383	mission:Bastok:3:step-006	mesh-connected	24	2.095	0.000	1	1
143	Palborough Mines	Amber Quadav	camp:v1:143:amber-quadav:8c00dcfe689d89f5f863	58.904	123.259	-0.483	808465530	144	Waughroon Shrine	114.483	-140.014	-41.944	mission:Bastok:3:step-006	mesh-connected	121	1.964	0.000	1	1
143	Palborough Mines	Amber Quadav	camp:v1:143:amber-quadav:8c00dcfe689d89f5f863	58.904	123.259	-0.483	842019962	144	Waughroon Shrine	180.861	-70.971	-40.500	mission:Bastok:3:step-006	mesh-no-path	1	232.809	0.000	1	1
143	Palborough Mines	Amber Quadav	camp:v1:143:amber-quadav:9e66bacb98284448b6e7	-20.000	199.000	-15.000	947466874	106	North Gustaberg	4.923	59.551	-2.383	mission:Bastok:3:step-006	mesh-connected	62	2.095	0.000	1	1
143	Palborough Mines	Amber Quadav	camp:v1:143:amber-quadav:9e66bacb98284448b6e7	-20.000	199.000	-15.000	808465530	144	Waughroon Shrine	114.483	-140.014	-41.944	mission:Bastok:3:step-006	mesh-connected	72	1.964	0.000	1	1
143	Palborough Mines	Amber Quadav	camp:v1:143:amber-quadav:9e66bacb98284448b6e7	-20.000	199.000	-15.000	842019962	144	Waughroon Shrine	180.861	-70.971	-40.500	mission:Bastok:3:step-006	mesh-no-path	1	337.461	0.000	1	1
143	Palborough Mines	Amber Quadav	camp:v1:143:amber-quadav:b28ee52dd598483d339d	164.259	244.365	-15.180	947466874	106	North Gustaberg	4.923	59.551	-2.383	mission:Bastok:3:step-006	mesh-connected	51	2.095	0.000	1	1
143	Palborough Mines	Amber Quadav	camp:v1:143:amber-quadav:b28ee52dd598483d339d	164.259	244.365	-15.180	808465530	144	Waughroon Shrine	114.483	-140.014	-41.944	mission:Bastok:3:step-006	mesh-connected	91	1.964	0.000	1	1
143	Palborough Mines	Amber Quadav	camp:v1:143:amber-quadav:b28ee52dd598483d339d	164.259	244.365	-15.180	842019962	144	Waughroon Shrine	180.861	-70.971	-40.500	mission:Bastok:3:step-006	mesh-no-path	1	316.786	0.000	1	1
143	Palborough Mines	Amber Quadav	camp:v1:143:amber-quadav:b8bb65f7813b500f60bc	289.435	263.320	-16.250	947466874	106	North Gustaberg	4.923	59.551	-2.383	mission:Bastok:3:step-006	mesh-connected	55	2.095	0.000	1	1
143	Palborough Mines	Amber Quadav	camp:v1:143:amber-quadav:b8bb65f7813b500f60bc	289.435	263.320	-16.250	808465530	144	Waughroon Shrine	114.483	-140.014	-41.944	mission:Bastok:3:step-006	mesh-connected	84	1.964	0.000	1	1
143	Palborough Mines	Amber Quadav	camp:v1:143:amber-quadav:b8bb65f7813b500f60bc	289.435	263.320	-16.250	842019962	144	Waughroon Shrine	180.861	-70.971	-40.500	mission:Bastok:3:step-006	mesh-no-path	1	352.316	0.000	1	1
143	Palborough Mines	Amber Quadav	camp:v1:143:amber-quadav:d4f912266d2e7107b54d	148.000	18.000	-12.000	947466874	106	North Gustaberg	4.923	59.551	-2.383	mission:Bastok:3:step-006	mesh-connected	41	2.095	0.000	1	1
143	Palborough Mines	Amber Quadav	camp:v1:143:amber-quadav:d4f912266d2e7107b54d	148.000	18.000	-12.000	808465530	144	Waughroon Shrine	114.483	-140.014	-41.944	mission:Bastok:3:step-006	mesh-connected	138	1.964	0.000	1	1
143	Palborough Mines	Amber Quadav	camp:v1:143:amber-quadav:d4f912266d2e7107b54d	148.000	18.000	-12.000	842019962	144	Waughroon Shrine	180.861	-70.971	-40.500	mission:Bastok:3:step-006	mesh-no-path	1	99.035	0.000	1	1
143	Palborough Mines	Greater Quadav	camp:v1:143:greater-quadav:1de8e62f0844ef726e0a	99.106	11.927	-33.215	947466874	106	North Gustaberg	4.923	59.551	-2.383	mission:Bastok:3:step-006	mesh-connected	109	2.095	0.000	1	1
143	Palborough Mines	Greater Quadav	camp:v1:143:greater-quadav:1de8e62f0844ef726e0a	99.106	11.927	-33.215	808465530	144	Waughroon Shrine	114.483	-140.014	-41.944	mission:Bastok:3:step-006	mesh-connected	30	1.964	0.000	1	1
143	Palborough Mines	Greater Quadav	camp:v1:143:greater-quadav:1de8e62f0844ef726e0a	99.106	11.927	-33.215	842019962	144	Waughroon Shrine	180.861	-70.971	-40.500	mission:Bastok:3:step-006	mesh-no-path	1	116.658	0.000	1	1
143	Palborough Mines	Greater Quadav	camp:v1:143:greater-quadav:4668766a2d57f9c12d24	260.744	-53.847	-31.931	947466874	106	North Gustaberg	4.923	59.551	-2.383	mission:Bastok:3:step-006	mesh-connected	111	2.095	0.000	1	1
143	Palborough Mines	Greater Quadav	camp:v1:143:greater-quadav:4668766a2d57f9c12d24	260.744	-53.847	-31.931	808465530	144	Waughroon Shrine	114.483	-140.014	-41.944	mission:Bastok:3:step-006	mesh-connected	65	1.964	0.000	1	1
143	Palborough Mines	Greater Quadav	camp:v1:143:greater-quadav:4668766a2d57f9c12d24	260.744	-53.847	-31.931	842019962	144	Waughroon Shrine	180.861	-70.971	-40.500	mission:Bastok:3:step-006	mesh-no-path	1	82.146	0.000	1	1
143	Palborough Mines	Greater Quadav	camp:v1:143:greater-quadav:70d763f9e1d7f4f2ab79	99.000	130.000	-31.000	947466874	106	North Gustaberg	4.923	59.551	-2.383	mission:Bastok:3:step-006	mesh-connected	93	2.095	0.000	1	1
143	Palborough Mines	Greater Quadav	camp:v1:143:greater-quadav:70d763f9e1d7f4f2ab79	99.000	130.000	-31.000	808465530	144	Waughroon Shrine	114.483	-140.014	-41.944	mission:Bastok:3:step-006	mesh-connected	48	1.964	0.000	1	1
143	Palborough Mines	Greater Quadav	camp:v1:143:greater-quadav:70d763f9e1d7f4f2ab79	99.000	130.000	-31.000	842019962	144	Waughroon Shrine	180.861	-70.971	-40.500	mission:Bastok:3:step-006	mesh-no-path	1	217.211	0.000	1	1
143	Palborough Mines	Greater Quadav	camp:v1:143:greater-quadav:85ff895360fe7eed1ef1	262.193	139.036	-32.266	947466874	106	North Gustaberg	4.923	59.551	-2.383	mission:Bastok:3:step-006	mesh-connected	93	2.095	0.000	1	1
143	Palborough Mines	Greater Quadav	camp:v1:143:greater-quadav:85ff895360fe7eed1ef1	262.193	139.036	-32.266	808465530	144	Waughroon Shrine	114.483	-140.014	-41.944	mission:Bastok:3:step-006	mesh-connected	48	1.964	0.000	1	1
143	Palborough Mines	Greater Quadav	camp:v1:143:greater-quadav:85ff895360fe7eed1ef1	262.193	139.036	-32.266	842019962	144	Waughroon Shrine	180.861	-70.971	-40.500	mission:Bastok:3:step-006	mesh-no-path	1	225.357	0.000	1	1
143	Palborough Mines	Greater Quadav	camp:v1:143:greater-quadav:bf09a54179826b5e17f7	140.553	20.561	-30.813	947466874	106	North Gustaberg	4.923	59.551	-2.383	mission:Bastok:3:step-006	mesh-connected	98	2.095	0.000	1	1
143	Palborough Mines	Greater Quadav	camp:v1:143:greater-quadav:bf09a54179826b5e17f7	140.553	20.561	-30.813	808465530	144	Waughroon Shrine	114.483	-140.014	-41.944	mission:Bastok:3:step-006	mesh-connected	58	1.964	0.000	1	1
143	Palborough Mines	Greater Quadav	camp:v1:143:greater-quadav:bf09a54179826b5e17f7	140.553	20.561	-30.813	842019962	144	Waughroon Shrine	180.861	-70.971	-40.500	mission:Bastok:3:step-006	mesh-no-path	1	100.482	0.000	1	1
143	Palborough Mines	Greater Quadav	camp:v1:143:greater-quadav:e625520993a229a124aa	261.636	61.545	-15.823	947466874	106	North Gustaberg	4.923	59.551	-2.383	mission:Bastok:3:step-006	mesh-connected	82	2.095	0.000	1	1
143	Palborough Mines	Greater Quadav	camp:v1:143:greater-quadav:e625520993a229a124aa	261.636	61.545	-15.823	808465530	144	Waughroon Shrine	114.483	-140.014	-41.944	mission:Bastok:3:step-006	mesh-connected	67	1.964	0.000	1	1
143	Palborough Mines	Greater Quadav	camp:v1:143:greater-quadav:e625520993a229a124aa	261.636	61.545	-15.823	842019962	144	Waughroon Shrine	180.861	-70.971	-40.500	mission:Bastok:3:step-006	mesh-no-path	1	157.143	0.000	1	1
143	Palborough Mines	Onyx Quadav	camp:v1:143:onyx-quadav:02958659764b57601115	227.000	142.000	-17.000	947466874	106	North Gustaberg	4.923	59.551	-2.383	mission:Bastok:3:step-006	mesh-connected	78	2.095	0.000	1	1
143	Palborough Mines	Onyx Quadav	camp:v1:143:onyx-quadav:02958659764b57601115	227.000	142.000	-17.000	808465530	144	Waughroon Shrine	114.483	-140.014	-41.944	mission:Bastok:3:step-006	mesh-connected	60	1.964	0.000	1	1
143	Palborough Mines	Onyx Quadav	camp:v1:143:onyx-quadav:02958659764b57601115	227.000	142.000	-17.000	842019962	144	Waughroon Shrine	180.861	-70.971	-40.500	mission:Bastok:3:step-006	mesh-no-path	1	219.175	0.000	1	1
143	Palborough Mines	Onyx Quadav	camp:v1:143:onyx-quadav:0cb8857e1c199ef51036	67.867	59.731	-32.081	947466874	106	North Gustaberg	4.923	59.551	-2.383	mission:Bastok:3:step-006	mesh-connected	104	2.095	0.000	1	1
143	Palborough Mines	Onyx Quadav	camp:v1:143:onyx-quadav:0cb8857e1c199ef51036	67.867	59.731	-32.081	808465530	144	Waughroon Shrine	114.483	-140.014	-41.944	mission:Bastok:3:step-006	mesh-connected	33	1.964	0.000	1	1
143	Palborough Mines	Onyx Quadav	camp:v1:143:onyx-quadav:0cb8857e1c199ef51036	67.867	59.731	-32.081	842019962	144	Waughroon Shrine	180.861	-70.971	-40.500	mission:Bastok:3:step-006	mesh-no-path	1	172.978	0.000	1	1
143	Palborough Mines	Onyx Quadav	camp:v1:143:onyx-quadav:86894196c35a93647b8b	266.614	-62.895	-32.081	947466874	106	North Gustaberg	4.923	59.551	-2.383	mission:Bastok:3:step-006	mesh-connected	113	2.095	0.000	1	1
143	Palborough Mines	Onyx Quadav	camp:v1:143:onyx-quadav:86894196c35a93647b8b	266.614	-62.895	-32.081	808465530	144	Waughroon Shrine	114.483	-140.014	-41.944	mission:Bastok:3:step-006	mesh-connected	67	1.964	0.000	1	1
143	Palborough Mines	Onyx Quadav	camp:v1:143:onyx-quadav:86894196c35a93647b8b	266.614	-62.895	-32.081	842019962	144	Waughroon Shrine	180.861	-70.971	-40.500	mission:Bastok:3:step-006	mesh-no-path	1	86.543	0.000	1	1
143	Palborough Mines	Onyx Quadav	camp:v1:143:onyx-quadav:8e3a96edb3490ab6c78a	266.040	65.618	-16.159	947466874	106	North Gustaberg	4.923	59.551	-2.383	mission:Bastok:3:step-006	mesh-connected	84	2.095	0.000	1	1
143	Palborough Mines	Onyx Quadav	camp:v1:143:onyx-quadav:8e3a96edb3490ab6c78a	266.040	65.618	-16.159	808465530	144	Waughroon Shrine	114.483	-140.014	-41.944	mission:Bastok:3:step-006	mesh-connected	69	1.964	0.000	1	1
143	Palborough Mines	Onyx Quadav	camp:v1:143:onyx-quadav:8e3a96edb3490ab6c78a	266.040	65.618	-16.159	842019962	144	Waughroon Shrine	180.861	-70.971	-40.500	mission:Bastok:3:step-006	mesh-no-path	1	162.802	0.000	1	1
143	Palborough Mines	Onyx Quadav	camp:v1:143:onyx-quadav:a9a5e6d736d3ec3ac482	140.000	112.000	-31.000	947466874	106	North Gustaberg	4.923	59.551	-2.383	mission:Bastok:3:step-006	mesh-connected	96	2.095	0.000	1	1
143	Palborough Mines	Onyx Quadav	camp:v1:143:onyx-quadav:a9a5e6d736d3ec3ac482	140.000	112.000	-31.000	808465530	144	Waughroon Shrine	114.483	-140.014	-41.944	mission:Bastok:3:step-006	mesh-connected	56	1.964	0.000	1	1
143	Palborough Mines	Onyx Quadav	camp:v1:143:onyx-quadav:a9a5e6d736d3ec3ac482	140.000	112.000	-31.000	842019962	144	Waughroon Shrine	180.861	-70.971	-40.500	mission:Bastok:3:step-006	mesh-no-path	1	187.719	0.000	1	1
143	Palborough Mines	Onyx Quadav	camp:v1:143:onyx-quadav:b5319424c0bf18a7b75c	139.460	47.174	-32.469	947466874	106	North Gustaberg	4.923	59.551	-2.383	mission:Bastok:3:step-006	mesh-connected	98	2.095	0.000	1	1
143	Palborough Mines	Onyx Quadav	camp:v1:143:onyx-quadav:b5319424c0bf18a7b75c	139.460	47.174	-32.469	808465530	144	Waughroon Shrine	114.483	-140.014	-41.944	mission:Bastok:3:step-006	mesh-connected	58	1.964	0.000	1	1
143	Palborough Mines	Onyx Quadav	camp:v1:143:onyx-quadav:b5319424c0bf18a7b75c	139.460	47.174	-32.469	842019962	144	Waughroon Shrine	180.861	-70.971	-40.500	mission:Bastok:3:step-006	mesh-no-path	1	125.446	0.000	1	1
143	Palborough Mines	Veteran Quadav	camp:v1:143:veteran-quadav:1125ba47931e47c60582	141.820	36.366	-32.049	947466874	106	North Gustaberg	4.923	59.551	-2.383	mission:Bastok:3:step-006	mesh-connected	98	2.095	0.000	1	1
143	Palborough Mines	Veteran Quadav	camp:v1:143:veteran-quadav:1125ba47931e47c60582	141.820	36.366	-32.049	808465530	144	Waughroon Shrine	114.483	-140.014	-41.944	mission:Bastok:3:step-006	mesh-connected	58	1.964	0.000	1	1
143	Palborough Mines	Veteran Quadav	camp:v1:143:veteran-quadav:1125ba47931e47c60582	141.820	36.366	-32.049	842019962	144	Waughroon Shrine	180.861	-70.971	-40.500	mission:Bastok:3:step-006	mesh-no-path	1	114.529	0.000	1	1
143	Palborough Mines	Veteran Quadav	camp:v1:143:veteran-quadav:1bcd9060dabd1b4ddf00	252.000	-56.000	-31.584	947466874	106	North Gustaberg	4.923	59.551	-2.383	mission:Bastok:3:step-006	mesh-connected	110	2.095	0.000	1	1
143	Palborough Mines	Veteran Quadav	camp:v1:143:veteran-quadav:1bcd9060dabd1b4ddf00	252.000	-56.000	-31.584	808465530	144	Waughroon Shrine	114.483	-140.014	-41.944	mission:Bastok:3:step-006	mesh-connected	64	1.964	0.000	1	1
143	Palborough Mines	Veteran Quadav	camp:v1:143:veteran-quadav:1bcd9060dabd1b4ddf00	252.000	-56.000	-31.584	842019962	144	Waughroon Shrine	180.861	-70.971	-40.500	mission:Bastok:3:step-006	mesh-no-path	1	73.242	0.000	1	1
143	Palborough Mines	Veteran Quadav	camp:v1:143:veteran-quadav:1c8fbe843a8f2529f7df	48.019	59.795	-32.077	947466874	106	North Gustaberg	4.923	59.551	-2.383	mission:Bastok:3:step-006	mesh-connected	103	2.095	0.000	1	1
143	Palborough Mines	Veteran Quadav	camp:v1:143:veteran-quadav:1c8fbe843a8f2529f7df	48.019	59.795	-32.077	808465530	144	Waughroon Shrine	114.483	-140.014	-41.944	mission:Bastok:3:step-006	mesh-connected	36	1.964	0.000	1	1
143	Palborough Mines	Veteran Quadav	camp:v1:143:veteran-quadav:1c8fbe843a8f2529f7df	48.019	59.795	-32.077	842019962	144	Waughroon Shrine	180.861	-70.971	-40.500	mission:Bastok:3:step-006	mesh-no-path	1	186.595	0.000	1	1
143	Palborough Mines	Veteran Quadav	camp:v1:143:veteran-quadav:3cf56a68350c31230d53	259.798	51.791	-16.227	947466874	106	North Gustaberg	4.923	59.551	-2.383	mission:Bastok:3:step-006	mesh-connected	83	2.095	0.000	1	1
143	Palborough Mines	Veteran Quadav	camp:v1:143:veteran-quadav:3cf56a68350c31230d53	259.798	51.791	-16.227	808465530	144	Waughroon Shrine	114.483	-140.014	-41.944	mission:Bastok:3:step-006	mesh-connected	68	1.964	0.000	1	1
143	Palborough Mines	Veteran Quadav	camp:v1:143:veteran-quadav:3cf56a68350c31230d53	259.798	51.791	-16.227	842019962	144	Waughroon Shrine	180.861	-70.971	-40.500	mission:Bastok:3:step-006	mesh-no-path	1	147.955	0.000	1	1
143	Palborough Mines	Veteran Quadav	camp:v1:143:veteran-quadav:3fc7a548c70d6a12f00e	24.000	-104.000	-31.000	947466874	106	North Gustaberg	4.923	59.551	-2.383	mission:Bastok:3:step-006	mesh-connected	123	2.095	0.000	1	1
143	Palborough Mines	Veteran Quadav	camp:v1:143:veteran-quadav:3fc7a548c70d6a12f00e	24.000	-104.000	-31.000	808465530	144	Waughroon Shrine	114.483	-140.014	-41.944	mission:Bastok:3:step-006	mesh-connected	24	1.964	0.000	1	1
143	Palborough Mines	Veteran Quadav	camp:v1:143:veteran-quadav:3fc7a548c70d6a12f00e	24.000	-104.000	-31.000	842019962	144	Waughroon Shrine	180.861	-70.971	-40.500	mission:Bastok:3:step-006	mesh-no-path	1	160.582	0.000	1	1
143	Palborough Mines	Veteran Quadav	camp:v1:143:veteran-quadav:6985e68facc0b756e67d	288.000	179.000	-31.000	947466874	106	North Gustaberg	4.923	59.551	-2.383	mission:Bastok:3:step-006	mesh-connected	103	2.095	0.000	1	1
143	Palborough Mines	Veteran Quadav	camp:v1:143:veteran-quadav:6985e68facc0b756e67d	288.000	179.000	-31.000	808465530	144	Waughroon Shrine	114.483	-140.014	-41.944	mission:Bastok:3:step-006	mesh-connected	54	1.964	0.000	1	1
143	Palborough Mines	Veteran Quadav	camp:v1:143:veteran-quadav:6985e68facc0b756e67d	288.000	179.000	-31.000	842019962	144	Waughroon Shrine	180.861	-70.971	-40.500	mission:Bastok:3:step-006	mesh-no-path	1	272.130	0.000	1	1
143	Palborough Mines	Veteran Quadav	camp:v1:143:veteran-quadav:6c481db01d0e48b6b7f9	108.000	93.000	-31.000	947466874	106	North Gustaberg	4.923	59.551	-2.383	mission:Bastok:3:step-006	mesh-connected	106	2.095	0.000	1	1
143	Palborough Mines	Veteran Quadav	camp:v1:143:veteran-quadav:6c481db01d0e48b6b7f9	108.000	93.000	-31.000	808465530	144	Waughroon Shrine	114.483	-140.014	-41.944	mission:Bastok:3:step-006	mesh-connected	34	1.964	0.000	1	1
143	Palborough Mines	Veteran Quadav	camp:v1:143:veteran-quadav:6c481db01d0e48b6b7f9	108.000	93.000	-31.000	842019962	144	Waughroon Shrine	180.861	-70.971	-40.500	mission:Bastok:3:step-006	mesh-no-path	1	179.682	0.000	1	1
144	Waughroon Shrine	Da'Shu Knightslayer	camp:v1:144:dashu-knightslayer:1e0d89f701029c069e9a	224.394	136.246	-59.900	846869370	143	Palborough Mines	-361.434	-259.996	101.798	mission:Bastok:20:step-018	mesh-no-path	1	725.499	0.000	1	1
144	Waughroon Shrine	Da'Shu Knightslayer	camp:v1:144:dashu-knightslayer:1e0d89f701029c069e9a	224.394	136.246	-59.900	880423802	143	Palborough Mines	340.017	277.484	-118.107	mission:Bastok:20:step-018	mesh-no-path	1	191.585	0.000	1	1
144	Waughroon Shrine	Da'Shu Knightslayer	camp:v1:144:dashu-knightslayer:50eb7c8e00a43d8a0420	-175.830	-143.700	60.100	846869370	143	Palborough Mines	-361.434	-259.996	101.798	mission:Bastok:20:step-018	mesh-no-path	1	222.963	0.000	1	1
144	Waughroon Shrine	Da'Shu Knightslayer	camp:v1:144:dashu-knightslayer:50eb7c8e00a43d8a0420	-175.830	-143.700	60.100	880423802	143	Palborough Mines	340.017	277.484	-118.107	mission:Bastok:20:step-018	mesh-no-path	1	689.385	0.000	1	1
144	Waughroon Shrine	Da'Shu Knightslayer	camp:v1:144:dashu-knightslayer:c11df3b3ae76fbf6d7cb	24.444	16.264	0.100	846869370	143	Palborough Mines	-361.434	-259.996	101.798	mission:Bastok:20:step-018	mesh-no-path	1	485.349	0.000	1	1
144	Waughroon Shrine	Da'Shu Knightslayer	camp:v1:144:dashu-knightslayer:c11df3b3ae76fbf6d7cb	24.444	16.264	0.100	880423802	143	Palborough Mines	340.017	277.484	-118.107	mission:Bastok:20:step-018	mesh-no-path	1	426.374	0.000	1	1
144	Waughroon Shrine	Go'Bha Slaughterer	camp:v1:144:gobha-slaughterer:29a5b902953e86815970	21.244	16.264	0.100	846869370	143	Palborough Mines	-361.434	-259.996	101.798	mission:Bastok:20:step-016	mesh-no-path	1	482.809	0.000	1	1
144	Waughroon Shrine	Go'Bha Slaughterer	camp:v1:144:gobha-slaughterer:29a5b902953e86815970	21.244	16.264	0.100	880423802	143	Palborough Mines	340.017	277.484	-118.107	mission:Bastok:20:step-016	mesh-no-path	1	428.748	0.000	1	1
144	Waughroon Shrine	Go'Bha Slaughterer	camp:v1:144:gobha-slaughterer:8318de1dd56d698226ce	221.194	136.246	-59.900	846869370	143	Palborough Mines	-361.434	-259.996	101.798	mission:Bastok:20:step-016	mesh-no-path	1	722.917	0.000	1	1
144	Waughroon Shrine	Go'Bha Slaughterer	camp:v1:144:gobha-slaughterer:8318de1dd56d698226ce	221.194	136.246	-59.900	880423802	143	Palborough Mines	340.017	277.484	-118.107	mission:Bastok:20:step-016	mesh-no-path	1	193.533	0.000	1	1
144	Waughroon Shrine	Go'Bha Slaughterer	camp:v1:144:gobha-slaughterer:9c4037a2cc2e82ded550	-179.030	-143.700	60.100	846869370	143	Palborough Mines	-361.434	-259.996	101.798	mission:Bastok:20:step-016	mesh-no-path	1	220.306	0.000	1	1
144	Waughroon Shrine	Go'Bha Slaughterer	camp:v1:144:gobha-slaughterer:9c4037a2cc2e82ded550	-179.030	-143.700	60.100	880423802	143	Palborough Mines	340.017	277.484	-118.107	mission:Bastok:20:step-016	mesh-no-path	1	691.783	0.000	1	1
144	Waughroon Shrine	Ku'Jhu Graniteskin	camp:v1:144:kujhu-graniteskin:239a8d216ba45d7b7003	21.244	19.464	0.100	846869370	143	Palborough Mines	-361.434	-259.996	101.798	mission:Bastok:20:step-017	mesh-no-path	1	484.647	0.000	1	1
144	Waughroon Shrine	Ku'Jhu Graniteskin	camp:v1:144:kujhu-graniteskin:239a8d216ba45d7b7003	21.244	19.464	0.100	880423802	143	Palborough Mines	340.017	277.484	-118.107	mission:Bastok:20:step-017	mesh-no-path	1	426.806	0.000	1	1
144	Waughroon Shrine	Ku'Jhu Graniteskin	camp:v1:144:kujhu-graniteskin:653c3d76ec773619edc5	221.194	139.446	-59.900	846869370	143	Palborough Mines	-361.434	-259.996	101.798	mission:Bastok:20:step-017	mesh-no-path	1	724.676	0.000	1	1
144	Waughroon Shrine	Ku'Jhu Graniteskin	camp:v1:144:kujhu-graniteskin:653c3d76ec773619edc5	221.194	139.446	-59.900	880423802	143	Palborough Mines	340.017	277.484	-118.107	mission:Bastok:20:step-017	mesh-no-path	1	191.210	0.000	1	1
144	Waughroon Shrine	Ku'Jhu Graniteskin	camp:v1:144:kujhu-graniteskin:95e8c7dbd443b3611ec5	-179.030	-140.500	60.100	846869370	143	Palborough Mines	-361.434	-259.996	101.798	mission:Bastok:20:step-017	mesh-no-path	1	222.012	0.000	1	1
144	Waughroon Shrine	Ku'Jhu Graniteskin	camp:v1:144:kujhu-graniteskin:95e8c7dbd443b3611ec5	-179.030	-140.500	60.100	880423802	143	Palborough Mines	340.017	277.484	-118.107	mission:Bastok:20:step-017	mesh-no-path	1	689.839	0.000	1	1
144	Waughroon Shrine	Sa'Nha Soulsaver	camp:v1:144:sanha-soulsaver:778caf852c6f5f9e436f	224.394	139.446	-59.900	846869370	143	Palborough Mines	-361.434	-259.996	101.798	mission:Bastok:20:step-015,mission:Bastok:20:step-019,mission:Bastok:20:step-022	mesh-no-path	1	727.251	0.000	1	1
144	Waughroon Shrine	Sa'Nha Soulsaver	camp:v1:144:sanha-soulsaver:778caf852c6f5f9e436f	224.394	139.446	-59.900	880423802	143	Palborough Mines	340.017	277.484	-118.107	mission:Bastok:20:step-015,mission:Bastok:20:step-019,mission:Bastok:20:step-022	mesh-no-path	1	189.239	0.000	1	1
144	Waughroon Shrine	Sa'Nha Soulsaver	camp:v1:144:sanha-soulsaver:8c636058cc34bd129884	-175.830	-140.500	60.100	846869370	143	Palborough Mines	-361.434	-259.996	101.798	mission:Bastok:20:step-015,mission:Bastok:20:step-019,mission:Bastok:20:step-022	mesh-no-path	1	224.648	0.000	1	1
144	Waughroon Shrine	Sa'Nha Soulsaver	camp:v1:144:sanha-soulsaver:8c636058cc34bd129884	-175.830	-140.500	60.100	880423802	143	Palborough Mines	340.017	277.484	-118.107	mission:Bastok:20:step-015,mission:Bastok:20:step-019,mission:Bastok:20:step-022	mesh-no-path	1	687.435	0.000	1	1
144	Waughroon Shrine	Sa'Nha Soulsaver	camp:v1:144:sanha-soulsaver:cab66a534b95407d177b	24.444	19.464	0.100	846869370	143	Palborough Mines	-361.434	-259.996	101.798	mission:Bastok:20:step-015,mission:Bastok:20:step-019,mission:Bastok:20:step-022	mesh-no-path	1	487.178	0.000	1	1
144	Waughroon Shrine	Sa'Nha Soulsaver	camp:v1:144:sanha-soulsaver:cab66a534b95407d177b	24.444	19.464	0.100	880423802	143	Palborough Mines	340.017	277.484	-118.107	mission:Bastok:20:step-015,mission:Bastok:20:step-019,mission:Bastok:20:step-022	mesh-no-path	1	424.421	0.000	1	1
145	Giddeus	Eyy Mon the Ironbreaker	camp:v1:145:eyy-mon-the-ironbreaker:7274bc025c58f2a5da23	-99.000	127.000	18.000	943141754	115	West Sarutabaruta	-100.050	406.818	-2.664	mission:Bastok:10:step-037,mission:Bastok:6:step-037,mission:Bastok:7:step-037,mission:Bastok:8:step-037,mission:Bastok:9:step-037	mesh-connected	38	2.195	0.000	1	1
145	Giddeus	Eyy Mon the Ironbreaker	camp:v1:145:eyy-mon-the-ironbreaker:7274bc025c58f2a5da23	-99.000	127.000	18.000	808596602	146	Balga's Dais	-135.904	-300.668	-5.788	mission:Bastok:10:step-037,mission:Bastok:6:step-037,mission:Bastok:7:step-037,mission:Bastok:8:step-037,mission:Bastok:9:step-037	mesh-connected	38	2.554	0.000	1	1
145	Giddeus	Ghoo Pakya	npc:v1:145:17371592	-138.978	144.346	0.011	943141754	115	West Sarutabaruta	-100.050	406.818	-2.664	mission:Windurst:3:step-018	mesh-connected	21	2.195	0.000	1	1
145	Giddeus	Ghoo Pakya	npc:v1:145:17371592	-138.978	144.346	0.011	808596602	146	Balga's Dais	-135.904	-300.668	-5.788	mission:Windurst:3:step-018	mesh-connected	48	2.554	0.000	1	1
145	Giddeus	Home Point #1	object:v1:145:17371620	-132.000	-303.000	-3.000	943141754	115	West Sarutabaruta	-100.050	406.818	-2.664	mission:Windurst:18:step-007	mesh-connected	68	2.195	0.000	1	1
145	Giddeus	Home Point #1	object:v1:145:17371620	-132.000	-303.000	-3.000	808596602	146	Balga's Dais	-135.904	-300.668	-5.788	mission:Windurst:18:step-007	mesh-connected	3	2.554	0.000	1	1
145	Giddeus	Laa Mozi	npc:v1:145:17371591	-21.616	145.313	0.293	943141754	115	West Sarutabaruta	-100.050	406.818	-2.664	mission:Windurst:3:step-015	mesh-connected	24	2.195	0.000	1	1
145	Giddeus	Laa Mozi	npc:v1:145:17371591	-21.616	145.313	0.293	808596602	146	Balga's Dais	-135.904	-300.668	-5.788	mission:Windurst:3:step-015	mesh-connected	65	2.554	0.000	1	1
145	Giddeus	Uu Zhoumo	npc:v1:145:17371593	-179.920	157.803	16.980	943141754	115	West Sarutabaruta	-100.050	406.818	-2.664	mission:Bastok:10:step-031,mission:Bastok:10:step-033,mission:Bastok:6:step-031,mission:Bastok:6:step-033,mission:Bastok:7:step-031,mission:Bastok:7:step-033,mission:Bastok:8:step-031,mission:Bastok:8:step-033,mission:Bastok:9:step-031,mission:Bastok:9:step-033	mesh-connected	52	2.195	0.000	1	1
145	Giddeus	Uu Zhoumo	npc:v1:145:17371593	-179.920	157.803	16.980	808596602	146	Balga's Dais	-135.904	-300.668	-5.788	mission:Bastok:10:step-031,mission:Bastok:10:step-033,mission:Bastok:6:step-031,mission:Bastok:6:step-033,mission:Bastok:7:step-031,mission:Bastok:7:step-033,mission:Bastok:8:step-031,mission:Bastok:8:step-033,mission:Bastok:9:step-031,mission:Bastok:9:step-033	mesh-connected	46	2.554	0.000	1	1
146	Balga's Dais	Black Dragon	camp:v1:146:black-dragon:87b937a4b9b12887a887	22.231	-24.076	-4.000	1731670906	115	West Sarutabaruta	-259.648	-358.869	113.723	mission:Bastok:10:step-021,mission:Bastok:6:step-021,mission:Bastok:7:step-021,mission:Bastok:8:step-021,mission:Bastok:9:step-021	mesh-no-path	1	453.212	0.000	1	1
146	Balga's Dais	Black Dragon	camp:v1:146:black-dragon:87b937a4b9b12887a887	22.231	-24.076	-4.000	842085498	145	Giddeus	317.842	380.143	-126.158	mission:Bastok:10:step-021,mission:Bastok:6:step-021,mission:Bastok:7:step-021,mission:Bastok:8:step-021,mission:Bastok:9:step-021	mesh-no-path	1	515.462	0.000	1	1
146	Balga's Dais	Black Dragon	camp:v1:146:black-dragon:cd8e4117c603e77a5426	182.059	175.999	-64.000	1731670906	115	West Sarutabaruta	-259.648	-358.869	113.723	mission:Bastok:10:step-021,mission:Bastok:6:step-021,mission:Bastok:7:step-021,mission:Bastok:8:step-021,mission:Bastok:9:step-021	mesh-no-path	1	716.083	0.000	1	1
146	Balga's Dais	Black Dragon	camp:v1:146:black-dragon:cd8e4117c603e77a5426	182.059	175.999	-64.000	842085498	145	Giddeus	317.842	380.143	-126.158	mission:Bastok:10:step-021,mission:Bastok:6:step-021,mission:Bastok:7:step-021,mission:Bastok:8:step-021,mission:Bastok:9:step-021	mesh-no-path	1	252.934	0.000	1	1
146	Balga's Dais	Black Dragon	camp:v1:146:black-dragon:ff7c766bafba98209ecf	-138.000	-224.000	56.000	1731670906	115	West Sarutabaruta	-259.648	-358.869	113.723	mission:Bastok:10:step-021,mission:Bastok:6:step-021,mission:Bastok:7:step-021,mission:Bastok:8:step-021,mission:Bastok:9:step-021	mesh-no-path	1	190.578	0.000	1	1
146	Balga's Dais	Black Dragon	camp:v1:146:black-dragon:ff7c766bafba98209ecf	-138.000	-224.000	56.000	842085498	145	Giddeus	317.842	380.143	-126.158	mission:Bastok:10:step-021,mission:Bastok:6:step-021,mission:Bastok:7:step-021,mission:Bastok:8:step-021,mission:Bastok:9:step-021	mesh-no-path	1	778.436	0.000	1	1
146	Balga's Dais	Black Dragon	npc:v1:146:17375831	-138.982	-224.472	56.506	1731670906	115	West Sarutabaruta	-259.648	-358.869	113.723	mission:Bastok:10:step-021,mission:Bastok:6:step-021,mission:Bastok:7:step-021,mission:Bastok:8:step-021,mission:Bastok:9:step-021	mesh-no-path	1	189.464	0.000	1	1
146	Balga's Dais	Black Dragon	npc:v1:146:17375831	-138.982	-224.472	56.506	842085498	145	Giddeus	317.842	380.143	-126.158	mission:Bastok:10:step-021,mission:Bastok:6:step-021,mission:Bastok:7:step-021,mission:Bastok:8:step-021,mission:Bastok:9:step-021	mesh-no-path	1	779.496	0.000	1	1
146	Balga's Dais	Burning Circle	npc:v1:146:17375822	298.946	341.304	-124.124	1731670906	115	West Sarutabaruta	-259.648	-358.869	113.723	mission:Bastok:10:step-017,mission:Bastok:6:step-017,mission:Bastok:7:step-017,mission:Bastok:8:step-017,mission:Bastok:9:step-017	mesh-no-path	1	926.737	0.000	1	1
146	Balga's Dais	Burning Circle	npc:v1:146:17375822	298.946	341.304	-124.124	842085498	145	Giddeus	317.842	380.143	-126.158	mission:Bastok:10:step-017,mission:Bastok:6:step-017,mission:Bastok:7:step-017,mission:Bastok:8:step-017,mission:Bastok:9:step-017	mesh-connected	6	1.908	0.000	1	1
146	Balga's Dais	Burning Circle	npc:v1:146:17375823	-139.043	-140.739	55.885	1731670906	115	West Sarutabaruta	-259.648	-358.869	113.723	mission:Bastok:10:step-017,mission:Bastok:6:step-017,mission:Bastok:7:step-017,mission:Bastok:8:step-017,mission:Bastok:9:step-017	mesh-no-path	1	255.874	0.000	1	1
146	Balga's Dais	Burning Circle	npc:v1:146:17375823	-139.043	-140.739	55.885	842085498	145	Giddeus	317.842	380.143	-126.158	mission:Bastok:10:step-017,mission:Bastok:6:step-017,mission:Bastok:7:step-017,mission:Bastok:8:step-017,mission:Bastok:9:step-017	mesh-no-path	1	716.381	0.000	1	1
146	Balga's Dais	Burning Circle	npc:v1:146:17375824	21.007	59.248	-4.114	1731670906	115	West Sarutabaruta	-259.648	-358.869	113.723	mission:Bastok:10:step-017,mission:Bastok:6:step-017,mission:Bastok:7:step-017,mission:Bastok:8:step-017,mission:Bastok:9:step-017	mesh-no-path	1	517.179	0.000	1	1
146	Balga's Dais	Burning Circle	npc:v1:146:17375824	21.007	59.248	-4.114	842085498	145	Giddeus	317.842	380.143	-126.158	mission:Bastok:10:step-017,mission:Bastok:6:step-017,mission:Bastok:7:step-017,mission:Bastok:8:step-017,mission:Bastok:9:step-017	mesh-no-path	1	453.850	0.000	1	1
146	Balga's Dais	Burning Circle	npc:v1:146:17375825	180.940	259.256	-64.114	1731670906	115	West Sarutabaruta	-259.648	-358.869	113.723	mission:Bastok:10:step-017,mission:Bastok:6:step-017,mission:Bastok:7:step-017,mission:Bastok:8:step-017,mission:Bastok:9:step-017	mesh-no-path	1	779.630	0.000	1	1
146	Balga's Dais	Burning Circle	npc:v1:146:17375825	180.940	259.256	-64.114	842085498	145	Giddeus	317.842	380.143	-126.158	mission:Bastok:10:step-017,mission:Bastok:6:step-017,mission:Bastok:7:step-017,mission:Bastok:8:step-017,mission:Bastok:9:step-017	mesh-no-path	1	192.887	0.000	1	1
146	Balga's Dais	Searcher	camp:v1:146:searcher:b502b48dbf13a5fbd3b7	-135.000	-232.000	56.000	1731670906	115	West Sarutabaruta	-259.648	-358.869	113.723	mission:Bastok:10:step-021,mission:Bastok:6:step-021,mission:Bastok:7:step-021,mission:Bastok:8:step-021,mission:Bastok:9:step-021	mesh-no-path	1	186.989	0.000	1	1
146	Balga's Dais	Searcher	camp:v1:146:searcher:b502b48dbf13a5fbd3b7	-135.000	-232.000	56.000	842085498	145	Giddeus	317.842	380.143	-126.158	mission:Bastok:10:step-021,mission:Bastok:6:step-021,mission:Bastok:7:step-021,mission:Bastok:8:step-021,mission:Bastok:9:step-021	mesh-no-path	1	782.922	0.000	1	1
146	Balga's Dais	Searcher	camp:v1:146:searcher:d58e41abfef28ff2aeed	25.300	-32.000	-3.800	1731670906	115	West Sarutabaruta	-259.648	-358.869	113.723	mission:Bastok:10:step-021,mission:Bastok:6:step-021,mission:Bastok:7:step-021,mission:Bastok:8:step-021,mission:Bastok:9:step-021	mesh-no-path	1	449.278	0.000	1	1
146	Balga's Dais	Searcher	camp:v1:146:searcher:d58e41abfef28ff2aeed	25.300	-32.000	-3.800	842085498	145	Giddeus	317.842	380.143	-126.158	mission:Bastok:10:step-021,mission:Bastok:6:step-021,mission:Bastok:7:step-021,mission:Bastok:8:step-021,mission:Bastok:9:step-021	mesh-no-path	1	520.014	0.000	1	1
146	Balga's Dais	Searcher	camp:v1:146:searcher:e430fac99de6cd1d729b	184.600	167.600	-63.800	1731670906	115	West Sarutabaruta	-259.648	-358.869	113.723	mission:Bastok:10:step-021,mission:Bastok:6:step-021,mission:Bastok:7:step-021,mission:Bastok:8:step-021,mission:Bastok:9:step-021	mesh-no-path	1	711.365	0.000	1	1
146	Balga's Dais	Searcher	camp:v1:146:searcher:e430fac99de6cd1d729b	184.600	167.600	-63.800	842085498	145	Giddeus	317.842	380.143	-126.158	mission:Bastok:10:step-021,mission:Bastok:6:step-021,mission:Bastok:7:step-021,mission:Bastok:8:step-021,mission:Bastok:9:step-021	mesh-no-path	1	258.489	0.000	1	1
146	Balga's Dais	Searcher	npc:v1:146:17375830	-138.935	-231.891	56.185	1731670906	115	West Sarutabaruta	-259.648	-358.869	113.723	mission:Bastok:10:step-021,mission:Bastok:6:step-021,mission:Bastok:7:step-021,mission:Bastok:8:step-021,mission:Bastok:9:step-021	mesh-no-path	1	184.406	0.000	1	1
146	Balga's Dais	Searcher	npc:v1:146:17375830	-138.935	-231.891	56.185	842085498	145	Giddeus	317.842	380.143	-126.158	mission:Bastok:10:step-021,mission:Bastok:6:step-021,mission:Bastok:7:step-021,mission:Bastok:8:step-021,mission:Bastok:9:step-021	mesh-no-path	1	785.162	0.000	1	1
147	Beadeaux	Copper Quadav	camp:v1:147:copper-quadav:49cd866d88619f9ef845	-184.791	-186.476	0.499	875639674	109	Pashhow Marshlands	-297.109	96.002	0.008	mission:Bastok:11:step-008	mesh-connected	89	1.385	0.000	1	1
147	Beadeaux	Copper Quadav	camp:v1:147:copper-quadav:49cd866d88619f9ef845	-184.791	-186.476	0.499	808727674	148	Qulun Dome	387.382	19.694	38.029	mission:Bastok:11:step-008	mesh-connected	85	1.564	0.000	1	1
147	Beadeaux	Copper Quadav	camp:v1:147:copper-quadav:49cd866d88619f9ef845	-184.791	-186.476	0.499	842282106	148	Qulun Dome	259.988	-0.811	30.447	mission:Bastok:11:step-008	mesh-no-path	1	482.904	0.000	1	1
147	Beadeaux	Copper Quadav	camp:v1:147:copper-quadav:49cd866d88619f9ef845	-184.791	-186.476	0.499	875836538	148	Qulun Dome	-34.844	59.775	22.357	mission:Bastok:11:step-008	mesh-connected	57	1.405	0.000	1	1
147	Beadeaux	Copper Quadav	camp:v1:147:copper-quadav:96acca01afe5785683a6	-59.725	117.414	0.499	875639674	109	Pashhow Marshlands	-297.109	96.002	0.008	mission:Bastok:11:step-008	mesh-connected	17	1.385	0.000	1	1
147	Beadeaux	Copper Quadav	camp:v1:147:copper-quadav:96acca01afe5785683a6	-59.725	117.414	0.499	808727674	148	Qulun Dome	387.382	19.694	38.029	mission:Bastok:11:step-008	mesh-connected	154	1.564	0.000	1	1
147	Beadeaux	Copper Quadav	camp:v1:147:copper-quadav:96acca01afe5785683a6	-59.725	117.414	0.499	842282106	148	Qulun Dome	259.988	-0.811	30.447	mission:Bastok:11:step-008	mesh-no-path	1	342.185	0.000	1	1
147	Beadeaux	Copper Quadav	camp:v1:147:copper-quadav:96acca01afe5785683a6	-59.725	117.414	0.499	875836538	148	Qulun Dome	-34.844	59.775	22.357	mission:Bastok:11:step-008	mesh-connected	26	1.405	0.000	1	1
147	Beadeaux	Copper Quadav	camp:v1:147:copper-quadav:b9a0f8468a22553059bc	-136.335	16.170	23.669	875639674	109	Pashhow Marshlands	-297.109	96.002	0.008	mission:Bastok:11:step-008	mesh-connected	44	1.385	0.000	1	1
147	Beadeaux	Copper Quadav	camp:v1:147:copper-quadav:b9a0f8468a22553059bc	-136.335	16.170	23.669	808727674	148	Qulun Dome	387.382	19.694	38.029	mission:Bastok:11:step-008	mesh-connected	126	1.564	0.000	1	1
147	Beadeaux	Copper Quadav	camp:v1:147:copper-quadav:b9a0f8468a22553059bc	-136.335	16.170	23.669	842282106	148	Qulun Dome	259.988	-0.811	30.447	mission:Bastok:11:step-008	mesh-no-path	1	396.745	0.000	1	1
147	Beadeaux	Copper Quadav	camp:v1:147:copper-quadav:b9a0f8468a22553059bc	-136.335	16.170	23.669	875836538	148	Qulun Dome	-34.844	59.775	22.357	mission:Bastok:11:step-008	mesh-connected	12	1.405	0.000	1	1
147	Beadeaux	Copper Quadav	camp:v1:147:copper-quadav:cf08534d77627636df2c	-180.406	114.690	0.499	875639674	109	Pashhow Marshlands	-297.109	96.002	0.008	mission:Bastok:11:step-008	mesh-connected	9	1.385	0.000	1	1
147	Beadeaux	Copper Quadav	camp:v1:147:copper-quadav:cf08534d77627636df2c	-180.406	114.690	0.499	808727674	148	Qulun Dome	387.382	19.694	38.029	mission:Bastok:11:step-008	mesh-connected	162	1.564	0.000	1	1
147	Beadeaux	Copper Quadav	camp:v1:147:copper-quadav:cf08534d77627636df2c	-180.406	114.690	0.499	842282106	148	Qulun Dome	259.988	-0.811	30.447	mission:Bastok:11:step-008	mesh-no-path	1	456.272	0.000	1	1
147	Beadeaux	Copper Quadav	camp:v1:147:copper-quadav:cf08534d77627636df2c	-180.406	114.690	0.499	875836538	148	Qulun Dome	-34.844	59.775	22.357	mission:Bastok:11:step-008	mesh-connected	35	1.405	0.000	1	1
147	Beadeaux	Copper Quadav	camp:v1:147:copper-quadav:ef05c96b1ef153b85985	-218.841	-53.076	0.500	875639674	109	Pashhow Marshlands	-297.109	96.002	0.008	mission:Bastok:11:step-008	mesh-connected	78	1.385	0.000	1	1
147	Beadeaux	Copper Quadav	camp:v1:147:copper-quadav:ef05c96b1ef153b85985	-218.841	-53.076	0.500	808727674	148	Qulun Dome	387.382	19.694	38.029	mission:Bastok:11:step-008	mesh-connected	91	1.564	0.000	1	1
147	Beadeaux	Copper Quadav	camp:v1:147:copper-quadav:ef05c96b1ef153b85985	-218.841	-53.076	0.500	842282106	148	Qulun Dome	259.988	-0.811	30.447	mission:Bastok:11:step-008	mesh-no-path	1	482.603	0.000	1	1
147	Beadeaux	Copper Quadav	camp:v1:147:copper-quadav:ef05c96b1ef153b85985	-218.841	-53.076	0.500	875836538	148	Qulun Dome	-34.844	59.775	22.357	mission:Bastok:11:step-008	mesh-connected	46	1.405	0.000	1	1
147	Beadeaux	De'Vyu Headhunter	camp:v1:147:devyu-headhunter:afd2fd4ff7e811f11af5	33.747	-130.112	-3.486	875639674	109	Pashhow Marshlands	-297.109	96.002	0.008	mission:San d'Oria:14:step-028	mesh-connected	101	1.385	0.000	1	1
147	Beadeaux	De'Vyu Headhunter	camp:v1:147:devyu-headhunter:afd2fd4ff7e811f11af5	33.747	-130.112	-3.486	808727674	148	Qulun Dome	387.382	19.694	38.029	mission:San d'Oria:14:step-028	mesh-connected	70	1.564	0.000	1	1
147	Beadeaux	De'Vyu Headhunter	camp:v1:147:devyu-headhunter:afd2fd4ff7e811f11af5	33.747	-130.112	-3.486	842282106	148	Qulun Dome	259.988	-0.811	30.447	mission:San d'Oria:14:step-028	mesh-no-path	1	262.784	0.000	1	1
147	Beadeaux	De'Vyu Headhunter	camp:v1:147:devyu-headhunter:afd2fd4ff7e811f11af5	33.747	-130.112	-3.486	875836538	148	Qulun Dome	-34.844	59.775	22.357	mission:San d'Oria:14:step-028	mesh-connected	69	1.405	0.000	1	1
147	Beadeaux	Go'Bhu Gascon	camp:v1:147:gobhu-gascon:a9e336b969110b0c9ffe	-202.000	110.000	-2.000	875639674	109	Pashhow Marshlands	-297.109	96.002	0.008	mission:San d'Oria:14:step-029	mesh-connected	114	1.385	0.000	1	1
147	Beadeaux	Go'Bhu Gascon	camp:v1:147:gobhu-gascon:a9e336b969110b0c9ffe	-202.000	110.000	-2.000	808727674	148	Qulun Dome	387.382	19.694	38.029	mission:San d'Oria:14:step-029	mesh-connected	103	1.564	0.000	1	1
147	Beadeaux	Go'Bhu Gascon	camp:v1:147:gobhu-gascon:a9e336b969110b0c9ffe	-202.000	110.000	-2.000	842282106	148	Qulun Dome	259.988	-0.811	30.447	mission:San d'Oria:14:step-029	mesh-no-path	1	476.198	0.000	1	1
147	Beadeaux	Go'Bhu Gascon	camp:v1:147:gobhu-gascon:a9e336b969110b0c9ffe	-202.000	110.000	-2.000	875836538	148	Qulun Dome	-34.844	59.775	22.357	mission:San d'Oria:14:step-029	mesh-connected	82	1.405	0.000	1	1
147	Beadeaux	Survival Guide	object:v1:147:17379873	-264.000	107.000	1.550	875639674	109	Pashhow Marshlands	-297.109	96.002	0.008	mission:Bastok:11:step-007,mission:San d'Oria:14:step-019,mission:San d'Oria:14:step-061	mesh-connected	4	1.385	0.000	1	1
147	Beadeaux	Survival Guide	object:v1:147:17379873	-264.000	107.000	1.550	808727674	148	Qulun Dome	387.382	19.694	38.029	mission:Bastok:11:step-007,mission:San d'Oria:14:step-019,mission:San d'Oria:14:step-061	mesh-connected	164	1.564	0.000	1	1
147	Beadeaux	Survival Guide	object:v1:147:17379873	-264.000	107.000	1.550	842282106	148	Qulun Dome	259.988	-0.811	30.447	mission:Bastok:11:step-007,mission:San d'Oria:14:step-019,mission:San d'Oria:14:step-061	mesh-no-path	1	535.744	0.000	1	1
147	Beadeaux	Survival Guide	object:v1:147:17379873	-264.000	107.000	1.550	875836538	148	Qulun Dome	-34.844	59.775	22.357	mission:Bastok:11:step-007,mission:San d'Oria:14:step-019,mission:San d'Oria:14:step-061	mesh-connected	38	1.405	0.000	1	1
148	Qulun Dome	Magicite	npc:v1:148:17383459	9.182	-84.158	22.554	842216570	147	Beadeaux	337.901	20.087	38.091	mission:San d'Oria:14:step-070	mesh-no-path	1	345.202	0.000	1	1
148	Qulun Dome	Magicite	npc:v1:148:17383459	9.182	-84.158	22.554	875771002	147	Beadeaux	259.988	42.943	38.363	mission:San d'Oria:14:step-070	mesh-no-path	1	281.617	0.000	1	1
148	Qulun Dome	Magicite	npc:v1:148:17383459	9.182	-84.158	22.554	909325434	147	Beadeaux	2.887	59.957	22.372	mission:San d'Oria:14:step-070	mesh-no-path	1	144.253	0.000	1	1
149	Davoi	!	npc:v1:149:17388007	294.086	-28.232	0.032	913781370	104	Jugner Forest	218.468	-3.871	-2.302	mission:San d'Oria:5:step-013	mesh-connected	28	1.981	0.000	1	1
149	Davoi	!	npc:v1:149:17388007	294.086	-28.232	0.032	808858746	150	Monastic Cavern	282.292	-17.908	2.498	mission:San d'Oria:5:step-013	mesh-connected	6	1.108	0.000	1	1
149	Davoi	!	npc:v1:149:17388007	294.086	-28.232	0.032	842413178	150	Monastic Cavern	177.745	-238.573	2.918	mission:San d'Oria:5:step-013	mesh-no-path	1	240.389	0.000	1	1
149	Davoi	!	npc:v1:149:17388007	294.086	-28.232	0.032	875967610	150	Monastic Cavern	-22.086	-80.150	3.454	mission:San d'Oria:5:step-013	mesh-connected	43	0.904	0.000	1	1
149	Davoi	!	npc:v1:149:17388007	294.086	-28.232	0.032	909522042	150	Monastic Cavern	57.952	-359.422	3.204	mission:San d'Oria:5:step-013	mesh-connected	51	1.122	0.000	1	1
149	Davoi	!	npc:v1:149:17388007	294.086	-28.232	0.032	943076474	150	Monastic Cavern	93.179	-158.973	2.233	mission:San d'Oria:5:step-013	mesh-no-path	1	239.712	0.000	1	1
149	Davoi	!	npc:v1:149:17388008	335.404	-136.180	-0.200	913781370	104	Jugner Forest	218.468	-3.871	-2.302	mission:San d'Oria:5:step-013	mesh-connected	25	1.981	0.000	1	1
149	Davoi	!	npc:v1:149:17388008	335.404	-136.180	-0.200	808858746	150	Monastic Cavern	282.292	-17.908	2.498	mission:San d'Oria:5:step-013	mesh-connected	16	1.108	0.000	1	1
149	Davoi	!	npc:v1:149:17388008	335.404	-136.180	-0.200	842413178	150	Monastic Cavern	177.745	-238.573	2.918	mission:San d'Oria:5:step-013	mesh-no-path	1	188.017	0.000	1	1
149	Davoi	!	npc:v1:149:17388008	335.404	-136.180	-0.200	875967610	150	Monastic Cavern	-22.086	-80.150	3.454	mission:San d'Oria:5:step-013	mesh-connected	39	0.904	0.000	1	1
149	Davoi	!	npc:v1:149:17388008	335.404	-136.180	-0.200	909522042	150	Monastic Cavern	57.952	-359.422	3.204	mission:San d'Oria:5:step-013	mesh-connected	44	1.122	0.000	1	1
149	Davoi	!	npc:v1:149:17388008	335.404	-136.180	-0.200	943076474	150	Monastic Cavern	93.179	-158.973	2.233	mission:San d'Oria:5:step-013	mesh-no-path	1	243.307	0.000	1	1
149	Davoi	!	npc:v1:149:17388009	163.461	-18.949	0.223	913781370	104	Jugner Forest	218.468	-3.871	-2.302	mission:San d'Oria:5:step-013	mesh-connected	23	1.981	0.000	1	1
149	Davoi	!	npc:v1:149:17388009	163.461	-18.949	0.223	808858746	150	Monastic Cavern	282.292	-17.908	2.498	mission:San d'Oria:5:step-013	mesh-connected	37	1.108	0.000	1	1
149	Davoi	!	npc:v1:149:17388009	163.461	-18.949	0.223	842413178	150	Monastic Cavern	177.745	-238.573	2.918	mission:San d'Oria:5:step-013	mesh-no-path	1	220.105	0.000	1	1
149	Davoi	!	npc:v1:149:17388009	163.461	-18.949	0.223	875967610	150	Monastic Cavern	-22.086	-80.150	3.454	mission:San d'Oria:5:step-013	mesh-connected	14	0.904	0.000	1	1
149	Davoi	!	npc:v1:149:17388009	163.461	-18.949	0.223	909522042	150	Monastic Cavern	57.952	-359.422	3.204	mission:San d'Oria:5:step-013	mesh-connected	65	1.122	0.000	1	1
149	Davoi	!	npc:v1:149:17388009	163.461	-18.949	0.223	943076474	150	Monastic Cavern	93.179	-158.973	2.233	mission:San d'Oria:5:step-013	mesh-no-path	1	156.685	0.000	1	1
149	Davoi	!	npc:v1:149:17388010	211.200	-104.395	2.195	913781370	104	Jugner Forest	218.468	-3.871	-2.302	mission:San d'Oria:5:step-013	mesh-connected	13	1.981	0.000	1	1
149	Davoi	!	npc:v1:149:17388010	211.200	-104.395	2.195	808858746	150	Monastic Cavern	282.292	-17.908	2.498	mission:San d'Oria:5:step-013	mesh-connected	31	1.108	0.000	1	1
149	Davoi	!	npc:v1:149:17388010	211.200	-104.395	2.195	842413178	150	Monastic Cavern	177.745	-238.573	2.918	mission:San d'Oria:5:step-013	mesh-no-path	1	138.288	0.000	1	1
149	Davoi	!	npc:v1:149:17388010	211.200	-104.395	2.195	875967610	150	Monastic Cavern	-22.086	-80.150	3.454	mission:San d'Oria:5:step-013	mesh-connected	27	0.904	0.000	1	1
149	Davoi	!	npc:v1:149:17388010	211.200	-104.395	2.195	909522042	150	Monastic Cavern	57.952	-359.422	3.204	mission:San d'Oria:5:step-013	mesh-connected	47	1.122	0.000	1	1
149	Davoi	!	npc:v1:149:17388010	211.200	-104.395	2.195	943076474	150	Monastic Cavern	93.179	-158.973	2.233	mission:San d'Oria:5:step-013	mesh-no-path	1	130.030	0.000	1	1
149	Davoi	Dirtyhanded Gochakzuk	camp:v1:149:dirtyhanded-gochakzuk:189098533b4f3425cea9	56.259	-152.955	-12.073	913781370	104	Jugner Forest	218.468	-3.871	-2.302	mission:Windurst:21:step-011,mission:Windurst:21:step-017,mission:Windurst:21:step-021,mission:Windurst:21:step-022	mesh-no-path	1	220.530	0.000	1	1
149	Davoi	Dirtyhanded Gochakzuk	camp:v1:149:dirtyhanded-gochakzuk:189098533b4f3425cea9	56.259	-152.955	-12.073	808858746	150	Monastic Cavern	282.292	-17.908	2.498	mission:Windurst:21:step-011,mission:Windurst:21:step-017,mission:Windurst:21:step-021,mission:Windurst:21:step-022	mesh-no-path	1	263.706	0.000	1	1
149	Davoi	Dirtyhanded Gochakzuk	camp:v1:149:dirtyhanded-gochakzuk:189098533b4f3425cea9	56.259	-152.955	-12.073	842413178	150	Monastic Cavern	177.745	-238.573	2.918	mission:Windurst:21:step-011,mission:Windurst:21:step-017,mission:Windurst:21:step-021,mission:Windurst:21:step-022	mesh-no-path	1	149.379	0.000	1	1
149	Davoi	Dirtyhanded Gochakzuk	camp:v1:149:dirtyhanded-gochakzuk:189098533b4f3425cea9	56.259	-152.955	-12.073	875967610	150	Monastic Cavern	-22.086	-80.150	3.454	mission:Windurst:21:step-011,mission:Windurst:21:step-017,mission:Windurst:21:step-021,mission:Windurst:21:step-022	mesh-no-path	1	108.072	0.000	1	1
149	Davoi	Dirtyhanded Gochakzuk	camp:v1:149:dirtyhanded-gochakzuk:189098533b4f3425cea9	56.259	-152.955	-12.073	909522042	150	Monastic Cavern	57.952	-359.422	3.204	mission:Windurst:21:step-011,mission:Windurst:21:step-017,mission:Windurst:21:step-021,mission:Windurst:21:step-022	mesh-no-path	1	207.038	0.000	1	1
149	Davoi	Dirtyhanded Gochakzuk	camp:v1:149:dirtyhanded-gochakzuk:189098533b4f3425cea9	56.259	-152.955	-12.073	943076474	150	Monastic Cavern	93.179	-158.973	2.233	mission:Windurst:21:step-011,mission:Windurst:21:step-017,mission:Windurst:21:step-021,mission:Windurst:21:step-022	mesh-no-path	1	40.050	0.000	1	1
149	Davoi	Quemaricond	npc:v1:149:17387991	-17.703	-18.248	-0.551	913781370	104	Jugner Forest	218.468	-3.871	-2.302	mission:San d'Oria:11:step-009,mission:San d'Oria:11:step-011,mission:San d'Oria:11:step-012	mesh-connected	26	1.981	0.000	1	1
149	Davoi	Quemaricond	npc:v1:149:17387991	-17.703	-18.248	-0.551	808858746	150	Monastic Cavern	282.292	-17.908	2.498	mission:San d'Oria:11:step-009,mission:San d'Oria:11:step-011,mission:San d'Oria:11:step-012	mesh-connected	40	1.108	0.000	1	1
149	Davoi	Quemaricond	npc:v1:149:17387991	-17.703	-18.248	-0.551	842413178	150	Monastic Cavern	177.745	-238.573	2.918	mission:San d'Oria:11:step-009,mission:San d'Oria:11:step-011,mission:San d'Oria:11:step-012	mesh-no-path	1	294.542	0.000	1	1
149	Davoi	Quemaricond	npc:v1:149:17387991	-17.703	-18.248	-0.551	875967610	150	Monastic Cavern	-22.086	-80.150	3.454	mission:San d'Oria:11:step-009,mission:San d'Oria:11:step-011,mission:San d'Oria:11:step-012	mesh-connected	6	0.904	0.000	1	1
149	Davoi	Quemaricond	npc:v1:149:17387991	-17.703	-18.248	-0.551	909522042	150	Monastic Cavern	57.952	-359.422	3.204	mission:San d'Oria:11:step-009,mission:San d'Oria:11:step-011,mission:San d'Oria:11:step-012	mesh-connected	65	1.122	0.000	1	1
149	Davoi	Quemaricond	npc:v1:149:17387991	-17.703	-18.248	-0.551	943076474	150	Monastic Cavern	93.179	-158.973	2.233	mission:San d'Oria:11:step-009,mission:San d'Oria:11:step-011,mission:San d'Oria:11:step-012	mesh-no-path	1	179.182	0.000	1	1
149	Davoi	Sedal-Godjal	npc:v1:149:17387988	187.438	-117.257	-3.445	913781370	104	Jugner Forest	218.468	-3.871	-2.302	mission:Windurst:21:step-017,mission:Windurst:21:step-024,mission:Windurst:21:step-025,mission:Windurst:22:step-007,mission:Windurst:22:step-011	mesh-no-path	1	117.561	0.000	1	1
149	Davoi	Sedal-Godjal	npc:v1:149:17387988	187.438	-117.257	-3.445	808858746	150	Monastic Cavern	282.292	-17.908	2.498	mission:Windurst:21:step-017,mission:Windurst:21:step-024,mission:Windurst:21:step-025,mission:Windurst:22:step-007,mission:Windurst:22:step-011	mesh-no-path	1	137.488	0.000	1	1
149	Davoi	Sedal-Godjal	npc:v1:149:17387988	187.438	-117.257	-3.445	842413178	150	Monastic Cavern	177.745	-238.573	2.918	mission:Windurst:21:step-017,mission:Windurst:21:step-024,mission:Windurst:21:step-025,mission:Windurst:22:step-007,mission:Windurst:22:step-011	mesh-connected	10	0.566	0.000	1	1
149	Davoi	Sedal-Godjal	npc:v1:149:17387988	187.438	-117.257	-3.445	875967610	150	Monastic Cavern	-22.086	-80.150	3.454	mission:Windurst:21:step-017,mission:Windurst:21:step-024,mission:Windurst:21:step-025,mission:Windurst:22:step-007,mission:Windurst:22:step-011	mesh-no-path	1	212.896	0.000	1	1
149	Davoi	Sedal-Godjal	npc:v1:149:17387988	187.438	-117.257	-3.445	909522042	150	Monastic Cavern	57.952	-359.422	3.204	mission:Windurst:21:step-017,mission:Windurst:21:step-024,mission:Windurst:21:step-025,mission:Windurst:22:step-007,mission:Windurst:22:step-011	mesh-no-path	1	274.690	0.000	1	1
149	Davoi	Sedal-Godjal	npc:v1:149:17387988	187.438	-117.257	-3.445	943076474	150	Monastic Cavern	93.179	-158.973	2.233	mission:Windurst:21:step-017,mission:Windurst:21:step-024,mission:Windurst:21:step-025,mission:Windurst:22:step-007,mission:Windurst:22:step-011	mesh-connected	25	0.269	0.000	1	1
149	Davoi	Survival Guide	object:v1:149:17388056	223.000	-10.000	-0.700	913781370	104	Jugner Forest	218.468	-3.871	-2.302	mission:San d'Oria:11:step-008,mission:San d'Oria:14:step-049,mission:Windurst:21:step-015,mission:Windurst:22:step-008,mission:Windurst:22:step-015	mesh-connected	3	1.981	0.000	1	1
149	Davoi	Survival Guide	object:v1:149:17388056	223.000	-10.000	-0.700	808858746	150	Monastic Cavern	282.292	-17.908	2.498	mission:San d'Oria:11:step-008,mission:San d'Oria:14:step-049,mission:Windurst:21:step-015,mission:Windurst:22:step-008,mission:Windurst:22:step-015	mesh-connected	31	1.108	0.000	1	1
149	Davoi	Survival Guide	object:v1:149:17388056	223.000	-10.000	-0.700	842413178	150	Monastic Cavern	177.745	-238.573	2.918	mission:San d'Oria:11:step-008,mission:San d'Oria:14:step-049,mission:Windurst:21:step-015,mission:Windurst:22:step-008,mission:Windurst:22:step-015	mesh-no-path	1	233.038	0.000	1	1
149	Davoi	Survival Guide	object:v1:149:17388056	223.000	-10.000	-0.700	875967610	150	Monastic Cavern	-22.086	-80.150	3.454	mission:San d'Oria:11:step-008,mission:San d'Oria:14:step-049,mission:Windurst:21:step-015,mission:Windurst:22:step-008,mission:Windurst:22:step-015	mesh-connected	30	0.904	0.000	1	1
149	Davoi	Survival Guide	object:v1:149:17388056	223.000	-10.000	-0.700	909522042	150	Monastic Cavern	57.952	-359.422	3.204	mission:San d'Oria:11:step-008,mission:San d'Oria:14:step-049,mission:Windurst:21:step-015,mission:Windurst:22:step-008,mission:Windurst:22:step-015	mesh-connected	58	1.122	0.000	1	1
149	Davoi	Survival Guide	object:v1:149:17388056	223.000	-10.000	-0.700	943076474	150	Monastic Cavern	93.179	-158.973	2.233	mission:San d'Oria:11:step-008,mission:San d'Oria:14:step-049,mission:Windurst:21:step-015,mission:Windurst:22:step-008,mission:Windurst:22:step-015	mesh-no-path	1	197.624	0.000	1	1
149	Davoi	Wolf Bat	camp:v1:149:wolf-bat:114a78f7054693d72f6c	24.687	-269.027	-0.607	913781370	104	Jugner Forest	218.468	-3.871	-2.302	mission:San d'Oria:14:step-056	mesh-connected	58	1.981	0.000	1	1
149	Davoi	Wolf Bat	camp:v1:149:wolf-bat:114a78f7054693d72f6c	24.687	-269.027	-0.607	808858746	150	Monastic Cavern	282.292	-17.908	2.498	mission:San d'Oria:14:step-056	mesh-connected	62	1.108	0.000	1	1
149	Davoi	Wolf Bat	camp:v1:149:wolf-bat:114a78f7054693d72f6c	24.687	-269.027	-0.607	842413178	150	Monastic Cavern	177.745	-238.573	2.918	mission:San d'Oria:14:step-056	mesh-no-path	1	156.098	0.000	1	1
149	Davoi	Wolf Bat	camp:v1:149:wolf-bat:114a78f7054693d72f6c	24.687	-269.027	-0.607	875967610	150	Monastic Cavern	-22.086	-80.150	3.454	mission:San d'Oria:14:step-056	mesh-connected	71	0.904	0.000	1	1
149	Davoi	Wolf Bat	camp:v1:149:wolf-bat:114a78f7054693d72f6c	24.687	-269.027	-0.607	909522042	150	Monastic Cavern	57.952	-359.422	3.204	mission:San d'Oria:14:step-056	mesh-connected	15	1.122	0.000	1	1
149	Davoi	Wolf Bat	camp:v1:149:wolf-bat:114a78f7054693d72f6c	24.687	-269.027	-0.607	943076474	150	Monastic Cavern	93.179	-158.973	2.233	mission:San d'Oria:14:step-056	mesh-no-path	1	129.658	0.000	1	1
149	Davoi	Wolf Bat	camp:v1:149:wolf-bat:2f4616f82a8301ff65e6	90.964	55.481	-0.611	913781370	104	Jugner Forest	218.468	-3.871	-2.302	mission:San d'Oria:14:step-056	mesh-connected	68	1.981	0.000	1	1
149	Davoi	Wolf Bat	camp:v1:149:wolf-bat:2f4616f82a8301ff65e6	90.964	55.481	-0.611	808858746	150	Monastic Cavern	282.292	-17.908	2.498	mission:San d'Oria:14:step-056	mesh-connected	66	1.108	0.000	1	1
149	Davoi	Wolf Bat	camp:v1:149:wolf-bat:2f4616f82a8301ff65e6	90.964	55.481	-0.611	842413178	150	Monastic Cavern	177.745	-238.573	2.918	mission:San d'Oria:14:step-056	mesh-no-path	1	306.612	0.000	1	1
149	Davoi	Wolf Bat	camp:v1:149:wolf-bat:2f4616f82a8301ff65e6	90.964	55.481	-0.611	875967610	150	Monastic Cavern	-22.086	-80.150	3.454	mission:San d'Oria:14:step-056	mesh-connected	40	0.904	0.000	1	1
149	Davoi	Wolf Bat	camp:v1:149:wolf-bat:2f4616f82a8301ff65e6	90.964	55.481	-0.611	909522042	150	Monastic Cavern	57.952	-359.422	3.204	mission:San d'Oria:14:step-056	mesh-connected	55	1.122	0.000	1	1
149	Davoi	Wolf Bat	camp:v1:149:wolf-bat:2f4616f82a8301ff65e6	90.964	55.481	-0.611	943076474	150	Monastic Cavern	93.179	-158.973	2.233	mission:San d'Oria:14:step-056	mesh-no-path	1	214.484	0.000	1	1
149	Davoi	Wolf Bat	camp:v1:149:wolf-bat:5c2d0753d83355bdf701	-23.470	-18.290	-1.286	913781370	104	Jugner Forest	218.468	-3.871	-2.302	mission:San d'Oria:14:step-056	mesh-connected	26	1.981	0.000	1	1
149	Davoi	Wolf Bat	camp:v1:149:wolf-bat:5c2d0753d83355bdf701	-23.470	-18.290	-1.286	808858746	150	Monastic Cavern	282.292	-17.908	2.498	mission:San d'Oria:14:step-056	mesh-connected	40	1.108	0.000	1	1
149	Davoi	Wolf Bat	camp:v1:149:wolf-bat:5c2d0753d83355bdf701	-23.470	-18.290	-1.286	842413178	150	Monastic Cavern	177.745	-238.573	2.918	mission:San d'Oria:14:step-056	mesh-no-path	1	298.379	0.000	1	1
149	Davoi	Wolf Bat	camp:v1:149:wolf-bat:5c2d0753d83355bdf701	-23.470	-18.290	-1.286	875967610	150	Monastic Cavern	-22.086	-80.150	3.454	mission:San d'Oria:14:step-056	mesh-connected	6	0.904	0.000	1	1
149	Davoi	Wolf Bat	camp:v1:149:wolf-bat:5c2d0753d83355bdf701	-23.470	-18.290	-1.286	909522042	150	Monastic Cavern	57.952	-359.422	3.204	mission:San d'Oria:14:step-056	mesh-connected	72	1.122	0.000	1	1
149	Davoi	Wolf Bat	camp:v1:149:wolf-bat:5c2d0753d83355bdf701	-23.470	-18.290	-1.286	943076474	150	Monastic Cavern	93.179	-158.973	2.233	mission:San d'Oria:14:step-056	mesh-no-path	1	182.787	0.000	1	1
149	Davoi	Wolf Bat	camp:v1:149:wolf-bat:73bf690ee686795172e1	-217.537	-96.954	-0.674	913781370	104	Jugner Forest	218.468	-3.871	-2.302	mission:San d'Oria:14:step-056	mesh-connected	64	1.981	0.000	1	1
149	Davoi	Wolf Bat	camp:v1:149:wolf-bat:73bf690ee686795172e1	-217.537	-96.954	-0.674	808858746	150	Monastic Cavern	282.292	-17.908	2.498	mission:San d'Oria:14:step-056	mesh-connected	76	1.108	0.000	1	1
149	Davoi	Wolf Bat	camp:v1:149:wolf-bat:73bf690ee686795172e1	-217.537	-96.954	-0.674	842413178	150	Monastic Cavern	177.745	-238.573	2.918	mission:San d'Oria:14:step-056	mesh-no-path	1	419.901	0.000	1	1
149	Davoi	Wolf Bat	camp:v1:149:wolf-bat:73bf690ee686795172e1	-217.537	-96.954	-0.674	875967610	150	Monastic Cavern	-22.086	-80.150	3.454	mission:San d'Oria:14:step-056	mesh-connected	40	0.904	0.000	1	1
149	Davoi	Wolf Bat	camp:v1:149:wolf-bat:73bf690ee686795172e1	-217.537	-96.954	-0.674	909522042	150	Monastic Cavern	57.952	-359.422	3.204	mission:San d'Oria:14:step-056	mesh-connected	39	1.122	0.000	1	1
149	Davoi	Wolf Bat	camp:v1:149:wolf-bat:73bf690ee686795172e1	-217.537	-96.954	-0.674	943076474	150	Monastic Cavern	93.179	-158.973	2.233	mission:San d'Oria:14:step-056	mesh-no-path	1	316.858	0.000	1	1
149	Davoi	Wolf Bat	camp:v1:149:wolf-bat:a813f2da891e8f0851f0	-62.542	48.538	-0.766	913781370	104	Jugner Forest	218.468	-3.871	-2.302	mission:San d'Oria:14:step-056	mesh-connected	43	1.981	0.000	1	1
149	Davoi	Wolf Bat	camp:v1:149:wolf-bat:a813f2da891e8f0851f0	-62.542	48.538	-0.766	808858746	150	Monastic Cavern	282.292	-17.908	2.498	mission:San d'Oria:14:step-056	mesh-connected	57	1.108	0.000	1	1
149	Davoi	Wolf Bat	camp:v1:149:wolf-bat:a813f2da891e8f0851f0	-62.542	48.538	-0.766	842413178	150	Monastic Cavern	177.745	-238.573	2.918	mission:San d'Oria:14:step-056	mesh-no-path	1	374.412	0.000	1	1
149	Davoi	Wolf Bat	camp:v1:149:wolf-bat:a813f2da891e8f0851f0	-62.542	48.538	-0.766	875967610	150	Monastic Cavern	-22.086	-80.150	3.454	mission:San d'Oria:14:step-056	mesh-connected	18	0.904	0.000	1	1
149	Davoi	Wolf Bat	camp:v1:149:wolf-bat:a813f2da891e8f0851f0	-62.542	48.538	-0.766	909522042	150	Monastic Cavern	57.952	-359.422	3.204	mission:San d'Oria:14:step-056	mesh-connected	74	1.122	0.000	1	1
149	Davoi	Wolf Bat	camp:v1:149:wolf-bat:a813f2da891e8f0851f0	-62.542	48.538	-0.766	943076474	150	Monastic Cavern	93.179	-158.973	2.233	mission:San d'Oria:14:step-056	mesh-no-path	1	259.459	0.000	1	1
149	Davoi	Wolf Bat	camp:v1:149:wolf-bat:f69208d6e7e33a030ba1	-217.009	16.317	-1.006	913781370	104	Jugner Forest	218.468	-3.871	-2.302	mission:San d'Oria:14:step-056	mesh-connected	59	1.981	0.000	1	1
149	Davoi	Wolf Bat	camp:v1:149:wolf-bat:f69208d6e7e33a030ba1	-217.009	16.317	-1.006	808858746	150	Monastic Cavern	282.292	-17.908	2.498	mission:San d'Oria:14:step-056	mesh-connected	73	1.108	0.000	1	1
149	Davoi	Wolf Bat	camp:v1:149:wolf-bat:f69208d6e7e33a030ba1	-217.009	16.317	-1.006	842413178	150	Monastic Cavern	177.745	-238.573	2.918	mission:San d'Oria:14:step-056	mesh-no-path	1	469.910	0.000	1	1
149	Davoi	Wolf Bat	camp:v1:149:wolf-bat:f69208d6e7e33a030ba1	-217.009	16.317	-1.006	875967610	150	Monastic Cavern	-22.086	-80.150	3.454	mission:San d'Oria:14:step-056	mesh-connected	38	0.904	0.000	1	1
149	Davoi	Wolf Bat	camp:v1:149:wolf-bat:f69208d6e7e33a030ba1	-217.009	16.317	-1.006	909522042	150	Monastic Cavern	57.952	-359.422	3.204	mission:San d'Oria:14:step-056	mesh-connected	44	1.122	0.000	1	1
149	Davoi	Wolf Bat	camp:v1:149:wolf-bat:f69208d6e7e33a030ba1	-217.009	16.317	-1.006	943076474	150	Monastic Cavern	93.179	-158.973	2.233	mission:San d'Oria:14:step-056	mesh-no-path	1	356.306	0.000	1	1
149	Davoi	Zantaviat	npc:v1:149:17388006	211.852	-9.230	-0.457	913781370	104	Jugner Forest	218.468	-3.871	-2.302	mission:San d'Oria:5:step-011,mission:San d'Oria:5:step-014	mesh-connected	3	1.981	0.000	1	1
149	Davoi	Zantaviat	npc:v1:149:17388006	211.852	-9.230	-0.457	808858746	150	Monastic Cavern	282.292	-17.908	2.498	mission:San d'Oria:5:step-011,mission:San d'Oria:5:step-014	mesh-connected	29	1.108	0.000	1	1
149	Davoi	Zantaviat	npc:v1:149:17388006	211.852	-9.230	-0.457	842413178	150	Monastic Cavern	177.745	-238.573	2.918	mission:San d'Oria:5:step-011,mission:San d'Oria:5:step-014	mesh-no-path	1	231.890	0.000	1	1
149	Davoi	Zantaviat	npc:v1:149:17388006	211.852	-9.230	-0.457	875967610	150	Monastic Cavern	-22.086	-80.150	3.454	mission:San d'Oria:5:step-011,mission:San d'Oria:5:step-014	mesh-connected	29	0.904	0.000	1	1
149	Davoi	Zantaviat	npc:v1:149:17388006	211.852	-9.230	-0.457	909522042	150	Monastic Cavern	57.952	-359.422	3.204	mission:San d'Oria:5:step-011,mission:San d'Oria:5:step-014	mesh-connected	56	1.122	0.000	1	1
149	Davoi	Zantaviat	npc:v1:149:17388006	211.852	-9.230	-0.457	943076474	150	Monastic Cavern	93.179	-158.973	2.233	mission:San d'Oria:5:step-011,mission:San d'Oria:5:step-014	mesh-no-path	1	191.085	0.000	1	1
150	Monastic Cavern	Magicite	npc:v1:150:17391831	-160.899	7.800	-8.437	842347642	149	Davoi	261.354	23.124	-8.792	mission:San d'Oria:14:step-058	mesh-no-path	1	422.531	0.000	1	1
150	Monastic Cavern	Magicite	npc:v1:150:17391831	-160.899	7.800	-8.437	875902074	149	Davoi	203.232	-260.029	-17.416	mission:San d'Oria:14:step-058	mesh-no-path	1	452.111	0.000	1	1
150	Monastic Cavern	Magicite	npc:v1:150:17391831	-160.899	7.800	-8.437	909456506	149	Davoi	-43.718	-101.104	-18.034	mission:San d'Oria:14:step-058	mesh-connected	13	1.475	0.000	1	1
150	Monastic Cavern	Magicite	npc:v1:150:17391831	-160.899	7.800	-8.437	943010938	149	Davoi	37.269	-380.190	-17.565	mission:San d'Oria:14:step-058	mesh-no-path	1	435.764	0.000	1	1
150	Monastic Cavern	Magicite	npc:v1:150:17391831	-160.899	7.800	-8.437	1630876794	149	Davoi	77.537	-180.037	-17.565	mission:San d'Oria:14:step-058	mesh-no-path	1	303.674	0.000	1	1
151	Castle Oztroja	Ajido-Marujido	npc:v1:151:17396154	26.320	-22.498	23.964	878850938	119	Meriphataud Mountains	-239.447	-19.980	-1.813	mission:Windurst:11:step-009	mesh-no-path	1	267.026	0.000	1	1
151	Castle Oztroja	Ajido-Marujido	npc:v1:151:17396154	26.320	-22.498	23.964	808989818	152	Altar Room	-162.895	-139.923	22.136	mission:Windurst:11:step-009	mesh-no-path	1	222.698	0.000	1	1
151	Castle Oztroja	Ajido-Marujido	npc:v1:151:17396154	26.320	-22.498	23.964	842544250	152	Altar Room	-292.009	179.994	-1.886	mission:Windurst:11:step-009	mesh-no-path	1	378.159	0.000	1	1
151	Castle Oztroja	Brass Door	object:v1:151:17396155	20.000	-11.291	-2.599	878850938	119	Meriphataud Mountains	-239.447	-19.980	-1.813	mission:Windurst:18:step-057	mesh-no-path	1	259.594	0.000	1	1
151	Castle Oztroja	Brass Door	object:v1:151:17396155	20.000	-11.291	-2.599	808989818	152	Altar Room	-162.895	-139.923	22.136	mission:Windurst:18:step-057	mesh-connected	80	1.717	0.000	1	1
151	Castle Oztroja	Brass Door	object:v1:151:17396155	20.000	-11.291	-2.599	842544250	152	Altar Room	-292.009	179.994	-1.886	mission:Windurst:18:step-057	mesh-no-path	1	365.978	0.000	1	1
151	Castle Oztroja	Brass Door	object:v1:151:17396161	-186.754	-20.000	-20.136	878850938	119	Meriphataud Mountains	-239.447	-19.980	-1.813	mission:Windurst:18:step-057	mesh-no-path	1	55.788	0.000	1	1
151	Castle Oztroja	Brass Door	object:v1:151:17396161	-186.754	-20.000	-20.136	808989818	152	Altar Room	-162.895	-139.923	22.136	mission:Windurst:18:step-057	mesh-connected	104	1.717	0.000	1	1
151	Castle Oztroja	Brass Door	object:v1:151:17396161	-186.754	-20.000	-20.136	842544250	152	Altar Room	-292.009	179.994	-1.886	mission:Windurst:18:step-057	mesh-no-path	1	226.736	0.000	1	1
151	Castle Oztroja	Brass Door	object:v1:151:17396167	-59.989	-32.469	-4.138	878850938	119	Meriphataud Mountains	-239.447	-19.980	-1.813	mission:Windurst:18:step-057	mesh-connected	18	1.666	0.000	1	1
151	Castle Oztroja	Brass Door	object:v1:151:17396167	-59.989	-32.469	-4.138	808989818	152	Altar Room	-162.895	-139.923	22.136	mission:Windurst:18:step-057	mesh-no-path	1	151.084	0.000	1	1
151	Castle Oztroja	Brass Door	object:v1:151:17396167	-59.989	-32.469	-4.138	842544250	152	Altar Room	-292.009	179.994	-1.886	mission:Windurst:18:step-057	mesh-connected	25	1.814	0.000	1	1
151	Castle Oztroja	Brass Door	object:v1:151:17396172	-43.455	20.014	-20.161	878850938	119	Meriphataud Mountains	-239.447	-19.980	-1.813	mission:Windurst:18:step-057	mesh-no-path	1	200.871	0.000	1	1
151	Castle Oztroja	Brass Door	object:v1:151:17396172	-43.455	20.014	-20.161	808989818	152	Altar Room	-162.895	-139.923	22.136	mission:Windurst:18:step-057	mesh-connected	101	1.717	0.000	1	1
151	Castle Oztroja	Brass Door	object:v1:151:17396172	-43.455	20.014	-20.161	842544250	152	Altar Room	-292.009	179.994	-1.886	mission:Windurst:18:step-057	mesh-no-path	1	296.153	0.000	1	1
151	Castle Oztroja	Brass Door	object:v1:151:17396177	-60.003	-72.457	19.826	878850938	119	Meriphataud Mountains	-239.447	-19.980	-1.813	mission:Windurst:18:step-057	mesh-no-path	1	188.208	0.000	1	1
151	Castle Oztroja	Brass Door	object:v1:151:17396177	-60.003	-72.457	19.826	808989818	152	Altar Room	-162.895	-139.923	22.136	mission:Windurst:18:step-057	mesh-connected	20	1.717	0.000	1	1
151	Castle Oztroja	Brass Door	object:v1:151:17396177	-60.003	-72.457	19.826	842544250	152	Altar Room	-292.009	179.994	-1.886	mission:Windurst:18:step-057	mesh-no-path	1	343.555	0.000	1	1
151	Castle Oztroja	Brass Door	object:v1:151:17396182	-99.995	-110.463	21.500	878850938	119	Meriphataud Mountains	-239.447	-19.980	-1.813	mission:Windurst:18:step-057	mesh-no-path	1	167.862	0.000	1	1
151	Castle Oztroja	Brass Door	object:v1:151:17396182	-99.995	-110.463	21.500	808989818	152	Altar Room	-162.895	-139.923	22.136	mission:Windurst:18:step-057	mesh-connected	5	1.717	0.000	1	1
151	Castle Oztroja	Brass Door	object:v1:151:17396182	-99.995	-110.463	21.500	842544250	152	Altar Room	-292.009	179.994	-1.886	mission:Windurst:18:step-057	mesh-no-path	1	348.972	0.000	1	1
151	Castle Oztroja	Brass Door	object:v1:151:17396185	145.005	-140.000	-19.989	878850938	119	Meriphataud Mountains	-239.447	-19.980	-1.813	mission:Windurst:18:step-057	mesh-no-path	1	403.161	0.000	1	1
151	Castle Oztroja	Brass Door	object:v1:151:17396185	145.005	-140.000	-19.989	808989818	152	Altar Room	-162.895	-139.923	22.136	mission:Windurst:18:step-057	mesh-connected	87	1.717	0.000	1	1
151	Castle Oztroja	Brass Door	object:v1:151:17396185	145.005	-140.000	-19.989	842544250	152	Altar Room	-292.009	179.994	-1.886	mission:Windurst:18:step-057	mesh-no-path	1	541.946	0.000	1	1
151	Castle Oztroja	Brass Door	object:v1:151:17396186	-99.993	-45.006	-74.000	878850938	119	Meriphataud Mountains	-239.447	-19.980	-1.813	mission:Windurst:18:step-057	mesh-no-path	1	159.012	0.000	1	1
151	Castle Oztroja	Brass Door	object:v1:151:17396186	-99.993	-45.006	-74.000	808989818	152	Altar Room	-162.895	-139.923	22.136	mission:Windurst:18:step-057	mesh-connected	138	1.717	0.000	1	1
151	Castle Oztroja	Brass Door	object:v1:151:17396186	-99.993	-45.006	-74.000	842544250	152	Altar Room	-292.009	179.994	-1.886	mission:Windurst:18:step-057	mesh-no-path	1	304.459	0.000	1	1
151	Castle Oztroja	Brass Door	object:v1:151:17396194	-100.003	85.805	-61.789	878850938	119	Meriphataud Mountains	-239.447	-19.980	-1.813	mission:Windurst:18:step-057	mesh-no-path	1	185.020	0.000	1	1
151	Castle Oztroja	Brass Door	object:v1:151:17396194	-100.003	85.805	-61.789	808989818	152	Altar Room	-162.895	-139.923	22.136	mission:Windurst:18:step-057	mesh-no-path	1	248.901	0.000	1	1
151	Castle Oztroja	Brass Door	object:v1:151:17396194	-100.003	85.805	-61.789	842544250	152	Altar Room	-292.009	179.994	-1.886	mission:Windurst:18:step-057	mesh-no-path	1	222.095	0.000	1	1
151	Castle Oztroja	Brass Door	object:v1:151:17396196	-155.228	-140.000	21.500	878850938	119	Meriphataud Mountains	-239.447	-19.980	-1.813	mission:Windurst:18:step-057	mesh-no-path	1	148.463	0.000	1	1
151	Castle Oztroja	Brass Door	object:v1:151:17396196	-155.228	-140.000	21.500	808989818	152	Altar Room	-162.895	-139.923	22.136	mission:Windurst:18:step-057	mesh-connected	3	1.717	0.000	1	1
151	Castle Oztroja	Brass Door	object:v1:151:17396196	-155.228	-140.000	21.500	842544250	152	Altar Room	-292.009	179.994	-1.886	mission:Windurst:18:step-057	mesh-no-path	1	348.787	0.000	1	1
151	Castle Oztroja	Brass Statue	npc:v1:151:17396169	-60.061	-61.538	-3.348	878850938	119	Meriphataud Mountains	-239.447	-19.980	-1.813	mission:Windurst:18:step-054,mission:Windurst:18:step-055	mesh-connected	18	1.666	0.000	1	1
151	Castle Oztroja	Brass Statue	npc:v1:151:17396169	-60.061	-61.538	-3.348	808989818	152	Altar Room	-162.895	-139.923	22.136	mission:Windurst:18:step-054,mission:Windurst:18:step-055	mesh-no-path	1	131.790	0.000	1	1
151	Castle Oztroja	Brass Statue	npc:v1:151:17396169	-60.061	-61.538	-3.348	842544250	152	Altar Room	-292.009	179.994	-1.886	mission:Windurst:18:step-054,mission:Windurst:18:step-055	mesh-connected	27	1.814	0.000	1	1
151	Castle Oztroja	Brass Statue	npc:v1:151:17396174	-18.599	20.024	-19.307	878850938	119	Meriphataud Mountains	-239.447	-19.980	-1.813	mission:Windurst:18:step-054,mission:Windurst:18:step-055	mesh-no-path	1	225.123	0.000	1	1
151	Castle Oztroja	Brass Statue	npc:v1:151:17396174	-18.599	20.024	-19.307	808989818	152	Altar Room	-162.895	-139.923	22.136	mission:Windurst:18:step-054,mission:Windurst:18:step-055	mesh-connected	101	1.717	0.000	1	1
151	Castle Oztroja	Brass Statue	npc:v1:151:17396174	-18.599	20.024	-19.307	842544250	152	Altar Room	-292.009	179.994	-1.886	mission:Windurst:18:step-054,mission:Windurst:18:step-055	mesh-no-path	1	317.249	0.000	1	1
151	Castle Oztroja	Brass Statue	npc:v1:151:17396179	-59.964	-102.820	20.649	878850938	119	Meriphataud Mountains	-239.447	-19.980	-1.813	mission:Windurst:18:step-054,mission:Windurst:18:step-055	mesh-no-path	1	198.950	0.000	1	1
151	Castle Oztroja	Brass Statue	npc:v1:151:17396179	-59.964	-102.820	20.649	808989818	152	Altar Room	-162.895	-139.923	22.136	mission:Windurst:18:step-054,mission:Windurst:18:step-055	mesh-connected	20	1.717	0.000	1	1
151	Castle Oztroja	Brass Statue	npc:v1:151:17396179	-59.964	-102.820	20.649	842544250	152	Altar Room	-292.009	179.994	-1.886	mission:Windurst:18:step-054,mission:Windurst:18:step-055	mesh-no-path	1	366.519	0.000	1	1
151	Castle Oztroja	Brass Statue	npc:v1:151:17396193	-100.106	-16.831	-74.486	878850938	119	Meriphataud Mountains	-239.447	-19.980	-1.813	mission:Windurst:18:step-054,mission:Windurst:18:step-055	mesh-no-path	1	157.185	0.000	1	1
151	Castle Oztroja	Brass Statue	npc:v1:151:17396193	-100.106	-16.831	-74.486	808989818	152	Altar Room	-162.895	-139.923	22.136	mission:Windurst:18:step-054,mission:Windurst:18:step-055	mesh-connected	143	1.717	0.000	1	1
151	Castle Oztroja	Brass Statue	npc:v1:151:17396193	-100.106	-16.831	-74.486	842544250	152	Altar Room	-292.009	179.994	-1.886	mission:Windurst:18:step-054,mission:Windurst:18:step-055	mesh-no-path	1	284.320	0.000	1	1
151	Castle Oztroja	Geomagnetic Fount	object:v1:151:17396255	-130.954	-20.926	0.122	878850938	119	Meriphataud Mountains	-239.447	-19.980	-1.813	mission:Windurst:11:step-014	mesh-connected	13	1.666	0.000	1	1
151	Castle Oztroja	Geomagnetic Fount	object:v1:151:17396255	-130.954	-20.926	0.122	808989818	152	Altar Room	-162.895	-139.923	22.136	mission:Windurst:11:step-014	mesh-no-path	1	125.160	0.000	1	1
151	Castle Oztroja	Geomagnetic Fount	object:v1:151:17396255	-130.954	-20.926	0.122	842544250	152	Altar Room	-292.009	179.994	-1.886	mission:Windurst:11:step-014	mesh-connected	17	1.814	0.000	1	1
151	Castle Oztroja	Kaa Toru the Just	npc:v1:151:17396214	-100.188	145.422	-61.125	878850938	119	Meriphataud Mountains	-239.447	-19.980	-1.813	mission:Windurst:18:step-059	mesh-no-path	1	224.207	0.000	1	1
151	Castle Oztroja	Kaa Toru the Just	npc:v1:151:17396214	-100.188	145.422	-61.125	808989818	152	Altar Room	-162.895	-139.923	22.136	mission:Windurst:18:step-059	mesh-no-path	1	303.787	0.000	1	1
151	Castle Oztroja	Kaa Toru the Just	npc:v1:151:17396214	-100.188	145.422	-61.125	842544250	152	Altar Room	-292.009	179.994	-1.886	mission:Windurst:18:step-059	mesh-no-path	1	203.715	0.000	1	1
151	Castle Oztroja	Survival Guide	object:v1:151:17396272	-221.000	-13.000	0.250	878850938	119	Meriphataud Mountains	-239.447	-19.980	-1.813	mission:San d'Oria:14:step-073,mission:Windurst:11:step-015,mission:Windurst:18:step-032	mesh-connected	4	1.666	0.000	1	1
151	Castle Oztroja	Survival Guide	object:v1:151:17396272	-221.000	-13.000	0.250	808989818	152	Altar Room	-162.895	-139.923	22.136	mission:San d'Oria:14:step-073,mission:Windurst:11:step-015,mission:Windurst:18:step-032	mesh-no-path	1	141.296	0.000	1	1
151	Castle Oztroja	Survival Guide	object:v1:151:17396272	-221.000	-13.000	0.250	842544250	152	Altar Room	-292.009	179.994	-1.886	mission:San d'Oria:14:step-073,mission:Windurst:11:step-015,mission:Windurst:18:step-032	mesh-connected	32	1.814	0.000	1	1
151	Castle Oztroja	Yagudo Avatar	camp:v1:151:yagudo-avatar:23f13ef56bc1d98ae738	-96.516	97.807	-73.255	878850938	119	Meriphataud Mountains	-239.447	-19.980	-1.813	mission:Windurst:18:step-046	mesh-no-path	1	198.512	0.000	1	1
151	Castle Oztroja	Yagudo Avatar	camp:v1:151:yagudo-avatar:23f13ef56bc1d98ae738	-96.516	97.807	-73.255	808989818	152	Altar Room	-162.895	-139.923	22.136	mission:Windurst:18:step-046	mesh-no-path	1	264.615	0.000	1	1
151	Castle Oztroja	Yagudo Avatar	camp:v1:151:yagudo-avatar:23f13ef56bc1d98ae738	-96.516	97.807	-73.255	842544250	152	Altar Room	-292.009	179.994	-1.886	mission:Windurst:18:step-046	mesh-no-path	1	223.754	0.000	1	1
151	Castle Oztroja	Yagudo Flagellant	camp:v1:151:yagudo-flagellant:8eb2fb753cb9dab1f299	-99.786	-87.116	-72.233	878850938	119	Meriphataud Mountains	-239.447	-19.980	-1.813	mission:Windurst:18:step-033,mission:Windurst:18:step-051	mesh-no-path	1	170.210	0.000	1	1
151	Castle Oztroja	Yagudo Flagellant	camp:v1:151:yagudo-flagellant:8eb2fb753cb9dab1f299	-99.786	-87.116	-72.233	808989818	152	Altar Room	-162.895	-139.923	22.136	mission:Windurst:18:step-033,mission:Windurst:18:step-051	mesh-connected	141	1.717	0.000	1	1
151	Castle Oztroja	Yagudo Flagellant	camp:v1:151:yagudo-flagellant:8eb2fb753cb9dab1f299	-99.786	-87.116	-72.233	842544250	152	Altar Room	-292.009	179.994	-1.886	mission:Windurst:18:step-033,mission:Windurst:18:step-051	mesh-no-path	1	336.521	0.000	1	1
151	Castle Oztroja	Yagudo Flagellant	camp:v1:151:yagudo-flagellant:bde28edb04fb27a74c60	-107.465	42.158	-59.891	878850938	119	Meriphataud Mountains	-239.447	-19.980	-1.813	mission:Windurst:18:step-033,mission:Windurst:18:step-051	mesh-no-path	1	157.014	0.000	1	1
151	Castle Oztroja	Yagudo Flagellant	camp:v1:151:yagudo-flagellant:bde28edb04fb27a74c60	-107.465	42.158	-59.891	808989818	152	Altar Room	-162.895	-139.923	22.136	mission:Windurst:18:step-033,mission:Windurst:18:step-051	mesh-no-path	1	207.254	0.000	1	1
151	Castle Oztroja	Yagudo Flagellant	camp:v1:151:yagudo-flagellant:bde28edb04fb27a74c60	-107.465	42.158	-59.891	842544250	152	Altar Room	-292.009	179.994	-1.886	mission:Windurst:18:step-033,mission:Windurst:18:step-051	mesh-no-path	1	237.529	0.000	1	1
151	Castle Oztroja	Yagudo High Priest	camp:v1:151:yagudo-high-priest:75aeccdf61b1e504f5b3	-106.000	96.000	-72.000	878850938	119	Meriphataud Mountains	-239.447	-19.980	-1.813	mission:Windurst:18:step-056	mesh-no-path	1	190.225	0.000	1	1
151	Castle Oztroja	Yagudo High Priest	camp:v1:151:yagudo-high-priest:75aeccdf61b1e504f5b3	-106.000	96.000	-72.000	808989818	152	Altar Room	-162.895	-139.923	22.136	mission:Windurst:18:step-056	mesh-no-path	1	260.304	0.000	1	1
151	Castle Oztroja	Yagudo High Priest	camp:v1:151:yagudo-high-priest:75aeccdf61b1e504f5b3	-106.000	96.000	-72.000	842544250	152	Altar Room	-292.009	179.994	-1.886	mission:Windurst:18:step-056	mesh-no-path	1	215.802	0.000	1	1
151	Castle Oztroja	Yagudo Templar	camp:v1:151:yagudo-templar:9a78126a72cb369949a5	-98.331	101.593	-72.857	878850938	119	Meriphataud Mountains	-239.447	-19.980	-1.813	mission:Windurst:18:step-046,mission:Windurst:18:step-056	mesh-no-path	1	199.351	0.000	1	1
151	Castle Oztroja	Yagudo Templar	camp:v1:151:yagudo-templar:9a78126a72cb369949a5	-98.331	101.593	-72.857	808989818	152	Altar Room	-162.895	-139.923	22.136	mission:Windurst:18:step-046,mission:Windurst:18:step-056	mesh-no-path	1	267.436	0.000	1	1
151	Castle Oztroja	Yagudo Templar	camp:v1:151:yagudo-templar:9a78126a72cb369949a5	-98.331	101.593	-72.857	842544250	152	Altar Room	-292.009	179.994	-1.886	mission:Windurst:18:step-046,mission:Windurst:18:step-056	mesh-no-path	1	220.669	0.000	1	1
152	Altar Room	Magicite	npc:v1:152:17399840	-346.776	46.173	21.833	842478714	151	Castle Oztroja	-247.998	-100.008	12.609	mission:San d'Oria:14:step-088	mesh-no-path	1	176.667	0.000	1	1
152	Altar Room	Magicite	npc:v1:152:17399840	-346.776	46.173	21.833	876033146	151	Castle Oztroja	-288.028	180.054	-1.406	mission:San d'Oria:14:step-088	mesh-no-path	1	148.039	0.000	1	1
153	The Boyahda Tree	Mandragora Warden	npc:v1:153:17404384	81.981	139.556	8.593	845427578	121	The Sanctuary of Zi'Tah	397.158	-59.985	3.590	mission:Windurst:23:step-012,mission:Windurst:23:step-014	mesh-connected	71	1.814	0.000	1	1
153	The Boyahda Tree	Mandragora Warden	npc:v1:153:17404384	81.981	139.556	8.593	878982010	121	The Sanctuary of Zi'Tah	338.298	75.195	-5.135	mission:Windurst:23:step-012,mission:Windurst:23:step-014	mesh-connected	56	1.533	0.000	1	1
153	The Boyahda Tree	Mandragora Warden	npc:v1:153:17404384	81.981	139.556	8.593	811676794	154	Dragon's Aery	-140.008	202.715	3.787	mission:Windurst:23:step-012,mission:Windurst:23:step-014	mesh-no-path	1	230.849	0.000	1	1
153	The Boyahda Tree	Mandragora Warden	npc:v1:153:17404384	81.981	139.556	8.593	812463482	202	Cloister of Storms	93.262	-220.303	-16.609	mission:Windurst:23:step-012,mission:Windurst:23:step-014	mesh-connected	41	1.965	0.000	1	1
153	The Boyahda Tree	Mandragora Warden	npc:v1:153:17404384	81.981	139.556	8.593	846017914	202	Cloister of Storms	4.992	-340.571	6.323	mission:Windurst:23:step-012,mission:Windurst:23:step-014	mesh-no-path	1	486.266	0.000	1	1
153	The Boyahda Tree	Mandragora Warden	npc:v1:153:17404385	99.068	122.514	8.548	845427578	121	The Sanctuary of Zi'Tah	397.158	-59.985	3.590	mission:Windurst:23:step-012,mission:Windurst:23:step-014	mesh-connected	63	1.814	0.000	1	1
153	The Boyahda Tree	Mandragora Warden	npc:v1:153:17404385	99.068	122.514	8.548	878982010	121	The Sanctuary of Zi'Tah	338.298	75.195	-5.135	mission:Windurst:23:step-012,mission:Windurst:23:step-014	mesh-connected	48	1.533	0.000	1	1
153	The Boyahda Tree	Mandragora Warden	npc:v1:153:17404385	99.068	122.514	8.548	811676794	154	Dragon's Aery	-140.008	202.715	3.787	mission:Windurst:23:step-012,mission:Windurst:23:step-014	mesh-no-path	1	252.215	0.000	1	1
153	The Boyahda Tree	Mandragora Warden	npc:v1:153:17404385	99.068	122.514	8.548	812463482	202	Cloister of Storms	93.262	-220.303	-16.609	mission:Windurst:23:step-012,mission:Windurst:23:step-014	mesh-connected	53	1.965	0.000	1	1
153	The Boyahda Tree	Mandragora Warden	npc:v1:153:17404385	99.068	122.514	8.548	846017914	202	Cloister of Storms	4.992	-340.571	6.323	mission:Windurst:23:step-012,mission:Windurst:23:step-014	mesh-no-path	1	472.549	0.000	1	1
153	The Boyahda Tree	Mandragora Warden	npc:v1:153:17404386	101.978	121.969	8.369	845427578	121	The Sanctuary of Zi'Tah	397.158	-59.985	3.590	mission:Windurst:23:step-012,mission:Windurst:23:step-014	mesh-connected	64	1.814	0.000	1	1
153	The Boyahda Tree	Mandragora Warden	npc:v1:153:17404386	101.978	121.969	8.369	878982010	121	The Sanctuary of Zi'Tah	338.298	75.195	-5.135	mission:Windurst:23:step-012,mission:Windurst:23:step-014	mesh-connected	49	1.533	0.000	1	1
153	The Boyahda Tree	Mandragora Warden	npc:v1:153:17404386	101.978	121.969	8.369	811676794	154	Dragon's Aery	-140.008	202.715	3.787	mission:Windurst:23:step-012,mission:Windurst:23:step-014	mesh-no-path	1	255.143	0.000	1	1
153	The Boyahda Tree	Mandragora Warden	npc:v1:153:17404386	101.978	121.969	8.369	812463482	202	Cloister of Storms	93.262	-220.303	-16.609	mission:Windurst:23:step-012,mission:Windurst:23:step-014	mesh-connected	54	1.965	0.000	1	1
153	The Boyahda Tree	Mandragora Warden	npc:v1:153:17404386	101.978	121.969	8.369	846017914	202	Cloister of Storms	4.992	-340.571	6.323	mission:Windurst:23:step-012,mission:Windurst:23:step-014	mesh-no-path	1	472.603	0.000	1	1
153	The Boyahda Tree	Old Goobbue	camp:v1:153:old-goobbue:0c1b89acc447437a38e3	39.273	116.971	8.700	845427578	121	The Sanctuary of Zi'Tah	397.158	-59.985	3.590	mission:Windurst:23:step-012,mission:Windurst:23:step-015	mesh-connected	65	1.814	0.000	1	1
153	The Boyahda Tree	Old Goobbue	camp:v1:153:old-goobbue:0c1b89acc447437a38e3	39.273	116.971	8.700	878982010	121	The Sanctuary of Zi'Tah	338.298	75.195	-5.135	mission:Windurst:23:step-012,mission:Windurst:23:step-015	mesh-connected	50	1.533	0.000	1	1
153	The Boyahda Tree	Old Goobbue	camp:v1:153:old-goobbue:0c1b89acc447437a38e3	39.273	116.971	8.700	811676794	154	Dragon's Aery	-140.008	202.715	3.787	mission:Windurst:23:step-012,mission:Windurst:23:step-015	mesh-no-path	1	198.791	0.000	1	1
153	The Boyahda Tree	Old Goobbue	camp:v1:153:old-goobbue:0c1b89acc447437a38e3	39.273	116.971	8.700	812463482	202	Cloister of Storms	93.262	-220.303	-16.609	mission:Windurst:23:step-012,mission:Windurst:23:step-015	mesh-connected	39	1.965	0.000	1	1
153	The Boyahda Tree	Old Goobbue	camp:v1:153:old-goobbue:0c1b89acc447437a38e3	39.273	116.971	8.700	846017914	202	Cloister of Storms	4.992	-340.571	6.323	mission:Windurst:23:step-012,mission:Windurst:23:step-015	mesh-no-path	1	458.831	0.000	1	1
153	The Boyahda Tree	Old Goobbue	camp:v1:153:old-goobbue:86a3ea776794b226deac	152.720	-10.498	8.839	845427578	121	The Sanctuary of Zi'Tah	397.158	-59.985	3.590	mission:Windurst:23:step-012,mission:Windurst:23:step-015	mesh-connected	51	1.814	0.000	1	1
153	The Boyahda Tree	Old Goobbue	camp:v1:153:old-goobbue:86a3ea776794b226deac	152.720	-10.498	8.839	878982010	121	The Sanctuary of Zi'Tah	338.298	75.195	-5.135	mission:Windurst:23:step-012,mission:Windurst:23:step-015	mesh-connected	36	1.533	0.000	1	1
153	The Boyahda Tree	Old Goobbue	camp:v1:153:old-goobbue:86a3ea776794b226deac	152.720	-10.498	8.839	811676794	154	Dragon's Aery	-140.008	202.715	3.787	mission:Windurst:23:step-012,mission:Windurst:23:step-015	mesh-no-path	1	362.181	0.000	1	1
153	The Boyahda Tree	Old Goobbue	camp:v1:153:old-goobbue:86a3ea776794b226deac	152.720	-10.498	8.839	812463482	202	Cloister of Storms	93.262	-220.303	-16.609	mission:Windurst:23:step-012,mission:Windurst:23:step-015	mesh-connected	51	1.965	0.000	1	1
153	The Boyahda Tree	Old Goobbue	camp:v1:153:old-goobbue:86a3ea776794b226deac	152.720	-10.498	8.839	846017914	202	Cloister of Storms	4.992	-340.571	6.323	mission:Windurst:23:step-012,mission:Windurst:23:step-015	mesh-no-path	1	361.633	0.000	1	1
153	The Boyahda Tree	Old Goobbue	camp:v1:153:old-goobbue:ba93ad90aabe2e2b80bf	-85.590	83.549	8.719	845427578	121	The Sanctuary of Zi'Tah	397.158	-59.985	3.590	mission:Windurst:23:step-012,mission:Windurst:23:step-015	mesh-connected	76	1.814	0.000	1	1
153	The Boyahda Tree	Old Goobbue	camp:v1:153:old-goobbue:ba93ad90aabe2e2b80bf	-85.590	83.549	8.719	878982010	121	The Sanctuary of Zi'Tah	338.298	75.195	-5.135	mission:Windurst:23:step-012,mission:Windurst:23:step-015	mesh-connected	61	1.533	0.000	1	1
153	The Boyahda Tree	Old Goobbue	camp:v1:153:old-goobbue:ba93ad90aabe2e2b80bf	-85.590	83.549	8.719	811676794	154	Dragon's Aery	-140.008	202.715	3.787	mission:Windurst:23:step-012,mission:Windurst:23:step-015	mesh-no-path	1	131.096	0.000	1	1
153	The Boyahda Tree	Old Goobbue	camp:v1:153:old-goobbue:ba93ad90aabe2e2b80bf	-85.590	83.549	8.719	812463482	202	Cloister of Storms	93.262	-220.303	-16.609	mission:Windurst:23:step-012,mission:Windurst:23:step-015	mesh-connected	23	1.965	0.000	1	1
153	The Boyahda Tree	Old Goobbue	camp:v1:153:old-goobbue:ba93ad90aabe2e2b80bf	-85.590	83.549	8.719	846017914	202	Cloister of Storms	4.992	-340.571	6.323	mission:Windurst:23:step-012,mission:Windurst:23:step-015	mesh-no-path	1	433.692	0.000	1	1
158	Upper Delkfutt's Tower	Mimas	camp:v1:158:mimas:c5f1a04c9117097dc0bd	-293.419	53.648	-144.070	811938938	158	Upper Delkfutt's Tower	12.098	27.683	-105.408	mission:San d'Oria:13:step-039	mesh-no-path	1	309.046	0.000	1	1
158	Upper Delkfutt's Tower	Mimas	camp:v1:158:mimas:c5f1a04c9117097dc0bd	-293.419	53.648	-144.070	845493370	158	Upper Delkfutt's Tower	-291.555	27.636	-109.008	mission:San d'Oria:13:step-039	mesh-no-path	1	43.697	0.000	1	1
158	Upper Delkfutt's Tower	Mimas	camp:v1:158:mimas:c5f1a04c9117097dc0bd	-293.419	53.648	-144.070	879047802	158	Upper Delkfutt's Tower	251.863	27.592	-40.981	mission:San d'Oria:13:step-039	mesh-no-path	1	555.553	0.000	1	1
158	Upper Delkfutt's Tower	Mimas	camp:v1:158:mimas:c5f1a04c9117097dc0bd	-293.419	53.648	-144.070	912602234	158	Upper Delkfutt's Tower	27.719	28.094	-45.196	mission:San d'Oria:13:step-039	mesh-no-path	1	336.985	0.000	1	1
159	Temple of Uggalepih	Bonze Marberry	camp:v1:159:bonze-marberry:dac11097780370bcd714	340.103	222.666	-0.001	1667707770	124	Yhoator Jungle	179.986	41.971	-9.694	mission:Windurst:20:step-017,mission:Windurst:20:step-022,mission:Windurst:20:step-023,mission:Windurst:20:step-025	mesh-no-path	1	241.624	0.000	1	1
159	Temple of Uggalepih	Bonze Marberry	camp:v1:159:bonze-marberry:dac11097780370bcd714	340.103	222.666	-0.001	1701262202	124	Yhoator Jungle	59.996	81.988	-9.598	mission:Windurst:20:step-017,mission:Windurst:20:step-022,mission:Windurst:20:step-023,mission:Windurst:20:step-025	mesh-no-path	1	313.596	0.000	1	1
159	Temple of Uggalepih	Bonze Marberry	camp:v1:159:bonze-marberry:dac11097780370bcd714	340.103	222.666	-0.001	1734816634	124	Yhoator Jungle	-59.956	81.957	-9.725	mission:Windurst:20:step-017,mission:Windurst:20:step-022,mission:Windurst:20:step-023,mission:Windurst:20:step-025	mesh-no-path	1	424.194	0.000	1	1
159	Temple of Uggalepih	Bonze Marberry	camp:v1:159:bonze-marberry:dac11097780370bcd714	340.103	222.666	-0.001	1768371066	124	Yhoator Jungle	238.951	179.998	-9.730	mission:Windurst:20:step-017,mission:Windurst:20:step-022,mission:Windurst:20:step-023,mission:Windurst:20:step-025	mesh-no-path	1	110.213	0.000	1	1
159	Temple of Uggalepih	Bonze Marberry	camp:v1:159:bonze-marberry:dac11097780370bcd714	340.103	222.666	-0.001	1801925498	124	Yhoator Jungle	198.942	300.020	-17.706	mission:Windurst:20:step-017,mission:Windurst:20:step-022,mission:Windurst:20:step-023,mission:Windurst:20:step-025	mesh-connected	15	1.506	0.000	1	1
159	Temple of Uggalepih	Bonze Marberry	camp:v1:159:bonze-marberry:dac11097780370bcd714	340.103	222.666	-0.001	812070010	160	Den of Rancor	432.013	216.472	5.353	mission:Windurst:20:step-017,mission:Windurst:20:step-022,mission:Windurst:20:step-023,mission:Windurst:20:step-025	mesh-connected	14	1.834	0.000	1	1
159	Temple of Uggalepih	Bonze Marberry	camp:v1:159:bonze-marberry:dac11097780370bcd714	340.103	222.666	-0.001	845624442	160	Den of Rancor	8.340	15.884	5.039	mission:Windurst:20:step-017,mission:Windurst:20:step-022,mission:Windurst:20:step-023,mission:Windurst:20:step-025	mesh-no-path	1	390.961	0.000	1	1
159	Temple of Uggalepih	Bonze Marberry	camp:v1:159:bonze-marberry:dac11097780370bcd714	340.103	222.666	-0.001	879178874	160	Den of Rancor	-231.602	-103.515	5.049	mission:Windurst:20:step-017,mission:Windurst:20:step-022,mission:Windurst:20:step-023,mission:Windurst:20:step-025	mesh-no-path	1	658.230	0.000	1	1
159	Temple of Uggalepih	Bonze Marberry	camp:v1:159:bonze-marberry:dac11097780370bcd714	340.103	222.666	-0.001	912733306	160	Den of Rancor	-16.737	31.905	5.220	mission:Windurst:20:step-017,mission:Windurst:20:step-022,mission:Windurst:20:step-023,mission:Windurst:20:step-025	mesh-no-path	1	404.663	0.000	1	1
159	Temple of Uggalepih	Bonze Marberry	camp:v1:159:bonze-marberry:dac11097780370bcd714	340.103	222.666	-0.001	812266618	163	Sacrificial Chamber	-231.701	64.605	3.273	mission:Windurst:20:step-017,mission:Windurst:20:step-022,mission:Windurst:20:step-023,mission:Windurst:20:step-025	mesh-no-path	1	593.257	0.000	1	1
159	Temple of Uggalepih	Geomagnetic Fount	object:v1:159:17429034	-103.000	-16.000	0.000	1667707770	124	Yhoator Jungle	179.986	41.971	-9.694	mission:San d'Oria:22:step-014	mesh-no-path	1	289.025	0.000	1	1
159	Temple of Uggalepih	Geomagnetic Fount	object:v1:159:17429034	-103.000	-16.000	0.000	1701262202	124	Yhoator Jungle	59.996	81.988	-9.598	mission:San d'Oria:22:step-014	mesh-no-path	1	190.424	0.000	1	1
159	Temple of Uggalepih	Geomagnetic Fount	object:v1:159:17429034	-103.000	-16.000	0.000	1734816634	124	Yhoator Jungle	-59.956	81.957	-9.725	mission:San d'Oria:22:step-014	mesh-connected	14	1.266	0.000	1	1
159	Temple of Uggalepih	Geomagnetic Fount	object:v1:159:17429034	-103.000	-16.000	0.000	1768371066	124	Yhoator Jungle	238.951	179.998	-9.730	mission:San d'Oria:22:step-014	mesh-no-path	1	394.259	0.000	1	1
159	Temple of Uggalepih	Geomagnetic Fount	object:v1:159:17429034	-103.000	-16.000	0.000	1801925498	124	Yhoator Jungle	198.942	300.020	-17.706	mission:San d'Oria:22:step-014	mesh-no-path	1	437.437	0.000	1	1
159	Temple of Uggalepih	Geomagnetic Fount	object:v1:159:17429034	-103.000	-16.000	0.000	812070010	160	Den of Rancor	432.013	216.472	5.353	mission:San d'Oria:22:step-014	mesh-no-path	1	583.362	0.000	1	1
159	Temple of Uggalepih	Geomagnetic Fount	object:v1:159:17429034	-103.000	-16.000	0.000	845624442	160	Den of Rancor	8.340	15.884	5.039	mission:San d'Oria:22:step-014	mesh-no-path	1	115.925	0.000	1	1
159	Temple of Uggalepih	Geomagnetic Fount	object:v1:159:17429034	-103.000	-16.000	0.000	879178874	160	Den of Rancor	-231.602	-103.515	5.049	mission:San d'Oria:22:step-014	mesh-no-path	1	155.637	0.000	1	1
159	Temple of Uggalepih	Geomagnetic Fount	object:v1:159:17429034	-103.000	-16.000	0.000	912733306	160	Den of Rancor	-16.737	31.905	5.220	mission:San d'Oria:22:step-014	mesh-connected	32	1.847	0.000	1	1
159	Temple of Uggalepih	Geomagnetic Fount	object:v1:159:17429034	-103.000	-16.000	0.000	812266618	163	Sacrificial Chamber	-231.701	64.605	3.273	mission:San d'Oria:22:step-014	mesh-no-path	1	151.894	0.000	1	1
159	Temple of Uggalepih	Granite Door	object:v1:159:17428911	340.000	331.656	-1.899	1667707770	124	Yhoator Jungle	179.986	41.971	-9.694	mission:Windurst:20:step-031	mesh-no-path	1	331.033	0.000	1	1
159	Temple of Uggalepih	Granite Door	object:v1:159:17428911	340.000	331.656	-1.899	1701262202	124	Yhoator Jungle	59.996	81.988	-9.598	mission:Windurst:20:step-031	mesh-no-path	1	375.227	0.000	1	1
159	Temple of Uggalepih	Granite Door	object:v1:159:17428911	340.000	331.656	-1.899	1734816634	124	Yhoator Jungle	-59.956	81.957	-9.725	mission:Windurst:20:step-031	mesh-no-path	1	471.567	0.000	1	1
159	Temple of Uggalepih	Granite Door	object:v1:159:17428911	340.000	331.656	-1.899	1768371066	124	Yhoator Jungle	238.951	179.998	-9.730	mission:Windurst:20:step-031	mesh-no-path	1	182.407	0.000	1	1
159	Temple of Uggalepih	Granite Door	object:v1:159:17428911	340.000	331.656	-1.899	1801925498	124	Yhoator Jungle	198.942	300.020	-17.706	mission:Windurst:20:step-031	mesh-connected	24	1.506	0.000	1	1
159	Temple of Uggalepih	Granite Door	object:v1:159:17428911	340.000	331.656	-1.899	812070010	160	Den of Rancor	432.013	216.472	5.353	mission:Windurst:20:step-031	mesh-connected	33	1.834	0.000	1	1
159	Temple of Uggalepih	Granite Door	object:v1:159:17428911	340.000	331.656	-1.899	845624442	160	Den of Rancor	8.340	15.884	5.039	mission:Windurst:20:step-031	mesh-no-path	1	457.994	0.000	1	1
159	Temple of Uggalepih	Granite Door	object:v1:159:17428911	340.000	331.656	-1.899	879178874	160	Den of Rancor	-231.602	-103.515	5.049	mission:Windurst:20:step-031	mesh-no-path	1	718.436	0.000	1	1
159	Temple of Uggalepih	Granite Door	object:v1:159:17428911	340.000	331.656	-1.899	912733306	160	Den of Rancor	-16.737	31.905	5.220	mission:Windurst:20:step-031	mesh-no-path	1	466.007	0.000	1	1
159	Temple of Uggalepih	Granite Door	object:v1:159:17428911	340.000	331.656	-1.899	812266618	163	Sacrificial Chamber	-231.701	64.605	3.273	mission:Windurst:20:step-031	mesh-no-path	1	631.019	0.000	1	1
159	Temple of Uggalepih	Granite Door	object:v1:159:17428945	390.000	266.250	-1.791	1667707770	124	Yhoator Jungle	179.986	41.971	-9.694	mission:Windurst:20:step-031	mesh-no-path	1	307.359	0.000	1	1
159	Temple of Uggalepih	Granite Door	object:v1:159:17428945	390.000	266.250	-1.791	1701262202	124	Yhoator Jungle	59.996	81.988	-9.598	mission:Windurst:20:step-031	mesh-no-path	1	378.042	0.000	1	1
159	Temple of Uggalepih	Granite Door	object:v1:159:17428945	390.000	266.250	-1.791	1734816634	124	Yhoator Jungle	-59.956	81.957	-9.725	mission:Windurst:20:step-031	mesh-no-path	1	486.300	0.000	1	1
159	Temple of Uggalepih	Granite Door	object:v1:159:17428945	390.000	266.250	-1.791	1768371066	124	Yhoator Jungle	238.951	179.998	-9.730	mission:Windurst:20:step-031	mesh-no-path	1	174.121	0.000	1	1
159	Temple of Uggalepih	Granite Door	object:v1:159:17428945	390.000	266.250	-1.791	1801925498	124	Yhoator Jungle	198.942	300.020	-17.706	mission:Windurst:20:step-031	mesh-connected	21	1.506	0.000	1	1
159	Temple of Uggalepih	Granite Door	object:v1:159:17428945	390.000	266.250	-1.791	812070010	160	Den of Rancor	432.013	216.472	5.353	mission:Windurst:20:step-031	mesh-connected	10	1.834	0.000	1	1
159	Temple of Uggalepih	Granite Door	object:v1:159:17428945	390.000	266.250	-1.791	845624442	160	Den of Rancor	8.340	15.884	5.039	mission:Windurst:20:step-031	mesh-no-path	1	456.502	0.000	1	1
159	Temple of Uggalepih	Granite Door	object:v1:159:17428945	390.000	266.250	-1.791	879178874	160	Den of Rancor	-231.602	-103.515	5.049	mission:Windurst:20:step-031	mesh-no-path	1	723.299	0.000	1	1
159	Temple of Uggalepih	Granite Door	object:v1:159:17428945	390.000	266.250	-1.791	912733306	160	Den of Rancor	-16.737	31.905	5.220	mission:Windurst:20:step-031	mesh-no-path	1	469.470	0.000	1	1
159	Temple of Uggalepih	Granite Door	object:v1:159:17428945	390.000	266.250	-1.791	812266618	163	Sacrificial Chamber	-231.701	64.605	3.273	mission:Windurst:20:step-031	mesh-no-path	1	653.604	0.000	1	1
159	Temple of Uggalepih	Granite Door	object:v1:159:17428946	390.000	253.740	-1.744	1667707770	124	Yhoator Jungle	179.986	41.971	-9.694	mission:Windurst:20:step-031	mesh-no-path	1	298.354	0.000	1	1
159	Temple of Uggalepih	Granite Door	object:v1:159:17428946	390.000	253.740	-1.744	1701262202	124	Yhoator Jungle	59.996	81.988	-9.598	mission:Windurst:20:step-031	mesh-no-path	1	372.106	0.000	1	1
159	Temple of Uggalepih	Granite Door	object:v1:159:17428946	390.000	253.740	-1.744	1734816634	124	Yhoator Jungle	-59.956	81.957	-9.725	mission:Windurst:20:step-031	mesh-no-path	1	481.699	0.000	1	1
159	Temple of Uggalepih	Granite Door	object:v1:159:17428946	390.000	253.740	-1.744	1768371066	124	Yhoator Jungle	238.951	179.998	-9.730	mission:Windurst:20:step-031	mesh-no-path	1	168.278	0.000	1	1
159	Temple of Uggalepih	Granite Door	object:v1:159:17428946	390.000	253.740	-1.744	1801925498	124	Yhoator Jungle	198.942	300.020	-17.706	mission:Windurst:20:step-031	mesh-connected	22	1.506	0.000	1	1
159	Temple of Uggalepih	Granite Door	object:v1:159:17428946	390.000	253.740	-1.744	812070010	160	Den of Rancor	432.013	216.472	5.353	mission:Windurst:20:step-031	mesh-connected	12	1.834	0.000	1	1
159	Temple of Uggalepih	Granite Door	object:v1:159:17428946	390.000	253.740	-1.744	845624442	160	Den of Rancor	8.340	15.884	5.039	mission:Windurst:20:step-031	mesh-no-path	1	449.762	0.000	1	1
159	Temple of Uggalepih	Granite Door	object:v1:159:17428946	390.000	253.740	-1.744	879178874	160	Den of Rancor	-231.602	-103.515	5.049	mission:Windurst:20:step-031	mesh-no-path	1	716.984	0.000	1	1
159	Temple of Uggalepih	Granite Door	object:v1:159:17428946	390.000	253.740	-1.744	912733306	160	Den of Rancor	-16.737	31.905	5.220	mission:Windurst:20:step-031	mesh-no-path	1	463.351	0.000	1	1
159	Temple of Uggalepih	Granite Door	object:v1:159:17428946	390.000	253.740	-1.744	812266618	163	Sacrificial Chamber	-231.701	64.605	3.273	mission:Windurst:20:step-031	mesh-no-path	1	649.853	0.000	1	1
159	Temple of Uggalepih	Granite Door	object:v1:159:17428947	370.002	266.255	-1.750	1667707770	124	Yhoator Jungle	179.986	41.971	-9.694	mission:Windurst:20:step-031	mesh-no-path	1	294.062	0.000	1	1
159	Temple of Uggalepih	Granite Door	object:v1:159:17428947	370.002	266.255	-1.750	1701262202	124	Yhoator Jungle	59.996	81.988	-9.598	mission:Windurst:20:step-031	mesh-no-path	1	360.721	0.000	1	1
159	Temple of Uggalepih	Granite Door	object:v1:159:17428947	370.002	266.255	-1.750	1734816634	124	Yhoator Jungle	-59.956	81.957	-9.725	mission:Windurst:20:step-031	mesh-no-path	1	467.860	0.000	1	1
159	Temple of Uggalepih	Granite Door	object:v1:159:17428947	370.002	266.255	-1.750	1768371066	124	Yhoator Jungle	238.951	179.998	-9.730	mission:Windurst:20:step-031	mesh-no-path	1	157.093	0.000	1	1
159	Temple of Uggalepih	Granite Door	object:v1:159:17428947	370.002	266.255	-1.750	1801925498	124	Yhoator Jungle	198.942	300.020	-17.706	mission:Windurst:20:step-031	mesh-connected	20	1.506	0.000	1	1
159	Temple of Uggalepih	Granite Door	object:v1:159:17428947	370.002	266.255	-1.750	812070010	160	Den of Rancor	432.013	216.472	5.353	mission:Windurst:20:step-031	mesh-connected	10	1.834	0.000	1	1
159	Temple of Uggalepih	Granite Door	object:v1:159:17428947	370.002	266.255	-1.750	845624442	160	Den of Rancor	8.340	15.884	5.039	mission:Windurst:20:step-031	mesh-no-path	1	439.922	0.000	1	1
159	Temple of Uggalepih	Granite Door	object:v1:159:17428947	370.002	266.255	-1.750	879178874	160	Den of Rancor	-231.602	-103.515	5.049	mission:Windurst:20:step-031	mesh-no-path	1	706.189	0.000	1	1
159	Temple of Uggalepih	Granite Door	object:v1:159:17428947	370.002	266.255	-1.750	912733306	160	Den of Rancor	-16.737	31.905	5.220	mission:Windurst:20:step-031	mesh-no-path	1	452.256	0.000	1	1
159	Temple of Uggalepih	Granite Door	object:v1:159:17428947	370.002	266.255	-1.750	812266618	163	Sacrificial Chamber	-231.701	64.605	3.273	mission:Windurst:20:step-031	mesh-no-path	1	634.614	0.000	1	1
159	Temple of Uggalepih	Granite Door	object:v1:159:17428948	369.994	253.748	-1.733	1667707770	124	Yhoator Jungle	179.986	41.971	-9.694	mission:Windurst:20:step-031	mesh-no-path	1	284.633	0.000	1	1
159	Temple of Uggalepih	Granite Door	object:v1:159:17428948	369.994	253.748	-1.733	1701262202	124	Yhoator Jungle	59.996	81.988	-9.598	mission:Windurst:20:step-031	mesh-no-path	1	354.489	0.000	1	1
159	Temple of Uggalepih	Granite Door	object:v1:159:17428948	369.994	253.748	-1.733	1734816634	124	Yhoator Jungle	-59.956	81.957	-9.725	mission:Windurst:20:step-031	mesh-no-path	1	463.069	0.000	1	1
159	Temple of Uggalepih	Granite Door	object:v1:159:17428948	369.994	253.748	-1.733	1768371066	124	Yhoator Jungle	238.951	179.998	-9.730	mission:Windurst:20:step-031	mesh-no-path	1	150.583	0.000	1	1
159	Temple of Uggalepih	Granite Door	object:v1:159:17428948	369.994	253.748	-1.733	1801925498	124	Yhoator Jungle	198.942	300.020	-17.706	mission:Windurst:20:step-031	mesh-connected	22	1.506	0.000	1	1
159	Temple of Uggalepih	Granite Door	object:v1:159:17428948	369.994	253.748	-1.733	812070010	160	Den of Rancor	432.013	216.472	5.353	mission:Windurst:20:step-031	mesh-connected	12	1.834	0.000	1	1
159	Temple of Uggalepih	Granite Door	object:v1:159:17428948	369.994	253.748	-1.733	845624442	160	Den of Rancor	8.340	15.884	5.039	mission:Windurst:20:step-031	mesh-no-path	1	432.919	0.000	1	1
159	Temple of Uggalepih	Granite Door	object:v1:159:17428948	369.994	253.748	-1.733	879178874	160	Den of Rancor	-231.602	-103.515	5.049	mission:Windurst:20:step-031	mesh-no-path	1	699.715	0.000	1	1
159	Temple of Uggalepih	Granite Door	object:v1:159:17428948	369.994	253.748	-1.733	912733306	160	Den of Rancor	-16.737	31.905	5.220	mission:Windurst:20:step-031	mesh-no-path	1	445.896	0.000	1	1
159	Temple of Uggalepih	Granite Door	object:v1:159:17428948	369.994	253.748	-1.733	812266618	163	Sacrificial Chamber	-231.701	64.605	3.273	mission:Windurst:20:step-031	mesh-no-path	1	630.743	0.000	1	1
159	Temple of Uggalepih	Granite Door	object:v1:159:17428949	310.000	226.224	-1.787	1667707770	124	Yhoator Jungle	179.986	41.971	-9.694	mission:Windurst:20:step-031	mesh-no-path	1	225.644	0.000	1	1
159	Temple of Uggalepih	Granite Door	object:v1:159:17428949	310.000	226.224	-1.787	1701262202	124	Yhoator Jungle	59.996	81.988	-9.598	mission:Windurst:20:step-031	mesh-no-path	1	288.733	0.000	1	1
159	Temple of Uggalepih	Granite Door	object:v1:159:17428949	310.000	226.224	-1.787	1734816634	124	Yhoator Jungle	-59.956	81.957	-9.725	mission:Windurst:20:step-031	mesh-no-path	1	397.169	0.000	1	1
159	Temple of Uggalepih	Granite Door	object:v1:159:17428949	310.000	226.224	-1.787	1768371066	124	Yhoator Jungle	238.951	179.998	-9.730	mission:Windurst:20:step-031	mesh-no-path	1	85.135	0.000	1	1
159	Temple of Uggalepih	Granite Door	object:v1:159:17428949	310.000	226.224	-1.787	1801925498	124	Yhoator Jungle	198.942	300.020	-17.706	mission:Windurst:20:step-031	mesh-connected	12	1.506	0.000	1	1
159	Temple of Uggalepih	Granite Door	object:v1:159:17428949	310.000	226.224	-1.787	812070010	160	Den of Rancor	432.013	216.472	5.353	mission:Windurst:20:step-031	mesh-connected	20	1.834	0.000	1	1
159	Temple of Uggalepih	Granite Door	object:v1:159:17428949	310.000	226.224	-1.787	845624442	160	Den of Rancor	8.340	15.884	5.039	mission:Windurst:20:step-031	mesh-no-path	1	367.816	0.000	1	1
159	Temple of Uggalepih	Granite Door	object:v1:159:17428949	310.000	226.224	-1.787	879178874	160	Den of Rancor	-231.602	-103.515	5.049	mission:Windurst:20:step-031	mesh-no-path	1	634.119	0.000	1	1
159	Temple of Uggalepih	Granite Door	object:v1:159:17428949	310.000	226.224	-1.787	912733306	160	Den of Rancor	-16.737	31.905	5.220	mission:Windurst:20:step-031	mesh-no-path	1	380.218	0.000	1	1
159	Temple of Uggalepih	Granite Door	object:v1:159:17428949	310.000	226.224	-1.787	812266618	163	Sacrificial Chamber	-231.701	64.605	3.273	mission:Windurst:20:step-031	mesh-no-path	1	565.320	0.000	1	1
159	Temple of Uggalepih	Granite Door	object:v1:159:17428950	289.994	226.251	-1.745	1667707770	124	Yhoator Jungle	179.986	41.971	-9.694	mission:Windurst:20:step-031	mesh-no-path	1	214.765	0.000	1	1
159	Temple of Uggalepih	Granite Door	object:v1:159:17428950	289.994	226.251	-1.745	1701262202	124	Yhoator Jungle	59.996	81.988	-9.598	mission:Windurst:20:step-031	mesh-no-path	1	271.611	0.000	1	1
159	Temple of Uggalepih	Granite Door	object:v1:159:17428950	289.994	226.251	-1.745	1734816634	124	Yhoator Jungle	-59.956	81.957	-9.725	mission:Windurst:20:step-031	mesh-no-path	1	378.615	0.000	1	1
159	Temple of Uggalepih	Granite Door	object:v1:159:17428950	289.994	226.251	-1.745	1768371066	124	Yhoator Jungle	238.951	179.998	-9.730	mission:Windurst:20:step-031	mesh-no-path	1	69.343	0.000	1	1
159	Temple of Uggalepih	Granite Door	object:v1:159:17428950	289.994	226.251	-1.745	1801925498	124	Yhoator Jungle	198.942	300.020	-17.706	mission:Windurst:20:step-031	mesh-connected	13	1.506	0.000	1	1
159	Temple of Uggalepih	Granite Door	object:v1:159:17428950	289.994	226.251	-1.745	812070010	160	Den of Rancor	432.013	216.472	5.353	mission:Windurst:20:step-031	mesh-connected	20	1.834	0.000	1	1
159	Temple of Uggalepih	Granite Door	object:v1:159:17428950	289.994	226.251	-1.745	845624442	160	Den of Rancor	8.340	15.884	5.039	mission:Windurst:20:step-031	mesh-no-path	1	351.610	0.000	1	1
159	Temple of Uggalepih	Granite Door	object:v1:159:17428950	289.994	226.251	-1.745	879178874	160	Den of Rancor	-231.602	-103.515	5.049	mission:Windurst:20:step-031	mesh-no-path	1	617.134	0.000	1	1
159	Temple of Uggalepih	Granite Door	object:v1:159:17428950	289.994	226.251	-1.745	912733306	160	Den of Rancor	-16.737	31.905	5.220	mission:Windurst:20:step-031	mesh-no-path	1	363.184	0.000	1	1
159	Temple of Uggalepih	Granite Door	object:v1:159:17428950	289.994	226.251	-1.745	812266618	163	Sacrificial Chamber	-231.701	64.605	3.273	mission:Windurst:20:step-031	mesh-no-path	1	546.187	0.000	1	1
159	Temple of Uggalepih	Granite Door	object:v1:159:17428951	266.245	110.001	-1.750	1667707770	124	Yhoator Jungle	179.986	41.971	-9.694	mission:Windurst:20:step-031	mesh-connected	16	1.457	0.000	1	1
159	Temple of Uggalepih	Granite Door	object:v1:159:17428951	266.245	110.001	-1.750	1701262202	124	Yhoator Jungle	59.996	81.988	-9.598	mission:Windurst:20:step-031	mesh-connected	33	1.341	0.000	1	1
159	Temple of Uggalepih	Granite Door	object:v1:159:17428951	266.245	110.001	-1.750	1734816634	124	Yhoator Jungle	-59.956	81.957	-9.725	mission:Windurst:20:step-031	mesh-no-path	1	327.501	0.000	1	1
159	Temple of Uggalepih	Granite Door	object:v1:159:17428951	266.245	110.001	-1.750	1768371066	124	Yhoator Jungle	238.951	179.998	-9.730	mission:Windurst:20:step-031	mesh-connected	15	1.530	0.000	1	1
159	Temple of Uggalepih	Granite Door	object:v1:159:17428951	266.245	110.001	-1.750	1801925498	124	Yhoator Jungle	198.942	300.020	-17.706	mission:Windurst:20:step-031	mesh-no-path	1	202.216	0.000	1	1
159	Temple of Uggalepih	Granite Door	object:v1:159:17428951	266.245	110.001	-1.750	812070010	160	Den of Rancor	432.013	216.472	5.353	mission:Windurst:20:step-031	mesh-no-path	1	197.143	0.000	1	1
159	Temple of Uggalepih	Granite Door	object:v1:159:17428951	266.245	110.001	-1.750	845624442	160	Den of Rancor	8.340	15.884	5.039	mission:Windurst:20:step-031	mesh-no-path	1	274.625	0.000	1	1
159	Temple of Uggalepih	Granite Door	object:v1:159:17428951	266.245	110.001	-1.750	879178874	160	Den of Rancor	-231.602	-103.515	5.049	mission:Windurst:20:step-031	mesh-no-path	1	541.744	0.000	1	1
159	Temple of Uggalepih	Granite Door	object:v1:159:17428951	266.245	110.001	-1.750	912733306	160	Den of Rancor	-16.737	31.905	5.220	mission:Windurst:20:step-031	mesh-no-path	1	293.643	0.000	1	1
159	Temple of Uggalepih	Granite Door	object:v1:159:17428951	266.245	110.001	-1.750	812266618	163	Sacrificial Chamber	-231.701	64.605	3.273	mission:Windurst:20:step-031	mesh-no-path	1	500.036	0.000	1	1
159	Temple of Uggalepih	Granite Door	object:v1:159:17428952	266.251	90.005	-1.750	1667707770	124	Yhoator Jungle	179.986	41.971	-9.694	mission:Windurst:20:step-031	mesh-connected	16	1.457	0.000	1	1
159	Temple of Uggalepih	Granite Door	object:v1:159:17428952	266.251	90.005	-1.750	1701262202	124	Yhoator Jungle	59.996	81.988	-9.598	mission:Windurst:20:step-031	mesh-connected	33	1.341	0.000	1	1
159	Temple of Uggalepih	Granite Door	object:v1:159:17428952	266.251	90.005	-1.750	1734816634	124	Yhoator Jungle	-59.956	81.957	-9.725	mission:Windurst:20:step-031	mesh-no-path	1	326.404	0.000	1	1
159	Temple of Uggalepih	Granite Door	object:v1:159:17428952	266.251	90.005	-1.750	1768371066	124	Yhoator Jungle	238.951	179.998	-9.730	mission:Windurst:20:step-031	mesh-connected	16	1.530	0.000	1	1
159	Temple of Uggalepih	Granite Door	object:v1:159:17428952	266.251	90.005	-1.750	1801925498	124	Yhoator Jungle	198.942	300.020	-17.706	mission:Windurst:20:step-031	mesh-no-path	1	221.114	0.000	1	1
159	Temple of Uggalepih	Granite Door	object:v1:159:17428952	266.251	90.005	-1.750	812070010	160	Den of Rancor	432.013	216.472	5.353	mission:Windurst:20:step-031	mesh-no-path	1	208.618	0.000	1	1
159	Temple of Uggalepih	Granite Door	object:v1:159:17428952	266.251	90.005	-1.750	845624442	160	Den of Rancor	8.340	15.884	5.039	mission:Windurst:20:step-031	mesh-no-path	1	268.436	0.000	1	1
159	Temple of Uggalepih	Granite Door	object:v1:159:17428952	266.251	90.005	-1.750	879178874	160	Den of Rancor	-231.602	-103.515	5.049	mission:Windurst:20:step-031	mesh-no-path	1	534.185	0.000	1	1
159	Temple of Uggalepih	Granite Door	object:v1:159:17428952	266.251	90.005	-1.750	912733306	160	Den of Rancor	-16.737	31.905	5.220	mission:Windurst:20:step-031	mesh-no-path	1	288.975	0.000	1	1
159	Temple of Uggalepih	Granite Door	object:v1:159:17428952	266.251	90.005	-1.750	812266618	163	Sacrificial Chamber	-231.701	64.605	3.273	mission:Windurst:20:step-031	mesh-no-path	1	498.625	0.000	1	1
159	Temple of Uggalepih	Granite Door	object:v1:159:17428953	133.752	-10.003	-1.750	1667707770	124	Yhoator Jungle	179.986	41.971	-9.694	mission:Windurst:20:step-031	mesh-connected	22	1.457	0.000	1	1
159	Temple of Uggalepih	Granite Door	object:v1:159:17428953	133.752	-10.003	-1.750	1701262202	124	Yhoator Jungle	59.996	81.988	-9.598	mission:Windurst:20:step-031	mesh-connected	18	1.341	0.000	1	1
159	Temple of Uggalepih	Granite Door	object:v1:159:17428953	133.752	-10.003	-1.750	1734816634	124	Yhoator Jungle	-59.956	81.957	-9.725	mission:Windurst:20:step-031	mesh-no-path	1	214.576	0.000	1	1
159	Temple of Uggalepih	Granite Door	object:v1:159:17428953	133.752	-10.003	-1.750	1768371066	124	Yhoator Jungle	238.951	179.998	-9.730	mission:Windurst:20:step-031	mesh-connected	33	1.530	0.000	1	1
159	Temple of Uggalepih	Granite Door	object:v1:159:17428953	133.752	-10.003	-1.750	1801925498	124	Yhoator Jungle	198.942	300.020	-17.706	mission:Windurst:20:step-031	mesh-no-path	1	317.204	0.000	1	1
159	Temple of Uggalepih	Granite Door	object:v1:159:17428953	133.752	-10.003	-1.750	812070010	160	Den of Rancor	432.013	216.472	5.353	mission:Windurst:20:step-031	mesh-no-path	1	374.568	0.000	1	1
159	Temple of Uggalepih	Granite Door	object:v1:159:17428953	133.752	-10.003	-1.750	845624442	160	Den of Rancor	8.340	15.884	5.039	mission:Windurst:20:step-031	mesh-no-path	1	128.236	0.000	1	1
159	Temple of Uggalepih	Granite Door	object:v1:159:17428953	133.752	-10.003	-1.750	879178874	160	Den of Rancor	-231.602	-103.515	5.049	mission:Windurst:20:step-031	mesh-no-path	1	377.193	0.000	1	1
159	Temple of Uggalepih	Granite Door	object:v1:159:17428953	133.752	-10.003	-1.750	912733306	160	Den of Rancor	-16.737	31.905	5.220	mission:Windurst:20:step-031	mesh-no-path	1	156.371	0.000	1	1
159	Temple of Uggalepih	Granite Door	object:v1:159:17428953	133.752	-10.003	-1.750	812266618	163	Sacrificial Chamber	-231.701	64.605	3.273	mission:Windurst:20:step-031	mesh-no-path	1	373.025	0.000	1	1
159	Temple of Uggalepih	Granite Door	object:v1:159:17428954	133.741	-29.998	-1.750	1667707770	124	Yhoator Jungle	179.986	41.971	-9.694	mission:Windurst:20:step-031	mesh-connected	20	1.457	0.000	1	1
159	Temple of Uggalepih	Granite Door	object:v1:159:17428954	133.741	-29.998	-1.750	1701262202	124	Yhoator Jungle	59.996	81.988	-9.598	mission:Windurst:20:step-031	mesh-connected	18	1.341	0.000	1	1
159	Temple of Uggalepih	Granite Door	object:v1:159:17428954	133.741	-29.998	-1.750	1734816634	124	Yhoator Jungle	-59.956	81.957	-9.725	mission:Windurst:20:step-031	mesh-no-path	1	223.866	0.000	1	1
159	Temple of Uggalepih	Granite Door	object:v1:159:17428954	133.741	-29.998	-1.750	1768371066	124	Yhoator Jungle	238.951	179.998	-9.730	mission:Windurst:20:step-031	mesh-connected	32	1.530	0.000	1	1
159	Temple of Uggalepih	Granite Door	object:v1:159:17428954	133.741	-29.998	-1.750	1801925498	124	Yhoator Jungle	198.942	300.020	-17.706	mission:Windurst:20:step-031	mesh-no-path	1	336.775	0.000	1	1
159	Temple of Uggalepih	Granite Door	object:v1:159:17428954	133.741	-29.998	-1.750	812070010	160	Den of Rancor	432.013	216.472	5.353	mission:Windurst:20:step-031	mesh-no-path	1	386.994	0.000	1	1
159	Temple of Uggalepih	Granite Door	object:v1:159:17428954	133.741	-29.998	-1.750	845624442	160	Den of Rancor	8.340	15.884	5.039	mission:Windurst:20:step-031	mesh-no-path	1	133.704	0.000	1	1
159	Temple of Uggalepih	Granite Door	object:v1:159:17428954	133.741	-29.998	-1.750	879178874	160	Den of Rancor	-231.602	-103.515	5.049	mission:Windurst:20:step-031	mesh-no-path	1	372.728	0.000	1	1
159	Temple of Uggalepih	Granite Door	object:v1:159:17428954	133.741	-29.998	-1.750	912733306	160	Den of Rancor	-16.737	31.905	5.220	mission:Windurst:20:step-031	mesh-no-path	1	162.862	0.000	1	1
159	Temple of Uggalepih	Granite Door	object:v1:159:17428954	133.741	-29.998	-1.750	812266618	163	Sacrificial Chamber	-231.701	64.605	3.273	mission:Windurst:20:step-031	mesh-no-path	1	377.522	0.000	1	1
159	Temple of Uggalepih	Granite Door	object:v1:159:17428955	133.750	-89.999	-1.750	1667707770	124	Yhoator Jungle	179.986	41.971	-9.694	mission:Windurst:20:step-031	mesh-connected	20	1.457	0.000	1	1
159	Temple of Uggalepih	Granite Door	object:v1:159:17428955	133.750	-89.999	-1.750	1701262202	124	Yhoator Jungle	59.996	81.988	-9.598	mission:Windurst:20:step-031	mesh-connected	18	1.341	0.000	1	1
159	Temple of Uggalepih	Granite Door	object:v1:159:17428955	133.750	-89.999	-1.750	1734816634	124	Yhoator Jungle	-59.956	81.957	-9.725	mission:Windurst:20:step-031	mesh-no-path	1	259.142	0.000	1	1
159	Temple of Uggalepih	Granite Door	object:v1:159:17428955	133.750	-89.999	-1.750	1768371066	124	Yhoator Jungle	238.951	179.998	-9.730	mission:Windurst:20:step-031	mesh-connected	32	1.530	0.000	1	1
159	Temple of Uggalepih	Granite Door	object:v1:159:17428955	133.750	-89.999	-1.750	1801925498	124	Yhoator Jungle	198.942	300.020	-17.706	mission:Windurst:20:step-031	mesh-no-path	1	395.752	0.000	1	1
159	Temple of Uggalepih	Granite Door	object:v1:159:17428955	133.750	-89.999	-1.750	812070010	160	Den of Rancor	432.013	216.472	5.353	mission:Windurst:20:step-031	mesh-no-path	1	427.710	0.000	1	1
159	Temple of Uggalepih	Granite Door	object:v1:159:17428955	133.750	-89.999	-1.750	845624442	160	Den of Rancor	8.340	15.884	5.039	mission:Windurst:20:step-031	mesh-no-path	1	164.271	0.000	1	1
159	Temple of Uggalepih	Granite Door	object:v1:159:17428955	133.750	-89.999	-1.750	879178874	160	Den of Rancor	-231.602	-103.515	5.049	mission:Windurst:20:step-031	mesh-no-path	1	365.665	0.000	1	1
159	Temple of Uggalepih	Granite Door	object:v1:159:17428955	133.750	-89.999	-1.750	912733306	160	Den of Rancor	-16.737	31.905	5.220	mission:Windurst:20:step-031	mesh-no-path	1	193.792	0.000	1	1
159	Temple of Uggalepih	Granite Door	object:v1:159:17428955	133.750	-89.999	-1.750	812266618	163	Sacrificial Chamber	-231.701	64.605	3.273	mission:Windurst:20:step-031	mesh-no-path	1	396.840	0.000	1	1
159	Temple of Uggalepih	Granite Door	object:v1:159:17428956	133.738	-110.001	-1.750	1667707770	124	Yhoator Jungle	179.986	41.971	-9.694	mission:Windurst:20:step-031	mesh-connected	22	1.457	0.000	1	1
159	Temple of Uggalepih	Granite Door	object:v1:159:17428956	133.738	-110.001	-1.750	1701262202	124	Yhoator Jungle	59.996	81.988	-9.598	mission:Windurst:20:step-031	mesh-connected	18	1.341	0.000	1	1
159	Temple of Uggalepih	Granite Door	object:v1:159:17428956	133.738	-110.001	-1.750	1734816634	124	Yhoator Jungle	-59.956	81.957	-9.725	mission:Windurst:20:step-031	mesh-no-path	1	272.817	0.000	1	1
159	Temple of Uggalepih	Granite Door	object:v1:159:17428956	133.738	-110.001	-1.750	1768371066	124	Yhoator Jungle	238.951	179.998	-9.730	mission:Windurst:20:step-031	mesh-connected	34	1.530	0.000	1	1
159	Temple of Uggalepih	Granite Door	object:v1:159:17428956	133.738	-110.001	-1.750	1801925498	124	Yhoator Jungle	198.942	300.020	-17.706	mission:Windurst:20:step-031	mesh-no-path	1	415.480	0.000	1	1
159	Temple of Uggalepih	Granite Door	object:v1:159:17428956	133.738	-110.001	-1.750	812070010	160	Den of Rancor	432.013	216.472	5.353	mission:Windurst:20:step-031	mesh-no-path	1	442.270	0.000	1	1
159	Temple of Uggalepih	Granite Door	object:v1:159:17428956	133.738	-110.001	-1.750	845624442	160	Den of Rancor	8.340	15.884	5.039	mission:Windurst:20:step-031	mesh-no-path	1	177.814	0.000	1	1
159	Temple of Uggalepih	Granite Door	object:v1:159:17428956	133.738	-110.001	-1.750	879178874	160	Den of Rancor	-231.602	-103.515	5.049	mission:Windurst:20:step-031	mesh-no-path	1	365.461	0.000	1	1
159	Temple of Uggalepih	Granite Door	object:v1:159:17428956	133.738	-110.001	-1.750	912733306	160	Den of Rancor	-16.737	31.905	5.220	mission:Windurst:20:step-031	mesh-no-path	1	206.951	0.000	1	1
159	Temple of Uggalepih	Granite Door	object:v1:159:17428956	133.738	-110.001	-1.750	812266618	163	Sacrificial Chamber	-231.701	64.605	3.273	mission:Windurst:20:step-031	mesh-no-path	1	405.041	0.000	1	1
159	Temple of Uggalepih	Granite Door	object:v1:159:17428957	109.998	-133.749	-1.750	1667707770	124	Yhoator Jungle	179.986	41.971	-9.694	mission:Windurst:20:step-031	mesh-connected	24	1.457	0.000	1	1
159	Temple of Uggalepih	Granite Door	object:v1:159:17428957	109.998	-133.749	-1.750	1701262202	124	Yhoator Jungle	59.996	81.988	-9.598	mission:Windurst:20:step-031	mesh-connected	20	1.341	0.000	1	1
159	Temple of Uggalepih	Granite Door	object:v1:159:17428957	109.998	-133.749	-1.750	1734816634	124	Yhoator Jungle	-59.956	81.957	-9.725	mission:Windurst:20:step-031	mesh-no-path	1	274.731	0.000	1	1
159	Temple of Uggalepih	Granite Door	object:v1:159:17428957	109.998	-133.749	-1.750	1768371066	124	Yhoator Jungle	238.951	179.998	-9.730	mission:Windurst:20:step-031	mesh-connected	36	1.530	0.000	1	1
159	Temple of Uggalepih	Granite Door	object:v1:159:17428957	109.998	-133.749	-1.750	1801925498	124	Yhoator Jungle	198.942	300.020	-17.706	mission:Windurst:20:step-031	mesh-no-path	1	443.081	0.000	1	1
159	Temple of Uggalepih	Granite Door	object:v1:159:17428957	109.998	-133.749	-1.750	812070010	160	Den of Rancor	432.013	216.472	5.353	mission:Windurst:20:step-031	mesh-no-path	1	475.814	0.000	1	1
159	Temple of Uggalepih	Granite Door	object:v1:159:17428957	109.998	-133.749	-1.750	845624442	160	Den of Rancor	8.340	15.884	5.039	mission:Windurst:20:step-031	mesh-no-path	1	181.026	0.000	1	1
159	Temple of Uggalepih	Granite Door	object:v1:159:17428957	109.998	-133.749	-1.750	879178874	160	Den of Rancor	-231.602	-103.515	5.049	mission:Windurst:20:step-031	mesh-no-path	1	343.003	0.000	1	1
159	Temple of Uggalepih	Granite Door	object:v1:159:17428957	109.998	-133.749	-1.750	912733306	160	Den of Rancor	-16.737	31.905	5.220	mission:Windurst:20:step-031	mesh-no-path	1	208.690	0.000	1	1
159	Temple of Uggalepih	Granite Door	object:v1:159:17428957	109.998	-133.749	-1.750	812266618	163	Sacrificial Chamber	-231.701	64.605	3.273	mission:Windurst:20:step-031	mesh-no-path	1	395.130	0.000	1	1
159	Temple of Uggalepih	Granite Door	object:v1:159:17428958	89.998	-133.739	-1.750	1667707770	124	Yhoator Jungle	179.986	41.971	-9.694	mission:Windurst:20:step-031	mesh-connected	25	1.457	0.000	1	1
159	Temple of Uggalepih	Granite Door	object:v1:159:17428958	89.998	-133.739	-1.750	1701262202	124	Yhoator Jungle	59.996	81.988	-9.598	mission:Windurst:20:step-031	mesh-connected	21	1.341	0.000	1	1
159	Temple of Uggalepih	Granite Door	object:v1:159:17428958	89.998	-133.739	-1.750	1734816634	124	Yhoator Jungle	-59.956	81.957	-9.725	mission:Windurst:20:step-031	mesh-no-path	1	262.820	0.000	1	1
159	Temple of Uggalepih	Granite Door	object:v1:159:17428958	89.998	-133.739	-1.750	1768371066	124	Yhoator Jungle	238.951	179.998	-9.730	mission:Windurst:20:step-031	mesh-connected	37	1.530	0.000	1	1
159	Temple of Uggalepih	Granite Door	object:v1:159:17428958	89.998	-133.739	-1.750	1801925498	124	Yhoator Jungle	198.942	300.020	-17.706	mission:Windurst:20:step-031	mesh-no-path	1	447.516	0.000	1	1
159	Temple of Uggalepih	Granite Door	object:v1:159:17428958	89.998	-133.739	-1.750	812070010	160	Den of Rancor	432.013	216.472	5.353	mission:Windurst:20:step-031	mesh-no-path	1	489.564	0.000	1	1
159	Temple of Uggalepih	Granite Door	object:v1:159:17428958	89.998	-133.739	-1.750	845624442	160	Den of Rancor	8.340	15.884	5.039	mission:Windurst:20:step-031	mesh-no-path	1	170.591	0.000	1	1
159	Temple of Uggalepih	Granite Door	object:v1:159:17428958	89.998	-133.739	-1.750	879178874	160	Den of Rancor	-231.602	-103.515	5.049	mission:Windurst:20:step-031	mesh-no-path	1	323.089	0.000	1	1
159	Temple of Uggalepih	Granite Door	object:v1:159:17428958	89.998	-133.739	-1.750	912733306	160	Den of Rancor	-16.737	31.905	5.220	mission:Windurst:20:step-031	mesh-no-path	1	197.177	0.000	1	1
159	Temple of Uggalepih	Granite Door	object:v1:159:17428958	89.998	-133.739	-1.750	812266618	163	Sacrificial Chamber	-231.701	64.605	3.273	mission:Windurst:20:step-031	mesh-no-path	1	377.963	0.000	1	1
159	Temple of Uggalepih	Granite Door	object:v1:159:17428959	-130.001	26.250	-1.750	1667707770	124	Yhoator Jungle	179.986	41.971	-9.694	mission:Windurst:20:step-031	mesh-no-path	1	310.487	0.000	1	1
159	Temple of Uggalepih	Granite Door	object:v1:159:17428959	-130.001	26.250	-1.750	1701262202	124	Yhoator Jungle	59.996	81.988	-9.598	mission:Windurst:20:step-031	mesh-no-path	1	198.159	0.000	1	1
159	Temple of Uggalepih	Granite Door	object:v1:159:17428959	-130.001	26.250	-1.750	1734816634	124	Yhoator Jungle	-59.956	81.957	-9.725	mission:Windurst:20:step-031	mesh-connected	13	1.266	0.000	1	1
159	Temple of Uggalepih	Granite Door	object:v1:159:17428959	-130.001	26.250	-1.750	1768371066	124	Yhoator Jungle	238.951	179.998	-9.730	mission:Windurst:20:step-031	mesh-no-path	1	399.785	0.000	1	1
159	Temple of Uggalepih	Granite Door	object:v1:159:17428959	-130.001	26.250	-1.750	1801925498	124	Yhoator Jungle	198.942	300.020	-17.706	mission:Windurst:20:step-031	mesh-no-path	1	428.262	0.000	1	1
159	Temple of Uggalepih	Granite Door	object:v1:159:17428959	-130.001	26.250	-1.750	812070010	160	Den of Rancor	432.013	216.472	5.353	mission:Windurst:20:step-031	mesh-no-path	1	593.376	0.000	1	1
159	Temple of Uggalepih	Granite Door	object:v1:159:17428959	-130.001	26.250	-1.750	845624442	160	Den of Rancor	8.340	15.884	5.039	mission:Windurst:20:step-031	mesh-no-path	1	138.895	0.000	1	1
159	Temple of Uggalepih	Granite Door	object:v1:159:17428959	-130.001	26.250	-1.750	879178874	160	Den of Rancor	-231.602	-103.515	5.049	mission:Windurst:20:step-031	mesh-no-path	1	164.948	0.000	1	1
159	Temple of Uggalepih	Granite Door	object:v1:159:17428959	-130.001	26.250	-1.750	912733306	160	Den of Rancor	-16.737	31.905	5.220	mission:Windurst:20:step-031	mesh-connected	39	1.847	0.000	1	1
159	Temple of Uggalepih	Granite Door	object:v1:159:17428959	-130.001	26.250	-1.750	812266618	163	Sacrificial Chamber	-231.701	64.605	3.273	mission:Windurst:20:step-031	mesh-no-path	1	108.808	0.000	1	1
159	Temple of Uggalepih	Granite Door	object:v1:159:17428960	-129.999	13.734	-1.750	1667707770	124	Yhoator Jungle	179.986	41.971	-9.694	mission:Windurst:20:step-031	mesh-no-path	1	311.370	0.000	1	1
159	Temple of Uggalepih	Granite Door	object:v1:159:17428960	-129.999	13.734	-1.750	1701262202	124	Yhoator Jungle	59.996	81.988	-9.598	mission:Windurst:20:step-031	mesh-no-path	1	202.035	0.000	1	1
159	Temple of Uggalepih	Granite Door	object:v1:159:17428960	-129.999	13.734	-1.750	1734816634	124	Yhoator Jungle	-59.956	81.957	-9.725	mission:Windurst:20:step-031	mesh-connected	13	1.266	0.000	1	1
159	Temple of Uggalepih	Granite Door	object:v1:159:17428960	-129.999	13.734	-1.750	1768371066	124	Yhoator Jungle	238.951	179.998	-9.730	mission:Windurst:20:step-031	mesh-no-path	1	404.761	0.000	1	1
159	Temple of Uggalepih	Granite Door	object:v1:159:17428960	-129.999	13.734	-1.750	1801925498	124	Yhoator Jungle	198.942	300.020	-17.706	mission:Windurst:20:step-031	mesh-no-path	1	436.367	0.000	1	1
159	Temple of Uggalepih	Granite Door	object:v1:159:17428960	-129.999	13.734	-1.750	812070010	160	Den of Rancor	432.013	216.472	5.353	mission:Windurst:20:step-031	mesh-no-path	1	597.504	0.000	1	1
159	Temple of Uggalepih	Granite Door	object:v1:159:17428960	-129.999	13.734	-1.750	845624442	160	Den of Rancor	8.340	15.884	5.039	mission:Windurst:20:step-031	mesh-no-path	1	138.522	0.000	1	1
159	Temple of Uggalepih	Granite Door	object:v1:159:17428960	-129.999	13.734	-1.750	879178874	160	Den of Rancor	-231.602	-103.515	5.049	mission:Windurst:20:step-031	mesh-no-path	1	155.296	0.000	1	1
159	Temple of Uggalepih	Granite Door	object:v1:159:17428960	-129.999	13.734	-1.750	912733306	160	Den of Rancor	-16.737	31.905	5.220	mission:Windurst:20:step-031	mesh-connected	41	1.847	0.000	1	1
159	Temple of Uggalepih	Granite Door	object:v1:159:17428960	-129.999	13.734	-1.750	812266618	163	Sacrificial Chamber	-231.701	64.605	3.273	mission:Windurst:20:step-031	mesh-no-path	1	113.826	0.000	1	1
159	Temple of Uggalepih	Granite Door	object:v1:159:17428961	-150.000	26.273	-1.750	1667707770	124	Yhoator Jungle	179.986	41.971	-9.694	mission:Windurst:20:step-031	mesh-no-path	1	330.455	0.000	1	1
159	Temple of Uggalepih	Granite Door	object:v1:159:17428961	-150.000	26.273	-1.750	1701262202	124	Yhoator Jungle	59.996	81.988	-9.598	mission:Windurst:20:step-031	mesh-no-path	1	217.403	0.000	1	1
159	Temple of Uggalepih	Granite Door	object:v1:159:17428961	-150.000	26.273	-1.750	1734816634	124	Yhoator Jungle	-59.956	81.957	-9.725	mission:Windurst:20:step-031	mesh-connected	12	1.266	0.000	1	1
159	Temple of Uggalepih	Granite Door	object:v1:159:17428961	-150.000	26.273	-1.750	1768371066	124	Yhoator Jungle	238.951	179.998	-9.730	mission:Windurst:20:step-031	mesh-no-path	1	418.304	0.000	1	1
159	Temple of Uggalepih	Granite Door	object:v1:159:17428961	-150.000	26.273	-1.750	1801925498	124	Yhoator Jungle	198.942	300.020	-17.706	mission:Windurst:20:step-031	mesh-no-path	1	443.793	0.000	1	1
159	Temple of Uggalepih	Granite Door	object:v1:159:17428961	-150.000	26.273	-1.750	812070010	160	Den of Rancor	432.013	216.472	5.353	mission:Windurst:20:step-031	mesh-no-path	1	612.344	0.000	1	1
159	Temple of Uggalepih	Granite Door	object:v1:159:17428961	-150.000	26.273	-1.750	845624442	160	Den of Rancor	8.340	15.884	5.039	mission:Windurst:20:step-031	mesh-no-path	1	158.826	0.000	1	1
159	Temple of Uggalepih	Granite Door	object:v1:159:17428961	-150.000	26.273	-1.750	879178874	160	Den of Rancor	-231.602	-103.515	5.049	mission:Windurst:20:step-031	mesh-no-path	1	153.460	0.000	1	1
159	Temple of Uggalepih	Granite Door	object:v1:159:17428961	-150.000	26.273	-1.750	912733306	160	Den of Rancor	-16.737	31.905	5.220	mission:Windurst:20:step-031	mesh-connected	38	1.847	0.000	1	1
159	Temple of Uggalepih	Granite Door	object:v1:159:17428961	-150.000	26.273	-1.750	812266618	163	Sacrificial Chamber	-231.701	64.605	3.273	mission:Windurst:20:step-031	mesh-no-path	1	90.386	0.000	1	1
159	Temple of Uggalepih	Granite Door	object:v1:159:17428962	-150.000	13.761	-1.750	1667707770	124	Yhoator Jungle	179.986	41.971	-9.694	mission:Windurst:20:step-031	mesh-no-path	1	331.285	0.000	1	1
159	Temple of Uggalepih	Granite Door	object:v1:159:17428962	-150.000	13.761	-1.750	1701262202	124	Yhoator Jungle	59.996	81.988	-9.598	mission:Windurst:20:step-031	mesh-no-path	1	220.941	0.000	1	1
159	Temple of Uggalepih	Granite Door	object:v1:159:17428962	-150.000	13.761	-1.750	1734816634	124	Yhoator Jungle	-59.956	81.957	-9.725	mission:Windurst:20:step-031	mesh-connected	12	1.266	0.000	1	1
159	Temple of Uggalepih	Granite Door	object:v1:159:17428962	-150.000	13.761	-1.750	1768371066	124	Yhoator Jungle	238.951	179.998	-9.730	mission:Windurst:20:step-031	mesh-no-path	1	423.062	0.000	1	1
159	Temple of Uggalepih	Granite Door	object:v1:159:17428962	-150.000	13.761	-1.750	1801925498	124	Yhoator Jungle	198.942	300.020	-17.706	mission:Windurst:20:step-031	mesh-no-path	1	451.619	0.000	1	1
159	Temple of Uggalepih	Granite Door	object:v1:159:17428962	-150.000	13.761	-1.750	812070010	160	Den of Rancor	432.013	216.472	5.353	mission:Windurst:20:step-031	mesh-no-path	1	616.345	0.000	1	1
159	Temple of Uggalepih	Granite Door	object:v1:159:17428962	-150.000	13.761	-1.750	845624442	160	Den of Rancor	8.340	15.884	5.039	mission:Windurst:20:step-031	mesh-no-path	1	158.500	0.000	1	1
159	Temple of Uggalepih	Granite Door	object:v1:159:17428962	-150.000	13.761	-1.750	879178874	160	Den of Rancor	-231.602	-103.515	5.049	mission:Windurst:20:step-031	mesh-no-path	1	143.034	0.000	1	1
159	Temple of Uggalepih	Granite Door	object:v1:159:17428962	-150.000	13.761	-1.750	912733306	160	Den of Rancor	-16.737	31.905	5.220	mission:Windurst:20:step-031	mesh-connected	40	1.847	0.000	1	1
159	Temple of Uggalepih	Granite Door	object:v1:159:17428962	-150.000	13.761	-1.750	812266618	163	Sacrificial Chamber	-231.701	64.605	3.273	mission:Windurst:20:step-031	mesh-no-path	1	96.361	0.000	1	1
159	Temple of Uggalepih	Granite Door	object:v1:159:17428963	-130.002	-53.744	-1.750	1667707770	124	Yhoator Jungle	179.986	41.971	-9.694	mission:Windurst:20:step-031	mesh-no-path	1	324.526	0.000	1	1
159	Temple of Uggalepih	Granite Door	object:v1:159:17428963	-130.002	-53.744	-1.750	1701262202	124	Yhoator Jungle	59.996	81.988	-9.598	mission:Windurst:20:step-031	mesh-no-path	1	233.632	0.000	1	1
159	Temple of Uggalepih	Granite Door	object:v1:159:17428963	-130.002	-53.744	-1.750	1734816634	124	Yhoator Jungle	-59.956	81.957	-9.725	mission:Windurst:20:step-031	mesh-connected	20	1.266	0.000	1	1
159	Temple of Uggalepih	Granite Door	object:v1:159:17428963	-130.002	-53.744	-1.750	1768371066	124	Yhoator Jungle	238.951	179.998	-9.730	mission:Windurst:20:step-031	mesh-no-path	1	436.836	0.000	1	1
159	Temple of Uggalepih	Granite Door	object:v1:159:17428963	-130.002	-53.744	-1.750	1801925498	124	Yhoator Jungle	198.942	300.020	-17.706	mission:Windurst:20:step-031	mesh-no-path	1	483.330	0.000	1	1
159	Temple of Uggalepih	Granite Door	object:v1:159:17428963	-130.002	-53.744	-1.750	812070010	160	Den of Rancor	432.013	216.472	5.353	mission:Windurst:20:step-031	mesh-no-path	1	623.641	0.000	1	1
159	Temple of Uggalepih	Granite Door	object:v1:159:17428963	-130.002	-53.744	-1.750	845624442	160	Den of Rancor	8.340	15.884	5.039	mission:Windurst:20:step-031	mesh-no-path	1	155.025	0.000	1	1
159	Temple of Uggalepih	Granite Door	object:v1:159:17428963	-130.002	-53.744	-1.750	879178874	160	Den of Rancor	-231.602	-103.515	5.049	mission:Windurst:20:step-031	mesh-no-path	1	113.340	0.000	1	1
159	Temple of Uggalepih	Granite Door	object:v1:159:17428963	-130.002	-53.744	-1.750	912733306	160	Den of Rancor	-16.737	31.905	5.220	mission:Windurst:20:step-031	mesh-connected	29	1.847	0.000	1	1
159	Temple of Uggalepih	Granite Door	object:v1:159:17428963	-130.002	-53.744	-1.750	812266618	163	Sacrificial Chamber	-231.701	64.605	3.273	mission:Windurst:20:step-031	mesh-no-path	1	156.123	0.000	1	1
159	Temple of Uggalepih	Granite Door	object:v1:159:17428964	-130.000	-66.298	-1.750	1667707770	124	Yhoator Jungle	179.986	41.971	-9.694	mission:Windurst:20:step-031	mesh-no-path	1	328.446	0.000	1	1
159	Temple of Uggalepih	Granite Door	object:v1:159:17428964	-130.000	-66.298	-1.750	1701262202	124	Yhoator Jungle	59.996	81.988	-9.598	mission:Windurst:20:step-031	mesh-no-path	1	241.141	0.000	1	1
159	Temple of Uggalepih	Granite Door	object:v1:159:17428964	-130.000	-66.298	-1.750	1734816634	124	Yhoator Jungle	-59.956	81.957	-9.725	mission:Windurst:20:step-031	mesh-connected	20	1.266	0.000	1	1
159	Temple of Uggalepih	Granite Door	object:v1:159:17428964	-130.000	-66.298	-1.750	1768371066	124	Yhoator Jungle	238.951	179.998	-9.730	mission:Windurst:20:step-031	mesh-no-path	1	443.678	0.000	1	1
159	Temple of Uggalepih	Granite Door	object:v1:159:17428964	-130.000	-66.298	-1.750	1801925498	124	Yhoator Jungle	198.942	300.020	-17.706	mission:Windurst:20:step-031	mesh-no-path	1	492.591	0.000	1	1
159	Temple of Uggalepih	Granite Door	object:v1:159:17428964	-130.000	-66.298	-1.750	812070010	160	Den of Rancor	432.013	216.472	5.353	mission:Windurst:20:step-031	mesh-no-path	1	629.180	0.000	1	1
159	Temple of Uggalepih	Granite Door	object:v1:159:17428964	-130.000	-66.298	-1.750	845624442	160	Den of Rancor	8.340	15.884	5.039	mission:Windurst:20:step-031	mesh-no-path	1	161.053	0.000	1	1
159	Temple of Uggalepih	Granite Door	object:v1:159:17428964	-130.000	-66.298	-1.750	879178874	160	Den of Rancor	-231.602	-103.515	5.049	mission:Windurst:20:step-031	mesh-no-path	1	108.417	0.000	1	1
159	Temple of Uggalepih	Granite Door	object:v1:159:17428964	-130.000	-66.298	-1.750	912733306	160	Den of Rancor	-16.737	31.905	5.220	mission:Windurst:20:step-031	mesh-connected	32	1.847	0.000	1	1
159	Temple of Uggalepih	Granite Door	object:v1:159:17428964	-130.000	-66.298	-1.750	812266618	163	Sacrificial Chamber	-231.701	64.605	3.273	mission:Windurst:20:step-031	mesh-no-path	1	165.843	0.000	1	1
159	Temple of Uggalepih	Granite Door	object:v1:159:17428965	-150.002	-53.759	-1.750	1667707770	124	Yhoator Jungle	179.986	41.971	-9.694	mission:Windurst:20:step-031	mesh-no-path	1	343.685	0.000	1	1
159	Temple of Uggalepih	Granite Door	object:v1:159:17428965	-150.002	-53.759	-1.750	1701262202	124	Yhoator Jungle	59.996	81.988	-9.598	mission:Windurst:20:step-031	mesh-no-path	1	250.176	0.000	1	1
159	Temple of Uggalepih	Granite Door	object:v1:159:17428965	-150.002	-53.759	-1.750	1734816634	124	Yhoator Jungle	-59.956	81.957	-9.725	mission:Windurst:20:step-031	mesh-connected	20	1.266	0.000	1	1
159	Temple of Uggalepih	Granite Door	object:v1:159:17428965	-150.002	-53.759	-1.750	1768371066	124	Yhoator Jungle	238.951	179.998	-9.730	mission:Windurst:20:step-031	mesh-no-path	1	453.862	0.000	1	1
159	Temple of Uggalepih	Granite Door	object:v1:159:17428965	-150.002	-53.759	-1.750	1801925498	124	Yhoator Jungle	198.942	300.020	-17.706	mission:Windurst:20:step-031	mesh-no-path	1	497.168	0.000	1	1
159	Temple of Uggalepih	Granite Door	object:v1:159:17428965	-150.002	-53.759	-1.750	812070010	160	Den of Rancor	432.013	216.472	5.353	mission:Windurst:20:step-031	mesh-no-path	1	641.729	0.000	1	1
159	Temple of Uggalepih	Granite Door	object:v1:159:17428965	-150.002	-53.759	-1.750	845624442	160	Den of Rancor	8.340	15.884	5.039	mission:Windurst:20:step-031	mesh-no-path	1	173.114	0.000	1	1
159	Temple of Uggalepih	Granite Door	object:v1:159:17428965	-150.002	-53.759	-1.750	879178874	160	Den of Rancor	-231.602	-103.515	5.049	mission:Windurst:20:step-031	mesh-no-path	1	95.815	0.000	1	1
159	Temple of Uggalepih	Granite Door	object:v1:159:17428965	-150.002	-53.759	-1.750	912733306	160	Den of Rancor	-16.737	31.905	5.220	mission:Windurst:20:step-031	mesh-connected	29	1.847	0.000	1	1
159	Temple of Uggalepih	Granite Door	object:v1:159:17428965	-150.002	-53.759	-1.750	812266618	163	Sacrificial Chamber	-231.701	64.605	3.273	mission:Windurst:20:step-031	mesh-no-path	1	143.910	0.000	1	1
159	Temple of Uggalepih	Granite Door	object:v1:159:17428966	-150.002	-66.271	-1.750	1667707770	124	Yhoator Jungle	179.986	41.971	-9.694	mission:Windurst:20:step-031	mesh-no-path	1	347.378	0.000	1	1
159	Temple of Uggalepih	Granite Door	object:v1:159:17428966	-150.002	-66.271	-1.750	1701262202	124	Yhoator Jungle	59.996	81.988	-9.598	mission:Windurst:20:step-031	mesh-no-path	1	257.180	0.000	1	1
159	Temple of Uggalepih	Granite Door	object:v1:159:17428966	-150.002	-66.271	-1.750	1734816634	124	Yhoator Jungle	-59.956	81.957	-9.725	mission:Windurst:20:step-031	mesh-connected	20	1.266	0.000	1	1
159	Temple of Uggalepih	Granite Door	object:v1:159:17428966	-150.002	-66.271	-1.750	1768371066	124	Yhoator Jungle	238.951	179.998	-9.730	mission:Windurst:20:step-031	mesh-no-path	1	460.431	0.000	1	1
159	Temple of Uggalepih	Granite Door	object:v1:159:17428966	-150.002	-66.271	-1.750	1801925498	124	Yhoator Jungle	198.942	300.020	-17.706	mission:Windurst:20:step-031	mesh-no-path	1	506.148	0.000	1	1
159	Temple of Uggalepih	Granite Door	object:v1:159:17428966	-150.002	-66.271	-1.750	812070010	160	Den of Rancor	432.013	216.472	5.353	mission:Windurst:20:step-031	mesh-no-path	1	647.098	0.000	1	1
159	Temple of Uggalepih	Granite Door	object:v1:159:17428966	-150.002	-66.271	-1.750	845624442	160	Den of Rancor	8.340	15.884	5.039	mission:Windurst:20:step-031	mesh-no-path	1	178.515	0.000	1	1
159	Temple of Uggalepih	Granite Door	object:v1:159:17428966	-150.002	-66.271	-1.750	879178874	160	Den of Rancor	-231.602	-103.515	5.049	mission:Windurst:20:step-031	mesh-no-path	1	89.955	0.000	1	1
159	Temple of Uggalepih	Granite Door	object:v1:159:17428966	-150.002	-66.271	-1.750	912733306	160	Den of Rancor	-16.737	31.905	5.220	mission:Windurst:20:step-031	mesh-connected	31	1.847	0.000	1	1
159	Temple of Uggalepih	Granite Door	object:v1:159:17428966	-150.002	-66.271	-1.750	812266618	163	Sacrificial Chamber	-231.701	64.605	3.273	mission:Windurst:20:step-031	mesh-no-path	1	154.365	0.000	1	1
159	Temple of Uggalepih	Granite Door	object:v1:159:17428967	-10.000	-146.259	-18.750	1667707770	124	Yhoator Jungle	179.986	41.971	-9.694	mission:Windurst:20:step-031	mesh-no-path	1	267.595	0.000	1	1
159	Temple of Uggalepih	Granite Door	object:v1:159:17428967	-10.000	-146.259	-18.750	1701262202	124	Yhoator Jungle	59.996	81.988	-9.598	mission:Windurst:20:step-031	mesh-no-path	1	238.914	0.000	1	1
159	Temple of Uggalepih	Granite Door	object:v1:159:17428967	-10.000	-146.259	-18.750	1734816634	124	Yhoator Jungle	-59.956	81.957	-9.725	mission:Windurst:20:step-031	mesh-connected	40	1.266	0.000	1	1
159	Temple of Uggalepih	Granite Door	object:v1:159:17428967	-10.000	-146.259	-18.750	1768371066	124	Yhoator Jungle	238.951	179.998	-9.730	mission:Windurst:20:step-031	mesh-no-path	1	410.489	0.000	1	1
159	Temple of Uggalepih	Granite Door	object:v1:159:17428967	-10.000	-146.259	-18.750	1801925498	124	Yhoator Jungle	198.942	300.020	-17.706	mission:Windurst:20:step-031	mesh-no-path	1	492.771	0.000	1	1
159	Temple of Uggalepih	Granite Door	object:v1:159:17428967	-10.000	-146.259	-18.750	812070010	160	Den of Rancor	432.013	216.472	5.353	mission:Windurst:20:step-031	mesh-no-path	1	572.303	0.000	1	1
159	Temple of Uggalepih	Granite Door	object:v1:159:17428967	-10.000	-146.259	-18.750	845624442	160	Den of Rancor	8.340	15.884	5.039	mission:Windurst:20:step-031	mesh-no-path	1	164.902	0.000	1	1
159	Temple of Uggalepih	Granite Door	object:v1:159:17428967	-10.000	-146.259	-18.750	879178874	160	Den of Rancor	-231.602	-103.515	5.049	mission:Windurst:20:step-031	mesh-no-path	1	226.938	0.000	1	1
159	Temple of Uggalepih	Granite Door	object:v1:159:17428967	-10.000	-146.259	-18.750	912733306	160	Den of Rancor	-16.737	31.905	5.220	mission:Windurst:20:step-031	mesh-connected	29	1.847	0.000	1	1
159	Temple of Uggalepih	Granite Door	object:v1:159:17428967	-10.000	-146.259	-18.750	812266618	163	Sacrificial Chamber	-231.701	64.605	3.273	mission:Windurst:20:step-031	mesh-no-path	1	306.757	0.000	1	1
159	Temple of Uggalepih	Granite Door	object:v1:159:17428968	-30.000	-146.259	-18.750	1667707770	124	Yhoator Jungle	179.986	41.971	-9.694	mission:Windurst:20:step-031	mesh-no-path	1	282.147	0.000	1	1
159	Temple of Uggalepih	Granite Door	object:v1:159:17428968	-30.000	-146.259	-18.750	1701262202	124	Yhoator Jungle	59.996	81.988	-9.598	mission:Windurst:20:step-031	mesh-no-path	1	245.519	0.000	1	1
159	Temple of Uggalepih	Granite Door	object:v1:159:17428968	-30.000	-146.259	-18.750	1734816634	124	Yhoator Jungle	-59.956	81.957	-9.725	mission:Windurst:20:step-031	mesh-connected	40	1.266	0.000	1	1
159	Temple of Uggalepih	Granite Door	object:v1:159:17428968	-30.000	-146.259	-18.750	1768371066	124	Yhoator Jungle	238.951	179.998	-9.730	mission:Windurst:20:step-031	mesh-no-path	1	422.918	0.000	1	1
159	Temple of Uggalepih	Granite Door	object:v1:159:17428968	-30.000	-146.259	-18.750	1801925498	124	Yhoator Jungle	198.942	300.020	-17.706	mission:Windurst:20:step-031	mesh-no-path	1	501.578	0.000	1	1
159	Temple of Uggalepih	Granite Door	object:v1:159:17428968	-30.000	-146.259	-18.750	812070010	160	Den of Rancor	432.013	216.472	5.353	mission:Windurst:20:step-031	mesh-no-path	1	587.887	0.000	1	1
159	Temple of Uggalepih	Granite Door	object:v1:159:17428968	-30.000	-146.259	-18.750	845624442	160	Den of Rancor	8.340	15.884	5.039	mission:Windurst:20:step-031	mesh-no-path	1	168.304	0.000	1	1
159	Temple of Uggalepih	Granite Door	object:v1:159:17428968	-30.000	-146.259	-18.750	879178874	160	Den of Rancor	-231.602	-103.515	5.049	mission:Windurst:20:step-031	mesh-no-path	1	207.453	0.000	1	1
159	Temple of Uggalepih	Granite Door	object:v1:159:17428968	-30.000	-146.259	-18.750	912733306	160	Den of Rancor	-16.737	31.905	5.220	mission:Windurst:20:step-031	mesh-connected	29	1.847	0.000	1	1
159	Temple of Uggalepih	Granite Door	object:v1:159:17428968	-30.000	-146.259	-18.750	812266618	163	Sacrificial Chamber	-231.701	64.605	3.273	mission:Windurst:20:step-031	mesh-no-path	1	292.629	0.000	1	1
159	Temple of Uggalepih	Granite Door	object:v1:159:17428969	-50.000	-146.259	-18.750	1667707770	124	Yhoator Jungle	179.986	41.971	-9.694	mission:Windurst:20:step-031	mesh-no-path	1	297.332	0.000	1	1
159	Temple of Uggalepih	Granite Door	object:v1:159:17428969	-50.000	-146.259	-18.750	1701262202	124	Yhoator Jungle	59.996	81.988	-9.598	mission:Windurst:20:step-031	mesh-no-path	1	253.534	0.000	1	1
159	Temple of Uggalepih	Granite Door	object:v1:159:17428969	-50.000	-146.259	-18.750	1734816634	124	Yhoator Jungle	-59.956	81.957	-9.725	mission:Windurst:20:step-031	mesh-connected	37	1.266	0.000	1	1
159	Temple of Uggalepih	Granite Door	object:v1:159:17428969	-50.000	-146.259	-18.750	1768371066	124	Yhoator Jungle	238.951	179.998	-9.730	mission:Windurst:20:step-031	mesh-no-path	1	435.910	0.000	1	1
159	Temple of Uggalepih	Granite Door	object:v1:159:17428969	-50.000	-146.259	-18.750	1801925498	124	Yhoator Jungle	198.942	300.020	-17.706	mission:Windurst:20:step-031	mesh-no-path	1	511.017	0.000	1	1
159	Temple of Uggalepih	Granite Door	object:v1:159:17428969	-50.000	-146.259	-18.750	812070010	160	Den of Rancor	432.013	216.472	5.353	mission:Windurst:20:step-031	mesh-no-path	1	603.731	0.000	1	1
159	Temple of Uggalepih	Granite Door	object:v1:159:17428969	-50.000	-146.259	-18.750	845624442	160	Den of Rancor	8.340	15.884	5.039	mission:Windurst:20:step-031	mesh-no-path	1	173.954	0.000	1	1
159	Temple of Uggalepih	Granite Door	object:v1:159:17428969	-50.000	-146.259	-18.750	879178874	160	Den of Rancor	-231.602	-103.515	5.049	mission:Windurst:20:step-031	mesh-no-path	1	188.076	0.000	1	1
159	Temple of Uggalepih	Granite Door	object:v1:159:17428969	-50.000	-146.259	-18.750	912733306	160	Den of Rancor	-16.737	31.905	5.220	mission:Windurst:20:step-031	mesh-connected	28	1.847	0.000	1	1
159	Temple of Uggalepih	Granite Door	object:v1:159:17428969	-50.000	-146.259	-18.750	812266618	163	Sacrificial Chamber	-231.701	64.605	3.273	mission:Windurst:20:step-031	mesh-no-path	1	279.220	0.000	1	1
159	Temple of Uggalepih	Granite Door	object:v1:159:17428970	-70.000	-146.259	-18.750	1667707770	124	Yhoator Jungle	179.986	41.971	-9.694	mission:Windurst:20:step-031	mesh-no-path	1	313.058	0.000	1	1
159	Temple of Uggalepih	Granite Door	object:v1:159:17428970	-70.000	-146.259	-18.750	1701262202	124	Yhoator Jungle	59.996	81.988	-9.598	mission:Windurst:20:step-031	mesh-no-path	1	262.830	0.000	1	1
159	Temple of Uggalepih	Granite Door	object:v1:159:17428970	-70.000	-146.259	-18.750	1734816634	124	Yhoator Jungle	-59.956	81.957	-9.725	mission:Windurst:20:step-031	mesh-connected	37	1.266	0.000	1	1
159	Temple of Uggalepih	Granite Door	object:v1:159:17428970	-70.000	-146.259	-18.750	1768371066	124	Yhoator Jungle	238.951	179.998	-9.730	mission:Windurst:20:step-031	mesh-no-path	1	449.417	0.000	1	1
159	Temple of Uggalepih	Granite Door	object:v1:159:17428970	-70.000	-146.259	-18.750	1801925498	124	Yhoator Jungle	198.942	300.020	-17.706	mission:Windurst:20:step-031	mesh-no-path	1	521.053	0.000	1	1
159	Temple of Uggalepih	Granite Door	object:v1:159:17428970	-70.000	-146.259	-18.750	812070010	160	Den of Rancor	432.013	216.472	5.353	mission:Windurst:20:step-031	mesh-no-path	1	619.816	0.000	1	1
159	Temple of Uggalepih	Granite Door	object:v1:159:17428970	-70.000	-146.259	-18.750	845624442	160	Den of Rancor	8.340	15.884	5.039	mission:Windurst:20:step-031	mesh-no-path	1	181.641	0.000	1	1
159	Temple of Uggalepih	Granite Door	object:v1:159:17428970	-70.000	-146.259	-18.750	879178874	160	Den of Rancor	-231.602	-103.515	5.049	mission:Windurst:20:step-031	mesh-no-path	1	168.845	0.000	1	1
159	Temple of Uggalepih	Granite Door	object:v1:159:17428970	-70.000	-146.259	-18.750	912733306	160	Den of Rancor	-16.737	31.905	5.220	mission:Windurst:20:step-031	mesh-connected	29	1.847	0.000	1	1
159	Temple of Uggalepih	Granite Door	object:v1:159:17428970	-70.000	-146.259	-18.750	812266618	163	Sacrificial Chamber	-231.701	64.605	3.273	mission:Windurst:20:step-031	mesh-no-path	1	266.638	0.000	1	1
159	Temple of Uggalepih	Granite Door	object:v1:159:17428971	220.000	31.000	-1.899	1667707770	124	Yhoator Jungle	179.986	41.971	-9.694	mission:Windurst:20:step-031	mesh-connected	9	1.457	0.000	1	1
159	Temple of Uggalepih	Granite Door	object:v1:159:17428971	220.000	31.000	-1.899	1701262202	124	Yhoator Jungle	59.996	81.988	-9.598	mission:Windurst:20:step-031	mesh-connected	25	1.341	0.000	1	1
159	Temple of Uggalepih	Granite Door	object:v1:159:17428971	220.000	31.000	-1.899	1734816634	124	Yhoator Jungle	-59.956	81.957	-9.725	mission:Windurst:20:step-031	mesh-no-path	1	284.663	0.000	1	1
159	Temple of Uggalepih	Granite Door	object:v1:159:17428971	220.000	31.000	-1.899	1768371066	124	Yhoator Jungle	238.951	179.998	-9.730	mission:Windurst:20:step-031	mesh-connected	19	1.530	0.000	1	1
159	Temple of Uggalepih	Granite Door	object:v1:159:17428971	220.000	31.000	-1.899	1801925498	124	Yhoator Jungle	198.942	300.020	-17.706	mission:Windurst:20:step-031	mesh-no-path	1	270.305	0.000	1	1
159	Temple of Uggalepih	Granite Door	object:v1:159:17428971	220.000	31.000	-1.899	812070010	160	Den of Rancor	432.013	216.472	5.353	mission:Windurst:20:step-031	mesh-no-path	1	281.784	0.000	1	1
159	Temple of Uggalepih	Granite Door	object:v1:159:17428971	220.000	31.000	-1.899	845624442	160	Den of Rancor	8.340	15.884	5.039	mission:Windurst:20:step-031	mesh-no-path	1	212.312	0.000	1	1
159	Temple of Uggalepih	Granite Door	object:v1:159:17428971	220.000	31.000	-1.899	879178874	160	Den of Rancor	-231.602	-103.515	5.049	mission:Windurst:20:step-031	mesh-no-path	1	471.261	0.000	1	1
159	Temple of Uggalepih	Granite Door	object:v1:159:17428971	220.000	31.000	-1.899	912733306	160	Den of Rancor	-16.737	31.905	5.220	mission:Windurst:20:step-031	mesh-no-path	1	236.846	0.000	1	1
159	Temple of Uggalepih	Granite Door	object:v1:159:17428971	220.000	31.000	-1.899	812266618	163	Sacrificial Chamber	-231.701	64.605	3.273	mission:Windurst:20:step-031	mesh-no-path	1	452.979	0.000	1	1
159	Temple of Uggalepih	Granite Door	object:v1:159:17428972	60.000	11.649	-1.899	1667707770	124	Yhoator Jungle	179.986	41.971	-9.694	mission:Windurst:20:step-031	mesh-connected	29	1.457	0.000	1	1
159	Temple of Uggalepih	Granite Door	object:v1:159:17428972	60.000	11.649	-1.899	1701262202	124	Yhoator Jungle	59.996	81.988	-9.598	mission:Windurst:20:step-031	mesh-connected	14	1.341	0.000	1	1
159	Temple of Uggalepih	Granite Door	object:v1:159:17428972	60.000	11.649	-1.899	1734816634	124	Yhoator Jungle	-59.956	81.957	-9.725	mission:Windurst:20:step-031	mesh-no-path	1	139.262	0.000	1	1
159	Temple of Uggalepih	Granite Door	object:v1:159:17428972	60.000	11.649	-1.899	1768371066	124	Yhoator Jungle	238.951	179.998	-9.730	mission:Windurst:20:step-031	mesh-connected	40	1.530	0.000	1	1
159	Temple of Uggalepih	Granite Door	object:v1:159:17428972	60.000	11.649	-1.899	1801925498	124	Yhoator Jungle	198.942	300.020	-17.706	mission:Windurst:20:step-031	mesh-no-path	1	320.488	0.000	1	1
159	Temple of Uggalepih	Granite Door	object:v1:159:17428972	60.000	11.649	-1.899	812070010	160	Den of Rancor	432.013	216.472	5.353	mission:Windurst:20:step-031	mesh-no-path	1	424.734	0.000	1	1
159	Temple of Uggalepih	Granite Door	object:v1:159:17428972	60.000	11.649	-1.899	845624442	160	Den of Rancor	8.340	15.884	5.039	mission:Windurst:20:step-031	mesh-no-path	1	52.296	0.000	1	1
159	Temple of Uggalepih	Granite Door	object:v1:159:17428972	60.000	11.649	-1.899	879178874	160	Den of Rancor	-231.602	-103.515	5.049	mission:Windurst:20:step-031	mesh-no-path	1	313.596	0.000	1	1
159	Temple of Uggalepih	Granite Door	object:v1:159:17428972	60.000	11.649	-1.899	912733306	160	Den of Rancor	-16.737	31.905	5.220	mission:Windurst:20:step-031	mesh-no-path	1	79.684	0.000	1	1
159	Temple of Uggalepih	Granite Door	object:v1:159:17428972	60.000	11.649	-1.899	812266618	163	Sacrificial Chamber	-231.701	64.605	3.273	mission:Windurst:20:step-031	mesh-no-path	1	296.514	0.000	1	1
159	Temple of Uggalepih	Granite Door	object:v1:159:17428978	-49.000	-20.000	-1.850	1667707770	124	Yhoator Jungle	179.986	41.971	-9.694	mission:Windurst:20:step-031	mesh-no-path	1	237.353	0.000	1	1
159	Temple of Uggalepih	Granite Door	object:v1:159:17428978	-49.000	-20.000	-1.850	1701262202	124	Yhoator Jungle	59.996	81.988	-9.598	mission:Windurst:20:step-031	mesh-no-path	1	149.471	0.000	1	1
159	Temple of Uggalepih	Granite Door	object:v1:159:17428978	-49.000	-20.000	-1.850	1734816634	124	Yhoator Jungle	-59.956	81.957	-9.725	mission:Windurst:20:step-031	mesh-connected	29	1.266	0.000	1	1
159	Temple of Uggalepih	Granite Door	object:v1:159:17428978	-49.000	-20.000	-1.850	1768371066	124	Yhoator Jungle	238.951	179.998	-9.730	mission:Windurst:20:step-031	mesh-no-path	1	350.681	0.000	1	1
159	Temple of Uggalepih	Granite Door	object:v1:159:17428978	-49.000	-20.000	-1.850	1801925498	124	Yhoator Jungle	198.942	300.020	-17.706	mission:Windurst:20:step-031	mesh-no-path	1	405.141	0.000	1	1
159	Temple of Uggalepih	Granite Door	object:v1:159:17428978	-49.000	-20.000	-1.850	812070010	160	Den of Rancor	432.013	216.472	5.353	mission:Windurst:20:step-031	mesh-no-path	1	536.045	0.000	1	1
159	Temple of Uggalepih	Granite Door	object:v1:159:17428978	-49.000	-20.000	-1.850	845624442	160	Den of Rancor	8.340	15.884	5.039	mission:Windurst:20:step-031	mesh-no-path	1	67.993	0.000	1	1
159	Temple of Uggalepih	Granite Door	object:v1:159:17428978	-49.000	-20.000	-1.850	879178874	160	Den of Rancor	-231.602	-103.515	5.049	mission:Windurst:20:step-031	mesh-no-path	1	200.913	0.000	1	1
159	Temple of Uggalepih	Granite Door	object:v1:159:17428978	-49.000	-20.000	-1.850	912733306	160	Den of Rancor	-16.737	31.905	5.220	mission:Windurst:20:step-031	mesh-connected	9	1.847	0.000	1	1
159	Temple of Uggalepih	Granite Door	object:v1:159:17428978	-49.000	-20.000	-1.850	812266618	163	Sacrificial Chamber	-231.701	64.605	3.273	mission:Windurst:20:step-031	mesh-no-path	1	201.405	0.000	1	1
159	Temple of Uggalepih	Granite Door	object:v1:159:17428979	-59.000	-100.000	-1.850	1667707770	124	Yhoator Jungle	179.986	41.971	-9.694	mission:Windurst:20:step-031	mesh-no-path	1	278.086	0.000	1	1
159	Temple of Uggalepih	Granite Door	object:v1:159:17428979	-59.000	-100.000	-1.850	1701262202	124	Yhoator Jungle	59.996	81.988	-9.598	mission:Windurst:20:step-031	mesh-no-path	1	217.577	0.000	1	1
159	Temple of Uggalepih	Granite Door	object:v1:159:17428979	-59.000	-100.000	-1.850	1734816634	124	Yhoator Jungle	-59.956	81.957	-9.725	mission:Windurst:20:step-031	mesh-connected	18	1.266	0.000	1	1
159	Temple of Uggalepih	Granite Door	object:v1:159:17428979	-59.000	-100.000	-1.850	1768371066	124	Yhoator Jungle	238.951	179.998	-9.730	mission:Windurst:20:step-031	mesh-no-path	1	408.945	0.000	1	1
159	Temple of Uggalepih	Granite Door	object:v1:159:17428979	-59.000	-100.000	-1.850	1801925498	124	Yhoator Jungle	198.942	300.020	-17.706	mission:Windurst:20:step-031	mesh-no-path	1	476.237	0.000	1	1
159	Temple of Uggalepih	Granite Door	object:v1:159:17428979	-59.000	-100.000	-1.850	812070010	160	Den of Rancor	432.013	216.472	5.353	mission:Windurst:20:step-031	mesh-no-path	1	584.209	0.000	1	1
159	Temple of Uggalepih	Granite Door	object:v1:159:17428979	-59.000	-100.000	-1.850	845624442	160	Den of Rancor	8.340	15.884	5.039	mission:Windurst:20:step-031	mesh-no-path	1	134.206	0.000	1	1
159	Temple of Uggalepih	Granite Door	object:v1:159:17428979	-59.000	-100.000	-1.850	879178874	160	Den of Rancor	-231.602	-103.515	5.049	mission:Windurst:20:step-031	mesh-no-path	1	172.776	0.000	1	1
159	Temple of Uggalepih	Granite Door	object:v1:159:17428979	-59.000	-100.000	-1.850	912733306	160	Den of Rancor	-16.737	31.905	5.220	mission:Windurst:20:step-031	mesh-connected	23	1.847	0.000	1	1
159	Temple of Uggalepih	Granite Door	object:v1:159:17428979	-59.000	-100.000	-1.850	812266618	163	Sacrificial Chamber	-231.701	64.605	3.273	mission:Windurst:20:step-031	mesh-no-path	1	238.635	0.000	1	1
159	Temple of Uggalepih	Granite Door	object:v1:159:17428981	60.000	-122.011	-1.909	1667707770	124	Yhoator Jungle	179.986	41.971	-9.694	mission:Windurst:20:step-031	mesh-connected	24	1.457	0.000	1	1
159	Temple of Uggalepih	Granite Door	object:v1:159:17428981	60.000	-122.011	-1.909	1701262202	124	Yhoator Jungle	59.996	81.988	-9.598	mission:Windurst:20:step-031	mesh-connected	20	1.341	0.000	1	1
159	Temple of Uggalepih	Granite Door	object:v1:159:17428981	60.000	-122.011	-1.909	1734816634	124	Yhoator Jungle	-59.956	81.957	-9.725	mission:Windurst:20:step-031	mesh-no-path	1	236.756	0.000	1	1
159	Temple of Uggalepih	Granite Door	object:v1:159:17428981	60.000	-122.011	-1.909	1768371066	124	Yhoator Jungle	238.951	179.998	-9.730	mission:Windurst:20:step-031	mesh-connected	36	1.530	0.000	1	1
159	Temple of Uggalepih	Granite Door	object:v1:159:17428981	60.000	-122.011	-1.909	1801925498	124	Yhoator Jungle	198.942	300.020	-17.706	mission:Windurst:20:step-031	mesh-no-path	1	444.595	0.000	1	1
159	Temple of Uggalepih	Granite Door	object:v1:159:17428981	60.000	-122.011	-1.909	812070010	160	Den of Rancor	432.013	216.472	5.353	mission:Windurst:20:step-031	mesh-no-path	1	503.008	0.000	1	1
159	Temple of Uggalepih	Granite Door	object:v1:159:17428981	60.000	-122.011	-1.909	845624442	160	Den of Rancor	8.340	15.884	5.039	mission:Windurst:20:step-031	mesh-no-path	1	147.418	0.000	1	1
159	Temple of Uggalepih	Granite Door	object:v1:159:17428981	60.000	-122.011	-1.909	879178874	160	Den of Rancor	-231.602	-103.515	5.049	mission:Windurst:20:step-031	mesh-no-path	1	292.271	0.000	1	1
159	Temple of Uggalepih	Granite Door	object:v1:159:17428981	60.000	-122.011	-1.909	912733306	160	Den of Rancor	-16.737	31.905	5.220	mission:Windurst:20:step-031	mesh-no-path	1	172.132	0.000	1	1
159	Temple of Uggalepih	Granite Door	object:v1:159:17428981	60.000	-122.011	-1.909	812266618	163	Sacrificial Chamber	-231.701	64.605	3.273	mission:Windurst:20:step-031	mesh-no-path	1	346.326	0.000	1	1
159	Temple of Uggalepih	Granite Door	object:v1:159:17428982	-118.000	-20.000	-1.899	1667707770	124	Yhoator Jungle	179.986	41.971	-9.694	mission:Windurst:20:step-031	mesh-no-path	1	304.462	0.000	1	1
159	Temple of Uggalepih	Granite Door	object:v1:159:17428982	-118.000	-20.000	-1.899	1701262202	124	Yhoator Jungle	59.996	81.988	-9.598	mission:Windurst:20:step-031	mesh-no-path	1	205.289	0.000	1	1
159	Temple of Uggalepih	Granite Door	object:v1:159:17428982	-118.000	-20.000	-1.899	1734816634	124	Yhoator Jungle	-59.956	81.957	-9.725	mission:Windurst:20:step-031	mesh-connected	10	1.266	0.000	1	1
159	Temple of Uggalepih	Granite Door	object:v1:159:17428982	-118.000	-20.000	-1.899	1768371066	124	Yhoator Jungle	238.951	179.998	-9.730	mission:Windurst:20:step-031	mesh-no-path	1	409.237	0.000	1	1
159	Temple of Uggalepih	Granite Door	object:v1:159:17428982	-118.000	-20.000	-1.899	1801925498	124	Yhoator Jungle	198.942	300.020	-17.706	mission:Windurst:20:step-031	mesh-no-path	1	450.683	0.000	1	1
159	Temple of Uggalepih	Granite Door	object:v1:159:17428982	-118.000	-20.000	-1.899	812070010	160	Den of Rancor	432.013	216.472	5.353	mission:Windurst:20:step-031	mesh-no-path	1	598.737	0.000	1	1
159	Temple of Uggalepih	Granite Door	object:v1:159:17428982	-118.000	-20.000	-1.899	845624442	160	Den of Rancor	8.340	15.884	5.039	mission:Windurst:20:step-031	mesh-no-path	1	131.520	0.000	1	1
159	Temple of Uggalepih	Granite Door	object:v1:159:17428982	-118.000	-20.000	-1.899	879178874	160	Den of Rancor	-231.602	-103.515	5.049	mission:Windurst:20:step-031	mesh-no-path	1	141.168	0.000	1	1
159	Temple of Uggalepih	Granite Door	object:v1:159:17428982	-118.000	-20.000	-1.899	912733306	160	Den of Rancor	-16.737	31.905	5.220	mission:Windurst:20:step-031	mesh-connected	28	1.847	0.000	1	1
159	Temple of Uggalepih	Granite Door	object:v1:159:17428982	-118.000	-20.000	-1.899	812266618	163	Sacrificial Chamber	-231.701	64.605	3.273	mission:Windurst:20:step-031	mesh-no-path	1	141.819	0.000	1	1
159	Temple of Uggalepih	Granite Door	object:v1:159:17428983	323.519	220.000	-1.899	1667707770	124	Yhoator Jungle	179.986	41.971	-9.694	mission:Windurst:20:step-031	mesh-no-path	1	228.816	0.000	1	1
159	Temple of Uggalepih	Granite Door	object:v1:159:17428983	323.519	220.000	-1.899	1701262202	124	Yhoator Jungle	59.996	81.988	-9.598	mission:Windurst:20:step-031	mesh-no-path	1	297.575	0.000	1	1
159	Temple of Uggalepih	Granite Door	object:v1:159:17428983	323.519	220.000	-1.899	1734816634	124	Yhoator Jungle	-59.956	81.957	-9.725	mission:Windurst:20:step-031	mesh-no-path	1	407.640	0.000	1	1
159	Temple of Uggalepih	Granite Door	object:v1:159:17428983	323.519	220.000	-1.899	1768371066	124	Yhoator Jungle	238.951	179.998	-9.730	mission:Windurst:20:step-031	mesh-no-path	1	93.879	0.000	1	1
159	Temple of Uggalepih	Granite Door	object:v1:159:17428983	323.519	220.000	-1.899	1801925498	124	Yhoator Jungle	198.942	300.020	-17.706	mission:Windurst:20:step-031	mesh-connected	11	1.506	0.000	1	1
159	Temple of Uggalepih	Granite Door	object:v1:159:17428983	323.519	220.000	-1.899	812070010	160	Den of Rancor	432.013	216.472	5.353	mission:Windurst:20:step-031	mesh-connected	18	1.834	0.000	1	1
159	Temple of Uggalepih	Granite Door	object:v1:159:17428983	323.519	220.000	-1.899	845624442	160	Den of Rancor	8.340	15.884	5.039	mission:Windurst:20:step-031	mesh-no-path	1	375.565	0.000	1	1
159	Temple of Uggalepih	Granite Door	object:v1:159:17428983	323.519	220.000	-1.899	879178874	160	Den of Rancor	-231.602	-103.515	5.049	mission:Windurst:20:step-031	mesh-no-path	1	642.549	0.000	1	1
159	Temple of Uggalepih	Granite Door	object:v1:159:17428983	323.519	220.000	-1.899	912733306	160	Den of Rancor	-16.737	31.905	5.220	mission:Windurst:20:step-031	mesh-no-path	1	388.850	0.000	1	1
159	Temple of Uggalepih	Granite Door	object:v1:159:17428983	323.519	220.000	-1.899	812266618	163	Sacrificial Chamber	-231.701	64.605	3.273	mission:Windurst:20:step-031	mesh-no-path	1	576.579	0.000	1	1
159	Temple of Uggalepih	Granite Door	object:v1:159:17428984	-123.540	-100.000	-1.899	1667707770	124	Yhoator Jungle	179.986	41.971	-9.694	mission:Windurst:20:step-031	mesh-no-path	1	335.178	0.000	1	1
159	Temple of Uggalepih	Granite Door	object:v1:159:17428984	-123.540	-100.000	-1.899	1701262202	124	Yhoator Jungle	59.996	81.988	-9.598	mission:Windurst:20:step-031	mesh-no-path	1	258.581	0.000	1	1
159	Temple of Uggalepih	Granite Door	object:v1:159:17428984	-123.540	-100.000	-1.899	1734816634	124	Yhoator Jungle	-59.956	81.957	-9.725	mission:Windurst:20:step-031	mesh-connected	21	1.266	0.000	1	1
159	Temple of Uggalepih	Granite Door	object:v1:159:17428984	-123.540	-100.000	-1.899	1768371066	124	Yhoator Jungle	238.951	179.998	-9.730	mission:Windurst:20:step-031	mesh-no-path	1	458.105	0.000	1	1
159	Temple of Uggalepih	Granite Door	object:v1:159:17428984	-123.540	-100.000	-1.899	1801925498	124	Yhoator Jungle	198.942	300.020	-17.706	mission:Windurst:20:step-031	mesh-no-path	1	514.063	0.000	1	1
159	Temple of Uggalepih	Granite Door	object:v1:159:17428984	-123.540	-100.000	-1.899	812070010	160	Den of Rancor	432.013	216.472	5.353	mission:Windurst:20:step-031	mesh-no-path	1	639.411	0.000	1	1
159	Temple of Uggalepih	Granite Door	object:v1:159:17428984	-123.540	-100.000	-1.899	845624442	160	Den of Rancor	8.340	15.884	5.039	mission:Windurst:20:step-031	mesh-no-path	1	175.697	0.000	1	1
159	Temple of Uggalepih	Granite Door	object:v1:159:17428984	-123.540	-100.000	-1.899	879178874	160	Den of Rancor	-231.602	-103.515	5.049	mission:Windurst:20:step-031	mesh-no-path	1	108.342	0.000	1	1
159	Temple of Uggalepih	Granite Door	object:v1:159:17428984	-123.540	-100.000	-1.899	912733306	160	Den of Rancor	-16.737	31.905	5.220	mission:Windurst:20:step-031	mesh-connected	24	1.847	0.000	1	1
159	Temple of Uggalepih	Granite Door	object:v1:159:17428984	-123.540	-100.000	-1.899	812266618	163	Sacrificial Chamber	-231.701	64.605	3.273	mission:Windurst:20:step-031	mesh-no-path	1	197.029	0.000	1	1
159	Temple of Uggalepih	Granite Door	object:v1:159:17428985	-208.000	-20.000	-1.899	1667707770	124	Yhoator Jungle	179.986	41.971	-9.694	mission:Windurst:20:step-031	mesh-no-path	1	392.981	0.000	1	1
159	Temple of Uggalepih	Granite Door	object:v1:159:17428985	-208.000	-20.000	-1.899	1701262202	124	Yhoator Jungle	59.996	81.988	-9.598	mission:Windurst:20:step-031	mesh-no-path	1	286.850	0.000	1	1
159	Temple of Uggalepih	Granite Door	object:v1:159:17428985	-208.000	-20.000	-1.899	1734816634	124	Yhoator Jungle	-59.956	81.957	-9.725	mission:Windurst:20:step-031	mesh-connected	17	1.266	0.000	1	1
159	Temple of Uggalepih	Granite Door	object:v1:159:17428985	-208.000	-20.000	-1.899	1768371066	124	Yhoator Jungle	238.951	179.998	-9.730	mission:Windurst:20:step-031	mesh-no-path	1	489.720	0.000	1	1
159	Temple of Uggalepih	Granite Door	object:v1:159:17428985	-208.000	-20.000	-1.899	1801925498	124	Yhoator Jungle	198.942	300.020	-17.706	mission:Windurst:20:step-031	mesh-no-path	1	517.943	0.000	1	1
159	Temple of Uggalepih	Granite Door	object:v1:159:17428985	-208.000	-20.000	-1.899	812070010	160	Den of Rancor	432.013	216.472	5.353	mission:Windurst:20:step-031	mesh-no-path	1	682.340	0.000	1	1
159	Temple of Uggalepih	Granite Door	object:v1:159:17428985	-208.000	-20.000	-1.899	845624442	160	Den of Rancor	8.340	15.884	5.039	mission:Windurst:20:step-031	mesh-no-path	1	219.406	0.000	1	1
159	Temple of Uggalepih	Granite Door	object:v1:159:17428985	-208.000	-20.000	-1.899	879178874	160	Den of Rancor	-231.602	-103.515	5.049	mission:Windurst:20:step-031	mesh-no-path	1	87.064	0.000	1	1
159	Temple of Uggalepih	Granite Door	object:v1:159:17428985	-208.000	-20.000	-1.899	912733306	160	Den of Rancor	-16.737	31.905	5.220	mission:Windurst:20:step-031	mesh-connected	44	1.847	0.000	1	1
159	Temple of Uggalepih	Granite Door	object:v1:159:17428985	-208.000	-20.000	-1.899	812266618	163	Sacrificial Chamber	-231.701	64.605	3.273	mission:Windurst:20:step-031	mesh-no-path	1	88.014	0.000	1	1
159	Temple of Uggalepih	Granite Door	object:v1:159:17428986	-220.000	-8.000	-1.899	1667707770	124	Yhoator Jungle	179.986	41.971	-9.694	mission:Windurst:20:step-031	mesh-no-path	1	403.171	0.000	1	1
159	Temple of Uggalepih	Granite Door	object:v1:159:17428986	-220.000	-8.000	-1.899	1701262202	124	Yhoator Jungle	59.996	81.988	-9.598	mission:Windurst:20:step-031	mesh-no-path	1	294.202	0.000	1	1
159	Temple of Uggalepih	Granite Door	object:v1:159:17428986	-220.000	-8.000	-1.899	1734816634	124	Yhoator Jungle	-59.956	81.957	-9.725	mission:Windurst:20:step-031	mesh-connected	19	1.266	0.000	1	1
159	Temple of Uggalepih	Granite Door	object:v1:159:17428986	-220.000	-8.000	-1.899	1768371066	124	Yhoator Jungle	238.951	179.998	-9.730	mission:Windurst:20:step-031	mesh-no-path	1	496.025	0.000	1	1
159	Temple of Uggalepih	Granite Door	object:v1:159:17428986	-220.000	-8.000	-1.899	1801925498	124	Yhoator Jungle	198.942	300.020	-17.706	mission:Windurst:20:step-031	mesh-no-path	1	520.229	0.000	1	1
159	Temple of Uggalepih	Granite Door	object:v1:159:17428986	-220.000	-8.000	-1.899	812070010	160	Den of Rancor	432.013	216.472	5.353	mission:Windurst:20:step-031	mesh-no-path	1	689.609	0.000	1	1
159	Temple of Uggalepih	Granite Door	object:v1:159:17428986	-220.000	-8.000	-1.899	845624442	160	Den of Rancor	8.340	15.884	5.039	mission:Windurst:20:step-031	mesh-no-path	1	229.691	0.000	1	1
159	Temple of Uggalepih	Granite Door	object:v1:159:17428986	-220.000	-8.000	-1.899	879178874	160	Den of Rancor	-231.602	-103.515	5.049	mission:Windurst:20:step-031	mesh-no-path	1	96.468	0.000	1	1
159	Temple of Uggalepih	Granite Door	object:v1:159:17428986	-220.000	-8.000	-1.899	912733306	160	Den of Rancor	-16.737	31.905	5.220	mission:Windurst:20:step-031	mesh-connected	46	1.847	0.000	1	1
159	Temple of Uggalepih	Granite Door	object:v1:159:17428986	-220.000	-8.000	-1.899	812266618	163	Sacrificial Chamber	-231.701	64.605	3.273	mission:Windurst:20:step-031	mesh-no-path	1	73.723	0.000	1	1
159	Temple of Uggalepih	Granite Door	object:v1:159:17428987	-7.500	-100.000	-10.800	1667707770	124	Yhoator Jungle	179.986	41.971	-9.694	mission:Windurst:20:step-031	mesh-no-path	1	235.177	0.000	1	1
159	Temple of Uggalepih	Granite Door	object:v1:159:17428987	-7.500	-100.000	-10.800	1701262202	124	Yhoator Jungle	59.996	81.988	-9.598	mission:Windurst:20:step-031	mesh-no-path	1	194.105	0.000	1	1
159	Temple of Uggalepih	Granite Door	object:v1:159:17428987	-7.500	-100.000	-10.800	1734816634	124	Yhoator Jungle	-59.956	81.957	-9.725	mission:Windurst:20:step-031	mesh-connected	26	1.266	0.000	1	1
159	Temple of Uggalepih	Granite Door	object:v1:159:17428987	-7.500	-100.000	-10.800	1768371066	124	Yhoator Jungle	238.951	179.998	-9.730	mission:Windurst:20:step-031	mesh-no-path	1	373.012	0.000	1	1
159	Temple of Uggalepih	Granite Door	object:v1:159:17428987	-7.500	-100.000	-10.800	1801925498	124	Yhoator Jungle	198.942	300.020	-17.706	mission:Windurst:20:step-031	mesh-no-path	1	450.202	0.000	1	1
159	Temple of Uggalepih	Granite Door	object:v1:159:17428987	-7.500	-100.000	-10.800	812070010	160	Den of Rancor	432.013	216.472	5.353	mission:Windurst:20:step-031	mesh-no-path	1	541.837	0.000	1	1
159	Temple of Uggalepih	Granite Door	object:v1:159:17428987	-7.500	-100.000	-10.800	845624442	160	Den of Rancor	8.340	15.884	5.039	mission:Windurst:20:step-031	mesh-no-path	1	118.029	0.000	1	1
159	Temple of Uggalepih	Granite Door	object:v1:159:17428987	-7.500	-100.000	-10.800	879178874	160	Den of Rancor	-231.602	-103.515	5.049	mission:Windurst:20:step-031	mesh-no-path	1	224.689	0.000	1	1
159	Temple of Uggalepih	Granite Door	object:v1:159:17428987	-7.500	-100.000	-10.800	912733306	160	Den of Rancor	-16.737	31.905	5.220	mission:Windurst:20:step-031	mesh-connected	19	1.847	0.000	1	1
159	Temple of Uggalepih	Granite Door	object:v1:159:17428987	-7.500	-100.000	-10.800	812266618	163	Sacrificial Chamber	-231.701	64.605	3.273	mission:Windurst:20:step-031	mesh-no-path	1	278.494	0.000	1	1
159	Temple of Uggalepih	Granite Door	object:v1:159:17428988	-62.500	-100.000	-10.800	1667707770	124	Yhoator Jungle	179.986	41.971	-9.694	mission:Windurst:20:step-031	mesh-no-path	1	280.992	0.000	1	1
159	Temple of Uggalepih	Granite Door	object:v1:159:17428988	-62.500	-100.000	-10.800	1701262202	124	Yhoator Jungle	59.996	81.988	-9.598	mission:Windurst:20:step-031	mesh-no-path	1	219.377	0.000	1	1
159	Temple of Uggalepih	Granite Door	object:v1:159:17428988	-62.500	-100.000	-10.800	1734816634	124	Yhoator Jungle	-59.956	81.957	-9.725	mission:Windurst:20:step-031	mesh-connected	27	1.266	0.000	1	1
159	Temple of Uggalepih	Granite Door	object:v1:159:17428988	-62.500	-100.000	-10.800	1768371066	124	Yhoator Jungle	238.951	179.998	-9.730	mission:Windurst:20:step-031	mesh-no-path	1	411.428	0.000	1	1
159	Temple of Uggalepih	Granite Door	object:v1:159:17428988	-62.500	-100.000	-10.800	1801925498	124	Yhoator Jungle	198.942	300.020	-17.706	mission:Windurst:20:step-031	mesh-no-path	1	477.928	0.000	1	1
159	Temple of Uggalepih	Granite Door	object:v1:159:17428988	-62.500	-100.000	-10.800	812070010	160	Den of Rancor	432.013	216.472	5.353	mission:Windurst:20:step-031	mesh-no-path	1	587.332	0.000	1	1
159	Temple of Uggalepih	Granite Door	object:v1:159:17428988	-62.500	-100.000	-10.800	845624442	160	Den of Rancor	8.340	15.884	5.039	mission:Windurst:20:step-031	mesh-no-path	1	136.742	0.000	1	1
159	Temple of Uggalepih	Granite Door	object:v1:159:17428988	-62.500	-100.000	-10.800	879178874	160	Den of Rancor	-231.602	-103.515	5.049	mission:Windurst:20:step-031	mesh-no-path	1	169.879	0.000	1	1
159	Temple of Uggalepih	Granite Door	object:v1:159:17428988	-62.500	-100.000	-10.800	912733306	160	Den of Rancor	-16.737	31.905	5.220	mission:Windurst:20:step-031	mesh-connected	19	1.847	0.000	1	1
159	Temple of Uggalepih	Granite Door	object:v1:159:17428988	-62.500	-100.000	-10.800	812266618	163	Sacrificial Chamber	-231.701	64.605	3.273	mission:Windurst:20:step-031	mesh-no-path	1	236.478	0.000	1	1
159	Temple of Uggalepih	Rukususu	npc:v1:159:17428914	337.979	346.670	0.000	1667707770	124	Yhoator Jungle	179.986	41.971	-9.694	mission:Windurst:20:step-031	mesh-no-path	1	343.362	0.000	1	1
159	Temple of Uggalepih	Rukususu	npc:v1:159:17428914	337.979	346.670	0.000	1701262202	124	Yhoator Jungle	59.996	81.988	-9.598	mission:Windurst:20:step-031	mesh-no-path	1	383.957	0.000	1	1
159	Temple of Uggalepih	Rukususu	npc:v1:159:17428914	337.979	346.670	0.000	1734816634	124	Yhoator Jungle	-59.956	81.957	-9.725	mission:Windurst:20:step-031	mesh-no-path	1	478.037	0.000	1	1
159	Temple of Uggalepih	Rukususu	npc:v1:159:17428914	337.979	346.670	0.000	1768371066	124	Yhoator Jungle	238.951	179.998	-9.730	mission:Windurst:20:step-031	mesh-no-path	1	194.115	0.000	1	1
159	Temple of Uggalepih	Rukususu	npc:v1:159:17428914	337.979	346.670	0.000	1801925498	124	Yhoator Jungle	198.942	300.020	-17.706	mission:Windurst:20:step-031	mesh-connected	29	1.506	0.000	1	1
159	Temple of Uggalepih	Rukususu	npc:v1:159:17428914	337.979	346.670	0.000	812070010	160	Den of Rancor	432.013	216.472	5.353	mission:Windurst:20:step-031	mesh-connected	38	1.834	0.000	1	1
159	Temple of Uggalepih	Rukususu	npc:v1:159:17428914	337.979	346.670	0.000	845624442	160	Den of Rancor	8.340	15.884	5.039	mission:Windurst:20:step-031	mesh-no-path	1	467.019	0.000	1	1
159	Temple of Uggalepih	Rukususu	npc:v1:159:17428914	337.979	346.670	0.000	879178874	160	Den of Rancor	-231.602	-103.515	5.049	mission:Windurst:20:step-031	mesh-no-path	1	726.027	0.000	1	1
159	Temple of Uggalepih	Rukususu	npc:v1:159:17428914	337.979	346.670	0.000	912733306	160	Den of Rancor	-16.737	31.905	5.220	mission:Windurst:20:step-031	mesh-no-path	1	474.265	0.000	1	1
159	Temple of Uggalepih	Rukususu	npc:v1:159:17428914	337.979	346.670	0.000	812266618	163	Sacrificial Chamber	-231.701	64.605	3.273	mission:Windurst:20:step-031	mesh-no-path	1	635.694	0.000	1	1
159	Temple of Uggalepih	Survival Guide	object:v1:159:17429035	60.000	57.000	-8.000	1667707770	124	Yhoator Jungle	179.986	41.971	-9.694	mission:San d'Oria:22:step-013,mission:San d'Oria:22:step-015,mission:Windurst:20:step-022,mission:Windurst:20:step-023,mission:Windurst:24:step-027,mission:Windurst:24:step-033	mesh-connected	29	1.457	0.000	1	1
159	Temple of Uggalepih	Survival Guide	object:v1:159:17429035	60.000	57.000	-8.000	1701262202	124	Yhoator Jungle	59.996	81.988	-9.598	mission:San d'Oria:22:step-013,mission:San d'Oria:22:step-015,mission:Windurst:20:step-022,mission:Windurst:20:step-023,mission:Windurst:24:step-027,mission:Windurst:24:step-033	mesh-connected	3	1.341	0.000	1	1
159	Temple of Uggalepih	Survival Guide	object:v1:159:17429035	60.000	57.000	-8.000	1734816634	124	Yhoator Jungle	-59.956	81.957	-9.725	mission:San d'Oria:22:step-013,mission:San d'Oria:22:step-015,mission:Windurst:20:step-022,mission:Windurst:20:step-023,mission:Windurst:24:step-027,mission:Windurst:24:step-033	mesh-no-path	1	122.537	0.000	1	1
159	Temple of Uggalepih	Survival Guide	object:v1:159:17429035	60.000	57.000	-8.000	1768371066	124	Yhoator Jungle	238.951	179.998	-9.730	mission:San d'Oria:22:step-013,mission:San d'Oria:22:step-015,mission:Windurst:20:step-022,mission:Windurst:20:step-023,mission:Windurst:24:step-027,mission:Windurst:24:step-033	mesh-connected	41	1.530	0.000	1	1
159	Temple of Uggalepih	Survival Guide	object:v1:159:17429035	60.000	57.000	-8.000	1801925498	124	Yhoator Jungle	198.942	300.020	-17.706	mission:San d'Oria:22:step-013,mission:San d'Oria:22:step-015,mission:Windurst:20:step-022,mission:Windurst:20:step-023,mission:Windurst:24:step-027,mission:Windurst:24:step-033	mesh-no-path	1	280.103	0.000	1	1
159	Temple of Uggalepih	Survival Guide	object:v1:159:17429035	60.000	57.000	-8.000	812070010	160	Den of Rancor	432.013	216.472	5.353	mission:San d'Oria:22:step-013,mission:San d'Oria:22:step-015,mission:Windurst:20:step-022,mission:Windurst:20:step-023,mission:Windurst:24:step-027,mission:Windurst:24:step-033	mesh-no-path	1	404.973	0.000	1	1
159	Temple of Uggalepih	Survival Guide	object:v1:159:17429035	60.000	57.000	-8.000	845624442	160	Den of Rancor	8.340	15.884	5.039	mission:San d'Oria:22:step-013,mission:San d'Oria:22:step-015,mission:Windurst:20:step-022,mission:Windurst:20:step-023,mission:Windurst:24:step-027,mission:Windurst:24:step-033	mesh-no-path	1	67.300	0.000	1	1
159	Temple of Uggalepih	Survival Guide	object:v1:159:17429035	60.000	57.000	-8.000	879178874	160	Den of Rancor	-231.602	-103.515	5.049	mission:San d'Oria:22:step-013,mission:San d'Oria:22:step-015,mission:Windurst:20:step-022,mission:Windurst:20:step-023,mission:Windurst:24:step-027,mission:Windurst:24:step-033	mesh-no-path	1	333.117	0.000	1	1
159	Temple of Uggalepih	Survival Guide	object:v1:159:17429035	60.000	57.000	-8.000	912733306	160	Den of Rancor	-16.737	31.905	5.220	mission:San d'Oria:22:step-013,mission:San d'Oria:22:step-015,mission:Windurst:20:step-022,mission:Windurst:20:step-023,mission:Windurst:24:step-027,mission:Windurst:24:step-033	mesh-no-path	1	81.811	0.000	1	1
159	Temple of Uggalepih	Survival Guide	object:v1:159:17429035	60.000	57.000	-8.000	812266618	163	Sacrificial Chamber	-231.701	64.605	3.273	mission:San d'Oria:22:step-013,mission:San d'Oria:22:step-015,mission:Windurst:20:step-022,mission:Windurst:20:step-023,mission:Windurst:24:step-027,mission:Windurst:24:step-033	mesh-no-path	1	292.018	0.000	1	1
159	Temple of Uggalepih	Temple Guardian	camp:v1:159:temple-guardian:ca52bdb331d8b80a9011	-64.472	-102.889	-0.023	1667707770	124	Yhoator Jungle	179.986	41.971	-9.694	mission:San d'Oria:22:step-013	mesh-no-path	1	284.320	0.000	1	1
159	Temple of Uggalepih	Temple Guardian	camp:v1:159:temple-guardian:ca52bdb331d8b80a9011	-64.472	-102.889	-0.023	1701262202	124	Yhoator Jungle	59.996	81.988	-9.598	mission:San d'Oria:22:step-013	mesh-no-path	1	223.077	0.000	1	1
159	Temple of Uggalepih	Temple Guardian	camp:v1:159:temple-guardian:ca52bdb331d8b80a9011	-64.472	-102.889	-0.023	1734816634	124	Yhoator Jungle	-59.956	81.957	-9.725	mission:San d'Oria:22:step-013	mesh-connected	19	1.266	0.000	1	1
159	Temple of Uggalepih	Temple Guardian	camp:v1:159:temple-guardian:ca52bdb331d8b80a9011	-64.472	-102.889	-0.023	1768371066	124	Yhoator Jungle	238.951	179.998	-9.730	mission:San d'Oria:22:step-013	mesh-no-path	1	414.952	0.000	1	1
159	Temple of Uggalepih	Temple Guardian	camp:v1:159:temple-guardian:ca52bdb331d8b80a9011	-64.472	-102.889	-0.023	1801925498	124	Yhoator Jungle	198.942	300.020	-17.706	mission:San d'Oria:22:step-013	mesh-no-path	1	481.700	0.000	1	1
159	Temple of Uggalepih	Temple Guardian	camp:v1:159:temple-guardian:ca52bdb331d8b80a9011	-64.472	-102.889	-0.023	812070010	160	Den of Rancor	432.013	216.472	5.353	mission:San d'Oria:22:step-013	mesh-no-path	1	590.354	0.000	1	1
159	Temple of Uggalepih	Temple Guardian	camp:v1:159:temple-guardian:ca52bdb331d8b80a9011	-64.472	-102.889	-0.023	845624442	160	Den of Rancor	8.340	15.884	5.039	mission:San d'Oria:22:step-013	mesh-no-path	1	139.407	0.000	1	1
159	Temple of Uggalepih	Temple Guardian	camp:v1:159:temple-guardian:ca52bdb331d8b80a9011	-64.472	-102.889	-0.023	879178874	160	Den of Rancor	-231.602	-103.515	5.049	mission:San d'Oria:22:step-013	mesh-no-path	1	167.208	0.000	1	1
159	Temple of Uggalepih	Temple Guardian	camp:v1:159:temple-guardian:ca52bdb331d8b80a9011	-64.472	-102.889	-0.023	912733306	160	Den of Rancor	-16.737	31.905	5.220	mission:San d'Oria:22:step-013	mesh-connected	23	1.847	0.000	1	1
159	Temple of Uggalepih	Temple Guardian	camp:v1:159:temple-guardian:ca52bdb331d8b80a9011	-64.472	-102.889	-0.023	812266618	163	Sacrificial Chamber	-231.701	64.605	3.273	mission:San d'Oria:22:step-013	mesh-no-path	1	236.708	0.000	1	1
159	Temple of Uggalepih	Tonberry Cutter	camp:v1:159:tonberry-cutter:0ad0b5c7c4c8014cca53	-28.067	-95.842	0.456	1667707770	124	Yhoator Jungle	179.986	41.971	-9.694	mission:Windurst:24:step-025	mesh-no-path	1	249.763	0.000	1	1
159	Temple of Uggalepih	Tonberry Cutter	camp:v1:159:tonberry-cutter:0ad0b5c7c4c8014cca53	-28.067	-95.842	0.456	1701262202	124	Yhoator Jungle	59.996	81.988	-9.598	mission:Windurst:24:step-025	mesh-no-path	1	198.695	0.000	1	1
159	Temple of Uggalepih	Tonberry Cutter	camp:v1:159:tonberry-cutter:0ad0b5c7c4c8014cca53	-28.067	-95.842	0.456	1734816634	124	Yhoator Jungle	-59.956	81.957	-9.725	mission:Windurst:24:step-025	mesh-connected	19	1.266	0.000	1	1
159	Temple of Uggalepih	Tonberry Cutter	camp:v1:159:tonberry-cutter:0ad0b5c7c4c8014cca53	-28.067	-95.842	0.456	1768371066	124	Yhoator Jungle	238.951	179.998	-9.730	mission:Windurst:24:step-025	mesh-no-path	1	384.044	0.000	1	1
159	Temple of Uggalepih	Tonberry Cutter	camp:v1:159:tonberry-cutter:0ad0b5c7c4c8014cca53	-28.067	-95.842	0.456	1801925498	124	Yhoator Jungle	198.942	300.020	-17.706	mission:Windurst:24:step-025	mesh-no-path	1	456.694	0.000	1	1
159	Temple of Uggalepih	Tonberry Cutter	camp:v1:159:tonberry-cutter:0ad0b5c7c4c8014cca53	-28.067	-95.842	0.456	812070010	160	Den of Rancor	432.013	216.472	5.353	mission:Windurst:24:step-025	mesh-no-path	1	556.091	0.000	1	1
159	Temple of Uggalepih	Tonberry Cutter	camp:v1:159:tonberry-cutter:0ad0b5c7c4c8014cca53	-28.067	-95.842	0.456	845624442	160	Den of Rancor	8.340	15.884	5.039	mission:Windurst:24:step-025	mesh-no-path	1	117.598	0.000	1	1
159	Temple of Uggalepih	Tonberry Cutter	camp:v1:159:tonberry-cutter:0ad0b5c7c4c8014cca53	-28.067	-95.842	0.456	879178874	160	Den of Rancor	-231.602	-103.515	5.049	mission:Windurst:24:step-025	mesh-no-path	1	203.731	0.000	1	1
159	Temple of Uggalepih	Tonberry Cutter	camp:v1:159:tonberry-cutter:0ad0b5c7c4c8014cca53	-28.067	-95.842	0.456	912733306	160	Den of Rancor	-16.737	31.905	5.220	mission:Windurst:24:step-025	mesh-connected	16	1.847	0.000	1	1
159	Temple of Uggalepih	Tonberry Cutter	camp:v1:159:tonberry-cutter:0ad0b5c7c4c8014cca53	-28.067	-95.842	0.456	812266618	163	Sacrificial Chamber	-231.701	64.605	3.273	mission:Windurst:24:step-025	mesh-no-path	1	259.264	0.000	1	1
159	Temple of Uggalepih	Tonberry Cutter	camp:v1:159:tonberry-cutter:0e0cd04d83d57c8ee2d4	46.773	-153.111	0.005	1667707770	124	Yhoator Jungle	179.986	41.971	-9.694	mission:Windurst:24:step-025	mesh-connected	25	1.457	0.000	1	1
159	Temple of Uggalepih	Tonberry Cutter	camp:v1:159:tonberry-cutter:0e0cd04d83d57c8ee2d4	46.773	-153.111	0.005	1701262202	124	Yhoator Jungle	59.996	81.988	-9.598	mission:Windurst:24:step-025	mesh-connected	21	1.341	0.000	1	1
159	Temple of Uggalepih	Tonberry Cutter	camp:v1:159:tonberry-cutter:0e0cd04d83d57c8ee2d4	46.773	-153.111	0.005	1734816634	124	Yhoator Jungle	-59.956	81.957	-9.725	mission:Windurst:24:step-025	mesh-no-path	1	258.346	0.000	1	1
159	Temple of Uggalepih	Tonberry Cutter	camp:v1:159:tonberry-cutter:0e0cd04d83d57c8ee2d4	46.773	-153.111	0.005	1768371066	124	Yhoator Jungle	238.951	179.998	-9.730	mission:Windurst:24:step-025	mesh-connected	37	1.530	0.000	1	1
159	Temple of Uggalepih	Tonberry Cutter	camp:v1:159:tonberry-cutter:0e0cd04d83d57c8ee2d4	46.773	-153.111	0.005	1801925498	124	Yhoator Jungle	198.942	300.020	-17.706	mission:Windurst:24:step-025	mesh-no-path	1	478.327	0.000	1	1
159	Temple of Uggalepih	Tonberry Cutter	camp:v1:159:tonberry-cutter:0e0cd04d83d57c8ee2d4	46.773	-153.111	0.005	812070010	160	Den of Rancor	432.013	216.472	5.353	mission:Windurst:24:step-025	mesh-no-path	1	533.882	0.000	1	1
159	Temple of Uggalepih	Tonberry Cutter	camp:v1:159:tonberry-cutter:0e0cd04d83d57c8ee2d4	46.773	-153.111	0.005	845624442	160	Den of Rancor	8.340	15.884	5.039	mission:Windurst:24:step-025	mesh-no-path	1	173.383	0.000	1	1
159	Temple of Uggalepih	Tonberry Cutter	camp:v1:159:tonberry-cutter:0e0cd04d83d57c8ee2d4	46.773	-153.111	0.005	879178874	160	Den of Rancor	-231.602	-103.515	5.049	mission:Windurst:24:step-025	mesh-no-path	1	282.804	0.000	1	1
159	Temple of Uggalepih	Tonberry Cutter	camp:v1:159:tonberry-cutter:0e0cd04d83d57c8ee2d4	46.773	-153.111	0.005	912733306	160	Den of Rancor	-16.737	31.905	5.220	mission:Windurst:24:step-025	mesh-no-path	1	195.682	0.000	1	1
159	Temple of Uggalepih	Tonberry Cutter	camp:v1:159:tonberry-cutter:0e0cd04d83d57c8ee2d4	46.773	-153.111	0.005	812266618	163	Sacrificial Chamber	-231.701	64.605	3.273	mission:Windurst:24:step-025	mesh-no-path	1	353.495	0.000	1	1
159	Temple of Uggalepih	Tonberry Cutter	camp:v1:159:tonberry-cutter:1ee7dad320d5838a25ec	-219.491	-18.894	-0.059	1667707770	124	Yhoator Jungle	179.986	41.971	-9.694	mission:Windurst:24:step-025	mesh-no-path	1	404.202	0.000	1	1
159	Temple of Uggalepih	Tonberry Cutter	camp:v1:159:tonberry-cutter:1ee7dad320d5838a25ec	-219.491	-18.894	-0.059	1701262202	124	Yhoator Jungle	59.996	81.988	-9.598	mission:Windurst:24:step-025	mesh-no-path	1	297.290	0.000	1	1
159	Temple of Uggalepih	Tonberry Cutter	camp:v1:159:tonberry-cutter:1ee7dad320d5838a25ec	-219.491	-18.894	-0.059	1734816634	124	Yhoator Jungle	-59.956	81.957	-9.725	mission:Windurst:24:step-025	mesh-connected	24	1.266	0.000	1	1
159	Temple of Uggalepih	Tonberry Cutter	camp:v1:159:tonberry-cutter:1ee7dad320d5838a25ec	-219.491	-18.894	-0.059	1768371066	124	Yhoator Jungle	238.951	179.998	-9.730	mission:Windurst:24:step-025	mesh-no-path	1	499.821	0.000	1	1
159	Temple of Uggalepih	Tonberry Cutter	camp:v1:159:tonberry-cutter:1ee7dad320d5838a25ec	-219.491	-18.894	-0.059	1801925498	124	Yhoator Jungle	198.942	300.020	-17.706	mission:Windurst:24:step-025	mesh-no-path	1	526.406	0.000	1	1
159	Temple of Uggalepih	Tonberry Cutter	camp:v1:159:tonberry-cutter:1ee7dad320d5838a25ec	-219.491	-18.894	-0.059	812070010	160	Den of Rancor	432.013	216.472	5.353	mission:Windurst:24:step-025	mesh-no-path	1	692.737	0.000	1	1
159	Temple of Uggalepih	Tonberry Cutter	camp:v1:159:tonberry-cutter:1ee7dad320d5838a25ec	-219.491	-18.894	-0.059	845624442	160	Den of Rancor	8.340	15.884	5.039	mission:Windurst:24:step-025	mesh-no-path	1	230.526	0.000	1	1
159	Temple of Uggalepih	Tonberry Cutter	camp:v1:159:tonberry-cutter:1ee7dad320d5838a25ec	-219.491	-18.894	-0.059	879178874	160	Den of Rancor	-231.602	-103.515	5.049	mission:Windurst:24:step-025	mesh-no-path	1	85.636	0.000	1	1
159	Temple of Uggalepih	Tonberry Cutter	camp:v1:159:tonberry-cutter:1ee7dad320d5838a25ec	-219.491	-18.894	-0.059	912733306	160	Den of Rancor	-16.737	31.905	5.220	mission:Windurst:24:step-025	mesh-connected	51	1.847	0.000	1	1
159	Temple of Uggalepih	Tonberry Cutter	camp:v1:159:tonberry-cutter:1ee7dad320d5838a25ec	-219.491	-18.894	-0.059	812266618	163	Sacrificial Chamber	-231.701	64.605	3.273	mission:Windurst:24:step-025	mesh-no-path	1	84.453	0.000	1	1
159	Temple of Uggalepih	Tonberry Cutter	camp:v1:159:tonberry-cutter:4cb723dbbd2e0c19776e	178.000	-58.000	-0.005	1667707770	124	Yhoator Jungle	179.986	41.971	-9.694	mission:Windurst:24:step-025	mesh-connected	14	1.457	0.000	1	1
159	Temple of Uggalepih	Tonberry Cutter	camp:v1:159:tonberry-cutter:4cb723dbbd2e0c19776e	178.000	-58.000	-0.005	1701262202	124	Yhoator Jungle	59.996	81.988	-9.598	mission:Windurst:24:step-025	mesh-connected	18	1.341	0.000	1	1
159	Temple of Uggalepih	Tonberry Cutter	camp:v1:159:tonberry-cutter:4cb723dbbd2e0c19776e	178.000	-58.000	-0.005	1734816634	124	Yhoator Jungle	-59.956	81.957	-9.725	mission:Windurst:24:step-025	mesh-no-path	1	276.234	0.000	1	1
159	Temple of Uggalepih	Tonberry Cutter	camp:v1:159:tonberry-cutter:4cb723dbbd2e0c19776e	178.000	-58.000	-0.005	1768371066	124	Yhoator Jungle	238.951	179.998	-9.730	mission:Windurst:24:step-025	mesh-connected	26	1.530	0.000	1	1
159	Temple of Uggalepih	Tonberry Cutter	camp:v1:159:tonberry-cutter:4cb723dbbd2e0c19776e	178.000	-58.000	-0.005	1801925498	124	Yhoator Jungle	198.942	300.020	-17.706	mission:Windurst:24:step-025	mesh-no-path	1	359.069	0.000	1	1
159	Temple of Uggalepih	Tonberry Cutter	camp:v1:159:tonberry-cutter:4cb723dbbd2e0c19776e	178.000	-58.000	-0.005	812070010	160	Den of Rancor	432.013	216.472	5.353	mission:Windurst:24:step-025	mesh-no-path	1	374.014	0.000	1	1
159	Temple of Uggalepih	Tonberry Cutter	camp:v1:159:tonberry-cutter:4cb723dbbd2e0c19776e	178.000	-58.000	-0.005	845624442	160	Den of Rancor	8.340	15.884	5.039	mission:Windurst:24:step-025	mesh-no-path	1	185.118	0.000	1	1
159	Temple of Uggalepih	Tonberry Cutter	camp:v1:159:tonberry-cutter:4cb723dbbd2e0c19776e	178.000	-58.000	-0.005	879178874	160	Den of Rancor	-231.602	-103.515	5.049	mission:Windurst:24:step-025	mesh-no-path	1	412.154	0.000	1	1
159	Temple of Uggalepih	Tonberry Cutter	camp:v1:159:tonberry-cutter:4cb723dbbd2e0c19776e	178.000	-58.000	-0.005	912733306	160	Den of Rancor	-16.737	31.905	5.220	mission:Windurst:24:step-025	mesh-no-path	1	214.552	0.000	1	1
159	Temple of Uggalepih	Tonberry Cutter	camp:v1:159:tonberry-cutter:4cb723dbbd2e0c19776e	178.000	-58.000	-0.005	812266618	163	Sacrificial Chamber	-231.701	64.605	3.273	mission:Windurst:24:step-025	mesh-no-path	1	427.665	0.000	1	1
159	Temple of Uggalepih	Tonberry Cutter	camp:v1:159:tonberry-cutter:582ba9d27072a932673d	-150.859	-49.856	0.000	1667707770	124	Yhoator Jungle	179.986	41.971	-9.694	mission:Windurst:24:step-025	mesh-no-path	1	343.489	0.000	1	1
159	Temple of Uggalepih	Tonberry Cutter	camp:v1:159:tonberry-cutter:582ba9d27072a932673d	-150.859	-49.856	0.000	1701262202	124	Yhoator Jungle	59.996	81.988	-9.598	mission:Windurst:24:step-025	mesh-no-path	1	248.867	0.000	1	1
159	Temple of Uggalepih	Tonberry Cutter	camp:v1:159:tonberry-cutter:582ba9d27072a932673d	-150.859	-49.856	0.000	1734816634	124	Yhoator Jungle	-59.956	81.957	-9.725	mission:Windurst:24:step-025	mesh-connected	21	1.266	0.000	1	1
159	Temple of Uggalepih	Tonberry Cutter	camp:v1:159:tonberry-cutter:582ba9d27072a932673d	-150.859	-49.856	0.000	1768371066	124	Yhoator Jungle	238.951	179.998	-9.730	mission:Windurst:24:step-025	mesh-no-path	1	452.636	0.000	1	1
159	Temple of Uggalepih	Tonberry Cutter	camp:v1:159:tonberry-cutter:582ba9d27072a932673d	-150.859	-49.856	0.000	1801925498	124	Yhoator Jungle	198.942	300.020	-17.706	mission:Windurst:24:step-025	mesh-no-path	1	495.063	0.000	1	1
159	Temple of Uggalepih	Tonberry Cutter	camp:v1:159:tonberry-cutter:582ba9d27072a932673d	-150.859	-49.856	0.000	812070010	160	Den of Rancor	432.013	216.472	5.353	mission:Windurst:24:step-025	mesh-no-path	1	640.858	0.000	1	1
159	Temple of Uggalepih	Tonberry Cutter	camp:v1:159:tonberry-cutter:582ba9d27072a932673d	-150.859	-49.856	0.000	845624442	160	Den of Rancor	8.340	15.884	5.039	mission:Windurst:24:step-025	mesh-no-path	1	172.312	0.000	1	1
159	Temple of Uggalepih	Tonberry Cutter	camp:v1:159:tonberry-cutter:582ba9d27072a932673d	-150.859	-49.856	0.000	879178874	160	Den of Rancor	-231.602	-103.515	5.049	mission:Windurst:24:step-025	mesh-no-path	1	97.078	0.000	1	1
159	Temple of Uggalepih	Tonberry Cutter	camp:v1:159:tonberry-cutter:582ba9d27072a932673d	-150.859	-49.856	0.000	912733306	160	Den of Rancor	-16.737	31.905	5.220	mission:Windurst:24:step-025	mesh-connected	30	1.847	0.000	1	1
159	Temple of Uggalepih	Tonberry Cutter	camp:v1:159:tonberry-cutter:582ba9d27072a932673d	-150.859	-49.856	0.000	812266618	163	Sacrificial Chamber	-231.701	64.605	3.273	mission:Windurst:24:step-025	mesh-no-path	1	140.169	0.000	1	1
159	Temple of Uggalepih	Tonberry Cutter	camp:v1:159:tonberry-cutter:6df2192828008c318c45	259.396	92.559	0.000	1667707770	124	Yhoator Jungle	179.986	41.971	-9.694	mission:Windurst:24:step-025	mesh-connected	14	1.457	0.000	1	1
159	Temple of Uggalepih	Tonberry Cutter	camp:v1:159:tonberry-cutter:6df2192828008c318c45	259.396	92.559	0.000	1701262202	124	Yhoator Jungle	59.996	81.988	-9.598	mission:Windurst:24:step-025	mesh-connected	31	1.341	0.000	1	1
159	Temple of Uggalepih	Tonberry Cutter	camp:v1:159:tonberry-cutter:6df2192828008c318c45	259.396	92.559	0.000	1734816634	124	Yhoator Jungle	-59.956	81.957	-9.725	mission:Windurst:24:step-025	mesh-no-path	1	319.676	0.000	1	1
159	Temple of Uggalepih	Tonberry Cutter	camp:v1:159:tonberry-cutter:6df2192828008c318c45	259.396	92.559	0.000	1768371066	124	Yhoator Jungle	238.951	179.998	-9.730	mission:Windurst:24:step-025	mesh-connected	13	1.530	0.000	1	1
159	Temple of Uggalepih	Tonberry Cutter	camp:v1:159:tonberry-cutter:6df2192828008c318c45	259.396	92.559	0.000	1801925498	124	Yhoator Jungle	198.942	300.020	-17.706	mission:Windurst:24:step-025	mesh-no-path	1	216.814	0.000	1	1
159	Temple of Uggalepih	Tonberry Cutter	camp:v1:159:tonberry-cutter:6df2192828008c318c45	259.396	92.559	0.000	812070010	160	Den of Rancor	432.013	216.472	5.353	mission:Windurst:24:step-025	mesh-no-path	1	212.555	0.000	1	1
159	Temple of Uggalepih	Tonberry Cutter	camp:v1:159:tonberry-cutter:6df2192828008c318c45	259.396	92.559	0.000	845624442	160	Den of Rancor	8.340	15.884	5.039	mission:Windurst:24:step-025	mesh-no-path	1	262.552	0.000	1	1
159	Temple of Uggalepih	Tonberry Cutter	camp:v1:159:tonberry-cutter:6df2192828008c318c45	259.396	92.559	0.000	879178874	160	Den of Rancor	-231.602	-103.515	5.049	mission:Windurst:24:step-025	mesh-no-path	1	528.724	0.000	1	1
159	Temple of Uggalepih	Tonberry Cutter	camp:v1:159:tonberry-cutter:6df2192828008c318c45	259.396	92.559	0.000	912733306	160	Den of Rancor	-16.737	31.905	5.220	mission:Windurst:24:step-025	mesh-no-path	1	282.764	0.000	1	1
159	Temple of Uggalepih	Tonberry Cutter	camp:v1:159:tonberry-cutter:6df2192828008c318c45	259.396	92.559	0.000	812266618	163	Sacrificial Chamber	-231.701	64.605	3.273	mission:Windurst:24:step-025	mesh-no-path	1	491.903	0.000	1	1
159	Temple of Uggalepih	Tonberry Cutter	camp:v1:159:tonberry-cutter:b004ec2f5ccebddfb9a1	-138.000	20.000	-0.018	1667707770	124	Yhoator Jungle	179.986	41.971	-9.694	mission:Windurst:24:step-025	mesh-no-path	1	318.891	0.000	1	1
159	Temple of Uggalepih	Tonberry Cutter	camp:v1:159:tonberry-cutter:b004ec2f5ccebddfb9a1	-138.000	20.000	-0.018	1701262202	124	Yhoator Jungle	59.996	81.988	-9.598	mission:Windurst:24:step-025	mesh-no-path	1	207.694	0.000	1	1
159	Temple of Uggalepih	Tonberry Cutter	camp:v1:159:tonberry-cutter:b004ec2f5ccebddfb9a1	-138.000	20.000	-0.018	1734816634	124	Yhoator Jungle	-59.956	81.957	-9.725	mission:Windurst:24:step-025	mesh-connected	11	1.266	0.000	1	1
159	Temple of Uggalepih	Tonberry Cutter	camp:v1:159:tonberry-cutter:b004ec2f5ccebddfb9a1	-138.000	20.000	-0.018	1768371066	124	Yhoator Jungle	238.951	179.998	-9.730	mission:Windurst:24:step-025	mesh-no-path	1	409.617	0.000	1	1
159	Temple of Uggalepih	Tonberry Cutter	camp:v1:159:tonberry-cutter:b004ec2f5ccebddfb9a1	-138.000	20.000	-0.018	1801925498	124	Yhoator Jungle	198.942	300.020	-17.706	mission:Windurst:24:step-025	mesh-no-path	1	438.468	0.000	1	1
159	Temple of Uggalepih	Tonberry Cutter	camp:v1:159:tonberry-cutter:b004ec2f5ccebddfb9a1	-138.000	20.000	-0.018	812070010	160	Den of Rancor	432.013	216.472	5.353	mission:Windurst:24:step-025	mesh-no-path	1	602.947	0.000	1	1
159	Temple of Uggalepih	Tonberry Cutter	camp:v1:159:tonberry-cutter:b004ec2f5ccebddfb9a1	-138.000	20.000	-0.018	845624442	160	Den of Rancor	8.340	15.884	5.039	mission:Windurst:24:step-025	mesh-no-path	1	146.485	0.000	1	1
159	Temple of Uggalepih	Tonberry Cutter	camp:v1:159:tonberry-cutter:b004ec2f5ccebddfb9a1	-138.000	20.000	-0.018	879178874	160	Den of Rancor	-231.602	-103.515	5.049	mission:Windurst:24:step-025	mesh-no-path	1	155.058	0.000	1	1
159	Temple of Uggalepih	Tonberry Cutter	camp:v1:159:tonberry-cutter:b004ec2f5ccebddfb9a1	-138.000	20.000	-0.018	912733306	160	Den of Rancor	-16.737	31.905	5.220	mission:Windurst:24:step-025	mesh-connected	37	1.847	0.000	1	1
159	Temple of Uggalepih	Tonberry Cutter	camp:v1:159:tonberry-cutter:b004ec2f5ccebddfb9a1	-138.000	20.000	-0.018	812266618	163	Sacrificial Chamber	-231.701	64.605	3.273	mission:Windurst:24:step-025	mesh-no-path	1	103.828	0.000	1	1
159	Temple of Uggalepih	Tonberry Cutter	camp:v1:159:tonberry-cutter:e36dc0fe182b0d133fbf	100.000	33.000	-0.023	1667707770	124	Yhoator Jungle	179.986	41.971	-9.694	mission:Windurst:24:step-025	mesh-connected	25	1.457	0.000	1	1
159	Temple of Uggalepih	Tonberry Cutter	camp:v1:159:tonberry-cutter:e36dc0fe182b0d133fbf	100.000	33.000	-0.023	1701262202	124	Yhoator Jungle	59.996	81.988	-9.598	mission:Windurst:24:step-025	mesh-connected	8	1.341	0.000	1	1
159	Temple of Uggalepih	Tonberry Cutter	camp:v1:159:tonberry-cutter:e36dc0fe182b0d133fbf	100.000	33.000	-0.023	1734816634	124	Yhoator Jungle	-59.956	81.957	-9.725	mission:Windurst:24:step-025	mesh-no-path	1	167.561	0.000	1	1
159	Temple of Uggalepih	Tonberry Cutter	camp:v1:159:tonberry-cutter:e36dc0fe182b0d133fbf	100.000	33.000	-0.023	1768371066	124	Yhoator Jungle	238.951	179.998	-9.730	mission:Windurst:24:step-025	mesh-connected	37	1.530	0.000	1	1
159	Temple of Uggalepih	Tonberry Cutter	camp:v1:159:tonberry-cutter:e36dc0fe182b0d133fbf	100.000	33.000	-0.023	1801925498	124	Yhoator Jungle	198.942	300.020	-17.706	mission:Windurst:24:step-025	mesh-no-path	1	285.310	0.000	1	1
159	Temple of Uggalepih	Tonberry Cutter	camp:v1:159:tonberry-cutter:e36dc0fe182b0d133fbf	100.000	33.000	-0.023	812070010	160	Den of Rancor	432.013	216.472	5.353	mission:Windurst:24:step-025	mesh-no-path	1	379.373	0.000	1	1
159	Temple of Uggalepih	Tonberry Cutter	camp:v1:159:tonberry-cutter:e36dc0fe182b0d133fbf	100.000	33.000	-0.023	845624442	160	Den of Rancor	8.340	15.884	5.039	mission:Windurst:24:step-025	mesh-no-path	1	93.382	0.000	1	1
159	Temple of Uggalepih	Tonberry Cutter	camp:v1:159:tonberry-cutter:e36dc0fe182b0d133fbf	100.000	33.000	-0.023	879178874	160	Den of Rancor	-231.602	-103.515	5.049	mission:Windurst:24:step-025	mesh-no-path	1	358.639	0.000	1	1
159	Temple of Uggalepih	Tonberry Cutter	camp:v1:159:tonberry-cutter:e36dc0fe182b0d133fbf	100.000	33.000	-0.023	912733306	160	Den of Rancor	-16.737	31.905	5.220	mission:Windurst:24:step-025	mesh-no-path	1	116.860	0.000	1	1
159	Temple of Uggalepih	Tonberry Cutter	camp:v1:159:tonberry-cutter:e36dc0fe182b0d133fbf	100.000	33.000	-0.023	812266618	163	Sacrificial Chamber	-231.701	64.605	3.273	mission:Windurst:24:step-025	mesh-no-path	1	333.220	0.000	1	1
159	Temple of Uggalepih	Tonberry Stabber	camp:v1:159:tonberry-stabber:32f6ab000368737d7264	-40.197	21.171	-24.500	1667707770	124	Yhoator Jungle	179.986	41.971	-9.694	mission:San d'Oria:22:step-008	mesh-no-path	1	221.658	0.000	1	1
159	Temple of Uggalepih	Tonberry Stabber	camp:v1:159:tonberry-stabber:32f6ab000368737d7264	-40.197	21.171	-24.500	1701262202	124	Yhoator Jungle	59.996	81.988	-9.598	mission:San d'Oria:22:step-008	mesh-no-path	1	118.150	0.000	1	1
159	Temple of Uggalepih	Tonberry Stabber	camp:v1:159:tonberry-stabber:32f6ab000368737d7264	-40.197	21.171	-24.500	1734816634	124	Yhoator Jungle	-59.956	81.957	-9.725	mission:San d'Oria:22:step-008	mesh-connected	45	1.266	0.000	1	1
159	Temple of Uggalepih	Tonberry Stabber	camp:v1:159:tonberry-stabber:32f6ab000368737d7264	-40.197	21.171	-24.500	1768371066	124	Yhoator Jungle	238.951	179.998	-9.730	mission:San d'Oria:22:step-008	mesh-no-path	1	321.509	0.000	1	1
159	Temple of Uggalepih	Tonberry Stabber	camp:v1:159:tonberry-stabber:32f6ab000368737d7264	-40.197	21.171	-24.500	1801925498	124	Yhoator Jungle	198.942	300.020	-17.706	mission:San d'Oria:22:step-008	mesh-no-path	1	367.410	0.000	1	1
159	Temple of Uggalepih	Tonberry Stabber	camp:v1:159:tonberry-stabber:32f6ab000368737d7264	-40.197	21.171	-24.500	812070010	160	Den of Rancor	432.013	216.472	5.353	mission:San d'Oria:22:step-008	mesh-no-path	1	511.875	0.000	1	1
159	Temple of Uggalepih	Tonberry Stabber	camp:v1:159:tonberry-stabber:32f6ab000368737d7264	-40.197	21.171	-24.500	845624442	160	Den of Rancor	8.340	15.884	5.039	mission:San d'Oria:22:step-008	mesh-no-path	1	57.064	0.000	1	1
159	Temple of Uggalepih	Tonberry Stabber	camp:v1:159:tonberry-stabber:32f6ab000368737d7264	-40.197	21.171	-24.500	879178874	160	Den of Rancor	-231.602	-103.515	5.049	mission:San d'Oria:22:step-008	mesh-no-path	1	230.338	0.000	1	1
159	Temple of Uggalepih	Tonberry Stabber	camp:v1:159:tonberry-stabber:32f6ab000368737d7264	-40.197	21.171	-24.500	912733306	160	Den of Rancor	-16.737	31.905	5.220	mission:San d'Oria:22:step-008	mesh-connected	38	1.847	0.000	1	1
159	Temple of Uggalepih	Tonberry Stabber	camp:v1:159:tonberry-stabber:32f6ab000368737d7264	-40.197	21.171	-24.500	812266618	163	Sacrificial Chamber	-231.701	64.605	3.273	mission:San d'Oria:22:step-008	mesh-no-path	1	198.322	0.000	1	1
159	Temple of Uggalepih	Tonberry Stabber	camp:v1:159:tonberry-stabber:7b7aceca63a5ee82b600	392.465	270.998	0.000	1667707770	124	Yhoator Jungle	179.986	41.971	-9.694	mission:San d'Oria:22:step-008	mesh-no-path	1	312.561	0.000	1	1
159	Temple of Uggalepih	Tonberry Stabber	camp:v1:159:tonberry-stabber:7b7aceca63a5ee82b600	392.465	270.998	0.000	1701262202	124	Yhoator Jungle	59.996	81.988	-9.598	mission:San d'Oria:22:step-008	mesh-no-path	1	382.560	0.000	1	1
159	Temple of Uggalepih	Tonberry Stabber	camp:v1:159:tonberry-stabber:7b7aceca63a5ee82b600	392.465	270.998	0.000	1734816634	124	Yhoator Jungle	-59.956	81.957	-9.725	mission:San d'Oria:22:step-008	mesh-no-path	1	490.424	0.000	1	1
159	Temple of Uggalepih	Tonberry Stabber	camp:v1:159:tonberry-stabber:7b7aceca63a5ee82b600	392.465	270.998	0.000	1768371066	124	Yhoator Jungle	238.951	179.998	-9.730	mission:San d'Oria:22:step-008	mesh-no-path	1	178.724	0.000	1	1
159	Temple of Uggalepih	Tonberry Stabber	camp:v1:159:tonberry-stabber:7b7aceca63a5ee82b600	392.465	270.998	0.000	1801925498	124	Yhoator Jungle	198.942	300.020	-17.706	mission:San d'Oria:22:step-008	mesh-connected	22	1.506	0.000	1	1
159	Temple of Uggalepih	Tonberry Stabber	camp:v1:159:tonberry-stabber:7b7aceca63a5ee82b600	392.465	270.998	0.000	812070010	160	Den of Rancor	432.013	216.472	5.353	mission:San d'Oria:22:step-008	mesh-connected	12	1.834	0.000	1	1
159	Temple of Uggalepih	Tonberry Stabber	camp:v1:159:tonberry-stabber:7b7aceca63a5ee82b600	392.465	270.998	0.000	845624442	160	Den of Rancor	8.340	15.884	5.039	mission:San d'Oria:22:step-008	mesh-no-path	1	461.151	0.000	1	1
159	Temple of Uggalepih	Tonberry Stabber	camp:v1:159:tonberry-stabber:7b7aceca63a5ee82b600	392.465	270.998	0.000	879178874	160	Den of Rancor	-231.602	-103.515	5.049	mission:San d'Oria:22:step-008	mesh-no-path	1	727.836	0.000	1	1
159	Temple of Uggalepih	Tonberry Stabber	camp:v1:159:tonberry-stabber:7b7aceca63a5ee82b600	392.465	270.998	0.000	912733306	160	Den of Rancor	-16.737	31.905	5.220	mission:San d'Oria:22:step-008	mesh-no-path	1	473.961	0.000	1	1
159	Temple of Uggalepih	Tonberry Stabber	camp:v1:159:tonberry-stabber:7b7aceca63a5ee82b600	392.465	270.998	0.000	812266618	163	Sacrificial Chamber	-231.701	64.605	3.273	mission:San d'Oria:22:step-008	mesh-no-path	1	657.413	0.000	1	1
159	Temple of Uggalepih	Tonberry Stabber	camp:v1:159:tonberry-stabber:cf0536ab39b8a75fc1e5	-211.000	7.000	1.000	1667707770	124	Yhoator Jungle	179.986	41.971	-9.694	mission:San d'Oria:22:step-008	mesh-no-path	1	392.692	0.000	1	1
159	Temple of Uggalepih	Tonberry Stabber	camp:v1:159:tonberry-stabber:cf0536ab39b8a75fc1e5	-211.000	7.000	1.000	1701262202	124	Yhoator Jungle	59.996	81.988	-9.598	mission:San d'Oria:22:step-008	mesh-no-path	1	281.379	0.000	1	1
159	Temple of Uggalepih	Tonberry Stabber	camp:v1:159:tonberry-stabber:cf0536ab39b8a75fc1e5	-211.000	7.000	1.000	1734816634	124	Yhoator Jungle	-59.956	81.957	-9.725	mission:San d'Oria:22:step-008	mesh-connected	23	1.266	0.000	1	1
159	Temple of Uggalepih	Tonberry Stabber	camp:v1:159:tonberry-stabber:cf0536ab39b8a75fc1e5	-211.000	7.000	1.000	1768371066	124	Yhoator Jungle	238.951	179.998	-9.730	mission:San d'Oria:22:step-008	mesh-no-path	1	482.182	0.000	1	1
159	Temple of Uggalepih	Tonberry Stabber	camp:v1:159:tonberry-stabber:cf0536ab39b8a75fc1e5	-211.000	7.000	1.000	1801925498	124	Yhoator Jungle	198.942	300.020	-17.706	mission:San d'Oria:22:step-008	mesh-no-path	1	504.245	0.000	1	1
159	Temple of Uggalepih	Tonberry Stabber	camp:v1:159:tonberry-stabber:cf0536ab39b8a75fc1e5	-211.000	7.000	1.000	812070010	160	Den of Rancor	432.013	216.472	5.353	mission:San d'Oria:22:step-008	mesh-no-path	1	676.286	0.000	1	1
159	Temple of Uggalepih	Tonberry Stabber	camp:v1:159:tonberry-stabber:cf0536ab39b8a75fc1e5	-211.000	7.000	1.000	845624442	160	Den of Rancor	8.340	15.884	5.039	mission:San d'Oria:22:step-008	mesh-no-path	1	219.557	0.000	1	1
159	Temple of Uggalepih	Tonberry Stabber	camp:v1:159:tonberry-stabber:cf0536ab39b8a75fc1e5	-211.000	7.000	1.000	879178874	160	Den of Rancor	-231.602	-103.515	5.049	mission:San d'Oria:22:step-008	mesh-no-path	1	112.492	0.000	1	1
159	Temple of Uggalepih	Tonberry Stabber	camp:v1:159:tonberry-stabber:cf0536ab39b8a75fc1e5	-211.000	7.000	1.000	912733306	160	Den of Rancor	-16.737	31.905	5.220	mission:San d'Oria:22:step-008	mesh-connected	50	1.847	0.000	1	1
159	Temple of Uggalepih	Tonberry Stabber	camp:v1:159:tonberry-stabber:cf0536ab39b8a75fc1e5	-211.000	7.000	1.000	812266618	163	Sacrificial Chamber	-231.701	64.605	3.273	mission:San d'Oria:22:step-008	mesh-no-path	1	61.254	0.000	1	1
159	Temple of Uggalepih	Tonberry Stabber	camp:v1:159:tonberry-stabber:e19834140c1350884a7e	-31.476	-138.671	-17.000	1667707770	124	Yhoator Jungle	179.986	41.971	-9.694	mission:San d'Oria:22:step-008	mesh-no-path	1	278.211	0.000	1	1
159	Temple of Uggalepih	Tonberry Stabber	camp:v1:159:tonberry-stabber:e19834140c1350884a7e	-31.476	-138.671	-17.000	1701262202	124	Yhoator Jungle	59.996	81.988	-9.598	mission:San d'Oria:22:step-008	mesh-no-path	1	238.982	0.000	1	1
159	Temple of Uggalepih	Tonberry Stabber	camp:v1:159:tonberry-stabber:e19834140c1350884a7e	-31.476	-138.671	-17.000	1734816634	124	Yhoator Jungle	-59.956	81.957	-9.725	mission:San d'Oria:22:step-008	mesh-connected	37	1.266	0.000	1	1
159	Temple of Uggalepih	Tonberry Stabber	camp:v1:159:tonberry-stabber:e19834140c1350884a7e	-31.476	-138.671	-17.000	1768371066	124	Yhoator Jungle	238.951	179.998	-9.730	mission:San d'Oria:22:step-008	mesh-no-path	1	418.011	0.000	1	1
159	Temple of Uggalepih	Tonberry Stabber	camp:v1:159:tonberry-stabber:e19834140c1350884a7e	-31.476	-138.671	-17.000	1801925498	124	Yhoator Jungle	198.942	300.020	-17.706	mission:San d'Oria:22:step-008	mesh-no-path	1	495.523	0.000	1	1
159	Temple of Uggalepih	Tonberry Stabber	camp:v1:159:tonberry-stabber:e19834140c1350884a7e	-31.476	-138.671	-17.000	812070010	160	Den of Rancor	432.013	216.472	5.353	mission:San d'Oria:22:step-008	mesh-no-path	1	584.336	0.000	1	1
159	Temple of Uggalepih	Tonberry Stabber	camp:v1:159:tonberry-stabber:e19834140c1350884a7e	-31.476	-138.671	-17.000	845624442	160	Den of Rancor	8.340	15.884	5.039	mission:San d'Oria:22:step-008	mesh-no-path	1	161.116	0.000	1	1
159	Temple of Uggalepih	Tonberry Stabber	camp:v1:159:tonberry-stabber:e19834140c1350884a7e	-31.476	-138.671	-17.000	879178874	160	Den of Rancor	-231.602	-103.515	5.049	mission:San d'Oria:22:step-008	mesh-no-path	1	204.383	0.000	1	1
159	Temple of Uggalepih	Tonberry Stabber	camp:v1:159:tonberry-stabber:e19834140c1350884a7e	-31.476	-138.671	-17.000	912733306	160	Den of Rancor	-16.737	31.905	5.220	mission:San d'Oria:22:step-008	mesh-connected	26	1.847	0.000	1	1
159	Temple of Uggalepih	Tonberry Stabber	camp:v1:159:tonberry-stabber:e19834140c1350884a7e	-31.476	-138.671	-17.000	812266618	163	Sacrificial Chamber	-231.701	64.605	3.273	mission:San d'Oria:22:step-008	mesh-no-path	1	286.046	0.000	1	1
159	Temple of Uggalepih	Tonberry Stabber	camp:v1:159:tonberry-stabber:ff34633b7dcacc98e24a	231.000	268.000	-7.000	1667707770	124	Yhoator Jungle	179.986	41.971	-9.694	mission:San d'Oria:22:step-008	mesh-no-path	1	231.730	0.000	1	1
159	Temple of Uggalepih	Tonberry Stabber	camp:v1:159:tonberry-stabber:ff34633b7dcacc98e24a	231.000	268.000	-7.000	1701262202	124	Yhoator Jungle	59.996	81.988	-9.598	mission:San d'Oria:22:step-008	mesh-no-path	1	252.685	0.000	1	1
159	Temple of Uggalepih	Tonberry Stabber	camp:v1:159:tonberry-stabber:ff34633b7dcacc98e24a	231.000	268.000	-7.000	1734816634	124	Yhoator Jungle	-59.956	81.957	-9.725	mission:San d'Oria:22:step-008	mesh-no-path	1	345.362	0.000	1	1
159	Temple of Uggalepih	Tonberry Stabber	camp:v1:159:tonberry-stabber:ff34633b7dcacc98e24a	231.000	268.000	-7.000	1768371066	124	Yhoator Jungle	238.951	179.998	-9.730	mission:San d'Oria:22:step-008	mesh-no-path	1	88.403	0.000	1	1
159	Temple of Uggalepih	Tonberry Stabber	camp:v1:159:tonberry-stabber:ff34633b7dcacc98e24a	231.000	268.000	-7.000	1801925498	124	Yhoator Jungle	198.942	300.020	-17.706	mission:San d'Oria:22:step-008	mesh-connected	6	1.506	0.000	1	1
159	Temple of Uggalepih	Tonberry Stabber	camp:v1:159:tonberry-stabber:ff34633b7dcacc98e24a	231.000	268.000	-7.000	812070010	160	Den of Rancor	432.013	216.472	5.353	mission:San d'Oria:22:step-008	mesh-connected	23	1.834	0.000	1	1
159	Temple of Uggalepih	Tonberry Stabber	camp:v1:159:tonberry-stabber:ff34633b7dcacc98e24a	231.000	268.000	-7.000	845624442	160	Den of Rancor	8.340	15.884	5.039	mission:San d'Oria:22:step-008	mesh-no-path	1	336.578	0.000	1	1
159	Temple of Uggalepih	Tonberry Stabber	camp:v1:159:tonberry-stabber:ff34633b7dcacc98e24a	231.000	268.000	-7.000	879178874	160	Den of Rancor	-231.602	-103.515	5.049	mission:San d'Oria:22:step-008	mesh-no-path	1	593.438	0.000	1	1
159	Temple of Uggalepih	Tonberry Stabber	camp:v1:159:tonberry-stabber:ff34633b7dcacc98e24a	231.000	268.000	-7.000	912733306	160	Den of Rancor	-16.737	31.905	5.220	mission:San d'Oria:22:step-008	mesh-no-path	1	342.438	0.000	1	1
159	Temple of Uggalepih	Tonberry Stabber	camp:v1:159:tonberry-stabber:ff34633b7dcacc98e24a	231.000	268.000	-7.000	812266618	163	Sacrificial Chamber	-231.701	64.605	3.273	mission:San d'Oria:22:step-008	mesh-no-path	1	505.537	0.000	1	1
160	Den of Rancor	Tonberry Slasher	camp:v1:160:tonberry-slasher:198a5787c4dbe9042080	417.368	304.131	25.726	1835479930	124	Yhoator Jungle	260.019	319.871	-15.728	mission:San d'Oria:22:step-011,mission:San d'Oria:22:step-012	mesh-connected	38	1.509	0.000	1	1
160	Den of Rancor	Tonberry Slasher	camp:v1:160:tonberry-slasher:198a5787c4dbe9042080	417.368	304.131	25.726	1634088058	159	Temple of Uggalepih	460.003	236.893	-15.531	mission:San d'Oria:22:step-011,mission:San d'Oria:22:step-012	mesh-connected	36	2.071	0.000	1	1
160	Den of Rancor	Tonberry Slasher	camp:v1:160:tonberry-slasher:198a5787c4dbe9042080	417.368	304.131	25.726	1667642490	159	Temple of Uggalepih	20.019	36.936	4.681	mission:San d'Oria:22:step-011,mission:San d'Oria:22:step-012	mesh-no-path	1	479.294	0.000	1	1
160	Den of Rancor	Tonberry Slasher	camp:v1:160:tonberry-slasher:198a5787c4dbe9042080	417.368	304.131	25.726	1701196922	159	Temple of Uggalepih	-219.972	-83.082	4.738	mission:San d'Oria:22:step-011,mission:San d'Oria:22:step-012	mesh-no-path	1	746.041	0.000	1	1
160	Den of Rancor	Tonberry Slasher	camp:v1:160:tonberry-slasher:198a5787c4dbe9042080	417.368	304.131	25.726	1734751354	159	Temple of Uggalepih	-36.018	19.986	5.194	mission:San d'Oria:22:step-011,mission:San d'Oria:22:step-012	mesh-no-path	1	535.461	0.000	1	1
160	Den of Rancor	Tonberry Slasher	camp:v1:160:tonberry-slasher:198a5787c4dbe9042080	417.368	304.131	25.726	845821050	163	Sacrificial Chamber	-100.848	55.405	43.910	mission:San d'Oria:22:step-011,mission:San d'Oria:22:step-012	mesh-no-path	1	575.103	0.000	1	1
160	Den of Rancor	Tonberry Slasher	camp:v1:160:tonberry-slasher:198a5787c4dbe9042080	417.368	304.131	25.726	813053306	211	Cloister of Tides	196.421	-60.319	34.595	mission:San d'Oria:22:step-011,mission:San d'Oria:22:step-012	mesh-no-path	1	426.286	0.000	1	1
160	Den of Rancor	Tonberry Slasher	camp:v1:160:tonberry-slasher:198a5787c4dbe9042080	417.368	304.131	25.726	846607738	211	Cloister of Tides	179.837	-157.074	13.394	mission:San d'Oria:22:step-011,mission:San d'Oria:22:step-012	mesh-no-path	1	518.925	0.000	1	1
160	Den of Rancor	Tonberry Slasher	camp:v1:160:tonberry-slasher:2bc65960d387ee1ebe6c	-60.000	-85.000	16.000	1835479930	124	Yhoator Jungle	260.019	319.871	-15.728	mission:San d'Oria:22:step-011,mission:San d'Oria:22:step-012	mesh-no-path	1	517.049	0.000	1	1
160	Den of Rancor	Tonberry Slasher	camp:v1:160:tonberry-slasher:2bc65960d387ee1ebe6c	-60.000	-85.000	16.000	1634088058	159	Temple of Uggalepih	460.003	236.893	-15.531	mission:San d'Oria:22:step-011,mission:San d'Oria:22:step-012	mesh-no-path	1	612.383	0.000	1	1
160	Den of Rancor	Tonberry Slasher	camp:v1:160:tonberry-slasher:2bc65960d387ee1ebe6c	-60.000	-85.000	16.000	1667642490	159	Temple of Uggalepih	20.019	36.936	4.681	mission:San d'Oria:22:step-011,mission:San d'Oria:22:step-012	mesh-connected	18	1.644	0.000	1	1
160	Den of Rancor	Tonberry Slasher	camp:v1:160:tonberry-slasher:2bc65960d387ee1ebe6c	-60.000	-85.000	16.000	1701196922	159	Temple of Uggalepih	-219.972	-83.082	4.738	mission:San d'Oria:22:step-011,mission:San d'Oria:22:step-012	mesh-no-path	1	160.379	0.000	1	1
160	Den of Rancor	Tonberry Slasher	camp:v1:160:tonberry-slasher:2bc65960d387ee1ebe6c	-60.000	-85.000	16.000	1734751354	159	Temple of Uggalepih	-36.018	19.986	5.194	mission:San d'Oria:22:step-011,mission:San d'Oria:22:step-012	mesh-connected	14	1.412	0.000	1	1
160	Den of Rancor	Tonberry Slasher	camp:v1:160:tonberry-slasher:2bc65960d387ee1ebe6c	-60.000	-85.000	16.000	845821050	163	Sacrificial Chamber	-100.848	55.405	43.910	mission:San d'Oria:22:step-011,mission:San d'Oria:22:step-012	mesh-connected	41	1.861	0.000	1	1
160	Den of Rancor	Tonberry Slasher	camp:v1:160:tonberry-slasher:2bc65960d387ee1ebe6c	-60.000	-85.000	16.000	813053306	211	Cloister of Tides	196.421	-60.319	34.595	mission:San d'Oria:22:step-011,mission:San d'Oria:22:step-012	mesh-no-path	1	258.276	0.000	1	1
160	Den of Rancor	Tonberry Slasher	camp:v1:160:tonberry-slasher:2bc65960d387ee1ebe6c	-60.000	-85.000	16.000	846607738	211	Cloister of Tides	179.837	-157.074	13.394	mission:San d'Oria:22:step-011,mission:San d'Oria:22:step-012	mesh-no-path	1	250.446	0.000	1	1
160	Den of Rancor	Tonberry Slasher	camp:v1:160:tonberry-slasher:84317b898453de05813b	-32.897	-280.915	25.773	1835479930	124	Yhoator Jungle	260.019	319.871	-15.728	mission:San d'Oria:22:step-011,mission:San d'Oria:22:step-012	mesh-no-path	1	669.676	0.000	1	1
160	Den of Rancor	Tonberry Slasher	camp:v1:160:tonberry-slasher:84317b898453de05813b	-32.897	-280.915	25.773	1634088058	159	Temple of Uggalepih	460.003	236.893	-15.531	mission:San d'Oria:22:step-011,mission:San d'Oria:22:step-012	mesh-no-path	1	716.088	0.000	1	1
160	Den of Rancor	Tonberry Slasher	camp:v1:160:tonberry-slasher:84317b898453de05813b	-32.897	-280.915	25.773	1667642490	159	Temple of Uggalepih	20.019	36.936	4.681	mission:San d'Oria:22:step-011,mission:San d'Oria:22:step-012	mesh-connected	45	1.644	0.000	1	1
160	Den of Rancor	Tonberry Slasher	camp:v1:160:tonberry-slasher:84317b898453de05813b	-32.897	-280.915	25.773	1701196922	159	Temple of Uggalepih	-219.972	-83.082	4.738	mission:San d'Oria:22:step-011,mission:San d'Oria:22:step-012	mesh-no-path	1	273.089	0.000	1	1
160	Den of Rancor	Tonberry Slasher	camp:v1:160:tonberry-slasher:84317b898453de05813b	-32.897	-280.915	25.773	1734751354	159	Temple of Uggalepih	-36.018	19.986	5.194	mission:San d'Oria:22:step-011,mission:San d'Oria:22:step-012	mesh-connected	42	1.412	0.000	1	1
160	Den of Rancor	Tonberry Slasher	camp:v1:160:tonberry-slasher:84317b898453de05813b	-32.897	-280.915	25.773	845821050	163	Sacrificial Chamber	-100.848	55.405	43.910	mission:San d'Oria:22:step-011,mission:San d'Oria:22:step-012	mesh-connected	71	1.861	0.000	1	1
160	Den of Rancor	Tonberry Slasher	camp:v1:160:tonberry-slasher:84317b898453de05813b	-32.897	-280.915	25.773	813053306	211	Cloister of Tides	196.421	-60.319	34.595	mission:San d'Oria:22:step-011,mission:San d'Oria:22:step-012	mesh-no-path	1	318.319	0.000	1	1
160	Den of Rancor	Tonberry Slasher	camp:v1:160:tonberry-slasher:84317b898453de05813b	-32.897	-280.915	25.773	846607738	211	Cloister of Tides	179.837	-157.074	13.394	mission:San d'Oria:22:step-011,mission:San d'Oria:22:step-012	mesh-no-path	1	246.466	0.000	1	1
160	Den of Rancor	Tonberry Slasher	camp:v1:160:tonberry-slasher:b8deb5e1719af1ef895a	104.000	-257.000	15.000	1835479930	124	Yhoator Jungle	260.019	319.871	-15.728	mission:San d'Oria:22:step-011,mission:San d'Oria:22:step-012	mesh-no-path	1	598.386	0.000	1	1
160	Den of Rancor	Tonberry Slasher	camp:v1:160:tonberry-slasher:b8deb5e1719af1ef895a	104.000	-257.000	15.000	1634088058	159	Temple of Uggalepih	460.003	236.893	-15.531	mission:San d'Oria:22:step-011,mission:San d'Oria:22:step-012	mesh-no-path	1	609.590	0.000	1	1
160	Den of Rancor	Tonberry Slasher	camp:v1:160:tonberry-slasher:b8deb5e1719af1ef895a	104.000	-257.000	15.000	1667642490	159	Temple of Uggalepih	20.019	36.936	4.681	mission:San d'Oria:22:step-011,mission:San d'Oria:22:step-012	mesh-connected	19	1.644	0.000	1	1
160	Den of Rancor	Tonberry Slasher	camp:v1:160:tonberry-slasher:b8deb5e1719af1ef895a	104.000	-257.000	15.000	1701196922	159	Temple of Uggalepih	-219.972	-83.082	4.738	mission:San d'Oria:22:step-011,mission:San d'Oria:22:step-012	mesh-no-path	1	367.846	0.000	1	1
160	Den of Rancor	Tonberry Slasher	camp:v1:160:tonberry-slasher:b8deb5e1719af1ef895a	104.000	-257.000	15.000	1734751354	159	Temple of Uggalepih	-36.018	19.986	5.194	mission:San d'Oria:22:step-011,mission:San d'Oria:22:step-012	mesh-connected	22	1.412	0.000	1	1
160	Den of Rancor	Tonberry Slasher	camp:v1:160:tonberry-slasher:b8deb5e1719af1ef895a	104.000	-257.000	15.000	845821050	163	Sacrificial Chamber	-100.848	55.405	43.910	mission:San d'Oria:22:step-011,mission:San d'Oria:22:step-012	mesh-connected	41	1.861	0.000	1	1
160	Den of Rancor	Tonberry Slasher	camp:v1:160:tonberry-slasher:b8deb5e1719af1ef895a	104.000	-257.000	15.000	813053306	211	Cloister of Tides	196.421	-60.319	34.595	mission:San d'Oria:22:step-011,mission:San d'Oria:22:step-012	mesh-no-path	1	218.195	0.000	1	1
160	Den of Rancor	Tonberry Slasher	camp:v1:160:tonberry-slasher:b8deb5e1719af1ef895a	104.000	-257.000	15.000	846607738	211	Cloister of Tides	179.837	-157.074	13.394	mission:San d'Oria:22:step-011,mission:San d'Oria:22:step-012	mesh-no-path	1	125.455	0.000	1	1
160	Den of Rancor	Tonberry Slasher	camp:v1:160:tonberry-slasher:d65d36a30afd4033445b	76.568	-165.687	15.606	1835479930	124	Yhoator Jungle	260.019	319.871	-15.728	mission:San d'Oria:22:step-011,mission:San d'Oria:22:step-012	mesh-no-path	1	520.003	0.000	1	1
160	Den of Rancor	Tonberry Slasher	camp:v1:160:tonberry-slasher:d65d36a30afd4033445b	76.568	-165.687	15.606	1634088058	159	Temple of Uggalepih	460.003	236.893	-15.531	mission:San d'Oria:22:step-011,mission:San d'Oria:22:step-012	mesh-no-path	1	556.833	0.000	1	1
160	Den of Rancor	Tonberry Slasher	camp:v1:160:tonberry-slasher:d65d36a30afd4033445b	76.568	-165.687	15.606	1667642490	159	Temple of Uggalepih	20.019	36.936	4.681	mission:San d'Oria:22:step-011,mission:San d'Oria:22:step-012	mesh-connected	13	1.644	0.000	1	1
160	Den of Rancor	Tonberry Slasher	camp:v1:160:tonberry-slasher:d65d36a30afd4033445b	76.568	-165.687	15.606	1701196922	159	Temple of Uggalepih	-219.972	-83.082	4.738	mission:San d'Oria:22:step-011,mission:San d'Oria:22:step-012	mesh-no-path	1	308.022	0.000	1	1
160	Den of Rancor	Tonberry Slasher	camp:v1:160:tonberry-slasher:d65d36a30afd4033445b	76.568	-165.687	15.606	1734751354	159	Temple of Uggalepih	-36.018	19.986	5.194	mission:San d'Oria:22:step-011,mission:San d'Oria:22:step-012	mesh-connected	15	1.412	0.000	1	1
160	Den of Rancor	Tonberry Slasher	camp:v1:160:tonberry-slasher:d65d36a30afd4033445b	76.568	-165.687	15.606	845821050	163	Sacrificial Chamber	-100.848	55.405	43.910	mission:San d'Oria:22:step-011,mission:San d'Oria:22:step-012	mesh-connected	38	1.861	0.000	1	1
160	Den of Rancor	Tonberry Slasher	camp:v1:160:tonberry-slasher:d65d36a30afd4033445b	76.568	-165.687	15.606	813053306	211	Cloister of Tides	196.421	-60.319	34.595	mission:San d'Oria:22:step-011,mission:San d'Oria:22:step-012	mesh-no-path	1	160.710	0.000	1	1
160	Den of Rancor	Tonberry Slasher	camp:v1:160:tonberry-slasher:d65d36a30afd4033445b	76.568	-165.687	15.606	846607738	211	Cloister of Tides	179.837	-157.074	13.394	mission:San d'Oria:22:step-011,mission:San d'Oria:22:step-012	mesh-no-path	1	103.651	0.000	1	1
160	Den of Rancor	Tonberry Slasher	camp:v1:160:tonberry-slasher:e09e615c9bbc978821c3	-140.000	-193.000	7.000	1835479930	124	Yhoator Jungle	260.019	319.871	-15.728	mission:San d'Oria:22:step-011,mission:San d'Oria:22:step-012	mesh-no-path	1	650.821	0.000	1	1
160	Den of Rancor	Tonberry Slasher	camp:v1:160:tonberry-slasher:e09e615c9bbc978821c3	-140.000	-193.000	7.000	1634088058	159	Temple of Uggalepih	460.003	236.893	-15.531	mission:San d'Oria:22:step-011,mission:San d'Oria:22:step-012	mesh-no-path	1	738.457	0.000	1	1
160	Den of Rancor	Tonberry Slasher	camp:v1:160:tonberry-slasher:e09e615c9bbc978821c3	-140.000	-193.000	7.000	1667642490	159	Temple of Uggalepih	20.019	36.936	4.681	mission:San d'Oria:22:step-011,mission:San d'Oria:22:step-012	mesh-connected	51	1.644	0.000	1	1
160	Den of Rancor	Tonberry Slasher	camp:v1:160:tonberry-slasher:e09e615c9bbc978821c3	-140.000	-193.000	7.000	1701196922	159	Temple of Uggalepih	-219.972	-83.082	4.738	mission:San d'Oria:22:step-011,mission:San d'Oria:22:step-012	mesh-no-path	1	135.951	0.000	1	1
160	Den of Rancor	Tonberry Slasher	camp:v1:160:tonberry-slasher:e09e615c9bbc978821c3	-140.000	-193.000	7.000	1734751354	159	Temple of Uggalepih	-36.018	19.986	5.194	mission:San d'Oria:22:step-011,mission:San d'Oria:22:step-012	mesh-connected	48	1.412	0.000	1	1
160	Den of Rancor	Tonberry Slasher	camp:v1:160:tonberry-slasher:e09e615c9bbc978821c3	-140.000	-193.000	7.000	845821050	163	Sacrificial Chamber	-100.848	55.405	43.910	mission:San d'Oria:22:step-011,mission:San d'Oria:22:step-012	mesh-connected	74	1.861	0.000	1	1
160	Den of Rancor	Tonberry Slasher	camp:v1:160:tonberry-slasher:e09e615c9bbc978821c3	-140.000	-193.000	7.000	813053306	211	Cloister of Tides	196.421	-60.319	34.595	mission:San d'Oria:22:step-011,mission:San d'Oria:22:step-012	mesh-no-path	1	362.691	0.000	1	1
160	Den of Rancor	Tonberry Slasher	camp:v1:160:tonberry-slasher:e09e615c9bbc978821c3	-140.000	-193.000	7.000	846607738	211	Cloister of Tides	179.837	-157.074	13.394	mission:San d'Oria:22:step-011,mission:San d'Oria:22:step-012	mesh-no-path	1	321.912	0.000	1	1
162	Castle Zvahl Keep	Home Point #1	object:v1:162:17441105	-554.000	66.000	-70.000	845689978	161	Castle Zvahl Baileys	62.014	-19.989	-1.907	mission:Bastok:16:step-026	mesh-no-path	1	625.703	0.000	1	1
162	Castle Zvahl Keep	Home Point #1	object:v1:162:17441105	-554.000	66.000	-70.000	812397690	165	Throne Room	-555.996	59.989	-71.691	mission:Bastok:16:step-026	mesh-connected	3	1.489	0.000	1	1
165	Throne Room	Shadow Lord	camp:v1:165:shadow-lord-phase-1:67179f7843894157b0ec	-1104.599	-719.917	-647.200	845755514	162	Castle Zvahl Keep	114.308	0.022	-7.639	mission:Windurst:16:step-023,mission:Windurst:16:step-024,mission:Windurst:16:step-030,mission:Windurst:16:step-033	mesh-no-path	1	1553.411	0.000	1	1
165	Throne Room	Shadow Lord	camp:v1:165:shadow-lord-phase-1:af0148190b7c34ba5ec6	-784.761	-479.932	-407.200	845755514	162	Castle Zvahl Keep	114.308	0.022	-7.639	mission:Windurst:16:step-023,mission:Windurst:16:step-024,mission:Windurst:16:step-030,mission:Windurst:16:step-033	mesh-no-path	1	1094.683	0.000	1	1
165	Throne Room	Shadow Lord	camp:v1:165:shadow-lord-phase-1:f7611b1d00fdf2f239f0	-464.527	-240.076	-167.200	845755514	162	Castle Zvahl Keep	114.308	0.022	-7.639	mission:Windurst:16:step-023,mission:Windurst:16:step-024,mission:Windurst:16:step-030,mission:Windurst:16:step-033	mesh-no-path	1	646.650	0.000	1	1
165	Throne Room	Shadow Lord	camp:v1:165:shadow-lord-phase-2:13e93c985a3c8b934ab8	-1104.599	-719.917	-647.200	845755514	162	Castle Zvahl Keep	114.308	0.022	-7.639	mission:Windurst:16:step-023,mission:Windurst:16:step-024,mission:Windurst:16:step-030,mission:Windurst:16:step-033	mesh-no-path	1	1553.411	0.000	1	1
165	Throne Room	Shadow Lord	camp:v1:165:shadow-lord-phase-2:2b8e99cdc836a636cfdf	-464.812	-239.941	-167.200	845755514	162	Castle Zvahl Keep	114.308	0.022	-7.639	mission:Windurst:16:step-023,mission:Windurst:16:step-024,mission:Windurst:16:step-030,mission:Windurst:16:step-033	mesh-no-path	1	646.855	0.000	1	1
165	Throne Room	Shadow Lord	camp:v1:165:shadow-lord-phase-2:f365c710fd260c86b89d	-784.761	-479.932	-407.200	845755514	162	Castle Zvahl Keep	114.308	0.022	-7.639	mission:Windurst:16:step-023,mission:Windurst:16:step-024,mission:Windurst:16:step-030,mission:Windurst:16:step-033	mesh-no-path	1	1094.683	0.000	1	1
165	Throne Room	Shadow Lord	npc:v1:165:17453309	-408.348	-239.746	-166.749	845755514	162	Castle Zvahl Keep	114.308	0.022	-7.639	mission:Windurst:16:step-023,mission:Windurst:16:step-024,mission:Windurst:16:step-030,mission:Windurst:16:step-033	mesh-no-path	1	596.636	0.000	1	1
165	Throne Room	Shadow Lord	npc:v1:165:17453310	-408.348	-239.746	-166.749	845755514	162	Castle Zvahl Keep	114.308	0.022	-7.639	mission:Windurst:16:step-023,mission:Windurst:16:step-024,mission:Windurst:16:step-030,mission:Windurst:16:step-033	mesh-no-path	1	596.636	0.000	1	1
165	Throne Room	Throne Room	npc:v1:165:17453301	-115.849	0.000	-8.657	845755514	162	Castle Zvahl Keep	114.308	0.022	-7.639	mission:Bastok:16:step-006,mission:Bastok:16:step-007,mission:Bastok:16:step-026,mission:Bastok:24:step-004,mission:San d'Oria:16:step-009,mission:San d'Oria:16:step-011,mission:San d'Oria:16:step-031,mission:Windurst:16:step-008,mission:Windurst:16:step-016	mesh-connected	3	1.453	0.000	1	1
167	Bostaunieux Oubliette	Couchatorage	npc:v1:167:17461515	-20.502	17.765	-18.000	1702048378	100	West Ronfaure	-379.994	-237.249	-9.351	mission:San d'Oria:19:step-008,mission:San d'Oria:19:step-009	mesh-no-path	1	440.842	0.000	1	1
167	Bostaunieux Oubliette	Couchatorage	npc:v1:167:17461515	-20.502	17.765	-18.000	845690490	233	Chateau d'Oraguille	99.978	72.867	-25.647	mission:San d'Oria:19:step-008,mission:San d'Oria:19:step-009	mesh-connected	7	1.529	0.000	1	1
167	Bostaunieux Oubliette	Garm	camp:v1:167:garm:1a927c81172283183449	-59.881	-149.115	0.033	1702048378	100	West Ronfaure	-379.994	-237.249	-9.351	mission:San d'Oria:19:step-008	mesh-connected	35	1.358	0.000	1	1
167	Bostaunieux Oubliette	Garm	camp:v1:167:garm:1a927c81172283183449	-59.881	-149.115	0.033	845690490	233	Chateau d'Oraguille	99.978	72.867	-25.647	mission:San d'Oria:19:step-008	mesh-no-path	1	274.755	0.000	1	1
167	Bostaunieux Oubliette	Garm	camp:v1:167:garm:2b9dfc6cd66e7455fee5	-97.158	-247.967	-0.095	1702048378	100	West Ronfaure	-379.994	-237.249	-9.351	mission:San d'Oria:19:step-008	mesh-connected	30	1.358	0.000	1	1
167	Bostaunieux Oubliette	Garm	camp:v1:167:garm:2b9dfc6cd66e7455fee5	-97.158	-247.967	-0.095	845690490	233	Chateau d'Oraguille	99.978	72.867	-25.647	mission:San d'Oria:19:step-008	mesh-no-path	1	377.425	0.000	1	1
167	Bostaunieux Oubliette	Garm	camp:v1:167:garm:a486f49180e158c06a80	-248.385	-178.714	-0.267	1702048378	100	West Ronfaure	-379.994	-237.249	-9.351	mission:San d'Oria:19:step-008	mesh-connected	12	1.358	0.000	1	1
167	Bostaunieux Oubliette	Garm	camp:v1:167:garm:a486f49180e158c06a80	-248.385	-178.714	-0.267	845690490	233	Chateau d'Oraguille	99.978	72.867	-25.647	mission:San d'Oria:19:step-008	mesh-no-path	1	430.458	0.000	1	1
167	Bostaunieux Oubliette	Haunt	camp:v1:167:haunt:04ecfeb244b193a5fda9	-96.952	-231.447	0.012	1702048378	100	West Ronfaure	-379.994	-237.249	-9.351	mission:San d'Oria:19:step-008	mesh-connected	29	1.358	0.000	1	1
167	Bostaunieux Oubliette	Haunt	camp:v1:167:haunt:04ecfeb244b193a5fda9	-96.952	-231.447	0.012	845690490	233	Chateau d'Oraguille	99.978	72.867	-25.647	mission:San d'Oria:19:step-008	mesh-no-path	1	363.382	0.000	1	1
167	Bostaunieux Oubliette	Haunt	camp:v1:167:haunt:dbc0c409b77b3a53f2db	-286.921	-178.149	-0.013	1702048378	100	West Ronfaure	-379.994	-237.249	-9.351	mission:San d'Oria:19:step-008	mesh-connected	11	1.358	0.000	1	1
167	Bostaunieux Oubliette	Haunt	camp:v1:167:haunt:dbc0c409b77b3a53f2db	-286.921	-178.149	-0.013	845690490	233	Chateau d'Oraguille	99.978	72.867	-25.647	mission:San d'Oria:19:step-008	mesh-no-path	1	461.906	0.000	1	1
167	Bostaunieux Oubliette	Survival Guide	object:v1:167:17461592	-11.700	25.377	0.020	1702048378	100	West Ronfaure	-379.994	-237.249	-9.351	mission:San d'Oria:19:step-008,mission:San d'Oria:19:step-009	mesh-connected	34	1.358	0.000	1	1
167	Bostaunieux Oubliette	Survival Guide	object:v1:167:17461592	-11.700	25.377	0.020	845690490	233	Chateau d'Oraguille	99.978	72.867	-25.647	mission:San d'Oria:19:step-008,mission:San d'Oria:19:step-009	mesh-no-path	1	124.041	0.000	1	1
169	Toraimarai Canal	Grounds Tome	object:v1:169:17469851	-308.216	256.842	15.999	812725370	170	Full Moon Fountain	-259.980	81.887	21.794	mission:Windurst:12:step-037	mesh-connected	72	2.006	0.000	1	1
169	Toraimarai Canal	Grounds Tome	object:v1:169:17469851	-308.216	256.842	15.999	846279802	170	Full Moon Fountain	-320.003	260.022	9.742	mission:Windurst:12:step-037	mesh-no-path	1	13.718	0.000	1	1
169	Toraimarai Canal	Grounds Tome	object:v1:169:17469851	-308.216	256.842	15.999	1667446138	192	Inner Horutoto Ruins	-339.995	278.013	5.941	mission:Windurst:12:step-037	mesh-connected	10	1.859	0.000	1	1
169	Toraimarai Canal	Grounds Tome	object:v1:169:17469851	-308.216	256.842	15.999	913192570	239	Windurst Walls	139.992	130.492	-2.169	mission:Windurst:12:step-037	mesh-connected	53	1.969	0.000	1	1
169	Toraimarai Canal	Grounds Tome	object:v1:169:17469852	183.394	80.344	16.000	812725370	170	Full Moon Fountain	-259.980	81.887	21.794	mission:Windurst:12:step-037	mesh-connected	71	2.006	0.000	1	1
169	Toraimarai Canal	Grounds Tome	object:v1:169:17469852	183.394	80.344	16.000	846279802	170	Full Moon Fountain	-320.003	260.022	9.742	mission:Windurst:12:step-037	mesh-no-path	1	534.539	0.000	1	1
169	Toraimarai Canal	Grounds Tome	object:v1:169:17469852	183.394	80.344	16.000	1667446138	192	Inner Horutoto Ruins	-339.995	278.013	5.941	mission:Windurst:12:step-037	mesh-connected	54	1.859	0.000	1	1
169	Toraimarai Canal	Grounds Tome	object:v1:169:17469852	183.394	80.344	16.000	913192570	239	Windurst Walls	139.992	130.492	-2.169	mission:Windurst:12:step-037	mesh-connected	7	1.969	0.000	1	1
169	Toraimarai Canal	Grounds Tome	object:v1:169:17469853	205.000	-137.500	15.982	812725370	170	Full Moon Fountain	-259.980	81.887	21.794	mission:Windurst:12:step-037	mesh-connected	110	2.006	0.000	1	1
169	Toraimarai Canal	Grounds Tome	object:v1:169:17469853	205.000	-137.500	15.982	846279802	170	Full Moon Fountain	-320.003	260.022	9.742	mission:Windurst:12:step-037	mesh-no-path	1	658.552	0.000	1	1
169	Toraimarai Canal	Grounds Tome	object:v1:169:17469853	205.000	-137.500	15.982	1667446138	192	Inner Horutoto Ruins	-339.995	278.013	5.941	mission:Windurst:12:step-037	mesh-connected	90	1.859	0.000	1	1
169	Toraimarai Canal	Grounds Tome	object:v1:169:17469853	205.000	-137.500	15.982	913192570	239	Windurst Walls	139.992	130.492	-2.169	mission:Windurst:12:step-037	mesh-connected	57	1.969	0.000	1	1
169	Toraimarai Canal	Grounds Tome	object:v1:169:17469854	-137.500	-45.000	15.999	812725370	170	Full Moon Fountain	-259.980	81.887	21.794	mission:Windurst:12:step-037	mesh-connected	49	2.006	0.000	1	1
169	Toraimarai Canal	Grounds Tome	object:v1:169:17469854	-137.500	-45.000	15.999	846279802	170	Full Moon Fountain	-320.003	260.022	9.742	mission:Windurst:12:step-037	mesh-no-path	1	355.507	0.000	1	1
169	Toraimarai Canal	Grounds Tome	object:v1:169:17469854	-137.500	-45.000	15.999	1667446138	192	Inner Horutoto Ruins	-339.995	278.013	5.941	mission:Windurst:12:step-037	mesh-connected	52	1.859	0.000	1	1
169	Toraimarai Canal	Grounds Tome	object:v1:169:17469854	-137.500	-45.000	15.999	913192570	239	Windurst Walls	139.992	130.492	-2.169	mission:Windurst:12:step-037	mesh-connected	51	1.969	0.000	1	1
169	Toraimarai Canal	Hinge Oil	camp:v1:169:hinge-oil:359c4f6b170c04ed4a32	75.444	-52.520	23.000	812725370	170	Full Moon Fountain	-259.980	81.887	21.794	mission:Windurst:19:step-003,mission:Windurst:19:step-007	mesh-no-path	1	361.353	0.000	1	1
169	Toraimarai Canal	Hinge Oil	camp:v1:169:hinge-oil:359c4f6b170c04ed4a32	75.444	-52.520	23.000	846279802	170	Full Moon Fountain	-320.003	260.022	9.742	mission:Windurst:19:step-003,mission:Windurst:19:step-007	mesh-no-path	1	504.219	0.000	1	1
169	Toraimarai Canal	Hinge Oil	camp:v1:169:hinge-oil:359c4f6b170c04ed4a32	75.444	-52.520	23.000	1667446138	192	Inner Horutoto Ruins	-339.995	278.013	5.941	mission:Windurst:19:step-003,mission:Windurst:19:step-007	mesh-no-path	1	531.162	0.000	1	1
169	Toraimarai Canal	Hinge Oil	camp:v1:169:hinge-oil:359c4f6b170c04ed4a32	75.444	-52.520	23.000	913192570	239	Windurst Walls	139.992	130.492	-2.169	mission:Windurst:19:step-003,mission:Windurst:19:step-007	mesh-no-path	1	195.687	0.000	1	1
169	Toraimarai Canal	Home Point #1	object:v1:169:17469857	-257.500	82.000	24.000	812725370	170	Full Moon Fountain	-259.980	81.887	21.794	mission:Windurst:17:step-046,mission:Windurst:17:step-055,mission:Windurst:17:step-070	mesh-connected	3	2.006	0.000	1	1
169	Toraimarai Canal	Home Point #1	object:v1:169:17469857	-257.500	82.000	24.000	846279802	170	Full Moon Fountain	-320.003	260.022	9.742	mission:Windurst:17:step-046,mission:Windurst:17:step-055,mission:Windurst:17:step-070	mesh-no-path	1	189.213	0.000	1	1
169	Toraimarai Canal	Home Point #1	object:v1:169:17469857	-257.500	82.000	24.000	1667446138	192	Inner Horutoto Ruins	-339.995	278.013	5.941	mission:Windurst:17:step-046,mission:Windurst:17:step-055,mission:Windurst:17:step-070	mesh-connected	78	1.859	0.000	1	1
169	Toraimarai Canal	Home Point #1	object:v1:169:17469857	-257.500	82.000	24.000	913192570	239	Windurst Walls	139.992	130.492	-2.169	mission:Windurst:17:step-046,mission:Windurst:17:step-055,mission:Windurst:17:step-070	mesh-connected	76	1.969	0.000	1	1
169	Toraimarai Canal	Marble Door	object:v1:169:17469799	138.749	-19.995	11.350	812725370	170	Full Moon Fountain	-259.980	81.887	21.794	mission:Windurst:19:step-007,mission:Windurst:19:step-012	mesh-connected	78	2.006	0.000	1	1
169	Toraimarai Canal	Marble Door	object:v1:169:17469799	138.749	-19.995	11.350	846279802	170	Full Moon Fountain	-320.003	260.022	9.742	mission:Windurst:19:step-007,mission:Windurst:19:step-012	mesh-no-path	1	537.462	0.000	1	1
169	Toraimarai Canal	Marble Door	object:v1:169:17469799	138.749	-19.995	11.350	1667446138	192	Inner Horutoto Ruins	-339.995	278.013	5.941	mission:Windurst:19:step-007,mission:Windurst:19:step-012	mesh-connected	59	1.859	0.000	1	1
169	Toraimarai Canal	Marble Door	object:v1:169:17469799	138.749	-19.995	11.350	913192570	239	Windurst Walls	139.992	130.492	-2.169	mission:Windurst:19:step-007,mission:Windurst:19:step-012	mesh-connected	47	1.969	0.000	1	1
169	Toraimarai Canal	Marble Door	object:v1:169:17469800	143.000	-28.599	11.102	812725370	170	Full Moon Fountain	-259.980	81.887	21.794	mission:Windurst:19:step-007,mission:Windurst:19:step-012	mesh-connected	81	2.006	0.000	1	1
169	Toraimarai Canal	Marble Door	object:v1:169:17469800	143.000	-28.599	11.102	846279802	170	Full Moon Fountain	-320.003	260.022	9.742	mission:Windurst:19:step-007,mission:Windurst:19:step-012	mesh-no-path	1	545.597	0.000	1	1
169	Toraimarai Canal	Marble Door	object:v1:169:17469800	143.000	-28.599	11.102	1667446138	192	Inner Horutoto Ruins	-339.995	278.013	5.941	mission:Windurst:19:step-007,mission:Windurst:19:step-012	mesh-connected	62	1.859	0.000	1	1
169	Toraimarai Canal	Marble Door	object:v1:169:17469800	143.000	-28.599	11.102	913192570	239	Windurst Walls	139.992	130.492	-2.169	mission:Windurst:19:step-007,mission:Windurst:19:step-012	mesh-connected	50	1.969	0.000	1	1
169	Toraimarai Canal	Marble Door	object:v1:169:17469801	149.647	-16.999	8.083	812725370	170	Full Moon Fountain	-259.980	81.887	21.794	mission:Windurst:19:step-007	mesh-no-path	1	421.617	0.000	1	1
169	Toraimarai Canal	Marble Door	object:v1:169:17469801	149.647	-16.999	8.083	846279802	170	Full Moon Fountain	-320.003	260.022	9.742	mission:Windurst:19:step-007	mesh-no-path	1	545.266	0.000	1	1
169	Toraimarai Canal	Marble Door	object:v1:169:17469801	149.647	-16.999	8.083	1667446138	192	Inner Horutoto Ruins	-339.995	278.013	5.941	mission:Windurst:19:step-007	mesh-no-path	1	571.652	0.000	1	1
169	Toraimarai Canal	Marble Door	object:v1:169:17469801	149.647	-16.999	8.083	913192570	239	Windurst Walls	139.992	130.492	-2.169	mission:Windurst:19:step-007	mesh-no-path	1	148.162	0.000	1	1
169	Toraimarai Canal	Star Sibyl	npc:v1:169:17469797	142.992	-24.203	12.999	812725370	170	Full Moon Fountain	-259.980	81.887	21.794	mission:Windurst:19:step-013	mesh-connected	80	2.006	0.000	1	1
169	Toraimarai Canal	Star Sibyl	npc:v1:169:17469797	142.992	-24.203	12.999	846279802	170	Full Moon Fountain	-320.003	260.022	9.742	mission:Windurst:19:step-013	mesh-no-path	1	543.285	0.000	1	1
169	Toraimarai Canal	Star Sibyl	npc:v1:169:17469797	142.992	-24.203	12.999	1667446138	192	Inner Horutoto Ruins	-339.995	278.013	5.941	mission:Windurst:19:step-013	mesh-connected	61	1.859	0.000	1	1
169	Toraimarai Canal	Star Sibyl	npc:v1:169:17469797	142.992	-24.203	12.999	913192570	239	Windurst Walls	139.992	130.492	-2.169	mission:Windurst:19:step-013	mesh-connected	49	1.969	0.000	1	1
169	Toraimarai Canal	Survival Guide	object:v1:169:17469856	-308.216	262.000	15.999	812725370	170	Full Moon Fountain	-259.980	81.887	21.794	mission:Windurst:12:step-024,mission:Windurst:12:step-037,mission:Windurst:17:step-039,mission:Windurst:22:step-046,mission:Windurst:22:step-048,mission:Windurst:24:step-033	mesh-connected	71	2.006	0.000	1	1
169	Toraimarai Canal	Survival Guide	object:v1:169:17469856	-308.216	262.000	15.999	846279802	170	Full Moon Fountain	-320.003	260.022	9.742	mission:Windurst:12:step-024,mission:Windurst:12:step-037,mission:Windurst:17:step-039,mission:Windurst:22:step-046,mission:Windurst:22:step-048,mission:Windurst:24:step-033	mesh-no-path	1	13.491	0.000	1	1
169	Toraimarai Canal	Survival Guide	object:v1:169:17469856	-308.216	262.000	15.999	1667446138	192	Inner Horutoto Ruins	-339.995	278.013	5.941	mission:Windurst:12:step-024,mission:Windurst:12:step-037,mission:Windurst:17:step-039,mission:Windurst:22:step-046,mission:Windurst:22:step-048,mission:Windurst:24:step-033	mesh-connected	10	1.859	0.000	1	1
169	Toraimarai Canal	Survival Guide	object:v1:169:17469856	-308.216	262.000	15.999	913192570	239	Windurst Walls	139.992	130.492	-2.169	mission:Windurst:12:step-024,mission:Windurst:12:step-037,mission:Windurst:17:step-039,mission:Windurst:22:step-046,mission:Windurst:22:step-048,mission:Windurst:24:step-033	mesh-connected	52	1.969	0.000	1	1
170	Full Moon Fountain	???	object:v1:170:17473752	-295.910	-263.256	11.999	879768698	169	Toraimarai Canal	-260.136	-325.702	2.090	mission:Windurst:24:step-035	mesh-connected	10	1.507	0.000	1	1
170	Full Moon Fountain	???	object:v1:170:17473752	-295.910	-263.256	11.999	913323130	169	Toraimarai Canal	405.990	420.062	2.111	mission:Windurst:24:step-035	mesh-no-path	1	979.635	0.000	1	1
170	Full Moon Fountain	Ace of Batons	camp:v1:170:ace-of-batons:1c8544db1bb0360b2ecc	335.000	-341.000	48.000	879768698	169	Toraimarai Canal	-260.136	-325.702	2.090	mission:Windurst:24:step-048	mesh-no-path	1	597.100	0.000	1	1
170	Full Moon Fountain	Ace of Batons	camp:v1:170:ace-of-batons:1c8544db1bb0360b2ecc	335.000	-341.000	48.000	913323130	169	Toraimarai Canal	405.990	420.062	2.111	mission:Windurst:24:step-048	mesh-no-path	1	765.742	0.000	1	1
170	Full Moon Fountain	Ace of Batons	camp:v1:170:ace-of-batons:50b2c1a925fb9549ef9f	-384.943	418.974	-52.000	879768698	169	Toraimarai Canal	-260.136	-325.702	2.090	mission:Windurst:24:step-048	mesh-no-path	1	756.997	0.000	1	1
170	Full Moon Fountain	Ace of Batons	camp:v1:170:ace-of-batons:50b2c1a925fb9549ef9f	-384.943	418.974	-52.000	913323130	169	Toraimarai Canal	405.990	420.062	2.111	mission:Windurst:24:step-048	mesh-no-path	1	792.783	0.000	1	1
170	Full Moon Fountain	Ace of Batons	camp:v1:170:ace-of-batons:55d26fdfd773a303954d	-65.097	58.967	10.000	879768698	169	Toraimarai Canal	-260.136	-325.702	2.090	mission:Windurst:24:step-048	mesh-no-path	1	431.362	0.000	1	1
170	Full Moon Fountain	Ace of Batons	camp:v1:170:ace-of-batons:55d26fdfd773a303954d	-65.097	58.967	10.000	913323130	169	Toraimarai Canal	405.990	420.062	2.111	mission:Windurst:24:step-048	mesh-no-path	1	593.612	0.000	1	1
170	Full Moon Fountain	Ace of Batons	npc:v1:170:17473740	-80.755	49.000	10.230	879768698	169	Toraimarai Canal	-260.136	-325.702	2.090	mission:Windurst:24:step-048	mesh-no-path	1	415.506	0.000	1	1
170	Full Moon Fountain	Ace of Batons	npc:v1:170:17473740	-80.755	49.000	10.230	913323130	169	Toraimarai Canal	405.990	420.062	2.111	mission:Windurst:24:step-048	mesh-no-path	1	612.106	0.000	1	1
170	Full Moon Fountain	Ace of Coins	camp:v1:170:ace-of-coins:014bc918ed257729c255	-378.943	418.974	-52.000	879768698	169	Toraimarai Canal	-260.136	-325.702	2.090	mission:Windurst:24:step-049	mesh-no-path	1	756.031	0.000	1	1
170	Full Moon Fountain	Ace of Coins	camp:v1:170:ace-of-coins:014bc918ed257729c255	-378.943	418.974	-52.000	913323130	169	Toraimarai Canal	405.990	420.062	2.111	mission:Windurst:24:step-049	mesh-no-path	1	786.797	0.000	1	1
170	Full Moon Fountain	Ace of Coins	camp:v1:170:ace-of-coins:4353d1aceb6e688af90c	341.000	-341.000	48.000	879768698	169	Toraimarai Canal	-260.136	-325.702	2.090	mission:Windurst:24:step-049	mesh-no-path	1	603.081	0.000	1	1
170	Full Moon Fountain	Ace of Coins	camp:v1:170:ace-of-coins:4353d1aceb6e688af90c	341.000	-341.000	48.000	913323130	169	Toraimarai Canal	405.990	420.062	2.111	mission:Windurst:24:step-049	mesh-no-path	1	765.209	0.000	1	1
170	Full Moon Fountain	Ace of Coins	camp:v1:170:ace-of-coins:6e48f91500a5fdf19875	-59.097	58.967	10.000	879768698	169	Toraimarai Canal	-260.136	-325.702	2.090	mission:Windurst:24:step-049	mesh-no-path	1	434.108	0.000	1	1
170	Full Moon Fountain	Ace of Coins	camp:v1:170:ace-of-coins:6e48f91500a5fdf19875	-59.097	58.967	10.000	913323130	169	Toraimarai Canal	405.990	420.062	2.111	mission:Windurst:24:step-049	mesh-no-path	1	588.861	0.000	1	1
170	Full Moon Fountain	Ace of Cups	camp:v1:170:ace-of-cups:2a2d59af32fd2fe5667d	-56.097	58.967	10.000	879768698	169	Toraimarai Canal	-260.136	-325.702	2.090	mission:Windurst:24:step-051	mesh-no-path	1	435.505	0.000	1	1
170	Full Moon Fountain	Ace of Cups	camp:v1:170:ace-of-cups:2a2d59af32fd2fe5667d	-56.097	58.967	10.000	913323130	169	Toraimarai Canal	405.990	420.062	2.111	mission:Windurst:24:step-051	mesh-no-path	1	586.495	0.000	1	1
170	Full Moon Fountain	Ace of Cups	camp:v1:170:ace-of-cups:48fef583e65d07ca8c6d	-375.943	418.974	-52.000	879768698	169	Toraimarai Canal	-260.136	-325.702	2.090	mission:Windurst:24:step-051	mesh-no-path	1	755.566	0.000	1	1
170	Full Moon Fountain	Ace of Cups	camp:v1:170:ace-of-cups:48fef583e65d07ca8c6d	-375.943	418.974	-52.000	913323130	169	Toraimarai Canal	405.990	420.062	2.111	mission:Windurst:24:step-051	mesh-no-path	1	783.804	0.000	1	1
170	Full Moon Fountain	Ace of Cups	camp:v1:170:ace-of-cups:a2d0960e2e1fa6d0cb21	344.000	-341.000	48.000	879768698	169	Toraimarai Canal	-260.136	-325.702	2.090	mission:Windurst:24:step-051	mesh-no-path	1	606.071	0.000	1	1
170	Full Moon Fountain	Ace of Cups	camp:v1:170:ace-of-cups:a2d0960e2e1fa6d0cb21	344.000	-341.000	48.000	913323130	169	Toraimarai Canal	405.990	420.062	2.111	mission:Windurst:24:step-051	mesh-no-path	1	764.960	0.000	1	1
170	Full Moon Fountain	Ace of Cups	npc:v1:170:17473739	-57.000	41.500	9.711	879768698	169	Toraimarai Canal	-260.136	-325.702	2.090	mission:Windurst:24:step-051	mesh-no-path	1	419.714	0.000	1	1
170	Full Moon Fountain	Ace of Cups	npc:v1:170:17473739	-57.000	41.500	9.711	913323130	169	Toraimarai Canal	405.990	420.062	2.111	mission:Windurst:24:step-051	mesh-no-path	1	598.103	0.000	1	1
170	Full Moon Fountain	Ace of Swords	camp:v1:170:ace-of-swords:344ad0702e1168eb4153	338.000	-341.000	48.000	879768698	169	Toraimarai Canal	-260.136	-325.702	2.090	mission:Windurst:24:step-050	mesh-no-path	1	600.090	0.000	1	1
170	Full Moon Fountain	Ace of Swords	camp:v1:170:ace-of-swords:344ad0702e1168eb4153	338.000	-341.000	48.000	913323130	169	Toraimarai Canal	405.990	420.062	2.111	mission:Windurst:24:step-050	mesh-no-path	1	765.470	0.000	1	1
170	Full Moon Fountain	Ace of Swords	camp:v1:170:ace-of-swords:9b453d7ec49cda98bfa2	-62.097	58.967	10.000	879768698	169	Toraimarai Canal	-260.136	-325.702	2.090	mission:Windurst:24:step-050	mesh-no-path	1	432.727	0.000	1	1
170	Full Moon Fountain	Ace of Swords	camp:v1:170:ace-of-swords:9b453d7ec49cda98bfa2	-62.097	58.967	10.000	913323130	169	Toraimarai Canal	405.990	420.062	2.111	mission:Windurst:24:step-050	mesh-no-path	1	591.234	0.000	1	1
170	Full Moon Fountain	Ace of Swords	camp:v1:170:ace-of-swords:ec03b9b867eec6aa4abb	-381.943	418.974	-52.000	879768698	169	Toraimarai Canal	-260.136	-325.702	2.090	mission:Windurst:24:step-050	mesh-no-path	1	756.508	0.000	1	1
170	Full Moon Fountain	Ace of Swords	camp:v1:170:ace-of-swords:ec03b9b867eec6aa4abb	-381.943	418.974	-52.000	913323130	169	Toraimarai Canal	405.990	420.062	2.111	mission:Windurst:24:step-050	mesh-no-path	1	789.790	0.000	1	1
170	Full Moon Fountain	Ace of Swords	npc:v1:170:17473738	-60.000	40.000	9.493	879768698	169	Toraimarai Canal	-260.136	-325.702	2.090	mission:Windurst:24:step-050	mesh-no-path	1	416.950	0.000	1	1
170	Full Moon Fountain	Ace of Swords	npc:v1:170:17473738	-60.000	40.000	9.493	913323130	169	Toraimarai Canal	405.990	420.062	2.111	mission:Windurst:24:step-050	mesh-no-path	1	601.372	0.000	1	1
170	Full Moon Fountain	Ajido-Marujido	npc:v1:170:17473693	-60.500	-5.305	11.996	879768698	169	Toraimarai Canal	-260.136	-325.702	2.090	mission:Windurst:24:step-057,mission:Windurst:24:step-058	mesh-no-path	1	377.633	0.000	1	1
170	Full Moon Fountain	Ajido-Marujido	npc:v1:170:17473693	-60.500	-5.305	11.996	913323130	169	Toraimarai Canal	405.990	420.062	2.111	mission:Windurst:24:step-057,mission:Windurst:24:step-058	mesh-no-path	1	631.386	0.000	1	1
170	Full Moon Fountain	Tatzlwurm	camp:v1:170:tatzlwurm:1e55cb4aa6480e9a44ac	360.000	-350.000	48.000	879768698	169	Toraimarai Canal	-260.136	-325.702	2.090	mission:Windurst:24:step-055	mesh-no-path	1	622.308	0.000	1	1
170	Full Moon Fountain	Tatzlwurm	camp:v1:170:tatzlwurm:1e55cb4aa6480e9a44ac	360.000	-350.000	48.000	913323130	169	Toraimarai Canal	405.990	420.062	2.111	mission:Windurst:24:step-055	mesh-no-path	1	772.798	0.000	1	1
170	Full Moon Fountain	Tatzlwurm	camp:v1:170:tatzlwurm:271295a592bff93aa88b	-40.097	49.967	10.000	879768698	169	Toraimarai Canal	-260.136	-325.702	2.090	mission:Windurst:24:step-055	mesh-no-path	1	435.439	0.000	1	1
170	Full Moon Fountain	Tatzlwurm	camp:v1:170:tatzlwurm:271295a592bff93aa88b	-40.097	49.967	10.000	913323130	169	Toraimarai Canal	405.990	420.062	2.111	mission:Windurst:24:step-055	mesh-no-path	1	579.678	0.000	1	1
170	Full Moon Fountain	Tatzlwurm	camp:v1:170:tatzlwurm:3fd9236ad38cf52e0749	-359.943	409.974	-52.000	879768698	169	Toraimarai Canal	-260.136	-325.702	2.090	mission:Windurst:24:step-055	mesh-no-path	1	744.383	0.000	1	1
170	Full Moon Fountain	Tatzlwurm	camp:v1:170:tatzlwurm:3fd9236ad38cf52e0749	-359.943	409.974	-52.000	913323130	169	Toraimarai Canal	405.990	420.062	2.111	mission:Windurst:24:step-055	mesh-no-path	1	767.908	0.000	1	1
172	Zeruhn Mines	Drake Fang	npc:v1:172:17481823	-77.049	59.073	0.007	812921978	173	Korroloka Tunnel	-270.707	-20.268	14.159	mission:Bastok:17:step-004,mission:Bastok:22:step-003,mission:Bastok:22:step-021	mesh-connected	16	1.535	0.000	1	1
172	Zeruhn Mines	Drake Fang	npc:v1:172:17481823	-77.049	59.073	0.007	879310458	234	Bastok Mines	20.510	4.019	-1.583	mission:Bastok:17:step-004,mission:Bastok:22:step-003,mission:Bastok:22:step-021	mesh-connected	13	1.462	0.000	1	1
172	Zeruhn Mines	Makarim	npc:v1:172:17481828	-60.925	-333.294	8.471	812921978	173	Korroloka Tunnel	-270.707	-20.268	14.159	mission:Bastok:1:step-007	mesh-connected	45	1.535	0.000	1	1
172	Zeruhn Mines	Makarim	npc:v1:172:17481828	-60.925	-333.294	8.471	879310458	234	Bastok Mines	20.510	4.019	-1.583	mission:Bastok:1:step-007	mesh-connected	41	1.462	0.000	1	1
172	Zeruhn Mines	Survival Guide	object:v1:172:17481856	-10.000	7.000	0.000	812921978	173	Korroloka Tunnel	-270.707	-20.268	14.159	mission:Bastok:17:step-005,mission:Bastok:22:step-004	mesh-connected	17	1.535	0.000	1	1
172	Zeruhn Mines	Survival Guide	object:v1:172:17481856	-10.000	7.000	0.000	879310458	234	Bastok Mines	20.510	4.019	-1.583	mission:Bastok:17:step-005,mission:Bastok:22:step-004	mesh-connected	3	1.462	0.000	1	1
174	Kuftal Tunnel	???	object:v1:174:17490253	64.485	90.463	24.152	808792954	113	Cape Teriggan	20.370	275.782	-21.104	mission:Bastok:22:step-005,mission:Bastok:22:step-008,mission:Bastok:22:step-011	mesh-connected	50	1.822	0.000	1	1
174	Kuftal Tunnel	???	object:v1:174:17490253	64.485	90.463	24.152	946353018	125	Western Altepa Desert	-20.008	-242.030	-22.161	mission:Bastok:22:step-005,mission:Bastok:22:step-008,mission:Bastok:22:step-011	mesh-connected	71	1.603	0.000	1	1
174	Kuftal Tunnel	???	object:v1:174:17490254	-25.238	-148.393	-12.785	808792954	113	Cape Teriggan	20.370	275.782	-21.104	mission:Bastok:22:step-005,mission:Bastok:22:step-008,mission:Bastok:22:step-011	mesh-connected	57	1.822	0.000	1	1
174	Kuftal Tunnel	???	object:v1:174:17490254	-25.238	-148.393	-12.785	946353018	125	Western Altepa Desert	-20.008	-242.030	-22.161	mission:Bastok:22:step-005,mission:Bastok:22:step-008,mission:Bastok:22:step-011	mesh-connected	22	1.603	0.000	1	1
174	Kuftal Tunnel	???	object:v1:174:17490255	200.608	99.380	11.249	808792954	113	Cape Teriggan	20.370	275.782	-21.104	mission:Bastok:22:step-005,mission:Bastok:22:step-008,mission:Bastok:22:step-011	mesh-connected	33	1.822	0.000	1	1
174	Kuftal Tunnel	???	object:v1:174:17490255	200.608	99.380	11.249	946353018	125	Western Altepa Desert	-20.008	-242.030	-22.161	mission:Bastok:22:step-005,mission:Bastok:22:step-008,mission:Bastok:22:step-011	mesh-connected	48	1.603	0.000	1	1
174	Kuftal Tunnel	???	object:v1:174:17490282	188.751	-25.532	19.073	808792954	113	Cape Teriggan	20.370	275.782	-21.104	mission:Bastok:22:step-005,mission:Bastok:22:step-008,mission:Bastok:22:step-011	mesh-connected	40	1.822	0.000	1	1
174	Kuftal Tunnel	???	object:v1:174:17490282	188.751	-25.532	19.073	946353018	125	Western Altepa Desert	-20.008	-242.030	-22.161	mission:Bastok:22:step-005,mission:Bastok:22:step-008,mission:Bastok:22:step-011	mesh-connected	55	1.603	0.000	1	1
174	Kuftal Tunnel	???	object:v1:174:17490293	-29.195	-183.716	-22.159	808792954	113	Cape Teriggan	20.370	275.782	-21.104	mission:Bastok:22:step-005,mission:Bastok:22:step-008,mission:Bastok:22:step-011	mesh-connected	57	1.822	0.000	1	1
174	Kuftal Tunnel	???	object:v1:174:17490293	-29.195	-183.716	-22.159	946353018	125	Western Altepa Desert	-20.008	-242.030	-22.161	mission:Bastok:22:step-005,mission:Bastok:22:step-008,mission:Bastok:22:step-011	mesh-connected	7	1.603	0.000	1	1
174	Kuftal Tunnel	???	object:v1:174:17490294	-27.964	-185.768	-10.358	808792954	113	Cape Teriggan	20.370	275.782	-21.104	mission:Bastok:22:step-005,mission:Bastok:22:step-008,mission:Bastok:22:step-011	mesh-connected	55	1.822	0.000	1	1
174	Kuftal Tunnel	???	object:v1:174:17490294	-27.964	-185.768	-10.358	946353018	125	Western Altepa Desert	-20.008	-242.030	-22.161	mission:Bastok:22:step-005,mission:Bastok:22:step-008,mission:Bastok:22:step-011	mesh-connected	19	1.603	0.000	1	1
174	Kuftal Tunnel	Cancer	camp:v1:174:cancer:2557321c9c1391f9ddf5	-21.291	-147.523	-10.899	808792954	113	Cape Teriggan	20.370	275.782	-21.104	mission:Bastok:22:step-011	mesh-connected	57	1.822	0.000	1	1
174	Kuftal Tunnel	Cancer	camp:v1:174:cancer:2557321c9c1391f9ddf5	-21.291	-147.523	-10.899	946353018	125	Western Altepa Desert	-20.008	-242.030	-22.161	mission:Bastok:22:step-011	mesh-connected	22	1.603	0.000	1	1
174	Kuftal Tunnel	Survival Guide	object:v1:174:17490330	-16.000	-237.000	-20.810	808792954	113	Cape Teriggan	20.370	275.782	-21.104	mission:Bastok:21:step-005,mission:Bastok:22:step-006,mission:Bastok:22:step-007,mission:San d'Oria:17:step-010	mesh-connected	62	1.822	0.000	1	1
174	Kuftal Tunnel	Survival Guide	object:v1:174:17490330	-16.000	-237.000	-20.810	946353018	125	Western Altepa Desert	-20.008	-242.030	-22.161	mission:Bastok:21:step-005,mission:Bastok:22:step-006,mission:Bastok:22:step-007,mission:San d'Oria:17:step-010	mesh-connected	3	1.603	0.000	1	1
184	Lower Delkfutt's Tower	???	object:v1:184:17531215	552.345	-32.449	0.043	879309690	126	Qufim Island	460.022	-103.442	-1.770	mission:San d'Oria:13:step-040	mesh-connected	13	1.692	0.000	1	1
184	Lower Delkfutt's Tower	???	object:v1:184:17531221	557.536	-37.725	0.574	879309690	126	Qufim Island	460.022	-103.442	-1.770	mission:San d'Oria:13:step-040	mesh-connected	12	1.692	0.000	1	1
184	Lower Delkfutt's Tower	???	object:v1:184:17531223	508.126	129.552	0.000	879309690	126	Qufim Island	460.022	-103.442	-1.770	mission:San d'Oria:13:step-040	mesh-connected	21	1.692	0.000	1	1
184	Lower Delkfutt's Tower	???	object:v1:184:17531224	548.231	-27.774	0.759	879309690	126	Qufim Island	460.022	-103.442	-1.770	mission:San d'Oria:13:step-040	mesh-no-path	1	116.245	0.000	1	1
184	Lower Delkfutt's Tower	Survival Guide	object:v1:184:17531239	464.000	-51.000	0.000	879309690	126	Qufim Island	460.022	-103.442	-1.770	mission:San d'Oria:13:step-019,mission:Windurst:13:step-009	mesh-connected	3	1.692	0.000	1	1
190	King Ranperre's Tomb	Corrupted Yorgos	camp:v1:190:corrupted-yorgos:1ca2c8ccce909e136156	-37.372	20.181	7.500	913584762	101	East Ronfaure	-129.996	256.499	-2.529	mission:San d'Oria:18:step-020	mesh-connected	115	2.400	0.000	1	1
190	King Ranperre's Tomb	Corrupted Yorgos	camp:v1:190:corrupted-yorgos:1ca2c8ccce909e136156	-37.372	20.181	7.500	947139194	101	East Ronfaure	57.415	300.784	5.482	mission:San d'Oria:18:step-020	mesh-connected	47	2.151	0.000	1	1
190	King Ranperre's Tomb	Corrupted Yorgos	camp:v1:190:corrupted-yorgos:1ca2c8ccce909e136156	-37.372	20.181	7.500	880226938	104	Jugner Forest	242.012	340.059	5.305	mission:San d'Oria:18:step-020	mesh-connected	62	1.627	0.000	1	1
190	King Ranperre's Tomb	Ding Bats	camp:v1:190:ding-bats:389d351b7fa71b47b883	12.000	-91.000	-0.377	913584762	101	East Ronfaure	-129.996	256.499	-2.529	mission:San d'Oria:2:step-005	mesh-connected	75	2.400	0.000	1	1
190	King Ranperre's Tomb	Ding Bats	camp:v1:190:ding-bats:389d351b7fa71b47b883	12.000	-91.000	-0.377	947139194	101	East Ronfaure	57.415	300.784	5.482	mission:San d'Oria:2:step-005	mesh-connected	56	2.151	0.000	1	1
190	King Ranperre's Tomb	Ding Bats	camp:v1:190:ding-bats:389d351b7fa71b47b883	12.000	-91.000	-0.377	880226938	104	Jugner Forest	242.012	340.059	5.305	mission:San d'Oria:2:step-005	mesh-connected	71	1.627	0.000	1	1
190	King Ranperre's Tomb	Ding Bats	camp:v1:190:ding-bats:461e4609e82a444d5389	-141.134	223.168	-0.500	913584762	101	East Ronfaure	-129.996	256.499	-2.529	mission:San d'Oria:2:step-005	mesh-connected	5	2.400	0.000	1	1
190	King Ranperre's Tomb	Ding Bats	camp:v1:190:ding-bats:461e4609e82a444d5389	-141.134	223.168	-0.500	947139194	101	East Ronfaure	57.415	300.784	5.482	mission:San d'Oria:2:step-005	mesh-connected	95	2.151	0.000	1	1
190	King Ranperre's Tomb	Ding Bats	camp:v1:190:ding-bats:461e4609e82a444d5389	-141.134	223.168	-0.500	880226938	104	Jugner Forest	242.012	340.059	5.305	mission:San d'Oria:2:step-005	mesh-connected	110	1.627	0.000	1	1
190	King Ranperre's Tomb	Ding Bats	camp:v1:190:ding-bats:4ddd4f53d83dee7f0b65	-83.716	-92.992	-1.406	913584762	101	East Ronfaure	-129.996	256.499	-2.529	mission:San d'Oria:2:step-005	mesh-connected	70	2.400	0.000	1	1
190	King Ranperre's Tomb	Ding Bats	camp:v1:190:ding-bats:4ddd4f53d83dee7f0b65	-83.716	-92.992	-1.406	947139194	101	East Ronfaure	57.415	300.784	5.482	mission:San d'Oria:2:step-005	mesh-connected	54	2.151	0.000	1	1
190	King Ranperre's Tomb	Ding Bats	camp:v1:190:ding-bats:4ddd4f53d83dee7f0b65	-83.716	-92.992	-1.406	880226938	104	Jugner Forest	242.012	340.059	5.305	mission:San d'Oria:2:step-005	mesh-connected	69	1.627	0.000	1	1
190	King Ranperre's Tomb	Heavy Stone Door	object:v1:190:17555990	-39.000	20.000	4.823	913584762	101	East Ronfaure	-129.996	256.499	-2.529	mission:San d'Oria:18:step-021,mission:San d'Oria:18:step-027	mesh-connected	115	2.400	0.000	1	1
190	King Ranperre's Tomb	Heavy Stone Door	object:v1:190:17555990	-39.000	20.000	4.823	947139194	101	East Ronfaure	57.415	300.784	5.482	mission:San d'Oria:18:step-021,mission:San d'Oria:18:step-027	mesh-connected	47	2.151	0.000	1	1
190	King Ranperre's Tomb	Heavy Stone Door	object:v1:190:17555990	-39.000	20.000	4.823	880226938	104	Jugner Forest	242.012	340.059	5.305	mission:San d'Oria:18:step-021,mission:San d'Oria:18:step-027	mesh-connected	62	1.627	0.000	1	1
190	King Ranperre's Tomb	Heavy Stone Door	object:v1:190:17555992	177.250	-300.000	4.000	913584762	101	East Ronfaure	-129.996	256.499	-2.529	mission:San d'Oria:18:step-021,mission:San d'Oria:18:step-027	mesh-no-path	1	635.715	0.000	1	1
190	King Ranperre's Tomb	Heavy Stone Door	object:v1:190:17555992	177.250	-300.000	4.000	947139194	101	East Ronfaure	57.415	300.784	5.482	mission:San d'Oria:18:step-021,mission:San d'Oria:18:step-027	mesh-no-path	1	612.621	0.000	1	1
190	King Ranperre's Tomb	Heavy Stone Door	object:v1:190:17555992	177.250	-300.000	4.000	880226938	104	Jugner Forest	242.012	340.059	5.305	mission:San d'Oria:18:step-021,mission:San d'Oria:18:step-027	mesh-no-path	1	643.328	0.000	1	1
190	King Ranperre's Tomb	Tombstone	npc:v1:190:17555989	1.000	-103.608	-1.419	913584762	101	East Ronfaure	-129.996	256.499	-2.529	mission:San d'Oria:2:step-009	mesh-connected	77	2.400	0.000	1	1
190	King Ranperre's Tomb	Tombstone	npc:v1:190:17555989	1.000	-103.608	-1.419	947139194	101	East Ronfaure	57.415	300.784	5.482	mission:San d'Oria:2:step-009	mesh-connected	56	2.151	0.000	1	1
190	King Ranperre's Tomb	Tombstone	npc:v1:190:17555989	1.000	-103.608	-1.419	880226938	104	Jugner Forest	242.012	340.059	5.305	mission:San d'Oria:2:step-009	mesh-connected	71	1.627	0.000	1	1
190	King Ranperre's Tomb	Tombstone	npc:v1:190:17555991	-73.594	20.130	7.585	913584762	101	East Ronfaure	-129.996	256.499	-2.529	mission:San d'Oria:2:step-009	mesh-connected	116	2.400	0.000	1	1
190	King Ranperre's Tomb	Tombstone	npc:v1:190:17555991	-73.594	20.130	7.585	947139194	101	East Ronfaure	57.415	300.784	5.482	mission:San d'Oria:2:step-009	mesh-connected	48	2.151	0.000	1	1
190	King Ranperre's Tomb	Tombstone	npc:v1:190:17555991	-73.594	20.130	7.585	880226938	104	Jugner Forest	242.012	340.059	5.305	mission:San d'Oria:2:step-009	mesh-connected	63	1.627	0.000	1	1
191	Dangruf Wadi	Grounds Tome	object:v1:191:17559936	-19.881	4.999	-0.300	1635332730	106	North Gustaberg	2.871	619.342	-2.986	mission:Bastok:2:step-013	mesh-no-path	1	614.770	0.000	1	1
191	Dangruf Wadi	Grounds Tome	object:v1:191:17559936	-19.881	4.999	-0.300	947532410	107	South Gustaberg	-4.025	0.016	-4.449	mission:Bastok:2:step-013	mesh-connected	3	3.703	0.000	1	1
191	Dangruf Wadi	Grounds Tome	object:v1:191:17559937	-23.094	599.453	-0.299	1635332730	106	North Gustaberg	2.871	619.342	-2.986	mission:Bastok:2:step-013	mesh-connected	7	2.640	0.000	1	1
191	Dangruf Wadi	Grounds Tome	object:v1:191:17559937	-23.094	599.453	-0.299	947532410	107	South Gustaberg	-4.025	0.016	-4.449	mission:Bastok:2:step-013	mesh-no-path	1	599.755	0.000	1	1
191	Dangruf Wadi	Steam Lizard	camp:v1:191:steam-lizard:292a7fd9c23107fe745f	-296.000	-81.000	3.000	1635332730	106	North Gustaberg	2.871	619.342	-2.986	mission:Bastok:5:step-003	mesh-no-path	1	761.471	0.000	1	1
191	Dangruf Wadi	Steam Lizard	camp:v1:191:steam-lizard:292a7fd9c23107fe745f	-296.000	-81.000	3.000	947532410	107	South Gustaberg	-4.025	0.016	-4.449	mission:Bastok:5:step-003	mesh-connected	37	3.703	0.000	1	1
192	Inner Horutoto Ruins	Battle Bat	camp:v1:192:battle-bat:8a13015911eab1550c41	-215.154	-163.698	0.500	1698116474	115	West Sarutabaruta	-200.937	59.994	-11.573	mission:Windurst:12:step-022	mesh-no-path	1	224.468	0.000	1	1
192	Inner Horutoto Ruins	Battle Bat	camp:v1:192:battle-bat:8a13015911eab1550c41	-215.154	-163.698	0.500	1631073146	116	East Sarutabaruta	437.101	180.014	-9.602	mission:Windurst:12:step-022	mesh-connected	72	1.302	0.000	1	1
192	Inner Horutoto Ruins	Battle Bat	camp:v1:192:battle-bat:8a13015911eab1550c41	-215.154	-163.698	0.500	812659834	169	Toraimarai Canal	-259.996	242.859	6.399	mission:Windurst:12:step-022	mesh-connected	34	1.407	0.000	1	1
192	Inner Horutoto Ruins	Battle Bat	camp:v1:192:battle-bat:f661c92a7ff2cbc5526a	-283.843	127.683	0.001	1698116474	115	West Sarutabaruta	-200.937	59.994	-11.573	mission:Windurst:12:step-022	mesh-no-path	1	107.653	0.000	1	1
192	Inner Horutoto Ruins	Battle Bat	camp:v1:192:battle-bat:f661c92a7ff2cbc5526a	-283.843	127.683	0.001	1631073146	116	East Sarutabaruta	437.101	180.014	-9.602	mission:Windurst:12:step-022	mesh-connected	93	1.302	0.000	1	1
192	Inner Horutoto Ruins	Battle Bat	camp:v1:192:battle-bat:f661c92a7ff2cbc5526a	-283.843	127.683	0.001	812659834	169	Toraimarai Canal	-259.996	242.859	6.399	mission:Windurst:12:step-022	mesh-connected	12	1.407	0.000	1	1
192	Inner Horutoto Ruins	Gate of Darkness	object:v1:192:17563897	-228.000	95.510	-1.924	1698116474	115	West Sarutabaruta	-200.937	59.994	-11.573	mission:Windurst:22:step-041,mission:Windurst:22:step-042,mission:Windurst:22:step-050	mesh-no-path	1	45.683	0.000	1	1
192	Inner Horutoto Ruins	Gate of Darkness	object:v1:192:17563897	-228.000	95.510	-1.924	1631073146	116	East Sarutabaruta	437.101	180.014	-9.602	mission:Windurst:22:step-041,mission:Windurst:22:step-042,mission:Windurst:22:step-050	mesh-connected	96	1.302	0.000	1	1
192	Inner Horutoto Ruins	Gate of Darkness	object:v1:192:17563897	-228.000	95.510	-1.924	812659834	169	Toraimarai Canal	-259.996	242.859	6.399	mission:Windurst:22:step-041,mission:Windurst:22:step-042,mission:Windurst:22:step-050	mesh-connected	17	1.407	0.000	1	1
192	Inner Horutoto Ruins	Gate: Magical Gizmo	object:v1:192:17563876	420.000	-30.375	-1.660	1698116474	115	West Sarutabaruta	-200.937	59.994	-11.573	mission:Windurst:1:step-017	mesh-no-path	1	627.557	0.000	1	1
192	Inner Horutoto Ruins	Gate: Magical Gizmo	object:v1:192:17563876	420.000	-30.375	-1.660	1631073146	116	East Sarutabaruta	437.101	180.014	-9.602	mission:Windurst:1:step-017	mesh-connected	30	1.302	0.000	1	1
192	Inner Horutoto Ruins	Gate: Magical Gizmo	object:v1:192:17563876	420.000	-30.375	-1.660	812659834	169	Toraimarai Canal	-259.996	242.859	6.399	mission:Windurst:1:step-017	mesh-connected	93	1.407	0.000	1	1
192	Inner Horutoto Ruins	Gate: Magical Gizmo	object:v1:192:17563894	-260.000	-230.376	-1.768	1698116474	115	West Sarutabaruta	-200.937	59.994	-11.573	mission:Windurst:1:step-017	mesh-no-path	1	296.478	0.000	1	1
192	Inner Horutoto Ruins	Gate: Magical Gizmo	object:v1:192:17563894	-260.000	-230.376	-1.768	1631073146	116	East Sarutabaruta	437.101	180.014	-9.602	mission:Windurst:1:step-017	mesh-connected	76	1.302	0.000	1	1
192	Inner Horutoto Ruins	Gate: Magical Gizmo	object:v1:192:17563894	-260.000	-230.376	-1.768	812659834	169	Toraimarai Canal	-259.996	242.859	6.399	mission:Windurst:1:step-017	mesh-connected	38	1.407	0.000	1	1
192	Inner Horutoto Ruins	Grounds Tome	object:v1:192:17563924	453.092	177.612	-8.000	1698116474	115	West Sarutabaruta	-200.937	59.994	-11.573	mission:Windurst:22:step-049,mission:Windurst:4:step-055	mesh-no-path	1	664.530	0.000	1	1
192	Inner Horutoto Ruins	Grounds Tome	object:v1:192:17563924	453.092	177.612	-8.000	1631073146	116	East Sarutabaruta	437.101	180.014	-9.602	mission:Windurst:22:step-049,mission:Windurst:4:step-055	mesh-connected	3	1.302	0.000	1	1
192	Inner Horutoto Ruins	Grounds Tome	object:v1:192:17563924	453.092	177.612	-8.000	812659834	169	Toraimarai Canal	-259.996	242.859	6.399	mission:Windurst:22:step-049,mission:Windurst:4:step-055	mesh-connected	97	1.407	0.000	1	1
192	Inner Horutoto Ruins	Grounds Tome	object:v1:192:17563925	-182.497	12.479	-11.000	1698116474	115	West Sarutabaruta	-200.937	59.994	-11.573	mission:Windurst:22:step-049,mission:Windurst:4:step-055	mesh-no-path	1	50.971	0.000	1	1
192	Inner Horutoto Ruins	Grounds Tome	object:v1:192:17563925	-182.497	12.479	-11.000	1631073146	116	East Sarutabaruta	437.101	180.014	-9.602	mission:Windurst:22:step-049,mission:Windurst:4:step-055	mesh-connected	88	1.302	0.000	1	1
192	Inner Horutoto Ruins	Grounds Tome	object:v1:192:17563925	-182.497	12.479	-11.000	812659834	169	Toraimarai Canal	-259.996	242.859	6.399	mission:Windurst:22:step-049,mission:Windurst:4:step-055	mesh-connected	31	1.407	0.000	1	1
192	Inner Horutoto Ruins	Grounds Tome	object:v1:192:17563926	8.340	15.559	-0.952	1698116474	115	West Sarutabaruta	-200.937	59.994	-11.573	mission:Windurst:22:step-049,mission:Windurst:4:step-055	mesh-no-path	1	214.206	0.000	1	1
192	Inner Horutoto Ruins	Grounds Tome	object:v1:192:17563926	8.340	15.559	-0.952	1631073146	116	East Sarutabaruta	437.101	180.014	-9.602	mission:Windurst:22:step-049,mission:Windurst:4:step-055	mesh-connected	54	1.302	0.000	1	1
192	Inner Horutoto Ruins	Grounds Tome	object:v1:192:17563926	8.340	15.559	-0.952	812659834	169	Toraimarai Canal	-259.996	242.859	6.399	mission:Windurst:22:step-049,mission:Windurst:4:step-055	mesh-connected	76	1.407	0.000	1	1
192	Inner Horutoto Ruins	Survival Guide	object:v1:192:17563928	453.000	182.300	-8.000	1698116474	115	West Sarutabaruta	-200.937	59.994	-11.573	mission:Windurst:12:step-024,mission:Windurst:1:step-010,mission:Windurst:4:step-049	mesh-no-path	1	665.286	0.000	1	1
192	Inner Horutoto Ruins	Survival Guide	object:v1:192:17563928	453.000	182.300	-8.000	1631073146	116	East Sarutabaruta	437.101	180.014	-9.602	mission:Windurst:12:step-024,mission:Windurst:1:step-010,mission:Windurst:4:step-049	mesh-connected	3	1.302	0.000	1	1
192	Inner Horutoto Ruins	Survival Guide	object:v1:192:17563928	453.000	182.300	-8.000	812659834	169	Toraimarai Canal	-259.996	242.859	6.399	mission:Windurst:12:step-024,mission:Windurst:1:step-010,mission:Windurst:4:step-049	mesh-connected	96	1.407	0.000	1	1
192	Inner Horutoto Ruins	Toraimarai Canal	npc:v1:192:17563896	-299.996	190.346	-1.910	1698116474	115	West Sarutabaruta	-200.937	59.994	-11.573	mission:Windurst:12:step-013,mission:Windurst:17:step-063	mesh-no-path	1	164.005	0.000	1	1
192	Inner Horutoto Ruins	Toraimarai Canal	npc:v1:192:17563896	-299.996	190.346	-1.910	1631073146	116	East Sarutabaruta	437.101	180.014	-9.602	mission:Windurst:12:step-013,mission:Windurst:17:step-063	mesh-connected	96	1.302	0.000	1	1
192	Inner Horutoto Ruins	Toraimarai Canal	npc:v1:192:17563896	-299.996	190.346	-1.910	812659834	169	Toraimarai Canal	-259.996	242.859	6.399	mission:Windurst:12:step-013,mission:Windurst:17:step-063	mesh-connected	9	1.407	0.000	1	1
192	Inner Horutoto Ruins	Wendigo	camp:v1:192:wendigo:8567b9c8e4cc08f4079d	-280.044	133.051	0.011	1698116474	115	West Sarutabaruta	-200.937	59.994	-11.573	mission:Windurst:12:step-022,mission:Windurst:12:step-045,mission:Windurst:22:step-052	mesh-no-path	1	108.303	0.000	1	1
192	Inner Horutoto Ruins	Wendigo	camp:v1:192:wendigo:8567b9c8e4cc08f4079d	-280.044	133.051	0.011	1631073146	116	East Sarutabaruta	437.101	180.014	-9.602	mission:Windurst:12:step-022,mission:Windurst:12:step-045,mission:Windurst:22:step-052	mesh-connected	93	1.302	0.000	1	1
192	Inner Horutoto Ruins	Wendigo	camp:v1:192:wendigo:8567b9c8e4cc08f4079d	-280.044	133.051	0.011	812659834	169	Toraimarai Canal	-259.996	242.859	6.399	mission:Windurst:12:step-022,mission:Windurst:12:step-045,mission:Windurst:22:step-052	mesh-connected	13	1.407	0.000	1	1
192	Inner Horutoto Ruins	Wendigo	camp:v1:192:wendigo:890b1dda98fd3038430e	-280.269	126.430	0.500	1698116474	115	West Sarutabaruta	-200.937	59.994	-11.573	mission:Windurst:12:step-022,mission:Windurst:12:step-045,mission:Windurst:22:step-052	mesh-no-path	1	104.178	0.000	1	1
192	Inner Horutoto Ruins	Wendigo	camp:v1:192:wendigo:890b1dda98fd3038430e	-280.269	126.430	0.500	1631073146	116	East Sarutabaruta	437.101	180.014	-9.602	mission:Windurst:12:step-022,mission:Windurst:12:step-045,mission:Windurst:22:step-052	mesh-connected	93	1.302	0.000	1	1
192	Inner Horutoto Ruins	Wendigo	camp:v1:192:wendigo:890b1dda98fd3038430e	-280.269	126.430	0.500	812659834	169	Toraimarai Canal	-259.996	242.859	6.399	mission:Windurst:12:step-022,mission:Windurst:12:step-045,mission:Windurst:22:step-052	mesh-connected	12	1.407	0.000	1	1
193	Ordelle's Caves	Ruillont	npc:v1:193:17568171	-69.850	610.809	1.388	913650298	102	La Theine Plateau	-76.839	659.969	-1.696	mission:San d'Oria:4:step-014,mission:San d'Oria:4:step-021	mesh-connected	15	1.778	0.000	1	1
193	Ordelle's Caves	Ruillont	npc:v1:193:17568171	-69.850	610.809	1.388	947204730	102	La Theine Plateau	179.906	596.605	30.349	mission:San d'Oria:4:step-014,mission:San d'Oria:4:step-021	mesh-connected	113	1.793	0.000	1	1
193	Ordelle's Caves	Survival Guide	object:v1:193:17568213	-104.000	633.000	-0.220	913650298	102	La Theine Plateau	-76.839	659.969	-1.696	mission:San d'Oria:4:step-008	mesh-connected	8	1.778	0.000	1	1
193	Ordelle's Caves	Survival Guide	object:v1:193:17568213	-104.000	633.000	-0.220	947204730	102	La Theine Plateau	179.906	596.605	30.349	mission:San d'Oria:4:step-008	mesh-connected	114	1.793	0.000	1	1
194	Outer Horutoto Ruins	Cracked Wall	npc:v1:194:17572256	300.000	750.250	-1.897	1631007610	115	West Sarutabaruta	-316.779	860.009	-9.680	mission:Windurst:22:step-034	mesh-no-path	1	626.517	0.000	1	1
194	Outer Horutoto Ruins	Cracked Wall	npc:v1:194:17572256	300.000	750.250	-1.897	1664562042	115	West Sarutabaruta	-579.995	-636.951	-9.667	mission:Windurst:22:step-034	mesh-no-path	1	1642.796	0.000	1	1
194	Outer Horutoto Ruins	Cracked Wall	npc:v1:194:17572256	300.000	750.250	-1.897	943207290	116	East Sarutabaruta	419.991	716.991	-9.637	mission:Windurst:22:step-034	mesh-connected	8	1.361	0.000	1	1
194	Outer Horutoto Ruins	Cracked Wall	npc:v1:194:17572256	300.000	750.250	-1.897	1664627578	116	East Sarutabaruta	580.018	-637.011	-25.626	mission:Windurst:22:step-034	mesh-no-path	1	1415.439	0.000	1	1
194	Outer Horutoto Ruins	Cracked Wall	npc:v1:194:17572257	500.003	-611.751	-1.845	1631007610	115	West Sarutabaruta	-316.779	860.009	-9.680	mission:Windurst:22:step-034	mesh-no-path	1	1683.233	0.000	1	1
194	Outer Horutoto Ruins	Cracked Wall	npc:v1:194:17572257	500.003	-611.751	-1.845	1664562042	115	West Sarutabaruta	-579.995	-636.951	-9.667	mission:Windurst:22:step-034	mesh-no-path	1	1080.320	0.000	1	1
194	Outer Horutoto Ruins	Cracked Wall	npc:v1:194:17572257	500.003	-611.751	-1.845	943207290	116	East Sarutabaruta	419.991	716.991	-9.637	mission:Windurst:22:step-034	mesh-no-path	1	1331.172	0.000	1	1
194	Outer Horutoto Ruins	Cracked Wall	npc:v1:194:17572257	500.003	-611.751	-1.845	1664627578	116	East Sarutabaruta	580.018	-637.011	-25.626	mission:Windurst:22:step-034	mesh-connected	14	1.365	0.000	1	1
194	Outer Horutoto Ruins	Cracked Wall	npc:v1:194:17572258	499.996	-708.245	-1.930	1631007610	115	West Sarutabaruta	-316.779	860.009	-9.680	mission:Windurst:22:step-034	mesh-no-path	1	1768.220	0.000	1	1
194	Outer Horutoto Ruins	Cracked Wall	npc:v1:194:17572258	499.996	-708.245	-1.930	1664562042	115	West Sarutabaruta	-579.995	-636.951	-9.667	mission:Windurst:22:step-034	mesh-no-path	1	1082.369	0.000	1	1
194	Outer Horutoto Ruins	Cracked Wall	npc:v1:194:17572258	499.996	-708.245	-1.930	943207290	116	East Sarutabaruta	419.991	716.991	-9.637	mission:Windurst:22:step-034	mesh-no-path	1	1427.501	0.000	1	1
194	Outer Horutoto Ruins	Cracked Wall	npc:v1:194:17572258	499.996	-708.245	-1.930	1664627578	116	East Sarutabaruta	580.018	-637.011	-25.626	mission:Windurst:22:step-034	mesh-connected	13	1.365	0.000	1	1
194	Outer Horutoto Ruins	Cracked Wall	npc:v1:194:17572259	548.251	-660.005	-1.930	1631007610	115	West Sarutabaruta	-316.779	860.009	-9.680	mission:Windurst:22:step-034	mesh-no-path	1	1748.937	0.000	1	1
194	Outer Horutoto Ruins	Cracked Wall	npc:v1:194:17572259	548.251	-660.005	-1.930	1664562042	115	West Sarutabaruta	-579.995	-636.951	-9.667	mission:Windurst:22:step-034	mesh-no-path	1	1128.508	0.000	1	1
194	Outer Horutoto Ruins	Cracked Wall	npc:v1:194:17572259	548.251	-660.005	-1.930	943207290	116	East Sarutabaruta	419.991	716.991	-9.637	mission:Windurst:22:step-034	mesh-no-path	1	1382.978	0.000	1	1
194	Outer Horutoto Ruins	Cracked Wall	npc:v1:194:17572259	548.251	-660.005	-1.930	1664627578	116	East Sarutabaruta	580.018	-637.011	-25.626	mission:Windurst:22:step-034	mesh-connected	17	1.365	0.000	1	1
194	Outer Horutoto Ruins	Cracked Wall	npc:v1:194:17572260	-249.746	740.002	-1.937	1631007610	115	West Sarutabaruta	-316.779	860.009	-9.680	mission:Windurst:22:step-034	mesh-connected	15	1.404	0.000	1	1
194	Outer Horutoto Ruins	Cracked Wall	npc:v1:194:17572260	-249.746	740.002	-1.937	1664562042	115	West Sarutabaruta	-579.995	-636.951	-9.667	mission:Windurst:22:step-034	mesh-no-path	1	1416.024	0.000	1	1
194	Outer Horutoto Ruins	Cracked Wall	npc:v1:194:17572260	-249.746	740.002	-1.937	943207290	116	East Sarutabaruta	419.991	716.991	-9.637	mission:Windurst:22:step-034	mesh-no-path	1	670.176	0.000	1	1
194	Outer Horutoto Ruins	Cracked Wall	npc:v1:194:17572260	-249.746	740.002	-1.937	1664627578	116	East Sarutabaruta	580.018	-637.011	-25.626	mission:Windurst:22:step-034	mesh-no-path	1	1607.866	0.000	1	1
194	Outer Horutoto Ruins	Cracked Wall	npc:v1:194:17572261	-424.255	619.995	-1.909	1631007610	115	West Sarutabaruta	-316.779	860.009	-9.680	mission:Windurst:22:step-034	mesh-connected	37	1.404	0.000	1	1
194	Outer Horutoto Ruins	Cracked Wall	npc:v1:194:17572261	-424.255	619.995	-1.909	1664562042	115	West Sarutabaruta	-579.995	-636.951	-9.667	mission:Windurst:22:step-034	mesh-no-path	1	1266.581	0.000	1	1
194	Outer Horutoto Ruins	Cracked Wall	npc:v1:194:17572261	-424.255	619.995	-1.909	943207290	116	East Sarutabaruta	419.991	716.991	-9.637	mission:Windurst:22:step-034	mesh-no-path	1	849.835	0.000	1	1
194	Outer Horutoto Ruins	Cracked Wall	npc:v1:194:17572261	-424.255	619.995	-1.909	1664627578	116	East Sarutabaruta	580.018	-637.011	-25.626	mission:Windurst:22:step-034	mesh-no-path	1	1609.096	0.000	1	1
194	Outer Horutoto Ruins	Cracked Wall	npc:v1:194:17572262	-409.746	-659.999	-1.919	1631007610	115	West Sarutabaruta	-316.779	860.009	-9.680	mission:Windurst:22:step-034	mesh-no-path	1	1522.868	0.000	1	1
194	Outer Horutoto Ruins	Cracked Wall	npc:v1:194:17572262	-409.746	-659.999	-1.919	1664562042	115	West Sarutabaruta	-579.995	-636.951	-9.667	mission:Windurst:22:step-034	mesh-connected	25	1.422	0.000	1	1
194	Outer Horutoto Ruins	Cracked Wall	npc:v1:194:17572262	-409.746	-659.999	-1.919	943207290	116	East Sarutabaruta	419.991	716.991	-9.637	mission:Windurst:22:step-034	mesh-no-path	1	1607.677	0.000	1	1
194	Outer Horutoto Ruins	Cracked Wall	npc:v1:194:17572262	-409.746	-659.999	-1.919	1664627578	116	East Sarutabaruta	580.018	-637.011	-25.626	mission:Windurst:22:step-034	mesh-no-path	1	990.315	0.000	1	1
194	Outer Horutoto Ruins	Cracked Wall	npc:v1:194:17572263	-335.747	-660.003	-1.941	1631007610	115	West Sarutabaruta	-316.779	860.009	-9.680	mission:Windurst:22:step-034	mesh-no-path	1	1520.150	0.000	1	1
194	Outer Horutoto Ruins	Cracked Wall	npc:v1:194:17572263	-335.747	-660.003	-1.941	1664562042	115	West Sarutabaruta	-579.995	-636.951	-9.667	mission:Windurst:22:step-034	mesh-connected	26	1.422	0.000	1	1
194	Outer Horutoto Ruins	Cracked Wall	npc:v1:194:17572263	-335.747	-660.003	-1.941	943207290	116	East Sarutabaruta	419.991	716.991	-9.637	mission:Windurst:22:step-034	mesh-no-path	1	1570.768	0.000	1	1
194	Outer Horutoto Ruins	Cracked Wall	npc:v1:194:17572263	-335.747	-660.003	-1.941	1664627578	116	East Sarutabaruta	580.018	-637.011	-25.626	mission:Windurst:22:step-034	mesh-no-path	1	916.360	0.000	1	1
194	Outer Horutoto Ruins	Fuligo	camp:v1:194:fuligo:815592083b7e098972d7	-257.000	678.000	-1.000	1631007610	115	West Sarutabaruta	-316.779	860.009	-9.680	mission:Windurst:22:step-026	mesh-connected	24	1.404	0.000	1	1
194	Outer Horutoto Ruins	Fuligo	camp:v1:194:fuligo:815592083b7e098972d7	-257.000	678.000	-1.000	1664562042	115	West Sarutabaruta	-579.995	-636.951	-9.667	mission:Windurst:22:step-026	mesh-no-path	1	1354.067	0.000	1	1
194	Outer Horutoto Ruins	Fuligo	camp:v1:194:fuligo:815592083b7e098972d7	-257.000	678.000	-1.000	943207290	116	East Sarutabaruta	419.991	716.991	-9.637	mission:Windurst:22:step-026	mesh-no-path	1	678.168	0.000	1	1
194	Outer Horutoto Ruins	Fuligo	camp:v1:194:fuligo:815592083b7e098972d7	-257.000	678.000	-1.000	1664627578	116	East Sarutabaruta	580.018	-637.011	-25.626	mission:Windurst:22:step-026	mesh-no-path	1	1558.993	0.000	1	1
194	Outer Horutoto Ruins	Fuligo	camp:v1:194:fuligo:993f9c1edb1e7ed60f7c	-381.000	682.000	-1.000	1631007610	115	West Sarutabaruta	-316.779	860.009	-9.680	mission:Windurst:22:step-026	mesh-connected	30	1.404	0.000	1	1
194	Outer Horutoto Ruins	Fuligo	camp:v1:194:fuligo:993f9c1edb1e7ed60f7c	-381.000	682.000	-1.000	1664562042	115	West Sarutabaruta	-579.995	-636.951	-9.667	mission:Windurst:22:step-026	mesh-no-path	1	1333.906	0.000	1	1
194	Outer Horutoto Ruins	Fuligo	camp:v1:194:fuligo:993f9c1edb1e7ed60f7c	-381.000	682.000	-1.000	943207290	116	East Sarutabaruta	419.991	716.991	-9.637	mission:Windurst:22:step-026	mesh-no-path	1	801.801	0.000	1	1
194	Outer Horutoto Ruins	Fuligo	camp:v1:194:fuligo:993f9c1edb1e7ed60f7c	-381.000	682.000	-1.000	1664627578	116	East Sarutabaruta	580.018	-637.011	-25.626	mission:Windurst:22:step-026	mesh-no-path	1	1632.162	0.000	1	1
194	Outer Horutoto Ruins	Queen of Coins	camp:v1:194:queen-of-coins:e80773721d626474795b	-422.000	621.000	0.001	1631007610	115	West Sarutabaruta	-316.779	860.009	-9.680	mission:Windurst:22:step-029	mesh-connected	36	1.404	0.000	1	1
194	Outer Horutoto Ruins	Queen of Coins	camp:v1:194:queen-of-coins:e80773721d626474795b	-422.000	621.000	0.001	1664562042	115	West Sarutabaruta	-579.995	-636.951	-9.667	mission:Windurst:22:step-029	mesh-no-path	1	1267.871	0.000	1	1
194	Outer Horutoto Ruins	Queen of Coins	camp:v1:194:queen-of-coins:e80773721d626474795b	-422.000	621.000	0.001	943207290	116	East Sarutabaruta	419.991	716.991	-9.637	mission:Windurst:22:step-029	mesh-no-path	1	847.500	0.000	1	1
194	Outer Horutoto Ruins	Queen of Coins	camp:v1:194:queen-of-coins:e80773721d626474795b	-422.000	621.000	0.001	1664627578	116	East Sarutabaruta	580.018	-637.011	-25.626	mission:Windurst:22:step-029	mesh-no-path	1	1608.505	0.000	1	1
194	Outer Horutoto Ruins	Queen of Swords	camp:v1:194:queen-of-swords:c1fdeae07dd63aa4d979	-422.000	618.000	0.001	1631007610	115	West Sarutabaruta	-316.779	860.009	-9.680	mission:Windurst:22:step-030	mesh-connected	36	1.404	0.000	1	1
194	Outer Horutoto Ruins	Queen of Swords	camp:v1:194:queen-of-swords:c1fdeae07dd63aa4d979	-422.000	618.000	0.001	1664562042	115	West Sarutabaruta	-579.995	-636.951	-9.667	mission:Windurst:22:step-030	mesh-no-path	1	1264.894	0.000	1	1
194	Outer Horutoto Ruins	Queen of Swords	camp:v1:194:queen-of-swords:c1fdeae07dd63aa4d979	-422.000	618.000	0.001	943207290	116	East Sarutabaruta	419.991	716.991	-9.637	mission:Windurst:22:step-030	mesh-no-path	1	847.845	0.000	1	1
194	Outer Horutoto Ruins	Queen of Swords	camp:v1:194:queen-of-swords:c1fdeae07dd63aa4d979	-422.000	618.000	0.001	1664627578	116	East Sarutabaruta	580.018	-637.011	-25.626	mission:Windurst:22:step-030	mesh-no-path	1	1606.160	0.000	1	1
194	Outer Horutoto Ruins	Queen of Swords	npc:v1:194:17572299	-451.500	620.040	0.000	1631007610	115	West Sarutabaruta	-316.779	860.009	-9.680	mission:Windurst:22:step-030	mesh-connected	38	1.404	0.000	1	1
194	Outer Horutoto Ruins	Queen of Swords	npc:v1:194:17572299	-451.500	620.040	0.000	1664562042	115	West Sarutabaruta	-579.995	-636.951	-9.667	mission:Windurst:22:step-030	mesh-no-path	1	1263.579	0.000	1	1
194	Outer Horutoto Ruins	Queen of Swords	npc:v1:194:17572299	-451.500	620.040	0.000	943207290	116	East Sarutabaruta	419.991	716.991	-9.637	mission:Windurst:22:step-030	mesh-no-path	1	876.920	0.000	1	1
194	Outer Horutoto Ruins	Queen of Swords	npc:v1:194:17572299	-451.500	620.040	0.000	1664627578	116	East Sarutabaruta	580.018	-637.011	-25.626	mission:Windurst:22:step-030	mesh-no-path	1	1626.304	0.000	1	1
196	Gusgen Mines	Blind Moby	camp:v1:196:blind-moby:4b4cf8a309b9a3edab65	211.000	-101.000	-59.000	878850170	11	Oldton Movalpolos	100.007	-237.441	-61.630	mission:Bastok:12:step-020	mesh-no-path	1	175.905	0.000	1	1
196	Gusgen Mines	Blind Moby	camp:v1:196:blind-moby:4b4cf8a309b9a3edab65	211.000	-101.000	-59.000	909128570	108	Konschtat Highlands	45.982	-340.094	-69.651	mission:Bastok:12:step-020	mesh-no-path	1	290.707	0.000	1	1
196	Gusgen Mines	Survival Guide	object:v1:196:17580429	60.000	-266.000	-68.000	878850170	11	Oldton Movalpolos	100.007	-237.441	-61.630	mission:Bastok:12:step-010	mesh-connected	17	1.460	0.000	1	1
196	Gusgen Mines	Survival Guide	object:v1:196:17580429	60.000	-266.000	-68.000	909128570	108	Konschtat Highlands	45.982	-340.094	-69.651	mission:Bastok:12:step-010	mesh-connected	5	1.481	0.000	1	1
198	Maze of Shakhrami	Ghoul	camp:v1:198:ghoul:15c4cc2923741e00d6ac	-31.122	179.253	-10.770	808923258	7	Attohwa Chasm	-140.246	160.709	-12.738	mission:Windurst:4:step-033	mesh-connected	13	2.377	0.000	1	1
198	Maze of Shakhrami	Ghoul	camp:v1:198:ghoul:15c4cc2923741e00d6ac	-31.122	179.253	-10.770	876163962	117	Tahrongi Canyon	-362.446	-179.992	-12.747	mission:Windurst:4:step-033	mesh-connected	47	2.175	0.000	1	1
198	Maze of Shakhrami	Ghoul	camp:v1:198:ghoul:15c4cc2923741e00d6ac	-31.122	179.253	-10.770	878785402	118	Buburimu Peninsula	474.629	-259.091	-31.203	mission:Windurst:4:step-033	mesh-no-path	1	669.587	0.000	1	1
198	Maze of Shakhrami	Ghoul	camp:v1:198:ghoul:37cd6c9ae363144602cb	133.869	-216.282	9.782	808923258	7	Attohwa Chasm	-140.246	160.709	-12.738	mission:Windurst:4:step-033	mesh-connected	34	2.377	0.000	1	1
198	Maze of Shakhrami	Ghoul	camp:v1:198:ghoul:37cd6c9ae363144602cb	133.869	-216.282	9.782	876163962	117	Tahrongi Canyon	-362.446	-179.992	-12.747	mission:Windurst:4:step-033	mesh-connected	44	2.175	0.000	1	1
198	Maze of Shakhrami	Ghoul	camp:v1:198:ghoul:37cd6c9ae363144602cb	133.869	-216.282	9.782	878785402	118	Buburimu Peninsula	474.629	-259.091	-31.203	mission:Windurst:4:step-033	mesh-no-path	1	345.875	0.000	1	1
198	Maze of Shakhrami	Ghoul	camp:v1:198:ghoul:3a1ba329f46fc57e3360	276.000	-248.000	18.000	808923258	7	Attohwa Chasm	-140.246	160.709	-12.738	mission:Windurst:4:step-033	mesh-no-path	1	584.165	0.000	1	1
198	Maze of Shakhrami	Ghoul	camp:v1:198:ghoul:3a1ba329f46fc57e3360	276.000	-248.000	18.000	876163962	117	Tahrongi Canyon	-362.446	-179.992	-12.747	mission:Windurst:4:step-033	mesh-no-path	1	642.794	0.000	1	1
198	Maze of Shakhrami	Ghoul	camp:v1:198:ghoul:3a1ba329f46fc57e3360	276.000	-248.000	18.000	878785402	118	Buburimu Peninsula	474.629	-259.091	-31.203	mission:Windurst:4:step-033	mesh-no-path	1	204.933	0.000	1	1
198	Maze of Shakhrami	Ghoul	camp:v1:198:ghoul:5b775b0948a87a87c875	-98.372	-102.696	-1.042	808923258	7	Attohwa Chasm	-140.246	160.709	-12.738	mission:Windurst:4:step-033	mesh-no-path	1	266.969	0.000	1	1
198	Maze of Shakhrami	Ghoul	camp:v1:198:ghoul:5b775b0948a87a87c875	-98.372	-102.696	-1.042	876163962	117	Tahrongi Canyon	-362.446	-179.992	-12.747	mission:Windurst:4:step-033	mesh-no-path	1	275.403	0.000	1	1
198	Maze of Shakhrami	Ghoul	camp:v1:198:ghoul:5b775b0948a87a87c875	-98.372	-102.696	-1.042	878785402	118	Buburimu Peninsula	474.629	-259.091	-31.203	mission:Windurst:4:step-033	mesh-no-path	1	594.726	0.000	1	1
198	Maze of Shakhrami	Ghoul	camp:v1:198:ghoul:69d091f7b52a1f04a2e5	190.748	15.168	2.905	808923258	7	Attohwa Chasm	-140.246	160.709	-12.738	mission:Windurst:4:step-033	mesh-no-path	1	361.917	0.000	1	1
198	Maze of Shakhrami	Ghoul	camp:v1:198:ghoul:69d091f7b52a1f04a2e5	190.748	15.168	2.905	876163962	117	Tahrongi Canyon	-362.446	-179.992	-12.747	mission:Windurst:4:step-033	mesh-no-path	1	586.819	0.000	1	1
198	Maze of Shakhrami	Ghoul	camp:v1:198:ghoul:69d091f7b52a1f04a2e5	190.748	15.168	2.905	878785402	118	Buburimu Peninsula	474.629	-259.091	-31.203	mission:Windurst:4:step-033	mesh-no-path	1	396.194	0.000	1	1
198	Maze of Shakhrami	Ghoul	camp:v1:198:ghoul:79351d4be29570e1e16a	59.467	-4.648	19.499	808923258	7	Attohwa Chasm	-140.246	160.709	-12.738	mission:Windurst:4:step-033	mesh-no-path	1	261.280	0.000	1	1
198	Maze of Shakhrami	Ghoul	camp:v1:198:ghoul:79351d4be29570e1e16a	59.467	-4.648	19.499	876163962	117	Tahrongi Canyon	-362.446	-179.992	-12.747	mission:Windurst:4:step-033	mesh-no-path	1	458.035	0.000	1	1
198	Maze of Shakhrami	Ghoul	camp:v1:198:ghoul:79351d4be29570e1e16a	59.467	-4.648	19.499	878785402	118	Buburimu Peninsula	474.629	-259.091	-31.203	mission:Windurst:4:step-033	mesh-no-path	1	489.562	0.000	1	1
198	Maze of Shakhrami	Ghoul	camp:v1:198:ghoul:7ed9c3747334085949e7	-214.599	-16.841	19.087	808923258	7	Attohwa Chasm	-140.246	160.709	-12.738	mission:Windurst:4:step-033	mesh-connected	40	2.377	0.000	1	1
198	Maze of Shakhrami	Ghoul	camp:v1:198:ghoul:7ed9c3747334085949e7	-214.599	-16.841	19.087	876163962	117	Tahrongi Canyon	-362.446	-179.992	-12.747	mission:Windurst:4:step-033	mesh-connected	33	2.175	0.000	1	1
198	Maze of Shakhrami	Ghoul	camp:v1:198:ghoul:7ed9c3747334085949e7	-214.599	-16.841	19.087	878785402	118	Buburimu Peninsula	474.629	-259.091	-31.203	mission:Windurst:4:step-033	mesh-no-path	1	732.291	0.000	1	1
198	Maze of Shakhrami	Ghoul	camp:v1:198:ghoul:fac41425df5be27a4bcd	86.860	-126.675	18.883	808923258	7	Attohwa Chasm	-140.246	160.709	-12.738	mission:Windurst:4:step-033	mesh-no-path	1	367.650	0.000	1	1
198	Maze of Shakhrami	Ghoul	camp:v1:198:ghoul:fac41425df5be27a4bcd	86.860	-126.675	18.883	876163962	117	Tahrongi Canyon	-362.446	-179.992	-12.747	mission:Windurst:4:step-033	mesh-no-path	1	453.563	0.000	1	1
198	Maze of Shakhrami	Ghoul	camp:v1:198:ghoul:fac41425df5be27a4bcd	86.860	-126.675	18.883	878785402	118	Buburimu Peninsula	474.629	-259.091	-31.203	mission:Windurst:4:step-033	mesh-no-path	1	412.804	0.000	1	1
198	Maze of Shakhrami	Grounds Tome	object:v1:198:17588789	-337.511	-168.406	-11.891	808923258	7	Attohwa Chasm	-140.246	160.709	-12.738	mission:Windurst:4:step-040	mesh-connected	31	2.377	0.000	1	1
198	Maze of Shakhrami	Grounds Tome	object:v1:198:17588789	-337.511	-168.406	-11.891	876163962	117	Tahrongi Canyon	-362.446	-179.992	-12.747	mission:Windurst:4:step-040	mesh-connected	5	2.175	0.000	1	1
198	Maze of Shakhrami	Grounds Tome	object:v1:198:17588789	-337.511	-168.406	-11.891	878785402	118	Buburimu Peninsula	474.629	-259.091	-31.203	mission:Windurst:4:step-040	mesh-no-path	1	817.416	0.000	1	1
198	Maze of Shakhrami	Grounds Tome	object:v1:198:17588790	453.856	-219.217	-19.968	808923258	7	Attohwa Chasm	-140.246	160.709	-12.738	mission:Windurst:4:step-040	mesh-no-path	1	705.233	0.000	1	1
198	Maze of Shakhrami	Grounds Tome	object:v1:198:17588790	453.856	-219.217	-19.968	876163962	117	Tahrongi Canyon	-362.446	-179.992	-12.747	mission:Windurst:4:step-040	mesh-no-path	1	817.276	0.000	1	1
198	Maze of Shakhrami	Grounds Tome	object:v1:198:17588790	453.856	-219.217	-19.968	878785402	118	Buburimu Peninsula	474.629	-259.091	-31.203	mission:Windurst:4:step-040	mesh-connected	7	2.213	0.000	1	1
198	Maze of Shakhrami	Grounds Tome	object:v1:198:17588791	88.282	23.556	19.179	808923258	7	Attohwa Chasm	-140.246	160.709	-12.738	mission:Windurst:4:step-040	mesh-no-path	1	268.430	0.000	1	1
198	Maze of Shakhrami	Grounds Tome	object:v1:198:17588791	88.282	23.556	19.179	876163962	117	Tahrongi Canyon	-362.446	-179.992	-12.747	mission:Windurst:4:step-040	mesh-no-path	1	495.587	0.000	1	1
198	Maze of Shakhrami	Grounds Tome	object:v1:198:17588791	88.282	23.556	19.179	878785402	118	Buburimu Peninsula	474.629	-259.091	-31.203	mission:Windurst:4:step-040	mesh-no-path	1	481.344	0.000	1	1
198	Maze of Shakhrami	Grounds Tome	object:v1:198:17588792	-63.141	71.583	-0.529	808923258	7	Attohwa Chasm	-140.246	160.709	-12.738	mission:Windurst:4:step-040	mesh-connected	7	2.377	0.000	1	1
198	Maze of Shakhrami	Grounds Tome	object:v1:198:17588792	-63.141	71.583	-0.529	876163962	117	Tahrongi Canyon	-362.446	-179.992	-12.747	mission:Windurst:4:step-040	mesh-connected	31	2.175	0.000	1	1
198	Maze of Shakhrami	Grounds Tome	object:v1:198:17588792	-63.141	71.583	-0.529	878785402	118	Buburimu Peninsula	474.629	-259.091	-31.203	mission:Windurst:4:step-040	mesh-no-path	1	632.047	0.000	1	1
198	Maze of Shakhrami	Maze Scorpion	camp:v1:198:maze-scorpion:6dcdedbc756b71b3c999	13.293	163.033	20.448	808923258	7	Attohwa Chasm	-140.246	160.709	-12.738	mission:Windurst:4:step-033	mesh-connected	23	2.377	0.000	1	1
198	Maze of Shakhrami	Maze Scorpion	camp:v1:198:maze-scorpion:6dcdedbc756b71b3c999	13.293	163.033	20.448	876163962	117	Tahrongi Canyon	-362.446	-179.992	-12.747	mission:Windurst:4:step-033	mesh-connected	37	2.175	0.000	1	1
198	Maze of Shakhrami	Maze Scorpion	camp:v1:198:maze-scorpion:6dcdedbc756b71b3c999	13.293	163.033	20.448	878785402	118	Buburimu Peninsula	474.629	-259.091	-31.203	mission:Windurst:4:step-033	mesh-no-path	1	627.445	0.000	1	1
198	Maze of Shakhrami	Maze Scorpion	camp:v1:198:maze-scorpion:bf5d4c0c6dee8c029805	-30.703	22.167	-4.600	808923258	7	Attohwa Chasm	-140.246	160.709	-12.738	mission:Windurst:4:step-033	mesh-connected	10	2.377	0.000	1	1
198	Maze of Shakhrami	Maze Scorpion	camp:v1:198:maze-scorpion:bf5d4c0c6dee8c029805	-30.703	22.167	-4.600	876163962	117	Tahrongi Canyon	-362.446	-179.992	-12.747	mission:Windurst:4:step-033	mesh-connected	29	2.175	0.000	1	1
198	Maze of Shakhrami	Maze Scorpion	camp:v1:198:maze-scorpion:bf5d4c0c6dee8c029805	-30.703	22.167	-4.600	878785402	118	Buburimu Peninsula	474.629	-259.091	-31.203	mission:Windurst:4:step-033	mesh-no-path	1	578.942	0.000	1	1
198	Maze of Shakhrami	Maze Scorpion	camp:v1:198:maze-scorpion:d660bb69a94fc723a873	148.423	-68.049	19.538	808923258	7	Attohwa Chasm	-140.246	160.709	-12.738	mission:Windurst:4:step-033	mesh-connected	27	2.377	0.000	1	1
198	Maze of Shakhrami	Maze Scorpion	camp:v1:198:maze-scorpion:d660bb69a94fc723a873	148.423	-68.049	19.538	876163962	117	Tahrongi Canyon	-362.446	-179.992	-12.747	mission:Windurst:4:step-033	mesh-connected	38	2.175	0.000	1	1
198	Maze of Shakhrami	Maze Scorpion	camp:v1:198:maze-scorpion:d660bb69a94fc723a873	148.423	-68.049	19.538	878785402	118	Buburimu Peninsula	474.629	-259.091	-31.203	mission:Windurst:4:step-033	mesh-no-path	1	381.421	0.000	1	1
198	Maze of Shakhrami	Survival Guide	object:v1:198:17588799	-338.000	-179.000	-12.350	808923258	7	Attohwa Chasm	-140.246	160.709	-12.738	mission:Windurst:4:step-019,mission:Windurst:4:step-044	mesh-connected	33	2.377	0.000	1	1
198	Maze of Shakhrami	Survival Guide	object:v1:198:17588799	-338.000	-179.000	-12.350	876163962	117	Tahrongi Canyon	-362.446	-179.992	-12.747	mission:Windurst:4:step-019,mission:Windurst:4:step-044	mesh-connected	3	2.175	0.000	1	1
198	Maze of Shakhrami	Survival Guide	object:v1:198:17588799	-338.000	-179.000	-12.350	878785402	118	Buburimu Peninsula	474.629	-259.091	-31.203	mission:Windurst:4:step-019,mission:Windurst:4:step-044	mesh-no-path	1	816.784	0.000	1	1
204	Fei'Yin	Grounds Tome	object:v1:204:17613267	-181.841	-173.313	-24.027	909325178	111	Beaucedine Glacier	-180.003	-196.945	-25.671	mission:Bastok:15:step-013	mesh-connected	3	1.513	0.000	1	1
204	Fei'Yin	Grounds Tome	object:v1:204:17613267	-181.841	-173.313	-24.027	812529018	203	Cloister of Frost	99.980	275.993	-1.768	mission:Bastok:15:step-013	mesh-connected	72	1.610	0.000	1	1
204	Fei'Yin	Grounds Tome	object:v1:204:17613267	-181.841	-173.313	-24.027	846083450	203	Cloister of Frost	241.998	159.991	-30.236	mission:Bastok:15:step-013	mesh-no-path	1	539.231	0.000	1	1
204	Fei'Yin	Grounds Tome	object:v1:204:17613267	-181.841	-173.313	-24.027	812725626	206	Qu'Bia Arena	242.074	60.014	-25.860	mission:Bastok:15:step-013	mesh-connected	40	1.188	0.000	1	1
204	Fei'Yin	Grounds Tome	object:v1:204:17613267	-181.841	-173.313	-24.027	846280058	206	Qu'Bia Arena	262.011	-69.998	-30.115	mission:Bastok:15:step-013	mesh-no-path	1	455.758	0.000	1	1
204	Fei'Yin	Grounds Tome	object:v1:204:17613268	103.500	253.500	0.060	909325178	111	Beaucedine Glacier	-180.003	-196.945	-25.671	mission:Bastok:15:step-013	mesh-connected	76	1.513	0.000	1	1
204	Fei'Yin	Grounds Tome	object:v1:204:17613268	103.500	253.500	0.060	812529018	203	Cloister of Frost	99.980	275.993	-1.768	mission:Bastok:15:step-013	mesh-connected	3	1.610	0.000	1	1
204	Fei'Yin	Grounds Tome	object:v1:204:17613268	103.500	253.500	0.060	846083450	203	Cloister of Frost	241.998	159.991	-30.236	mission:Bastok:15:step-013	mesh-no-path	1	169.834	0.000	1	1
204	Fei'Yin	Grounds Tome	object:v1:204:17613268	103.500	253.500	0.060	812725626	206	Qu'Bia Arena	242.074	60.014	-25.860	mission:Bastok:15:step-013	mesh-connected	73	1.188	0.000	1	1
204	Fei'Yin	Grounds Tome	object:v1:204:17613268	103.500	253.500	0.060	846280058	206	Qu'Bia Arena	262.011	-69.998	-30.115	mission:Bastok:15:step-013	mesh-no-path	1	361.507	0.000	1	1
204	Fei'Yin	Home Point #1	object:v1:204:17613277	243.000	62.000	-24.500	909325178	111	Beaucedine Glacier	-180.003	-196.945	-25.671	mission:San d'Oria:24:step-017	mesh-connected	43	1.513	0.000	1	1
204	Fei'Yin	Home Point #1	object:v1:204:17613277	243.000	62.000	-24.500	812529018	203	Cloister of Frost	99.980	275.993	-1.768	mission:San d'Oria:24:step-017	mesh-connected	75	1.610	0.000	1	1
204	Fei'Yin	Home Point #1	object:v1:204:17613277	243.000	62.000	-24.500	846083450	203	Cloister of Frost	241.998	159.991	-30.236	mission:San d'Oria:24:step-017	mesh-no-path	1	98.164	0.000	1	1
204	Fei'Yin	Home Point #1	object:v1:204:17613277	243.000	62.000	-24.500	812725626	206	Qu'Bia Arena	242.074	60.014	-25.860	mission:San d'Oria:24:step-017	mesh-connected	3	1.188	0.000	1	1
204	Fei'Yin	Home Point #1	object:v1:204:17613277	243.000	62.000	-24.500	846280058	206	Qu'Bia Arena	262.011	-69.998	-30.115	mission:San d'Oria:24:step-017	mesh-no-path	1	133.478	0.000	1	1
204	Fei'Yin	Home Point #2	object:v1:204:17613278	102.344	270.362	-0.113	909325178	111	Beaucedine Glacier	-180.003	-196.945	-25.671	mission:San d'Oria:24:step-017	mesh-connected	77	1.513	0.000	1	1
204	Fei'Yin	Home Point #2	object:v1:204:17613278	102.344	270.362	-0.113	812529018	203	Cloister of Frost	99.980	275.993	-1.768	mission:San d'Oria:24:step-017	mesh-connected	3	1.610	0.000	1	1
204	Fei'Yin	Home Point #2	object:v1:204:17613278	102.344	270.362	-0.113	846083450	203	Cloister of Frost	241.998	159.991	-30.236	mission:San d'Oria:24:step-017	mesh-no-path	1	180.534	0.000	1	1
204	Fei'Yin	Home Point #2	object:v1:204:17613278	102.344	270.362	-0.113	812725626	206	Qu'Bia Arena	242.074	60.014	-25.860	mission:San d'Oria:24:step-017	mesh-connected	74	1.188	0.000	1	1
204	Fei'Yin	Home Point #2	object:v1:204:17613278	102.344	270.362	-0.113	846280058	206	Qu'Bia Arena	262.011	-69.998	-30.115	mission:San d'Oria:24:step-017	mesh-no-path	1	377.145	0.000	1	1
204	Fei'Yin	Lion	npc:v1:204:17613179	-150.181	-168.589	-24.017	909325178	111	Beaucedine Glacier	-180.003	-196.945	-25.671	mission:San d'Oria:15:step-009	mesh-connected	7	1.513	0.000	1	1
204	Fei'Yin	Lion	npc:v1:204:17613179	-150.181	-168.589	-24.017	812529018	203	Cloister of Frost	99.980	275.993	-1.768	mission:San d'Oria:15:step-009	mesh-connected	73	1.610	0.000	1	1
204	Fei'Yin	Lion	npc:v1:204:17613179	-150.181	-168.589	-24.017	846083450	203	Cloister of Frost	241.998	159.991	-30.236	mission:San d'Oria:15:step-009	mesh-no-path	1	511.672	0.000	1	1
204	Fei'Yin	Lion	npc:v1:204:17613179	-150.181	-168.589	-24.017	812725626	206	Qu'Bia Arena	242.074	60.014	-25.860	mission:San d'Oria:15:step-009	mesh-connected	41	1.188	0.000	1	1
204	Fei'Yin	Lion	npc:v1:204:17613179	-150.181	-168.589	-24.017	846280058	206	Qu'Bia Arena	262.011	-69.998	-30.115	mission:San d'Oria:15:step-009	mesh-no-path	1	423.863	0.000	1	1
204	Fei'Yin	Rukususu	npc:v1:204:17613240	-194.133	191.077	0.014	909325178	111	Beaucedine Glacier	-180.003	-196.945	-25.671	mission:Windurst:20:step-008,mission:Windurst:22:step-009,mission:Windurst:22:step-012	mesh-connected	71	1.513	0.000	1	1
204	Fei'Yin	Rukususu	npc:v1:204:17613240	-194.133	191.077	0.014	812529018	203	Cloister of Frost	99.980	275.993	-1.768	mission:Windurst:20:step-008,mission:Windurst:22:step-009,mission:Windurst:22:step-012	mesh-connected	49	1.610	0.000	1	1
204	Fei'Yin	Rukususu	npc:v1:204:17613240	-194.133	191.077	0.014	846083450	203	Cloister of Frost	241.998	159.991	-30.236	mission:Windurst:20:step-008,mission:Windurst:22:step-009,mission:Windurst:22:step-012	mesh-no-path	1	438.283	0.000	1	1
204	Fei'Yin	Rukususu	npc:v1:204:17613240	-194.133	191.077	0.014	812725626	206	Qu'Bia Arena	242.074	60.014	-25.860	mission:Windurst:20:step-008,mission:Windurst:22:step-009,mission:Windurst:22:step-012	mesh-connected	69	1.188	0.000	1	1
204	Fei'Yin	Rukususu	npc:v1:204:17613240	-194.133	191.077	0.014	846280058	206	Qu'Bia Arena	262.011	-69.998	-30.115	mission:Windurst:20:step-008,mission:Windurst:22:step-009,mission:Windurst:22:step-012	mesh-no-path	1	526.436	0.000	1	1
204	Fei'Yin	Zeid	npc:v1:204:17613180	-150.636	-170.567	-24.008	909325178	111	Beaucedine Glacier	-180.003	-196.945	-25.671	mission:Bastok:15:step-006,mission:San d'Oria:15:step-009,mission:Windurst:15:step-007	mesh-connected	7	1.513	0.000	1	1
204	Fei'Yin	Zeid	npc:v1:204:17613180	-150.636	-170.567	-24.008	812529018	203	Cloister of Frost	99.980	275.993	-1.768	mission:Bastok:15:step-006,mission:San d'Oria:15:step-009,mission:Windurst:15:step-007	mesh-connected	73	1.610	0.000	1	1
204	Fei'Yin	Zeid	npc:v1:204:17613180	-150.636	-170.567	-24.008	846083450	203	Cloister of Frost	241.998	159.991	-30.236	mission:Bastok:15:step-006,mission:San d'Oria:15:step-009,mission:Windurst:15:step-007	mesh-no-path	1	513.292	0.000	1	1
204	Fei'Yin	Zeid	npc:v1:204:17613180	-150.636	-170.567	-24.008	812725626	206	Qu'Bia Arena	242.074	60.014	-25.860	mission:Bastok:15:step-006,mission:San d'Oria:15:step-009,mission:Windurst:15:step-007	mesh-connected	41	1.188	0.000	1	1
204	Fei'Yin	Zeid	npc:v1:204:17613180	-150.636	-170.567	-24.008	846280058	206	Qu'Bia Arena	262.011	-69.998	-30.115	mission:Bastok:15:step-006,mission:San d'Oria:15:step-009,mission:Windurst:15:step-007	mesh-no-path	1	424.769	0.000	1	1
205	Ifrit's Cauldron	Survival Guide	object:v1:205:17617284	89.000	-297.000	0.260	1667642234	123	Yuhtunga Jungle	-418.664	231.701	28.916	mission:Bastok:18:step-012	mesh-connected	147	1.467	0.000	1	1
205	Ifrit's Cauldron	Survival Guide	object:v1:205:17617284	89.000	-297.000	0.260	946287482	124	Yhoator Jungle	100.285	-320.749	-1.768	mission:Bastok:18:step-012	mesh-connected	4	1.381	0.000	1	1
205	Ifrit's Cauldron	Survival Guide	object:v1:205:17617284	89.000	-297.000	0.260	1634153338	124	Yhoator Jungle	299.938	-81.802	14.160	mission:Bastok:18:step-012	mesh-connected	74	1.463	0.000	1	1
205	Ifrit's Cauldron	Survival Guide	object:v1:205:17617284	89.000	-297.000	0.260	812791162	207	Cloister of Flames	-60.296	105.967	48.884	mission:Bastok:18:step-012	mesh-no-path	1	432.477	0.000	1	1
206	Qu'Bia Arena	Ancient Sorcerer	camp:v1:206:ancient-sorcerer:2b449a4da3ca7c025dad	-16.543	9.680	-1.625	846148986	204	Fei'Yin	-241.046	19.991	-25.860	mission:Bastok:15:step-022,mission:Bastok:15:step-025	mesh-no-path	1	226.043	0.000	1	1
206	Qu'Bia Arena	Ancient Sorcerer	camp:v1:206:ancient-sorcerer:2b449a4da3ca7c025dad	-16.543	9.680	-1.625	879703418	204	Fei'Yin	-62.095	-80.027	-30.074	mission:Bastok:15:step-022,mission:Bastok:15:step-025	mesh-no-path	1	104.555	0.000	1	1
206	Qu'Bia Arena	Ancient Sorcerer	camp:v1:206:ancient-sorcerer:6e38a4c36bbb4b14a151	383.412	-390.096	198.375	846148986	204	Fei'Yin	-241.046	19.991	-25.860	mission:Bastok:15:step-022,mission:Bastok:15:step-025	mesh-no-path	1	780.000	0.000	1	1
206	Qu'Bia Arena	Ancient Sorcerer	camp:v1:206:ancient-sorcerer:6e38a4c36bbb4b14a151	383.412	-390.096	198.375	879703418	204	Fei'Yin	-62.095	-80.027	-30.074	mission:Bastok:15:step-022,mission:Bastok:15:step-025	mesh-no-path	1	588.904	0.000	1	1
206	Qu'Bia Arena	Ancient Sorcerer	camp:v1:206:ancient-sorcerer:7d74b51499767c00724f	-416.616	409.581	-201.625	846148986	204	Fei'Yin	-241.046	19.991	-25.860	mission:Bastok:15:step-022,mission:Bastok:15:step-025	mesh-no-path	1	462.059	0.000	1	1
206	Qu'Bia Arena	Ancient Sorcerer	camp:v1:206:ancient-sorcerer:7d74b51499767c00724f	-416.616	409.581	-201.625	879703418	204	Fei'Yin	-62.095	-80.027	-30.074	mission:Bastok:15:step-022,mission:Bastok:15:step-025	mesh-no-path	1	628.356	0.000	1	1
206	Qu'Bia Arena	Ancient Warrior	camp:v1:206:ancient-warrior:c8579bd15352b3ec6cfc	-373.951	463.279	-199.125	846148986	204	Fei'Yin	-241.046	19.991	-25.860	mission:Bastok:15:step-022,mission:Bastok:15:step-027	mesh-no-path	1	494.155	0.000	1	1
206	Qu'Bia Arena	Ancient Warrior	camp:v1:206:ancient-warrior:c8579bd15352b3ec6cfc	-373.951	463.279	-199.125	879703418	204	Fei'Yin	-62.095	-80.027	-30.074	mission:Bastok:15:step-022,mission:Bastok:15:step-027	mesh-no-path	1	648.856	0.000	1	1
206	Qu'Bia Arena	Ancient Warrior	camp:v1:206:ancient-warrior:e71d3a6911556be3dc79	26.122	63.378	0.875	846148986	204	Fei'Yin	-241.046	19.991	-25.860	mission:Bastok:15:step-022,mission:Bastok:15:step-027	mesh-no-path	1	271.985	0.000	1	1
206	Qu'Bia Arena	Ancient Warrior	camp:v1:206:ancient-warrior:e71d3a6911556be3dc79	26.122	63.378	0.875	879703418	204	Fei'Yin	-62.095	-80.027	-30.074	mission:Bastok:15:step-022,mission:Bastok:15:step-027	mesh-no-path	1	171.187	0.000	1	1
206	Qu'Bia Arena	Ancient Warrior	camp:v1:206:ancient-warrior:ea7b51a7ab85ad699ec3	426.077	-336.398	200.875	846148986	204	Fei'Yin	-241.046	19.991	-25.860	mission:Bastok:15:step-022,mission:Bastok:15:step-027	mesh-no-path	1	789.604	0.000	1	1
206	Qu'Bia Arena	Ancient Warrior	camp:v1:206:ancient-warrior:ea7b51a7ab85ad699ec3	426.077	-336.398	200.875	879703418	204	Fei'Yin	-62.095	-80.027	-30.074	mission:Bastok:15:step-022,mission:Bastok:15:step-027	mesh-no-path	1	597.809	0.000	1	1
206	Qu'Bia Arena	Archlich Taber'quoan	camp:v1:206:archlich-taberquoan:329f9ee4bcc4638048a8	0.165	-12.967	-1.625	846148986	204	Fei'Yin	-241.046	19.991	-25.860	mission:Bastok:15:step-022,mission:Bastok:15:step-023,mission:Bastok:15:step-025,mission:Bastok:15:step-029	mesh-no-path	1	244.655	0.000	1	1
206	Qu'Bia Arena	Archlich Taber'quoan	camp:v1:206:archlich-taberquoan:329f9ee4bcc4638048a8	0.165	-12.967	-1.625	879703418	204	Fei'Yin	-62.095	-80.027	-30.074	mission:Bastok:15:step-022,mission:Bastok:15:step-023,mission:Bastok:15:step-025,mission:Bastok:15:step-029	mesh-no-path	1	95.826	0.000	1	1
206	Qu'Bia Arena	Archlich Taber'quoan	camp:v1:206:archlich-taberquoan:353da9ebbcb2ffc8e452	400.120	-412.743	198.375	846148986	204	Fei'Yin	-241.046	19.991	-25.860	mission:Bastok:15:step-022,mission:Bastok:15:step-023,mission:Bastok:15:step-025,mission:Bastok:15:step-029	mesh-no-path	1	805.378	0.000	1	1
206	Qu'Bia Arena	Archlich Taber'quoan	camp:v1:206:archlich-taberquoan:353da9ebbcb2ffc8e452	400.120	-412.743	198.375	879703418	204	Fei'Yin	-62.095	-80.027	-30.074	mission:Bastok:15:step-022,mission:Bastok:15:step-023,mission:Bastok:15:step-025,mission:Bastok:15:step-029	mesh-no-path	1	613.622	0.000	1	1
206	Qu'Bia Arena	Archlich Taber'quoan	camp:v1:206:archlich-taberquoan:7426fba3c24c93c88ee2	-399.908	386.934	-201.625	846148986	204	Fei'Yin	-241.046	19.991	-25.860	mission:Bastok:15:step-022,mission:Bastok:15:step-023,mission:Bastok:15:step-025,mission:Bastok:15:step-029	mesh-no-path	1	436.781	0.000	1	1
206	Qu'Bia Arena	Archlich Taber'quoan	camp:v1:206:archlich-taberquoan:7426fba3c24c93c88ee2	-399.908	386.934	-201.625	879703418	204	Fei'Yin	-62.095	-80.027	-30.074	mission:Bastok:15:step-022,mission:Bastok:15:step-023,mission:Bastok:15:step-025,mission:Bastok:15:step-029	mesh-no-path	1	601.332	0.000	1	1
206	Qu'Bia Arena	Burning Circle	npc:v1:206:17621587	-213.708	20.092	-24.624	846148986	204	Fei'Yin	-241.046	19.991	-25.860	mission:Bastok:15:step-017	mesh-connected	3	1.310	0.000	1	1
206	Qu'Bia Arena	Burning Circle	npc:v1:206:17621587	-213.708	20.092	-24.624	879703418	204	Fei'Yin	-62.095	-80.027	-30.074	mission:Bastok:15:step-017	mesh-no-path	1	181.769	0.000	1	1
206	Qu'Bia Arena	Burning Circle	npc:v1:206:17621588	-399.882	496.178	-199.500	846148986	204	Fei'Yin	-241.046	19.991	-25.860	mission:Bastok:15:step-017	mesh-no-path	1	531.163	0.000	1	1
206	Qu'Bia Arena	Burning Circle	npc:v1:206:17621588	-399.882	496.178	-199.500	879703418	204	Fei'Yin	-62.095	-80.027	-30.074	mission:Bastok:15:step-017	mesh-no-path	1	689.070	0.000	1	1
206	Qu'Bia Arena	Burning Circle	npc:v1:206:17621589	0.015	96.205	0.499	846148986	204	Fei'Yin	-241.046	19.991	-25.860	mission:Bastok:15:step-017	mesh-no-path	1	254.192	0.000	1	1
206	Qu'Bia Arena	Burning Circle	npc:v1:206:17621589	0.015	96.205	0.499	879703418	204	Fei'Yin	-62.095	-80.027	-30.074	mission:Bastok:15:step-017	mesh-no-path	1	189.341	0.000	1	1
206	Qu'Bia Arena	Burning Circle	npc:v1:206:17621590	399.915	-303.828	200.499	846148986	204	Fei'Yin	-241.046	19.991	-25.860	mission:Bastok:15:step-017	mesh-no-path	1	752.946	0.000	1	1
206	Qu'Bia Arena	Burning Circle	npc:v1:206:17621590	399.915	-303.828	200.499	879703418	204	Fei'Yin	-62.095	-80.027	-30.074	mission:Bastok:15:step-017	mesh-no-path	1	562.765	0.000	1	1
206	Qu'Bia Arena	Zeid	npc:v1:206:17621595	-0.088	25.274	-2.124	846148986	204	Fei'Yin	-241.046	19.991	-25.860	mission:Bastok:15:step-006,mission:San d'Oria:15:step-009,mission:Windurst:15:step-007	mesh-no-path	1	242.182	0.000	1	1
206	Qu'Bia Arena	Zeid	npc:v1:206:17621595	-0.088	25.274	-2.124	879703418	204	Fei'Yin	-62.095	-80.027	-30.074	mission:Bastok:15:step-006,mission:San d'Oria:15:step-009,mission:Windurst:15:step-007	mesh-no-path	1	125.357	0.000	1	1
208	Quicksand Caves	???	object:v1:208:17629668	813.777	-732.788	-11.013	909521786	114	Eastern Altepa Desert	940.000	-357.759	-17.591	mission:Bastok:21:step-007,mission:Bastok:21:step-019,mission:Bastok:21:step-023	mesh-no-path	1	395.755	0.000	1	1
208	Quicksand Caves	???	object:v1:208:17629668	813.777	-732.788	-11.013	943076218	114	Eastern Altepa Desert	700.001	-688.183	-25.793	mission:Bastok:21:step-007,mission:Bastok:21:step-019,mission:Bastok:21:step-023	mesh-no-path	1	123.098	0.000	1	1
208	Quicksand Caves	???	object:v1:208:17629668	813.777	-732.788	-11.013	1630942074	114	Eastern Altepa Desert	618.389	-380.008	-9.800	mission:Bastok:21:step-007,mission:Bastok:21:step-019,mission:Bastok:21:step-023	mesh-no-path	1	403.276	0.000	1	1
208	Quicksand Caves	???	object:v1:208:17629668	813.777	-732.788	-11.013	1634218874	125	Western Altepa Desert	179.993	-147.950	-9.754	mission:Bastok:21:step-007,mission:Bastok:21:step-019,mission:Bastok:21:step-023	mesh-no-path	1	862.392	0.000	1	1
208	Quicksand Caves	???	object:v1:208:17629668	813.777	-732.788	-11.013	1667773306	125	Western Altepa Desert	-740.014	-521.835	-17.602	mission:Bastok:21:step-007,mission:Bastok:21:step-019,mission:Bastok:21:step-023	mesh-no-path	1	1568.060	0.000	1	1
208	Quicksand Caves	???	object:v1:208:17629668	813.777	-732.788	-11.013	1701327738	125	Western Altepa Desert	-381.571	859.998	-1.774	mission:Bastok:21:step-007,mission:Bastok:21:step-019,mission:Bastok:21:step-023	mesh-no-path	1	1991.459	0.000	1	1
208	Quicksand Caves	???	object:v1:208:17629668	813.777	-732.788	-11.013	1734882170	125	Western Altepa Desert	419.981	-879.744	-8.635	mission:Bastok:21:step-007,mission:Bastok:21:step-019,mission:Bastok:21:step-023	mesh-no-path	1	420.330	0.000	1	1
208	Quicksand Caves	???	object:v1:208:17629668	813.777	-732.788	-11.013	1768436602	125	Western Altepa Desert	-290.525	-141.257	-8.762	mission:Bastok:21:step-007,mission:Bastok:21:step-019,mission:Bastok:21:step-023	mesh-no-path	1	1252.756	0.000	1	1
208	Quicksand Caves	???	object:v1:208:17629668	813.777	-732.788	-11.013	1801991034	125	Western Altepa Desert	327.608	60.391	-8.805	mission:Bastok:21:step-007,mission:Bastok:21:step-019,mission:Bastok:21:step-023	mesh-no-path	1	930.322	0.000	1	1
208	Quicksand Caves	???	object:v1:208:17629668	813.777	-732.788	-11.013	1835545466	125	Western Altepa Desert	-59.994	263.474	-17.649	mission:Bastok:21:step-007,mission:Bastok:21:step-019,mission:Bastok:21:step-023	mesh-no-path	1	1325.163	0.000	1	1
208	Quicksand Caves	???	object:v1:208:17629668	813.777	-732.788	-11.013	1869099898	125	Western Altepa Desert	-382.233	-296.316	-0.653	mission:Bastok:21:step-007,mission:Bastok:21:step-019,mission:Bastok:21:step-023	mesh-no-path	1	1273.207	0.000	1	1
208	Quicksand Caves	???	object:v1:208:17629668	813.777	-732.788	-11.013	1902654330	125	Western Altepa Desert	-811.328	-258.488	-0.758	mission:Bastok:21:step-007,mission:Bastok:21:step-019,mission:Bastok:21:step-023	mesh-no-path	1	1692.936	0.000	1	1
208	Quicksand Caves	???	object:v1:208:17629668	813.777	-732.788	-11.013	1936208762	125	Western Altepa Desert	-583.626	743.580	-0.883	mission:Bastok:21:step-007,mission:Bastok:21:step-019,mission:Bastok:21:step-023	mesh-no-path	1	2032.855	0.000	1	1
208	Quicksand Caves	???	object:v1:208:17629668	813.777	-732.788	-11.013	1969763194	125	Western Altepa Desert	-341.118	484.062	-1.337	mission:Bastok:21:step-007,mission:Bastok:21:step-019,mission:Bastok:21:step-023	mesh-no-path	1	1677.677	0.000	1	1
208	Quicksand Caves	???	object:v1:208:17629668	813.777	-732.788	-11.013	812594298	168	Chamber of Oracles	-980.193	-282.863	14.913	mission:Bastok:21:step-007,mission:Bastok:21:step-019,mission:Bastok:21:step-023	mesh-no-path	1	1849.712	0.000	1	1
208	Quicksand Caves	???	object:v1:208:17629668	813.777	-732.788	-11.013	846148730	168	Chamber of Oracles	-900.334	-245.438	14.849	mission:Bastok:21:step-007,mission:Bastok:21:step-019,mission:Bastok:21:step-023	mesh-no-path	1	1782.233	0.000	1	1
208	Quicksand Caves	???	object:v1:208:17629668	813.777	-732.788	-11.013	812922234	209	Cloister of Tremors	577.033	-496.000	7.343	mission:Bastok:21:step-007,mission:Bastok:21:step-019,mission:Bastok:21:step-023	mesh-no-path	1	335.340	0.000	1	1
208	Quicksand Caves	???	object:v1:208:17629669	-49.944	-139.485	-0.891	909521786	114	Eastern Altepa Desert	940.000	-357.759	-17.591	mission:Bastok:21:step-007,mission:Bastok:21:step-019,mission:Bastok:21:step-023	mesh-no-path	1	1013.860	0.000	1	1
208	Quicksand Caves	???	object:v1:208:17629669	-49.944	-139.485	-0.891	943076218	114	Eastern Altepa Desert	700.001	-688.183	-25.793	mission:Bastok:21:step-007,mission:Bastok:21:step-019,mission:Bastok:21:step-023	mesh-no-path	1	929.574	0.000	1	1
208	Quicksand Caves	???	object:v1:208:17629669	-49.944	-139.485	-0.891	1630942074	114	Eastern Altepa Desert	618.389	-380.008	-9.800	mission:Bastok:21:step-007,mission:Bastok:21:step-019,mission:Bastok:21:step-023	mesh-no-path	1	710.352	0.000	1	1
208	Quicksand Caves	???	object:v1:208:17629669	-49.944	-139.485	-0.891	1634218874	125	Western Altepa Desert	179.993	-147.950	-9.754	mission:Bastok:21:step-007,mission:Bastok:21:step-019,mission:Bastok:21:step-023	mesh-connected	7	1.438	0.000	1	1
208	Quicksand Caves	???	object:v1:208:17629669	-49.944	-139.485	-0.891	1667773306	125	Western Altepa Desert	-740.014	-521.835	-17.602	mission:Bastok:21:step-007,mission:Bastok:21:step-019,mission:Bastok:21:step-023	mesh-no-path	1	789.093	0.000	1	1
208	Quicksand Caves	???	object:v1:208:17629669	-49.944	-139.485	-0.891	1701327738	125	Western Altepa Desert	-381.571	859.998	-1.774	mission:Bastok:21:step-007,mission:Bastok:21:step-019,mission:Bastok:21:step-023	mesh-no-path	1	1053.064	0.000	1	1
208	Quicksand Caves	???	object:v1:208:17629669	-49.944	-139.485	-0.891	1734882170	125	Western Altepa Desert	419.981	-879.744	-8.635	mission:Bastok:21:step-007,mission:Bastok:21:step-019,mission:Bastok:21:step-023	mesh-no-path	1	876.854	0.000	1	1
208	Quicksand Caves	???	object:v1:208:17629669	-49.944	-139.485	-0.891	1768436602	125	Western Altepa Desert	-290.525	-141.257	-8.762	mission:Bastok:21:step-007,mission:Bastok:21:step-019,mission:Bastok:21:step-023	mesh-no-path	1	240.716	0.000	1	1
208	Quicksand Caves	???	object:v1:208:17629669	-49.944	-139.485	-0.891	1801991034	125	Western Altepa Desert	327.608	60.391	-8.805	mission:Bastok:21:step-007,mission:Bastok:21:step-019,mission:Bastok:21:step-023	mesh-no-path	1	427.269	0.000	1	1
208	Quicksand Caves	???	object:v1:208:17629669	-49.944	-139.485	-0.891	1835545466	125	Western Altepa Desert	-59.994	263.474	-17.649	mission:Bastok:21:step-007,mission:Bastok:21:step-019,mission:Bastok:21:step-023	mesh-no-path	1	403.432	0.000	1	1
208	Quicksand Caves	???	object:v1:208:17629669	-49.944	-139.485	-0.891	1869099898	125	Western Altepa Desert	-382.233	-296.316	-0.653	mission:Bastok:21:step-007,mission:Bastok:21:step-019,mission:Bastok:21:step-023	mesh-no-path	1	367.440	0.000	1	1
208	Quicksand Caves	???	object:v1:208:17629669	-49.944	-139.485	-0.891	1902654330	125	Western Altepa Desert	-811.328	-258.488	-0.758	mission:Bastok:21:step-007,mission:Bastok:21:step-019,mission:Bastok:21:step-023	mesh-no-path	1	770.628	0.000	1	1
208	Quicksand Caves	???	object:v1:208:17629669	-49.944	-139.485	-0.891	1936208762	125	Western Altepa Desert	-583.626	743.580	-0.883	mission:Bastok:21:step-007,mission:Bastok:21:step-019,mission:Bastok:21:step-023	mesh-no-path	1	1031.804	0.000	1	1
208	Quicksand Caves	???	object:v1:208:17629669	-49.944	-139.485	-0.891	1969763194	125	Western Altepa Desert	-341.118	484.062	-1.337	mission:Bastok:21:step-007,mission:Bastok:21:step-019,mission:Bastok:21:step-023	mesh-no-path	1	688.181	0.000	1	1
208	Quicksand Caves	???	object:v1:208:17629669	-49.944	-139.485	-0.891	812594298	168	Chamber of Oracles	-980.193	-282.863	14.913	mission:Bastok:21:step-007,mission:Bastok:21:step-019,mission:Bastok:21:step-023	mesh-no-path	1	941.366	0.000	1	1
208	Quicksand Caves	???	object:v1:208:17629669	-49.944	-139.485	-0.891	846148730	168	Chamber of Oracles	-900.334	-245.438	14.849	mission:Bastok:21:step-007,mission:Bastok:21:step-019,mission:Bastok:21:step-023	mesh-no-path	1	857.110	0.000	1	1
208	Quicksand Caves	???	object:v1:208:17629669	-49.944	-139.485	-0.891	812922234	209	Cloister of Tremors	577.033	-496.000	7.343	mission:Bastok:21:step-007,mission:Bastok:21:step-019,mission:Bastok:21:step-023	mesh-no-path	1	721.298	0.000	1	1
208	Quicksand Caves	???	object:v1:208:17629670	-144.856	446.109	1.935	909521786	114	Eastern Altepa Desert	940.000	-357.759	-17.591	mission:Bastok:21:step-007,mission:Bastok:21:step-019,mission:Bastok:21:step-023	mesh-no-path	1	1350.369	0.000	1	1
208	Quicksand Caves	???	object:v1:208:17629670	-144.856	446.109	1.935	943076218	114	Eastern Altepa Desert	700.001	-688.183	-25.793	mission:Bastok:21:step-007,mission:Bastok:21:step-019,mission:Bastok:21:step-023	mesh-no-path	1	1414.627	0.000	1	1
208	Quicksand Caves	???	object:v1:208:17629670	-144.856	446.109	1.935	1630942074	114	Eastern Altepa Desert	618.389	-380.008	-9.800	mission:Bastok:21:step-007,mission:Bastok:21:step-019,mission:Bastok:21:step-023	mesh-no-path	1	1124.789	0.000	1	1
208	Quicksand Caves	???	object:v1:208:17629670	-144.856	446.109	1.935	1634218874	125	Western Altepa Desert	179.993	-147.950	-9.754	mission:Bastok:21:step-007,mission:Bastok:21:step-019,mission:Bastok:21:step-023	mesh-no-path	1	677.178	0.000	1	1
208	Quicksand Caves	???	object:v1:208:17629670	-144.856	446.109	1.935	1667773306	125	Western Altepa Desert	-740.014	-521.835	-17.602	mission:Bastok:21:step-007,mission:Bastok:21:step-019,mission:Bastok:21:step-023	mesh-no-path	1	1136.446	0.000	1	1
208	Quicksand Caves	???	object:v1:208:17629670	-144.856	446.109	1.935	1701327738	125	Western Altepa Desert	-381.571	859.998	-1.774	mission:Bastok:21:step-007,mission:Bastok:21:step-019,mission:Bastok:21:step-023	mesh-no-path	1	476.814	0.000	1	1
208	Quicksand Caves	???	object:v1:208:17629670	-144.856	446.109	1.935	1734882170	125	Western Altepa Desert	419.981	-879.744	-8.635	mission:Bastok:21:step-007,mission:Bastok:21:step-019,mission:Bastok:21:step-023	mesh-no-path	1	1441.194	0.000	1	1
208	Quicksand Caves	???	object:v1:208:17629670	-144.856	446.109	1.935	1768436602	125	Western Altepa Desert	-290.525	-141.257	-8.762	mission:Bastok:21:step-007,mission:Bastok:21:step-019,mission:Bastok:21:step-023	mesh-no-path	1	605.254	0.000	1	1
208	Quicksand Caves	???	object:v1:208:17629670	-144.856	446.109	1.935	1801991034	125	Western Altepa Desert	327.608	60.391	-8.805	mission:Bastok:21:step-007,mission:Bastok:21:step-019,mission:Bastok:21:step-023	mesh-no-path	1	610.013	0.000	1	1
208	Quicksand Caves	???	object:v1:208:17629670	-144.856	446.109	1.935	1835545466	125	Western Altepa Desert	-59.994	263.474	-17.649	mission:Bastok:21:step-007,mission:Bastok:21:step-019,mission:Bastok:21:step-023	mesh-connected	22	1.374	0.000	1	1
208	Quicksand Caves	???	object:v1:208:17629670	-144.856	446.109	1.935	1869099898	125	Western Altepa Desert	-382.233	-296.316	-0.653	mission:Bastok:21:step-007,mission:Bastok:21:step-019,mission:Bastok:21:step-023	mesh-no-path	1	779.455	0.000	1	1
208	Quicksand Caves	???	object:v1:208:17629670	-144.856	446.109	1.935	1902654330	125	Western Altepa Desert	-811.328	-258.488	-0.758	mission:Bastok:21:step-007,mission:Bastok:21:step-019,mission:Bastok:21:step-023	mesh-no-path	1	969.871	0.000	1	1
208	Quicksand Caves	???	object:v1:208:17629670	-144.856	446.109	1.935	1936208762	125	Western Altepa Desert	-583.626	743.580	-0.883	mission:Bastok:21:step-007,mission:Bastok:21:step-019,mission:Bastok:21:step-023	mesh-no-path	1	530.109	0.000	1	1
208	Quicksand Caves	???	object:v1:208:17629670	-144.856	446.109	1.935	1969763194	125	Western Altepa Desert	-341.118	484.062	-1.337	mission:Bastok:21:step-007,mission:Bastok:21:step-019,mission:Bastok:21:step-023	mesh-no-path	1	199.925	0.000	1	1
208	Quicksand Caves	???	object:v1:208:17629670	-144.856	446.109	1.935	812594298	168	Chamber of Oracles	-980.193	-282.863	14.913	mission:Bastok:21:step-007,mission:Bastok:21:step-019,mission:Bastok:21:step-023	mesh-no-path	1	1108.764	0.000	1	1
208	Quicksand Caves	???	object:v1:208:17629670	-144.856	446.109	1.935	846148730	168	Chamber of Oracles	-900.334	-245.438	14.849	mission:Bastok:21:step-007,mission:Bastok:21:step-019,mission:Bastok:21:step-023	mesh-no-path	1	1024.281	0.000	1	1
208	Quicksand Caves	???	object:v1:208:17629670	-144.856	446.109	1.935	812922234	209	Cloister of Tremors	577.033	-496.000	7.343	mission:Bastok:21:step-007,mission:Bastok:21:step-019,mission:Bastok:21:step-023	mesh-no-path	1	1186.896	0.000	1	1
208	Quicksand Caves	???	object:v1:208:17629733	-533.066	-414.969	-0.851	909521786	114	Eastern Altepa Desert	940.000	-357.759	-17.591	mission:Bastok:21:step-007,mission:Bastok:21:step-019,mission:Bastok:21:step-023	mesh-no-path	1	1474.271	0.000	1	1
208	Quicksand Caves	???	object:v1:208:17629733	-533.066	-414.969	-0.851	943076218	114	Eastern Altepa Desert	700.001	-688.183	-25.793	mission:Bastok:21:step-007,mission:Bastok:21:step-019,mission:Bastok:21:step-023	mesh-no-path	1	1263.219	0.000	1	1
208	Quicksand Caves	???	object:v1:208:17629733	-533.066	-414.969	-0.851	1630942074	114	Eastern Altepa Desert	618.389	-380.008	-9.800	mission:Bastok:21:step-007,mission:Bastok:21:step-019,mission:Bastok:21:step-023	mesh-no-path	1	1152.020	0.000	1	1
208	Quicksand Caves	???	object:v1:208:17629733	-533.066	-414.969	-0.851	1634218874	125	Western Altepa Desert	179.993	-147.950	-9.754	mission:Bastok:21:step-007,mission:Bastok:21:step-019,mission:Bastok:21:step-023	mesh-no-path	1	761.467	0.000	1	1
208	Quicksand Caves	???	object:v1:208:17629733	-533.066	-414.969	-0.851	1667773306	125	Western Altepa Desert	-740.014	-521.835	-17.602	mission:Bastok:21:step-007,mission:Bastok:21:step-019,mission:Bastok:21:step-023	mesh-connected	23	1.424	0.000	1	1
208	Quicksand Caves	???	object:v1:208:17629733	-533.066	-414.969	-0.851	1701327738	125	Western Altepa Desert	-381.571	859.998	-1.774	mission:Bastok:21:step-007,mission:Bastok:21:step-019,mission:Bastok:21:step-023	mesh-no-path	1	1283.936	0.000	1	1
208	Quicksand Caves	???	object:v1:208:17629733	-533.066	-414.969	-0.851	1734882170	125	Western Altepa Desert	419.981	-879.744	-8.635	mission:Bastok:21:step-007,mission:Bastok:21:step-019,mission:Bastok:21:step-023	mesh-no-path	1	1060.365	0.000	1	1
208	Quicksand Caves	???	object:v1:208:17629733	-533.066	-414.969	-0.851	1768436602	125	Western Altepa Desert	-290.525	-141.257	-8.762	mission:Bastok:21:step-007,mission:Bastok:21:step-019,mission:Bastok:21:step-023	mesh-no-path	1	365.796	0.000	1	1
208	Quicksand Caves	???	object:v1:208:17629733	-533.066	-414.969	-0.851	1801991034	125	Western Altepa Desert	327.608	60.391	-8.805	mission:Bastok:21:step-007,mission:Bastok:21:step-019,mission:Bastok:21:step-023	mesh-no-path	1	983.255	0.000	1	1
208	Quicksand Caves	???	object:v1:208:17629733	-533.066	-414.969	-0.851	1835545466	125	Western Altepa Desert	-59.994	263.474	-17.649	mission:Bastok:21:step-007,mission:Bastok:21:step-019,mission:Bastok:21:step-023	mesh-no-path	1	827.263	0.000	1	1
208	Quicksand Caves	???	object:v1:208:17629733	-533.066	-414.969	-0.851	1869099898	125	Western Altepa Desert	-382.233	-296.316	-0.653	mission:Bastok:21:step-007,mission:Bastok:21:step-019,mission:Bastok:21:step-023	mesh-no-path	1	191.909	0.000	1	1
208	Quicksand Caves	???	object:v1:208:17629733	-533.066	-414.969	-0.851	1902654330	125	Western Altepa Desert	-811.328	-258.488	-0.758	mission:Bastok:21:step-007,mission:Bastok:21:step-019,mission:Bastok:21:step-023	mesh-no-path	1	319.243	0.000	1	1
208	Quicksand Caves	???	object:v1:208:17629733	-533.066	-414.969	-0.851	1936208762	125	Western Altepa Desert	-583.626	743.580	-0.883	mission:Bastok:21:step-007,mission:Bastok:21:step-019,mission:Bastok:21:step-023	mesh-no-path	1	1159.652	0.000	1	1
208	Quicksand Caves	???	object:v1:208:17629733	-533.066	-414.969	-0.851	1969763194	125	Western Altepa Desert	-341.118	484.062	-1.337	mission:Bastok:21:step-007,mission:Bastok:21:step-019,mission:Bastok:21:step-023	mesh-no-path	1	919.294	0.000	1	1
208	Quicksand Caves	???	object:v1:208:17629733	-533.066	-414.969	-0.851	812594298	168	Chamber of Oracles	-980.193	-282.863	14.913	mission:Bastok:21:step-007,mission:Bastok:21:step-019,mission:Bastok:21:step-023	mesh-no-path	1	466.501	0.000	1	1
208	Quicksand Caves	???	object:v1:208:17629733	-533.066	-414.969	-0.851	846148730	168	Chamber of Oracles	-900.334	-245.438	14.849	mission:Bastok:21:step-007,mission:Bastok:21:step-019,mission:Bastok:21:step-023	mesh-no-path	1	404.812	0.000	1	1
208	Quicksand Caves	???	object:v1:208:17629733	-533.066	-414.969	-0.851	812922234	209	Cloister of Tremors	577.033	-496.000	7.343	mission:Bastok:21:step-007,mission:Bastok:21:step-019,mission:Bastok:21:step-023	mesh-no-path	1	1113.083	0.000	1	1
208	Quicksand Caves	???	object:v1:208:17629736	781.727	-825.022	-16.000	909521786	114	Eastern Altepa Desert	940.000	-357.759	-17.591	mission:Bastok:21:step-007,mission:Bastok:21:step-019,mission:Bastok:21:step-023	mesh-no-path	1	493.343	0.000	1	1
208	Quicksand Caves	???	object:v1:208:17629736	781.727	-825.022	-16.000	943076218	114	Eastern Altepa Desert	700.001	-688.183	-25.793	mission:Bastok:21:step-007,mission:Bastok:21:step-019,mission:Bastok:21:step-023	mesh-connected	9	1.615	0.000	1	1
208	Quicksand Caves	???	object:v1:208:17629736	781.727	-825.022	-16.000	1630942074	114	Eastern Altepa Desert	618.389	-380.008	-9.800	mission:Bastok:21:step-007,mission:Bastok:21:step-019,mission:Bastok:21:step-023	mesh-no-path	1	474.084	0.000	1	1
208	Quicksand Caves	???	object:v1:208:17629736	781.727	-825.022	-16.000	1634218874	125	Western Altepa Desert	179.993	-147.950	-9.754	mission:Bastok:21:step-007,mission:Bastok:21:step-019,mission:Bastok:21:step-023	mesh-no-path	1	905.842	0.000	1	1
208	Quicksand Caves	???	object:v1:208:17629736	781.727	-825.022	-16.000	1667773306	125	Western Altepa Desert	-740.014	-521.835	-17.602	mission:Bastok:21:step-007,mission:Bastok:21:step-019,mission:Bastok:21:step-023	mesh-no-path	1	1551.651	0.000	1	1
208	Quicksand Caves	???	object:v1:208:17629736	781.727	-825.022	-16.000	1701327738	125	Western Altepa Desert	-381.571	859.998	-1.774	mission:Bastok:21:step-007,mission:Bastok:21:step-019,mission:Bastok:21:step-023	mesh-no-path	1	2047.622	0.000	1	1
208	Quicksand Caves	???	object:v1:208:17629736	781.727	-825.022	-16.000	1734882170	125	Western Altepa Desert	419.981	-879.744	-8.635	mission:Bastok:21:step-007,mission:Bastok:21:step-019,mission:Bastok:21:step-023	mesh-no-path	1	365.936	0.000	1	1
208	Quicksand Caves	???	object:v1:208:17629736	781.727	-825.022	-16.000	1768436602	125	Western Altepa Desert	-290.525	-141.257	-8.762	mission:Bastok:21:step-007,mission:Bastok:21:step-019,mission:Bastok:21:step-023	mesh-no-path	1	1271.735	0.000	1	1
208	Quicksand Caves	???	object:v1:208:17629736	781.727	-825.022	-16.000	1801991034	125	Western Altepa Desert	327.608	60.391	-8.805	mission:Bastok:21:step-007,mission:Bastok:21:step-019,mission:Bastok:21:step-023	mesh-no-path	1	995.104	0.000	1	1
208	Quicksand Caves	???	object:v1:208:17629736	781.727	-825.022	-16.000	1835545466	125	Western Altepa Desert	-59.994	263.474	-17.649	mission:Bastok:21:step-007,mission:Bastok:21:step-019,mission:Bastok:21:step-023	mesh-no-path	1	1375.980	0.000	1	1
208	Quicksand Caves	???	object:v1:208:17629736	781.727	-825.022	-16.000	1869099898	125	Western Altepa Desert	-382.233	-296.316	-0.653	mission:Bastok:21:step-007,mission:Bastok:21:step-019,mission:Bastok:21:step-023	mesh-no-path	1	1278.502	0.000	1	1
208	Quicksand Caves	???	object:v1:208:17629736	781.727	-825.022	-16.000	1902654330	125	Western Altepa Desert	-811.328	-258.488	-0.758	mission:Bastok:21:step-007,mission:Bastok:21:step-019,mission:Bastok:21:step-023	mesh-no-path	1	1690.863	0.000	1	1
208	Quicksand Caves	???	object:v1:208:17629736	781.727	-825.022	-16.000	1936208762	125	Western Altepa Desert	-583.626	743.580	-0.883	mission:Bastok:21:step-007,mission:Bastok:21:step-019,mission:Bastok:21:step-023	mesh-no-path	1	2079.647	0.000	1	1
208	Quicksand Caves	???	object:v1:208:17629736	781.727	-825.022	-16.000	1969763194	125	Western Altepa Desert	-341.118	484.062	-1.337	mission:Bastok:21:step-007,mission:Bastok:21:step-019,mission:Bastok:21:step-023	mesh-no-path	1	1724.731	0.000	1	1
208	Quicksand Caves	???	object:v1:208:17629736	781.727	-825.022	-16.000	812594298	168	Chamber of Oracles	-980.193	-282.863	14.913	mission:Bastok:21:step-007,mission:Bastok:21:step-019,mission:Bastok:21:step-023	mesh-no-path	1	1843.707	0.000	1	1
208	Quicksand Caves	???	object:v1:208:17629736	781.727	-825.022	-16.000	846148730	168	Chamber of Oracles	-900.334	-245.438	14.849	mission:Bastok:21:step-007,mission:Bastok:21:step-019,mission:Bastok:21:step-023	mesh-no-path	1	1779.382	0.000	1	1
208	Quicksand Caves	???	object:v1:208:17629736	781.727	-825.022	-16.000	812922234	209	Cloister of Tremors	577.033	-496.000	7.343	mission:Bastok:21:step-007,mission:Bastok:21:step-019,mission:Bastok:21:step-023	mesh-no-path	1	388.201	0.000	1	1
208	Quicksand Caves	???	object:v1:208:17629747	-469.393	619.933	-1.000	909521786	114	Eastern Altepa Desert	940.000	-357.759	-17.591	mission:Bastok:21:step-007,mission:Bastok:21:step-019,mission:Bastok:21:step-023	mesh-no-path	1	1715.385	0.000	1	1
208	Quicksand Caves	???	object:v1:208:17629747	-469.393	619.933	-1.000	943076218	114	Eastern Altepa Desert	700.001	-688.183	-25.793	mission:Bastok:21:step-007,mission:Bastok:21:step-019,mission:Bastok:21:step-023	mesh-no-path	1	1754.783	0.000	1	1
208	Quicksand Caves	???	object:v1:208:17629747	-469.393	619.933	-1.000	1630942074	114	Eastern Altepa Desert	618.389	-380.008	-9.800	mission:Bastok:21:step-007,mission:Bastok:21:step-019,mission:Bastok:21:step-023	mesh-no-path	1	1477.575	0.000	1	1
208	Quicksand Caves	???	object:v1:208:17629747	-469.393	619.933	-1.000	1634218874	125	Western Altepa Desert	179.993	-147.950	-9.754	mission:Bastok:21:step-007,mission:Bastok:21:step-019,mission:Bastok:21:step-023	mesh-no-path	1	1005.695	0.000	1	1
208	Quicksand Caves	???	object:v1:208:17629747	-469.393	619.933	-1.000	1667773306	125	Western Altepa Desert	-740.014	-521.835	-17.602	mission:Bastok:21:step-007,mission:Bastok:21:step-019,mission:Bastok:21:step-023	mesh-no-path	1	1173.518	0.000	1	1
208	Quicksand Caves	???	object:v1:208:17629747	-469.393	619.933	-1.000	1701327738	125	Western Altepa Desert	-381.571	859.998	-1.774	mission:Bastok:21:step-007,mission:Bastok:21:step-019,mission:Bastok:21:step-023	mesh-connected	17	1.449	0.000	1	1
208	Quicksand Caves	???	object:v1:208:17629747	-469.393	619.933	-1.000	1734882170	125	Western Altepa Desert	419.981	-879.744	-8.635	mission:Bastok:21:step-007,mission:Bastok:21:step-019,mission:Bastok:21:step-023	mesh-no-path	1	1743.581	0.000	1	1
208	Quicksand Caves	???	object:v1:208:17629747	-469.393	619.933	-1.000	1768436602	125	Western Altepa Desert	-290.525	-141.257	-8.762	mission:Bastok:21:step-007,mission:Bastok:21:step-019,mission:Bastok:21:step-023	mesh-no-path	1	781.962	0.000	1	1
208	Quicksand Caves	???	object:v1:208:17629747	-469.393	619.933	-1.000	1801991034	125	Western Altepa Desert	327.608	60.391	-8.805	mission:Bastok:21:step-007,mission:Bastok:21:step-019,mission:Bastok:21:step-023	mesh-no-path	1	973.837	0.000	1	1
208	Quicksand Caves	???	object:v1:208:17629747	-469.393	619.933	-1.000	1835545466	125	Western Altepa Desert	-59.994	263.474	-17.649	mission:Bastok:21:step-007,mission:Bastok:21:step-019,mission:Bastok:21:step-023	mesh-no-path	1	543.091	0.000	1	1
208	Quicksand Caves	???	object:v1:208:17629747	-469.393	619.933	-1.000	1869099898	125	Western Altepa Desert	-382.233	-296.316	-0.653	mission:Bastok:21:step-007,mission:Bastok:21:step-019,mission:Bastok:21:step-023	mesh-no-path	1	920.385	0.000	1	1
208	Quicksand Caves	???	object:v1:208:17629747	-469.393	619.933	-1.000	1902654330	125	Western Altepa Desert	-811.328	-258.488	-0.758	mission:Bastok:21:step-007,mission:Bastok:21:step-019,mission:Bastok:21:step-023	mesh-no-path	1	942.626	0.000	1	1
208	Quicksand Caves	???	object:v1:208:17629747	-469.393	619.933	-1.000	1936208762	125	Western Altepa Desert	-583.626	743.580	-0.883	mission:Bastok:21:step-007,mission:Bastok:21:step-019,mission:Bastok:21:step-023	mesh-connected	33	1.790	0.000	1	1
208	Quicksand Caves	???	object:v1:208:17629747	-469.393	619.933	-1.000	1969763194	125	Western Altepa Desert	-341.118	484.062	-1.337	mission:Bastok:21:step-007,mission:Bastok:21:step-019,mission:Bastok:21:step-023	mesh-no-path	1	186.857	0.000	1	1
208	Quicksand Caves	???	object:v1:208:17629747	-469.393	619.933	-1.000	812594298	168	Chamber of Oracles	-980.193	-282.863	14.913	mission:Bastok:21:step-007,mission:Bastok:21:step-019,mission:Bastok:21:step-023	mesh-no-path	1	1037.406	0.000	1	1
208	Quicksand Caves	???	object:v1:208:17629747	-469.393	619.933	-1.000	846148730	168	Chamber of Oracles	-900.334	-245.438	14.849	mission:Bastok:21:step-007,mission:Bastok:21:step-019,mission:Bastok:21:step-023	mesh-no-path	1	966.865	0.000	1	1
208	Quicksand Caves	???	object:v1:208:17629747	-469.393	619.933	-1.000	812922234	209	Cloister of Tremors	577.033	-496.000	7.343	mission:Bastok:21:step-007,mission:Bastok:21:step-019,mission:Bastok:21:step-023	mesh-no-path	1	1529.831	0.000	1	1
208	Quicksand Caves	???	object:v1:208:17629749	-506.764	-420.372	17.375	909521786	114	Eastern Altepa Desert	940.000	-357.759	-17.591	mission:Bastok:21:step-007,mission:Bastok:21:step-019,mission:Bastok:21:step-023	mesh-no-path	1	1448.540	0.000	1	1
208	Quicksand Caves	???	object:v1:208:17629749	-506.764	-420.372	17.375	943076218	114	Eastern Altepa Desert	700.001	-688.183	-25.793	mission:Bastok:21:step-007,mission:Bastok:21:step-019,mission:Bastok:21:step-023	mesh-no-path	1	1236.878	0.000	1	1
208	Quicksand Caves	???	object:v1:208:17629749	-506.764	-420.372	17.375	1630942074	114	Eastern Altepa Desert	618.389	-380.008	-9.800	mission:Bastok:21:step-007,mission:Bastok:21:step-019,mission:Bastok:21:step-023	mesh-no-path	1	1126.205	0.000	1	1
208	Quicksand Caves	???	object:v1:208:17629749	-506.764	-420.372	17.375	1634218874	125	Western Altepa Desert	179.993	-147.950	-9.754	mission:Bastok:21:step-007,mission:Bastok:21:step-019,mission:Bastok:21:step-023	mesh-no-path	1	739.314	0.000	1	1
208	Quicksand Caves	???	object:v1:208:17629749	-506.764	-420.372	17.375	1667773306	125	Western Altepa Desert	-740.014	-521.835	-17.602	mission:Bastok:21:step-007,mission:Bastok:21:step-019,mission:Bastok:21:step-023	mesh-no-path	1	256.756	0.000	1	1
208	Quicksand Caves	???	object:v1:208:17629749	-506.764	-420.372	17.375	1701327738	125	Western Altepa Desert	-381.571	859.998	-1.774	mission:Bastok:21:step-007,mission:Bastok:21:step-019,mission:Bastok:21:step-023	mesh-no-path	1	1286.619	0.000	1	1
208	Quicksand Caves	???	object:v1:208:17629749	-506.764	-420.372	17.375	1734882170	125	Western Altepa Desert	419.981	-879.744	-8.635	mission:Bastok:21:step-007,mission:Bastok:21:step-019,mission:Bastok:21:step-023	mesh-no-path	1	1034.676	0.000	1	1
208	Quicksand Caves	???	object:v1:208:17629749	-506.764	-420.372	17.375	1768436602	125	Western Altepa Desert	-290.525	-141.257	-8.762	mission:Bastok:21:step-007,mission:Bastok:21:step-019,mission:Bastok:21:step-023	mesh-no-path	1	354.045	0.000	1	1
208	Quicksand Caves	???	object:v1:208:17629749	-506.764	-420.372	17.375	1801991034	125	Western Altepa Desert	327.608	60.391	-8.805	mission:Bastok:21:step-007,mission:Bastok:21:step-019,mission:Bastok:21:step-023	mesh-no-path	1	963.325	0.000	1	1
208	Quicksand Caves	???	object:v1:208:17629749	-506.764	-420.372	17.375	1835545466	125	Western Altepa Desert	-59.994	263.474	-17.649	mission:Bastok:21:step-007,mission:Bastok:21:step-019,mission:Bastok:21:step-023	mesh-no-path	1	817.604	0.000	1	1
208	Quicksand Caves	???	object:v1:208:17629749	-506.764	-420.372	17.375	1869099898	125	Western Altepa Desert	-382.233	-296.316	-0.653	mission:Bastok:21:step-007,mission:Bastok:21:step-019,mission:Bastok:21:step-023	mesh-connected	15	1.616	0.000	1	1
208	Quicksand Caves	???	object:v1:208:17629749	-506.764	-420.372	17.375	1902654330	125	Western Altepa Desert	-811.328	-258.488	-0.758	mission:Bastok:21:step-007,mission:Bastok:21:step-019,mission:Bastok:21:step-023	mesh-no-path	1	345.390	0.000	1	1
208	Quicksand Caves	???	object:v1:208:17629749	-506.764	-420.372	17.375	1936208762	125	Western Altepa Desert	-583.626	743.580	-0.883	mission:Bastok:21:step-007,mission:Bastok:21:step-019,mission:Bastok:21:step-023	mesh-no-path	1	1166.630	0.000	1	1
208	Quicksand Caves	???	object:v1:208:17629749	-506.764	-420.372	17.375	1969763194	125	Western Altepa Desert	-341.118	484.062	-1.337	mission:Bastok:21:step-007,mission:Bastok:21:step-019,mission:Bastok:21:step-023	mesh-no-path	1	919.668	0.000	1	1
208	Quicksand Caves	???	object:v1:208:17629749	-506.764	-420.372	17.375	812594298	168	Chamber of Oracles	-980.193	-282.863	14.913	mission:Bastok:21:step-007,mission:Bastok:21:step-019,mission:Bastok:21:step-023	mesh-no-path	1	493.001	0.000	1	1
208	Quicksand Caves	???	object:v1:208:17629749	-506.764	-420.372	17.375	846148730	168	Chamber of Oracles	-900.334	-245.438	14.849	mission:Bastok:21:step-007,mission:Bastok:21:step-019,mission:Bastok:21:step-023	mesh-no-path	1	430.704	0.000	1	1
208	Quicksand Caves	???	object:v1:208:17629749	-506.764	-420.372	17.375	812922234	209	Cloister of Tremors	577.033	-496.000	7.343	mission:Bastok:21:step-007,mission:Bastok:21:step-019,mission:Bastok:21:step-023	mesh-no-path	1	1086.479	0.000	1	1
208	Quicksand Caves	???	object:v1:208:17629753	-345.000	826.000	0.500	909521786	114	Eastern Altepa Desert	940.000	-357.759	-17.591	mission:Bastok:21:step-007,mission:Bastok:21:step-019,mission:Bastok:21:step-023	mesh-no-path	1	1747.237	0.000	1	1
208	Quicksand Caves	???	object:v1:208:17629753	-345.000	826.000	0.500	943076218	114	Eastern Altepa Desert	700.001	-688.183	-25.793	mission:Bastok:21:step-007,mission:Bastok:21:step-019,mission:Bastok:21:step-023	mesh-no-path	1	1839.964	0.000	1	1
208	Quicksand Caves	???	object:v1:208:17629753	-345.000	826.000	0.500	1630942074	114	Eastern Altepa Desert	618.389	-380.008	-9.800	mission:Bastok:21:step-007,mission:Bastok:21:step-019,mission:Bastok:21:step-023	mesh-no-path	1	1543.593	0.000	1	1
208	Quicksand Caves	???	object:v1:208:17629753	-345.000	826.000	0.500	1634218874	125	Western Altepa Desert	179.993	-147.950	-9.754	mission:Bastok:21:step-007,mission:Bastok:21:step-019,mission:Bastok:21:step-023	mesh-no-path	1	1106.482	0.000	1	1
208	Quicksand Caves	???	object:v1:208:17629753	-345.000	826.000	0.500	1667773306	125	Western Altepa Desert	-740.014	-521.835	-17.602	mission:Bastok:21:step-007,mission:Bastok:21:step-019,mission:Bastok:21:step-023	mesh-no-path	1	1404.643	0.000	1	1
208	Quicksand Caves	???	object:v1:208:17629753	-345.000	826.000	0.500	1701327738	125	Western Altepa Desert	-381.571	859.998	-1.774	mission:Bastok:21:step-007,mission:Bastok:21:step-019,mission:Bastok:21:step-023	mesh-connected	7	1.449	0.000	1	1
208	Quicksand Caves	???	object:v1:208:17629753	-345.000	826.000	0.500	1734882170	125	Western Altepa Desert	419.981	-879.744	-8.635	mission:Bastok:21:step-007,mission:Bastok:21:step-019,mission:Bastok:21:step-023	mesh-no-path	1	1869.450	0.000	1	1
208	Quicksand Caves	???	object:v1:208:17629753	-345.000	826.000	0.500	1768436602	125	Western Altepa Desert	-290.525	-141.257	-8.762	mission:Bastok:21:step-007,mission:Bastok:21:step-019,mission:Bastok:21:step-023	mesh-no-path	1	968.834	0.000	1	1
208	Quicksand Caves	???	object:v1:208:17629753	-345.000	826.000	0.500	1801991034	125	Western Altepa Desert	327.608	60.391	-8.805	mission:Bastok:21:step-007,mission:Bastok:21:step-019,mission:Bastok:21:step-023	mesh-no-path	1	1019.139	0.000	1	1
208	Quicksand Caves	???	object:v1:208:17629753	-345.000	826.000	0.500	1835545466	125	Western Altepa Desert	-59.994	263.474	-17.649	mission:Bastok:21:step-007,mission:Bastok:21:step-019,mission:Bastok:21:step-023	mesh-no-path	1	630.867	0.000	1	1
208	Quicksand Caves	???	object:v1:208:17629753	-345.000	826.000	0.500	1869099898	125	Western Altepa Desert	-382.233	-296.316	-0.653	mission:Bastok:21:step-007,mission:Bastok:21:step-019,mission:Bastok:21:step-023	mesh-no-path	1	1122.934	0.000	1	1
208	Quicksand Caves	???	object:v1:208:17629753	-345.000	826.000	0.500	1902654330	125	Western Altepa Desert	-811.328	-258.488	-0.758	mission:Bastok:21:step-007,mission:Bastok:21:step-019,mission:Bastok:21:step-023	mesh-no-path	1	1180.499	0.000	1	1
208	Quicksand Caves	???	object:v1:208:17629753	-345.000	826.000	0.500	1936208762	125	Western Altepa Desert	-583.626	743.580	-0.883	mission:Bastok:21:step-007,mission:Bastok:21:step-019,mission:Bastok:21:step-023	mesh-connected	18	1.790	0.000	1	1
208	Quicksand Caves	???	object:v1:208:17629753	-345.000	826.000	0.500	1969763194	125	Western Altepa Desert	-341.118	484.062	-1.337	mission:Bastok:21:step-007,mission:Bastok:21:step-019,mission:Bastok:21:step-023	mesh-no-path	1	341.965	0.000	1	1
208	Quicksand Caves	???	object:v1:208:17629753	-345.000	826.000	0.500	812594298	168	Chamber of Oracles	-980.193	-282.863	14.913	mission:Bastok:21:step-007,mission:Bastok:21:step-019,mission:Bastok:21:step-023	mesh-no-path	1	1277.989	0.000	1	1
208	Quicksand Caves	???	object:v1:208:17629753	-345.000	826.000	0.500	846148730	168	Chamber of Oracles	-900.334	-245.438	14.849	mission:Bastok:21:step-007,mission:Bastok:21:step-019,mission:Bastok:21:step-023	mesh-no-path	1	1206.889	0.000	1	1
208	Quicksand Caves	???	object:v1:208:17629753	-345.000	826.000	0.500	812922234	209	Cloister of Tremors	577.033	-496.000	7.343	mission:Bastok:21:step-007,mission:Bastok:21:step-019,mission:Bastok:21:step-023	mesh-no-path	1	1611.793	0.000	1	1
208	Quicksand Caves	???	object:v1:208:17629754	76.000	-27.000	0.020	909521786	114	Eastern Altepa Desert	940.000	-357.759	-17.591	mission:Bastok:21:step-007,mission:Bastok:21:step-019,mission:Bastok:21:step-023	mesh-no-path	1	925.315	0.000	1	1
208	Quicksand Caves	???	object:v1:208:17629754	76.000	-27.000	0.020	943076218	114	Eastern Altepa Desert	700.001	-688.183	-25.793	mission:Bastok:21:step-007,mission:Bastok:21:step-019,mission:Bastok:21:step-023	mesh-no-path	1	909.509	0.000	1	1
208	Quicksand Caves	???	object:v1:208:17629754	76.000	-27.000	0.020	1630942074	114	Eastern Altepa Desert	618.389	-380.008	-9.800	mission:Bastok:21:step-007,mission:Bastok:21:step-019,mission:Bastok:21:step-023	mesh-no-path	1	647.222	0.000	1	1
208	Quicksand Caves	???	object:v1:208:17629754	76.000	-27.000	0.020	1634218874	125	Western Altepa Desert	179.993	-147.950	-9.754	mission:Bastok:21:step-007,mission:Bastok:21:step-019,mission:Bastok:21:step-023	mesh-connected	16	1.438	0.000	1	1
208	Quicksand Caves	???	object:v1:208:17629754	76.000	-27.000	0.020	1667773306	125	Western Altepa Desert	-740.014	-521.835	-17.602	mission:Bastok:21:step-007,mission:Bastok:21:step-019,mission:Bastok:21:step-023	mesh-no-path	1	954.490	0.000	1	1
208	Quicksand Caves	???	object:v1:208:17629754	76.000	-27.000	0.020	1701327738	125	Western Altepa Desert	-381.571	859.998	-1.774	mission:Bastok:21:step-007,mission:Bastok:21:step-019,mission:Bastok:21:step-023	mesh-no-path	1	998.068	0.000	1	1
208	Quicksand Caves	???	object:v1:208:17629754	76.000	-27.000	0.020	1734882170	125	Western Altepa Desert	419.981	-879.744	-8.635	mission:Bastok:21:step-007,mission:Bastok:21:step-019,mission:Bastok:21:step-023	mesh-no-path	1	919.549	0.000	1	1
208	Quicksand Caves	???	object:v1:208:17629754	76.000	-27.000	0.020	1768436602	125	Western Altepa Desert	-290.525	-141.257	-8.762	mission:Bastok:21:step-007,mission:Bastok:21:step-019,mission:Bastok:21:step-023	mesh-no-path	1	384.021	0.000	1	1
208	Quicksand Caves	???	object:v1:208:17629754	76.000	-27.000	0.020	1801991034	125	Western Altepa Desert	327.608	60.391	-8.805	mission:Bastok:21:step-007,mission:Bastok:21:step-019,mission:Bastok:21:step-023	mesh-no-path	1	266.499	0.000	1	1
208	Quicksand Caves	???	object:v1:208:17629754	76.000	-27.000	0.020	1835545466	125	Western Altepa Desert	-59.994	263.474	-17.649	mission:Bastok:21:step-007,mission:Bastok:21:step-019,mission:Bastok:21:step-023	mesh-no-path	1	321.219	0.000	1	1
208	Quicksand Caves	???	object:v1:208:17629754	76.000	-27.000	0.020	1869099898	125	Western Altepa Desert	-382.233	-296.316	-0.653	mission:Bastok:21:step-007,mission:Bastok:21:step-019,mission:Bastok:21:step-023	mesh-no-path	1	531.516	0.000	1	1
208	Quicksand Caves	???	object:v1:208:17629754	76.000	-27.000	0.020	1902654330	125	Western Altepa Desert	-811.328	-258.488	-0.758	mission:Bastok:21:step-007,mission:Bastok:21:step-019,mission:Bastok:21:step-023	mesh-no-path	1	917.027	0.000	1	1
208	Quicksand Caves	???	object:v1:208:17629754	76.000	-27.000	0.020	1936208762	125	Western Altepa Desert	-583.626	743.580	-0.883	mission:Bastok:21:step-007,mission:Bastok:21:step-019,mission:Bastok:21:step-023	mesh-no-path	1	1014.347	0.000	1	1
208	Quicksand Caves	???	object:v1:208:17629754	76.000	-27.000	0.020	1969763194	125	Western Altepa Desert	-341.118	484.062	-1.337	mission:Bastok:21:step-007,mission:Bastok:21:step-019,mission:Bastok:21:step-023	mesh-no-path	1	659.677	0.000	1	1
208	Quicksand Caves	???	object:v1:208:17629754	76.000	-27.000	0.020	812594298	168	Chamber of Oracles	-980.193	-282.863	14.913	mission:Bastok:21:step-007,mission:Bastok:21:step-019,mission:Bastok:21:step-023	mesh-no-path	1	1086.845	0.000	1	1
208	Quicksand Caves	???	object:v1:208:17629754	76.000	-27.000	0.020	846148730	168	Chamber of Oracles	-900.334	-245.438	14.849	mission:Bastok:21:step-007,mission:Bastok:21:step-019,mission:Bastok:21:step-023	mesh-no-path	1	1000.581	0.000	1	1
208	Quicksand Caves	???	object:v1:208:17629754	76.000	-27.000	0.020	812922234	209	Cloister of Tremors	577.033	-496.000	7.343	mission:Bastok:21:step-007,mission:Bastok:21:step-019,mission:Bastok:21:step-023	mesh-no-path	1	686.330	0.000	1	1
208	Quicksand Caves	???	object:v1:208:17629755	-60.000	-169.000	1.278	909521786	114	Eastern Altepa Desert	940.000	-357.759	-17.591	mission:Bastok:21:step-007,mission:Bastok:21:step-019,mission:Bastok:21:step-023	mesh-no-path	1	1017.834	0.000	1	1
208	Quicksand Caves	???	object:v1:208:17629755	-60.000	-169.000	1.278	943076218	114	Eastern Altepa Desert	700.001	-688.183	-25.793	mission:Bastok:21:step-007,mission:Bastok:21:step-019,mission:Bastok:21:step-023	mesh-no-path	1	920.807	0.000	1	1
208	Quicksand Caves	???	object:v1:208:17629755	-60.000	-169.000	1.278	1630942074	114	Eastern Altepa Desert	618.389	-380.008	-9.800	mission:Bastok:21:step-007,mission:Bastok:21:step-019,mission:Bastok:21:step-023	mesh-no-path	1	710.534	0.000	1	1
208	Quicksand Caves	???	object:v1:208:17629755	-60.000	-169.000	1.278	1634218874	125	Western Altepa Desert	179.993	-147.950	-9.754	mission:Bastok:21:step-007,mission:Bastok:21:step-019,mission:Bastok:21:step-023	mesh-connected	15	1.438	0.000	1	1
208	Quicksand Caves	???	object:v1:208:17629755	-60.000	-169.000	1.278	1667773306	125	Western Altepa Desert	-740.014	-521.835	-17.602	mission:Bastok:21:step-007,mission:Bastok:21:step-019,mission:Bastok:21:step-023	mesh-no-path	1	766.334	0.000	1	1
208	Quicksand Caves	???	object:v1:208:17629755	-60.000	-169.000	1.278	1701327738	125	Western Altepa Desert	-381.571	859.998	-1.774	mission:Bastok:21:step-007,mission:Bastok:21:step-019,mission:Bastok:21:step-023	mesh-no-path	1	1078.079	0.000	1	1
208	Quicksand Caves	???	object:v1:208:17629755	-60.000	-169.000	1.278	1734882170	125	Western Altepa Desert	419.981	-879.744	-8.635	mission:Bastok:21:step-007,mission:Bastok:21:step-019,mission:Bastok:21:step-023	mesh-no-path	1	857.693	0.000	1	1
208	Quicksand Caves	???	object:v1:208:17629755	-60.000	-169.000	1.278	1768436602	125	Western Altepa Desert	-290.525	-141.257	-8.762	mission:Bastok:21:step-007,mission:Bastok:21:step-019,mission:Bastok:21:step-023	mesh-no-path	1	232.405	0.000	1	1
208	Quicksand Caves	???	object:v1:208:17629755	-60.000	-169.000	1.278	1801991034	125	Western Altepa Desert	327.608	60.391	-8.805	mission:Bastok:21:step-007,mission:Bastok:21:step-019,mission:Bastok:21:step-023	mesh-no-path	1	450.513	0.000	1	1
208	Quicksand Caves	???	object:v1:208:17629755	-60.000	-169.000	1.278	1835545466	125	Western Altepa Desert	-59.994	263.474	-17.649	mission:Bastok:21:step-007,mission:Bastok:21:step-019,mission:Bastok:21:step-023	mesh-no-path	1	432.888	0.000	1	1
208	Quicksand Caves	???	object:v1:208:17629755	-60.000	-169.000	1.278	1869099898	125	Western Altepa Desert	-382.233	-296.316	-0.653	mission:Bastok:21:step-007,mission:Bastok:21:step-019,mission:Bastok:21:step-023	mesh-no-path	1	346.478	0.000	1	1
208	Quicksand Caves	???	object:v1:208:17629755	-60.000	-169.000	1.278	1902654330	125	Western Altepa Desert	-811.328	-258.488	-0.758	mission:Bastok:21:step-007,mission:Bastok:21:step-019,mission:Bastok:21:step-023	mesh-no-path	1	756.641	0.000	1	1
208	Quicksand Caves	???	object:v1:208:17629755	-60.000	-169.000	1.278	1936208762	125	Western Altepa Desert	-583.626	743.580	-0.883	mission:Bastok:21:step-007,mission:Bastok:21:step-019,mission:Bastok:21:step-023	mesh-no-path	1	1052.136	0.000	1	1
208	Quicksand Caves	???	object:v1:208:17629755	-60.000	-169.000	1.278	1969763194	125	Western Altepa Desert	-341.118	484.062	-1.337	mission:Bastok:21:step-007,mission:Bastok:21:step-019,mission:Bastok:21:step-023	mesh-no-path	1	711.002	0.000	1	1
208	Quicksand Caves	???	object:v1:208:17629755	-60.000	-169.000	1.278	812594298	168	Chamber of Oracles	-980.193	-282.863	14.913	mission:Bastok:21:step-007,mission:Bastok:21:step-019,mission:Bastok:21:step-023	mesh-no-path	1	927.311	0.000	1	1
208	Quicksand Caves	???	object:v1:208:17629755	-60.000	-169.000	1.278	846148730	168	Chamber of Oracles	-900.334	-245.438	14.849	mission:Bastok:21:step-007,mission:Bastok:21:step-019,mission:Bastok:21:step-023	mesh-no-path	1	843.912	0.000	1	1
208	Quicksand Caves	???	object:v1:208:17629755	-60.000	-169.000	1.278	812922234	209	Cloister of Tremors	577.033	-496.000	7.343	mission:Bastok:21:step-007,mission:Bastok:21:step-019,mission:Bastok:21:step-023	mesh-no-path	1	716.084	0.000	1	1
208	Quicksand Caves	???	object:v1:208:17629756	-181.000	-107.000	7.625	909521786	114	Eastern Altepa Desert	940.000	-357.759	-17.591	mission:Bastok:21:step-007,mission:Bastok:21:step-019,mission:Bastok:21:step-023	mesh-no-path	1	1148.981	0.000	1	1
208	Quicksand Caves	???	object:v1:208:17629756	-181.000	-107.000	7.625	943076218	114	Eastern Altepa Desert	700.001	-688.183	-25.793	mission:Bastok:21:step-007,mission:Bastok:21:step-019,mission:Bastok:21:step-023	mesh-no-path	1	1055.961	0.000	1	1
208	Quicksand Caves	???	object:v1:208:17629756	-181.000	-107.000	7.625	1630942074	114	Eastern Altepa Desert	618.389	-380.008	-9.800	mission:Bastok:21:step-007,mission:Bastok:21:step-019,mission:Bastok:21:step-023	mesh-no-path	1	844.902	0.000	1	1
208	Quicksand Caves	???	object:v1:208:17629756	-181.000	-107.000	7.625	1634218874	125	Western Altepa Desert	179.993	-147.950	-9.754	mission:Bastok:21:step-007,mission:Bastok:21:step-019,mission:Bastok:21:step-023	mesh-no-path	1	363.724	0.000	1	1
208	Quicksand Caves	???	object:v1:208:17629756	-181.000	-107.000	7.625	1667773306	125	Western Altepa Desert	-740.014	-521.835	-17.602	mission:Bastok:21:step-007,mission:Bastok:21:step-019,mission:Bastok:21:step-023	mesh-no-path	1	696.578	0.000	1	1
208	Quicksand Caves	???	object:v1:208:17629756	-181.000	-107.000	7.625	1701327738	125	Western Altepa Desert	-381.571	859.998	-1.774	mission:Bastok:21:step-007,mission:Bastok:21:step-019,mission:Bastok:21:step-023	mesh-no-path	1	987.625	0.000	1	1
208	Quicksand Caves	???	object:v1:208:17629756	-181.000	-107.000	7.625	1734882170	125	Western Altepa Desert	419.981	-879.744	-8.635	mission:Bastok:21:step-007,mission:Bastok:21:step-019,mission:Bastok:21:step-023	mesh-no-path	1	979.069	0.000	1	1
208	Quicksand Caves	???	object:v1:208:17629756	-181.000	-107.000	7.625	1768436602	125	Western Altepa Desert	-290.525	-141.257	-8.762	mission:Bastok:21:step-007,mission:Bastok:21:step-019,mission:Bastok:21:step-023	mesh-connected	25	1.619	0.000	1	1
208	Quicksand Caves	???	object:v1:208:17629756	-181.000	-107.000	7.625	1801991034	125	Western Altepa Desert	327.608	60.391	-8.805	mission:Bastok:21:step-007,mission:Bastok:21:step-019,mission:Bastok:21:step-023	mesh-no-path	1	535.697	0.000	1	1
208	Quicksand Caves	???	object:v1:208:17629756	-181.000	-107.000	7.625	1835545466	125	Western Altepa Desert	-59.994	263.474	-17.649	mission:Bastok:21:step-007,mission:Bastok:21:step-019,mission:Bastok:21:step-023	mesh-no-path	1	390.554	0.000	1	1
208	Quicksand Caves	???	object:v1:208:17629756	-181.000	-107.000	7.625	1869099898	125	Western Altepa Desert	-382.233	-296.316	-0.653	mission:Bastok:21:step-007,mission:Bastok:21:step-019,mission:Bastok:21:step-023	mesh-no-path	1	276.412	0.000	1	1
208	Quicksand Caves	???	object:v1:208:17629756	-181.000	-107.000	7.625	1902654330	125	Western Altepa Desert	-811.328	-258.488	-0.758	mission:Bastok:21:step-007,mission:Bastok:21:step-019,mission:Bastok:21:step-023	mesh-no-path	1	648.330	0.000	1	1
208	Quicksand Caves	???	object:v1:208:17629756	-181.000	-107.000	7.625	1936208762	125	Western Altepa Desert	-583.626	743.580	-0.883	mission:Bastok:21:step-007,mission:Bastok:21:step-019,mission:Bastok:21:step-023	mesh-no-path	1	941.099	0.000	1	1
208	Quicksand Caves	???	object:v1:208:17629756	-181.000	-107.000	7.625	1969763194	125	Western Altepa Desert	-341.118	484.062	-1.337	mission:Bastok:21:step-007,mission:Bastok:21:step-019,mission:Bastok:21:step-023	mesh-no-path	1	612.432	0.000	1	1
208	Quicksand Caves	???	object:v1:208:17629756	-181.000	-107.000	7.625	812594298	168	Chamber of Oracles	-980.193	-282.863	14.913	mission:Bastok:21:step-007,mission:Bastok:21:step-019,mission:Bastok:21:step-023	mesh-no-path	1	818.346	0.000	1	1
208	Quicksand Caves	???	object:v1:208:17629756	-181.000	-107.000	7.625	846148730	168	Chamber of Oracles	-900.334	-245.438	14.849	mission:Bastok:21:step-007,mission:Bastok:21:step-019,mission:Bastok:21:step-023	mesh-no-path	1	732.570	0.000	1	1
208	Quicksand Caves	???	object:v1:208:17629756	-181.000	-107.000	7.625	812922234	209	Cloister of Tremors	577.033	-496.000	7.343	mission:Bastok:21:step-007,mission:Bastok:21:step-019,mission:Bastok:21:step-023	mesh-no-path	1	852.018	0.000	1	1
208	Quicksand Caves	???	object:v1:208:17629757	816.000	-568.000	1.502	909521786	114	Eastern Altepa Desert	940.000	-357.759	-17.591	mission:Bastok:21:step-007,mission:Bastok:21:step-019,mission:Bastok:21:step-023	mesh-no-path	1	244.830	0.000	1	1
208	Quicksand Caves	???	object:v1:208:17629757	816.000	-568.000	1.502	943076218	114	Eastern Altepa Desert	700.001	-688.183	-25.793	mission:Bastok:21:step-007,mission:Bastok:21:step-019,mission:Bastok:21:step-023	mesh-no-path	1	169.248	0.000	1	1
208	Quicksand Caves	???	object:v1:208:17629757	816.000	-568.000	1.502	1630942074	114	Eastern Altepa Desert	618.389	-380.008	-9.800	mission:Bastok:21:step-007,mission:Bastok:21:step-019,mission:Bastok:21:step-023	mesh-no-path	1	272.981	0.000	1	1
208	Quicksand Caves	???	object:v1:208:17629757	816.000	-568.000	1.502	1634218874	125	Western Altepa Desert	179.993	-147.950	-9.754	mission:Bastok:21:step-007,mission:Bastok:21:step-019,mission:Bastok:21:step-023	mesh-no-path	1	762.282	0.000	1	1
208	Quicksand Caves	???	object:v1:208:17629757	816.000	-568.000	1.502	1667773306	125	Western Altepa Desert	-740.014	-521.835	-17.602	mission:Bastok:21:step-007,mission:Bastok:21:step-019,mission:Bastok:21:step-023	mesh-no-path	1	1556.816	0.000	1	1
208	Quicksand Caves	???	object:v1:208:17629757	816.000	-568.000	1.502	1701327738	125	Western Altepa Desert	-381.571	859.998	-1.774	mission:Bastok:21:step-007,mission:Bastok:21:step-019,mission:Bastok:21:step-023	mesh-no-path	1	1863.697	0.000	1	1
208	Quicksand Caves	???	object:v1:208:17629757	816.000	-568.000	1.502	1734882170	125	Western Altepa Desert	419.981	-879.744	-8.635	mission:Bastok:21:step-007,mission:Bastok:21:step-019,mission:Bastok:21:step-023	mesh-no-path	1	504.101	0.000	1	1
208	Quicksand Caves	???	object:v1:208:17629757	816.000	-568.000	1.502	1768436602	125	Western Altepa Desert	-290.525	-141.257	-8.762	mission:Bastok:21:step-007,mission:Bastok:21:step-019,mission:Bastok:21:step-023	mesh-no-path	1	1186.007	0.000	1	1
208	Quicksand Caves	???	object:v1:208:17629757	816.000	-568.000	1.502	1801991034	125	Western Altepa Desert	327.608	60.391	-8.805	mission:Bastok:21:step-007,mission:Bastok:21:step-019,mission:Bastok:21:step-023	mesh-no-path	1	795.932	0.000	1	1
208	Quicksand Caves	???	object:v1:208:17629757	816.000	-568.000	1.502	1835545466	125	Western Altepa Desert	-59.994	263.474	-17.649	mission:Bastok:21:step-007,mission:Bastok:21:step-019,mission:Bastok:21:step-023	mesh-no-path	1	1207.924	0.000	1	1
208	Quicksand Caves	???	object:v1:208:17629757	816.000	-568.000	1.502	1869099898	125	Western Altepa Desert	-382.233	-296.316	-0.653	mission:Bastok:21:step-007,mission:Bastok:21:step-019,mission:Bastok:21:step-023	mesh-no-path	1	1228.649	0.000	1	1
208	Quicksand Caves	???	object:v1:208:17629757	816.000	-568.000	1.502	1902654330	125	Western Altepa Desert	-811.328	-258.488	-0.758	mission:Bastok:21:step-007,mission:Bastok:21:step-019,mission:Bastok:21:step-023	mesh-no-path	1	1656.502	0.000	1	1
208	Quicksand Caves	???	object:v1:208:17629757	816.000	-568.000	1.502	1936208762	125	Western Altepa Desert	-583.626	743.580	-0.883	mission:Bastok:21:step-007,mission:Bastok:21:step-019,mission:Bastok:21:step-023	mesh-no-path	1	1918.124	0.000	1	1
208	Quicksand Caves	???	object:v1:208:17629757	816.000	-568.000	1.502	1969763194	125	Western Altepa Desert	-341.118	484.062	-1.337	mission:Bastok:21:step-007,mission:Bastok:21:step-019,mission:Bastok:21:step-023	mesh-no-path	1	1563.894	0.000	1	1
208	Quicksand Caves	???	object:v1:208:17629757	816.000	-568.000	1.502	812594298	168	Chamber of Oracles	-980.193	-282.863	14.913	mission:Bastok:21:step-007,mission:Bastok:21:step-019,mission:Bastok:21:step-023	mesh-no-path	1	1818.734	0.000	1	1
208	Quicksand Caves	???	object:v1:208:17629757	816.000	-568.000	1.502	846148730	168	Chamber of Oracles	-900.334	-245.438	14.849	mission:Bastok:21:step-007,mission:Bastok:21:step-019,mission:Bastok:21:step-023	mesh-no-path	1	1746.433	0.000	1	1
208	Quicksand Caves	???	object:v1:208:17629757	816.000	-568.000	1.502	812922234	209	Cloister of Tremors	577.033	-496.000	7.343	mission:Bastok:21:step-007,mission:Bastok:21:step-019,mission:Bastok:21:step-023	mesh-no-path	1	249.646	0.000	1	1
208	Quicksand Caves	???	object:v1:208:17629758	548.000	-946.000	17.314	909521786	114	Eastern Altepa Desert	940.000	-357.759	-17.591	mission:Bastok:21:step-007,mission:Bastok:21:step-019,mission:Bastok:21:step-023	mesh-no-path	1	707.750	0.000	1	1
208	Quicksand Caves	???	object:v1:208:17629758	548.000	-946.000	17.314	943076218	114	Eastern Altepa Desert	700.001	-688.183	-25.793	mission:Bastok:21:step-007,mission:Bastok:21:step-019,mission:Bastok:21:step-023	mesh-no-path	1	302.377	0.000	1	1
208	Quicksand Caves	???	object:v1:208:17629758	548.000	-946.000	17.314	1630942074	114	Eastern Altepa Desert	618.389	-380.008	-9.800	mission:Bastok:21:step-007,mission:Bastok:21:step-019,mission:Bastok:21:step-023	mesh-no-path	1	570.996	0.000	1	1
208	Quicksand Caves	???	object:v1:208:17629758	548.000	-946.000	17.314	1634218874	125	Western Altepa Desert	179.993	-147.950	-9.754	mission:Bastok:21:step-007,mission:Bastok:21:step-019,mission:Bastok:21:step-023	mesh-no-path	1	879.230	0.000	1	1
208	Quicksand Caves	???	object:v1:208:17629758	548.000	-946.000	17.314	1667773306	125	Western Altepa Desert	-740.014	-521.835	-17.602	mission:Bastok:21:step-007,mission:Bastok:21:step-019,mission:Bastok:21:step-023	mesh-no-path	1	1356.508	0.000	1	1
208	Quicksand Caves	???	object:v1:208:17629758	548.000	-946.000	17.314	1701327738	125	Western Altepa Desert	-381.571	859.998	-1.774	mission:Bastok:21:step-007,mission:Bastok:21:step-019,mission:Bastok:21:step-023	mesh-no-path	1	2031.279	0.000	1	1
208	Quicksand Caves	???	object:v1:208:17629758	548.000	-946.000	17.314	1734882170	125	Western Altepa Desert	419.981	-879.744	-8.635	mission:Bastok:21:step-007,mission:Bastok:21:step-019,mission:Bastok:21:step-023	mesh-connected	23	1.457	0.000	1	1
208	Quicksand Caves	???	object:v1:208:17629758	548.000	-946.000	17.314	1768436602	125	Western Altepa Desert	-290.525	-141.257	-8.762	mission:Bastok:21:step-007,mission:Bastok:21:step-019,mission:Bastok:21:step-023	mesh-no-path	1	1162.504	0.000	1	1
208	Quicksand Caves	???	object:v1:208:17629758	548.000	-946.000	17.314	1801991034	125	Western Altepa Desert	327.608	60.391	-8.805	mission:Bastok:21:step-007,mission:Bastok:21:step-019,mission:Bastok:21:step-023	mesh-no-path	1	1030.572	0.000	1	1
208	Quicksand Caves	???	object:v1:208:17629758	548.000	-946.000	17.314	1835545466	125	Western Altepa Desert	-59.994	263.474	-17.649	mission:Bastok:21:step-007,mission:Bastok:21:step-019,mission:Bastok:21:step-023	mesh-no-path	1	1354.144	0.000	1	1
208	Quicksand Caves	???	object:v1:208:17629758	548.000	-946.000	17.314	1869099898	125	Western Altepa Desert	-382.233	-296.316	-0.653	mission:Bastok:21:step-007,mission:Bastok:21:step-019,mission:Bastok:21:step-023	mesh-no-path	1	1134.789	0.000	1	1
208	Quicksand Caves	???	object:v1:208:17629758	548.000	-946.000	17.314	1902654330	125	Western Altepa Desert	-811.328	-258.488	-0.758	mission:Bastok:21:step-007,mission:Bastok:21:step-019,mission:Bastok:21:step-023	mesh-no-path	1	1523.408	0.000	1	1
208	Quicksand Caves	???	object:v1:208:17629758	548.000	-946.000	17.314	1936208762	125	Western Altepa Desert	-583.626	743.580	-0.883	mission:Bastok:21:step-007,mission:Bastok:21:step-019,mission:Bastok:21:step-023	mesh-no-path	1	2033.615	0.000	1	1
208	Quicksand Caves	???	object:v1:208:17629758	548.000	-946.000	17.314	1969763194	125	Western Altepa Desert	-341.118	484.062	-1.337	mission:Bastok:21:step-007,mission:Bastok:21:step-019,mission:Bastok:21:step-023	mesh-no-path	1	1684.030	0.000	1	1
208	Quicksand Caves	???	object:v1:208:17629758	548.000	-946.000	17.314	812594298	168	Chamber of Oracles	-980.193	-282.863	14.913	mission:Bastok:21:step-007,mission:Bastok:21:step-019,mission:Bastok:21:step-023	mesh-no-path	1	1665.872	0.000	1	1
208	Quicksand Caves	???	object:v1:208:17629758	548.000	-946.000	17.314	846148730	168	Chamber of Oracles	-900.334	-245.438	14.849	mission:Bastok:21:step-007,mission:Bastok:21:step-019,mission:Bastok:21:step-023	mesh-no-path	1	1608.871	0.000	1	1
208	Quicksand Caves	???	object:v1:208:17629758	548.000	-946.000	17.314	812922234	209	Cloister of Tremors	577.033	-496.000	7.343	mission:Bastok:21:step-007,mission:Bastok:21:step-019,mission:Bastok:21:step-023	mesh-no-path	1	451.046	0.000	1	1
208	Quicksand Caves	???	object:v1:208:17629759	272.000	24.000	1.962	909521786	114	Eastern Altepa Desert	940.000	-357.759	-17.591	mission:Bastok:21:step-007,mission:Bastok:21:step-019,mission:Bastok:21:step-023	mesh-no-path	1	769.640	0.000	1	1
208	Quicksand Caves	???	object:v1:208:17629759	272.000	24.000	1.962	943076218	114	Eastern Altepa Desert	700.001	-688.183	-25.793	mission:Bastok:21:step-007,mission:Bastok:21:step-019,mission:Bastok:21:step-023	mesh-no-path	1	831.360	0.000	1	1
208	Quicksand Caves	???	object:v1:208:17629759	272.000	24.000	1.962	1630942074	114	Eastern Altepa Desert	618.389	-380.008	-9.800	mission:Bastok:21:step-007,mission:Bastok:21:step-019,mission:Bastok:21:step-023	mesh-no-path	1	532.303	0.000	1	1
208	Quicksand Caves	???	object:v1:208:17629759	272.000	24.000	1.962	1634218874	125	Western Altepa Desert	179.993	-147.950	-9.754	mission:Bastok:21:step-007,mission:Bastok:21:step-019,mission:Bastok:21:step-023	mesh-no-path	1	195.370	0.000	1	1
208	Quicksand Caves	???	object:v1:208:17629759	272.000	24.000	1.962	1667773306	125	Western Altepa Desert	-740.014	-521.835	-17.602	mission:Bastok:21:step-007,mission:Bastok:21:step-019,mission:Bastok:21:step-023	mesh-no-path	1	1149.996	0.000	1	1
208	Quicksand Caves	???	object:v1:208:17629759	272.000	24.000	1.962	1701327738	125	Western Altepa Desert	-381.571	859.998	-1.774	mission:Bastok:21:step-007,mission:Bastok:21:step-019,mission:Bastok:21:step-023	mesh-no-path	1	1061.161	0.000	1	1
208	Quicksand Caves	???	object:v1:208:17629759	272.000	24.000	1.962	1734882170	125	Western Altepa Desert	419.981	-879.744	-8.635	mission:Bastok:21:step-007,mission:Bastok:21:step-019,mission:Bastok:21:step-023	mesh-no-path	1	915.841	0.000	1	1
208	Quicksand Caves	???	object:v1:208:17629759	272.000	24.000	1.962	1768436602	125	Western Altepa Desert	-290.525	-141.257	-8.762	mission:Bastok:21:step-007,mission:Bastok:21:step-019,mission:Bastok:21:step-023	mesh-no-path	1	586.395	0.000	1	1
208	Quicksand Caves	???	object:v1:208:17629759	272.000	24.000	1.962	1801991034	125	Western Altepa Desert	327.608	60.391	-8.805	mission:Bastok:21:step-007,mission:Bastok:21:step-019,mission:Bastok:21:step-023	mesh-connected	12	1.562	0.000	1	1
208	Quicksand Caves	???	object:v1:208:17629759	272.000	24.000	1.962	1835545466	125	Western Altepa Desert	-59.994	263.474	-17.649	mission:Bastok:21:step-007,mission:Bastok:21:step-019,mission:Bastok:21:step-023	mesh-no-path	1	409.820	0.000	1	1
208	Quicksand Caves	???	object:v1:208:17629759	272.000	24.000	1.962	1869099898	125	Western Altepa Desert	-382.233	-296.316	-0.653	mission:Bastok:21:step-007,mission:Bastok:21:step-019,mission:Bastok:21:step-023	mesh-no-path	1	728.444	0.000	1	1
208	Quicksand Caves	???	object:v1:208:17629759	272.000	24.000	1.962	1902654330	125	Western Altepa Desert	-811.328	-258.488	-0.758	mission:Bastok:21:step-007,mission:Bastok:21:step-019,mission:Bastok:21:step-023	mesh-no-path	1	1119.556	0.000	1	1
208	Quicksand Caves	???	object:v1:208:17629759	272.000	24.000	1.962	1936208762	125	Western Altepa Desert	-583.626	743.580	-0.883	mission:Bastok:21:step-007,mission:Bastok:21:step-019,mission:Bastok:21:step-023	mesh-no-path	1	1117.989	0.000	1	1
208	Quicksand Caves	???	object:v1:208:17629759	272.000	24.000	1.962	1969763194	125	Western Altepa Desert	-341.118	484.062	-1.337	mission:Bastok:21:step-007,mission:Bastok:21:step-019,mission:Bastok:21:step-023	mesh-no-path	1	766.539	0.000	1	1
208	Quicksand Caves	???	object:v1:208:17629759	272.000	24.000	1.962	812594298	168	Chamber of Oracles	-980.193	-282.863	14.913	mission:Bastok:21:step-007,mission:Bastok:21:step-019,mission:Bastok:21:step-023	mesh-no-path	1	1289.310	0.000	1	1
208	Quicksand Caves	???	object:v1:208:17629759	272.000	24.000	1.962	846148730	168	Chamber of Oracles	-900.334	-245.438	14.849	mission:Bastok:21:step-007,mission:Bastok:21:step-019,mission:Bastok:21:step-023	mesh-no-path	1	1202.967	0.000	1	1
208	Quicksand Caves	???	object:v1:208:17629759	272.000	24.000	1.962	812922234	209	Cloister of Tremors	577.033	-496.000	7.343	mission:Bastok:21:step-007,mission:Bastok:21:step-019,mission:Bastok:21:step-023	mesh-no-path	1	602.888	0.000	1	1
208	Quicksand Caves	???	object:v1:208:17629760	101.000	-100.000	0.000	909521786	114	Eastern Altepa Desert	940.000	-357.759	-17.591	mission:Bastok:21:step-007,mission:Bastok:21:step-019,mission:Bastok:21:step-023	mesh-no-path	1	877.878	0.000	1	1
208	Quicksand Caves	???	object:v1:208:17629760	101.000	-100.000	0.000	943076218	114	Eastern Altepa Desert	700.001	-688.183	-25.793	mission:Bastok:21:step-007,mission:Bastok:21:step-019,mission:Bastok:21:step-023	mesh-no-path	1	839.897	0.000	1	1
208	Quicksand Caves	???	object:v1:208:17629760	101.000	-100.000	0.000	1630942074	114	Eastern Altepa Desert	618.389	-380.008	-9.800	mission:Bastok:21:step-007,mission:Bastok:21:step-019,mission:Bastok:21:step-023	mesh-no-path	1	588.381	0.000	1	1
208	Quicksand Caves	???	object:v1:208:17629760	101.000	-100.000	0.000	1634218874	125	Western Altepa Desert	179.993	-147.950	-9.754	mission:Bastok:21:step-007,mission:Bastok:21:step-019,mission:Bastok:21:step-023	mesh-connected	9	1.438	0.000	1	1
208	Quicksand Caves	???	object:v1:208:17629760	101.000	-100.000	0.000	1667773306	125	Western Altepa Desert	-740.014	-521.835	-17.602	mission:Bastok:21:step-007,mission:Bastok:21:step-019,mission:Bastok:21:step-023	mesh-no-path	1	941.042	0.000	1	1
208	Quicksand Caves	???	object:v1:208:17629760	101.000	-100.000	0.000	1701327738	125	Western Altepa Desert	-381.571	859.998	-1.774	mission:Bastok:21:step-007,mission:Bastok:21:step-019,mission:Bastok:21:step-023	mesh-no-path	1	1074.465	0.000	1	1
208	Quicksand Caves	???	object:v1:208:17629760	101.000	-100.000	0.000	1734882170	125	Western Altepa Desert	419.981	-879.744	-8.635	mission:Bastok:21:step-007,mission:Bastok:21:step-019,mission:Bastok:21:step-023	mesh-no-path	1	842.511	0.000	1	1
208	Quicksand Caves	???	object:v1:208:17629760	101.000	-100.000	0.000	1768436602	125	Western Altepa Desert	-290.525	-141.257	-8.762	mission:Bastok:21:step-007,mission:Bastok:21:step-019,mission:Bastok:21:step-023	mesh-no-path	1	393.790	0.000	1	1
208	Quicksand Caves	???	object:v1:208:17629760	101.000	-100.000	0.000	1801991034	125	Western Altepa Desert	327.608	60.391	-8.805	mission:Bastok:21:step-007,mission:Bastok:21:step-019,mission:Bastok:21:step-023	mesh-no-path	1	277.766	0.000	1	1
208	Quicksand Caves	???	object:v1:208:17629760	101.000	-100.000	0.000	1835545466	125	Western Altepa Desert	-59.994	263.474	-17.649	mission:Bastok:21:step-007,mission:Bastok:21:step-019,mission:Bastok:21:step-023	mesh-no-path	1	397.924	0.000	1	1
208	Quicksand Caves	???	object:v1:208:17629760	101.000	-100.000	0.000	1869099898	125	Western Altepa Desert	-382.233	-296.316	-0.653	mission:Bastok:21:step-007,mission:Bastok:21:step-019,mission:Bastok:21:step-023	mesh-no-path	1	521.588	0.000	1	1
208	Quicksand Caves	???	object:v1:208:17629760	101.000	-100.000	0.000	1902654330	125	Western Altepa Desert	-811.328	-258.488	-0.758	mission:Bastok:21:step-007,mission:Bastok:21:step-019,mission:Bastok:21:step-023	mesh-no-path	1	925.992	0.000	1	1
208	Quicksand Caves	???	object:v1:208:17629760	101.000	-100.000	0.000	1936208762	125	Western Altepa Desert	-583.626	743.580	-0.883	mission:Bastok:21:step-007,mission:Bastok:21:step-019,mission:Bastok:21:step-023	mesh-no-path	1	1086.435	0.000	1	1
208	Quicksand Caves	???	object:v1:208:17629760	101.000	-100.000	0.000	1969763194	125	Western Altepa Desert	-341.118	484.062	-1.337	mission:Bastok:21:step-007,mission:Bastok:21:step-019,mission:Bastok:21:step-023	mesh-no-path	1	732.529	0.000	1	1
208	Quicksand Caves	???	object:v1:208:17629760	101.000	-100.000	0.000	812594298	168	Chamber of Oracles	-980.193	-282.863	14.913	mission:Bastok:21:step-007,mission:Bastok:21:step-019,mission:Bastok:21:step-023	mesh-no-path	1	1096.649	0.000	1	1
208	Quicksand Caves	???	object:v1:208:17629760	101.000	-100.000	0.000	846148730	168	Chamber of Oracles	-900.334	-245.438	14.849	mission:Bastok:21:step-007,mission:Bastok:21:step-019,mission:Bastok:21:step-023	mesh-no-path	1	1011.950	0.000	1	1
208	Quicksand Caves	???	object:v1:208:17629760	101.000	-100.000	0.000	812922234	209	Cloister of Tremors	577.033	-496.000	7.343	mission:Bastok:21:step-007,mission:Bastok:21:step-019,mission:Bastok:21:step-023	mesh-no-path	1	619.255	0.000	1	1
208	Quicksand Caves	???	object:v1:208:17629761	-21.000	-18.000	0.000	909521786	114	Eastern Altepa Desert	940.000	-357.759	-17.591	mission:Bastok:21:step-007,mission:Bastok:21:step-019,mission:Bastok:21:step-023	mesh-no-path	1	1019.444	0.000	1	1
208	Quicksand Caves	???	object:v1:208:17629761	-21.000	-18.000	0.000	943076218	114	Eastern Altepa Desert	700.001	-688.183	-25.793	mission:Bastok:21:step-007,mission:Bastok:21:step-019,mission:Bastok:21:step-023	mesh-no-path	1	984.710	0.000	1	1
208	Quicksand Caves	???	object:v1:208:17629761	-21.000	-18.000	0.000	1630942074	114	Eastern Altepa Desert	618.389	-380.008	-9.800	mission:Bastok:21:step-007,mission:Bastok:21:step-019,mission:Bastok:21:step-023	mesh-no-path	1	734.822	0.000	1	1
208	Quicksand Caves	???	object:v1:208:17629761	-21.000	-18.000	0.000	1634218874	125	Western Altepa Desert	179.993	-147.950	-9.754	mission:Bastok:21:step-007,mission:Bastok:21:step-019,mission:Bastok:21:step-023	mesh-connected	12	1.438	0.000	1	1
208	Quicksand Caves	???	object:v1:208:17629761	-21.000	-18.000	0.000	1667773306	125	Western Altepa Desert	-740.014	-521.835	-17.602	mission:Bastok:21:step-007,mission:Bastok:21:step-019,mission:Bastok:21:step-023	mesh-no-path	1	878.146	0.000	1	1
208	Quicksand Caves	???	object:v1:208:17629761	-21.000	-18.000	0.000	1701327738	125	Western Altepa Desert	-381.571	859.998	-1.774	mission:Bastok:21:step-007,mission:Bastok:21:step-019,mission:Bastok:21:step-023	mesh-no-path	1	949.155	0.000	1	1
208	Quicksand Caves	???	object:v1:208:17629761	-21.000	-18.000	0.000	1734882170	125	Western Altepa Desert	419.981	-879.744	-8.635	mission:Bastok:21:step-007,mission:Bastok:21:step-019,mission:Bastok:21:step-023	mesh-no-path	1	968.061	0.000	1	1
208	Quicksand Caves	???	object:v1:208:17629761	-21.000	-18.000	0.000	1768436602	125	Western Altepa Desert	-290.525	-141.257	-8.762	mission:Bastok:21:step-007,mission:Bastok:21:step-019,mission:Bastok:21:step-023	mesh-no-path	1	296.501	0.000	1	1
208	Quicksand Caves	???	object:v1:208:17629761	-21.000	-18.000	0.000	1801991034	125	Western Altepa Desert	327.608	60.391	-8.805	mission:Bastok:21:step-007,mission:Bastok:21:step-019,mission:Bastok:21:step-023	mesh-no-path	1	357.422	0.000	1	1
208	Quicksand Caves	???	object:v1:208:17629761	-21.000	-18.000	0.000	1835545466	125	Western Altepa Desert	-59.994	263.474	-17.649	mission:Bastok:21:step-007,mission:Bastok:21:step-019,mission:Bastok:21:step-023	mesh-no-path	1	284.710	0.000	1	1
208	Quicksand Caves	???	object:v1:208:17629761	-21.000	-18.000	0.000	1869099898	125	Western Altepa Desert	-382.233	-296.316	-0.653	mission:Bastok:21:step-007,mission:Bastok:21:step-019,mission:Bastok:21:step-023	mesh-no-path	1	456.015	0.000	1	1
208	Quicksand Caves	???	object:v1:208:17629761	-21.000	-18.000	0.000	1902654330	125	Western Altepa Desert	-811.328	-258.488	-0.758	mission:Bastok:21:step-007,mission:Bastok:21:step-019,mission:Bastok:21:step-023	mesh-no-path	1	826.107	0.000	1	1
208	Quicksand Caves	???	object:v1:208:17629761	-21.000	-18.000	0.000	1936208762	125	Western Altepa Desert	-583.626	743.580	-0.883	mission:Bastok:21:step-007,mission:Bastok:21:step-019,mission:Bastok:21:step-023	mesh-no-path	1	946.865	0.000	1	1
208	Quicksand Caves	???	object:v1:208:17629761	-21.000	-18.000	0.000	1969763194	125	Western Altepa Desert	-341.118	484.062	-1.337	mission:Bastok:21:step-007,mission:Bastok:21:step-019,mission:Bastok:21:step-023	mesh-no-path	1	595.436	0.000	1	1
208	Quicksand Caves	???	object:v1:208:17629761	-21.000	-18.000	0.000	812594298	168	Chamber of Oracles	-980.193	-282.863	14.913	mission:Bastok:21:step-007,mission:Bastok:21:step-019,mission:Bastok:21:step-023	mesh-no-path	1	995.201	0.000	1	1
208	Quicksand Caves	???	object:v1:208:17629761	-21.000	-18.000	0.000	846148730	168	Chamber of Oracles	-900.334	-245.438	14.849	mission:Bastok:21:step-007,mission:Bastok:21:step-019,mission:Bastok:21:step-023	mesh-no-path	1	908.392	0.000	1	1
208	Quicksand Caves	???	object:v1:208:17629761	-21.000	-18.000	0.000	812922234	209	Cloister of Tremors	577.033	-496.000	7.343	mission:Bastok:21:step-007,mission:Bastok:21:step-019,mission:Bastok:21:step-023	mesh-no-path	1	765.625	0.000	1	1
208	Quicksand Caves	???	object:v1:208:17629762	-211.000	-129.000	10.341	909521786	114	Eastern Altepa Desert	940.000	-357.759	-17.591	mission:Bastok:21:step-007,mission:Bastok:21:step-019,mission:Bastok:21:step-023	mesh-no-path	1	1173.845	0.000	1	1
208	Quicksand Caves	???	object:v1:208:17629762	-211.000	-129.000	10.341	943076218	114	Eastern Altepa Desert	700.001	-688.183	-25.793	mission:Bastok:21:step-007,mission:Bastok:21:step-019,mission:Bastok:21:step-023	mesh-no-path	1	1069.539	0.000	1	1
208	Quicksand Caves	???	object:v1:208:17629762	-211.000	-129.000	10.341	1630942074	114	Eastern Altepa Desert	618.389	-380.008	-9.800	mission:Bastok:21:step-007,mission:Bastok:21:step-019,mission:Bastok:21:step-023	mesh-no-path	1	866.774	0.000	1	1
208	Quicksand Caves	???	object:v1:208:17629762	-211.000	-129.000	10.341	1634218874	125	Western Altepa Desert	179.993	-147.950	-9.754	mission:Bastok:21:step-007,mission:Bastok:21:step-019,mission:Bastok:21:step-023	mesh-no-path	1	391.967	0.000	1	1
208	Quicksand Caves	???	object:v1:208:17629762	-211.000	-129.000	10.341	1667773306	125	Western Altepa Desert	-740.014	-521.835	-17.602	mission:Bastok:21:step-007,mission:Bastok:21:step-019,mission:Bastok:21:step-023	mesh-no-path	1	659.512	0.000	1	1
208	Quicksand Caves	???	object:v1:208:17629762	-211.000	-129.000	10.341	1701327738	125	Western Altepa Desert	-381.571	859.998	-1.774	mission:Bastok:21:step-007,mission:Bastok:21:step-019,mission:Bastok:21:step-023	mesh-no-path	1	1003.672	0.000	1	1
208	Quicksand Caves	???	object:v1:208:17629762	-211.000	-129.000	10.341	1734882170	125	Western Altepa Desert	419.981	-879.744	-8.635	mission:Bastok:21:step-007,mission:Bastok:21:step-019,mission:Bastok:21:step-023	mesh-no-path	1	980.874	0.000	1	1
208	Quicksand Caves	???	object:v1:208:17629762	-211.000	-129.000	10.341	1768436602	125	Western Altepa Desert	-290.525	-141.257	-8.762	mission:Bastok:21:step-007,mission:Bastok:21:step-019,mission:Bastok:21:step-023	mesh-connected	20	1.619	0.000	1	1
208	Quicksand Caves	???	object:v1:208:17629762	-211.000	-129.000	10.341	1801991034	125	Western Altepa Desert	327.608	60.391	-8.805	mission:Bastok:21:step-007,mission:Bastok:21:step-019,mission:Bastok:21:step-023	mesh-no-path	1	571.257	0.000	1	1
208	Quicksand Caves	???	object:v1:208:17629762	-211.000	-129.000	10.341	1835545466	125	Western Altepa Desert	-59.994	263.474	-17.649	mission:Bastok:21:step-007,mission:Bastok:21:step-019,mission:Bastok:21:step-023	mesh-no-path	1	421.452	0.000	1	1
208	Quicksand Caves	???	object:v1:208:17629762	-211.000	-129.000	10.341	1869099898	125	Western Altepa Desert	-382.233	-296.316	-0.653	mission:Bastok:21:step-007,mission:Bastok:21:step-019,mission:Bastok:21:step-023	mesh-no-path	1	239.659	0.000	1	1
208	Quicksand Caves	???	object:v1:208:17629762	-211.000	-129.000	10.341	1902654330	125	Western Altepa Desert	-811.328	-258.488	-0.758	mission:Bastok:21:step-007,mission:Bastok:21:step-019,mission:Bastok:21:step-023	mesh-no-path	1	614.235	0.000	1	1
208	Quicksand Caves	???	object:v1:208:17629762	-211.000	-129.000	10.341	1936208762	125	Western Altepa Desert	-583.626	743.580	-0.883	mission:Bastok:21:step-007,mission:Bastok:21:step-019,mission:Bastok:21:step-023	mesh-no-path	1	948.879	0.000	1	1
208	Quicksand Caves	???	object:v1:208:17629762	-211.000	-129.000	10.341	1969763194	125	Western Altepa Desert	-341.118	484.062	-1.337	mission:Bastok:21:step-007,mission:Bastok:21:step-019,mission:Bastok:21:step-023	mesh-no-path	1	626.827	0.000	1	1
208	Quicksand Caves	???	object:v1:208:17629762	-211.000	-129.000	10.341	812594298	168	Chamber of Oracles	-980.193	-282.863	14.913	mission:Bastok:21:step-007,mission:Bastok:21:step-019,mission:Bastok:21:step-023	mesh-no-path	1	784.444	0.000	1	1
208	Quicksand Caves	???	object:v1:208:17629762	-211.000	-129.000	10.341	846148730	168	Chamber of Oracles	-900.334	-245.438	14.849	mission:Bastok:21:step-007,mission:Bastok:21:step-019,mission:Bastok:21:step-023	mesh-no-path	1	699.113	0.000	1	1
208	Quicksand Caves	???	object:v1:208:17629762	-211.000	-129.000	10.341	812922234	209	Cloister of Tremors	577.033	-496.000	7.343	mission:Bastok:21:step-007,mission:Bastok:21:step-019,mission:Bastok:21:step-023	mesh-no-path	1	869.307	0.000	1	1
208	Quicksand Caves	???	object:v1:208:17629763	-108.000	-170.000	1.053	909521786	114	Eastern Altepa Desert	940.000	-357.759	-17.591	mission:Bastok:21:step-007,mission:Bastok:21:step-019,mission:Bastok:21:step-023	mesh-no-path	1	1064.850	0.000	1	1
208	Quicksand Caves	???	object:v1:208:17629763	-108.000	-170.000	1.053	943076218	114	Eastern Altepa Desert	700.001	-688.183	-25.793	mission:Bastok:21:step-007,mission:Bastok:21:step-019,mission:Bastok:21:step-023	mesh-no-path	1	960.260	0.000	1	1
208	Quicksand Caves	???	object:v1:208:17629763	-108.000	-170.000	1.053	1630942074	114	Eastern Altepa Desert	618.389	-380.008	-9.800	mission:Bastok:21:step-007,mission:Bastok:21:step-019,mission:Bastok:21:step-023	mesh-no-path	1	756.216	0.000	1	1
208	Quicksand Caves	???	object:v1:208:17629763	-108.000	-170.000	1.053	1634218874	125	Western Altepa Desert	179.993	-147.950	-9.754	mission:Bastok:21:step-007,mission:Bastok:21:step-019,mission:Bastok:21:step-023	mesh-connected	15	1.438	0.000	1	1
208	Quicksand Caves	???	object:v1:208:17629763	-108.000	-170.000	1.053	1667773306	125	Western Altepa Desert	-740.014	-521.835	-17.602	mission:Bastok:21:step-007,mission:Bastok:21:step-019,mission:Bastok:21:step-023	mesh-no-path	1	723.587	0.000	1	1
208	Quicksand Caves	???	object:v1:208:17629763	-108.000	-170.000	1.053	1701327738	125	Western Altepa Desert	-381.571	859.998	-1.774	mission:Bastok:21:step-007,mission:Bastok:21:step-019,mission:Bastok:21:step-023	mesh-no-path	1	1065.713	0.000	1	1
208	Quicksand Caves	???	object:v1:208:17629763	-108.000	-170.000	1.053	1734882170	125	Western Altepa Desert	419.981	-879.744	-8.635	mission:Bastok:21:step-007,mission:Bastok:21:step-019,mission:Bastok:21:step-023	mesh-no-path	1	884.644	0.000	1	1
208	Quicksand Caves	???	object:v1:208:17629763	-108.000	-170.000	1.053	1768436602	125	Western Altepa Desert	-290.525	-141.257	-8.762	mission:Bastok:21:step-007,mission:Bastok:21:step-019,mission:Bastok:21:step-023	mesh-no-path	1	185.035	0.000	1	1
208	Quicksand Caves	???	object:v1:208:17629763	-108.000	-170.000	1.053	1801991034	125	Western Altepa Desert	327.608	60.391	-8.805	mission:Bastok:21:step-007,mission:Bastok:21:step-019,mission:Bastok:21:step-023	mesh-no-path	1	492.881	0.000	1	1
208	Quicksand Caves	???	object:v1:208:17629763	-108.000	-170.000	1.053	1835545466	125	Western Altepa Desert	-59.994	263.474	-17.649	mission:Bastok:21:step-007,mission:Bastok:21:step-019,mission:Bastok:21:step-023	mesh-no-path	1	436.525	0.000	1	1
208	Quicksand Caves	???	object:v1:208:17629763	-108.000	-170.000	1.053	1869099898	125	Western Altepa Desert	-382.233	-296.316	-0.653	mission:Bastok:21:step-007,mission:Bastok:21:step-019,mission:Bastok:21:step-023	mesh-no-path	1	301.931	0.000	1	1
208	Quicksand Caves	???	object:v1:208:17629763	-108.000	-170.000	1.053	1902654330	125	Western Altepa Desert	-811.328	-258.488	-0.758	mission:Bastok:21:step-007,mission:Bastok:21:step-019,mission:Bastok:21:step-023	mesh-no-path	1	708.875	0.000	1	1
208	Quicksand Caves	???	object:v1:208:17629763	-108.000	-170.000	1.053	1936208762	125	Western Altepa Desert	-583.626	743.580	-0.883	mission:Bastok:21:step-007,mission:Bastok:21:step-019,mission:Bastok:21:step-023	mesh-no-path	1	1029.977	0.000	1	1
208	Quicksand Caves	???	object:v1:208:17629763	-108.000	-170.000	1.053	1969763194	125	Western Altepa Desert	-341.118	484.062	-1.337	mission:Bastok:21:step-007,mission:Bastok:21:step-019,mission:Bastok:21:step-023	mesh-no-path	1	694.368	0.000	1	1
208	Quicksand Caves	???	object:v1:208:17629763	-108.000	-170.000	1.053	812594298	168	Chamber of Oracles	-980.193	-282.863	14.913	mission:Bastok:21:step-007,mission:Bastok:21:step-019,mission:Bastok:21:step-023	mesh-no-path	1	879.574	0.000	1	1
208	Quicksand Caves	???	object:v1:208:17629763	-108.000	-170.000	1.053	846148730	168	Chamber of Oracles	-900.334	-245.438	14.849	mission:Bastok:21:step-007,mission:Bastok:21:step-019,mission:Bastok:21:step-023	mesh-no-path	1	796.037	0.000	1	1
208	Quicksand Caves	???	object:v1:208:17629763	-108.000	-170.000	1.053	812922234	209	Cloister of Tremors	577.033	-496.000	7.343	mission:Bastok:21:step-007,mission:Bastok:21:step-019,mission:Bastok:21:step-023	mesh-no-path	1	758.674	0.000	1	1
208	Quicksand Caves	???	object:v1:208:17629764	-142.000	-271.000	1.252	909521786	114	Eastern Altepa Desert	940.000	-357.759	-17.591	mission:Bastok:21:step-007,mission:Bastok:21:step-019,mission:Bastok:21:step-023	mesh-no-path	1	1085.636	0.000	1	1
208	Quicksand Caves	???	object:v1:208:17629764	-142.000	-271.000	1.252	943076218	114	Eastern Altepa Desert	700.001	-688.183	-25.793	mission:Bastok:21:step-007,mission:Bastok:21:step-019,mission:Bastok:21:step-023	mesh-no-path	1	940.074	0.000	1	1
208	Quicksand Caves	???	object:v1:208:17629764	-142.000	-271.000	1.252	1630942074	114	Eastern Altepa Desert	618.389	-380.008	-9.800	mission:Bastok:21:step-007,mission:Bastok:21:step-019,mission:Bastok:21:step-023	mesh-no-path	1	768.242	0.000	1	1
208	Quicksand Caves	???	object:v1:208:17629764	-142.000	-271.000	1.252	1634218874	125	Western Altepa Desert	179.993	-147.950	-9.754	mission:Bastok:21:step-007,mission:Bastok:21:step-019,mission:Bastok:21:step-023	mesh-connected	16	1.438	0.000	1	1
208	Quicksand Caves	???	object:v1:208:17629764	-142.000	-271.000	1.252	1667773306	125	Western Altepa Desert	-740.014	-521.835	-17.602	mission:Bastok:21:step-007,mission:Bastok:21:step-019,mission:Bastok:21:step-023	mesh-no-path	1	648.764	0.000	1	1
208	Quicksand Caves	???	object:v1:208:17629764	-142.000	-271.000	1.252	1701327738	125	Western Altepa Desert	-381.571	859.998	-1.774	mission:Bastok:21:step-007,mission:Bastok:21:step-019,mission:Bastok:21:step-023	mesh-no-path	1	1156.097	0.000	1	1
208	Quicksand Caves	???	object:v1:208:17629764	-142.000	-271.000	1.252	1734882170	125	Western Altepa Desert	419.981	-879.744	-8.635	mission:Bastok:21:step-007,mission:Bastok:21:step-019,mission:Bastok:21:step-023	mesh-no-path	1	828.547	0.000	1	1
208	Quicksand Caves	???	object:v1:208:17629764	-142.000	-271.000	1.252	1768436602	125	Western Altepa Desert	-290.525	-141.257	-8.762	mission:Bastok:21:step-007,mission:Bastok:21:step-019,mission:Bastok:21:step-023	mesh-no-path	1	197.467	0.000	1	1
208	Quicksand Caves	???	object:v1:208:17629764	-142.000	-271.000	1.252	1801991034	125	Western Altepa Desert	327.608	60.391	-8.805	mission:Bastok:21:step-007,mission:Bastok:21:step-019,mission:Bastok:21:step-023	mesh-no-path	1	574.850	0.000	1	1
208	Quicksand Caves	???	object:v1:208:17629764	-142.000	-271.000	1.252	1835545466	125	Western Altepa Desert	-59.994	263.474	-17.649	mission:Bastok:21:step-007,mission:Bastok:21:step-019,mission:Bastok:21:step-023	mesh-no-path	1	541.059	0.000	1	1
208	Quicksand Caves	???	object:v1:208:17629764	-142.000	-271.000	1.252	1869099898	125	Western Altepa Desert	-382.233	-296.316	-0.653	mission:Bastok:21:step-007,mission:Bastok:21:step-019,mission:Bastok:21:step-023	mesh-no-path	1	241.571	0.000	1	1
208	Quicksand Caves	???	object:v1:208:17629764	-142.000	-271.000	1.252	1902654330	125	Western Altepa Desert	-811.328	-258.488	-0.758	mission:Bastok:21:step-007,mission:Bastok:21:step-019,mission:Bastok:21:step-023	mesh-no-path	1	669.448	0.000	1	1
208	Quicksand Caves	???	object:v1:208:17629764	-142.000	-271.000	1.252	1936208762	125	Western Altepa Desert	-583.626	743.580	-0.883	mission:Bastok:21:step-007,mission:Bastok:21:step-019,mission:Bastok:21:step-023	mesh-no-path	1	1106.531	0.000	1	1
208	Quicksand Caves	???	object:v1:208:17629764	-142.000	-271.000	1.252	1969763194	125	Western Altepa Desert	-341.118	484.062	-1.337	mission:Bastok:21:step-007,mission:Bastok:21:step-019,mission:Bastok:21:step-023	mesh-no-path	1	780.880	0.000	1	1
208	Quicksand Caves	???	object:v1:208:17629764	-142.000	-271.000	1.252	812594298	168	Chamber of Oracles	-980.193	-282.863	14.913	mission:Bastok:21:step-007,mission:Bastok:21:step-019,mission:Bastok:21:step-023	mesh-no-path	1	838.388	0.000	1	1
208	Quicksand Caves	???	object:v1:208:17629764	-142.000	-271.000	1.252	846148730	168	Chamber of Oracles	-900.334	-245.438	14.849	mission:Bastok:21:step-007,mission:Bastok:21:step-019,mission:Bastok:21:step-023	mesh-no-path	1	758.887	0.000	1	1
208	Quicksand Caves	???	object:v1:208:17629764	-142.000	-271.000	1.252	812922234	209	Cloister of Tremors	577.033	-496.000	7.343	mission:Bastok:21:step-007,mission:Bastok:21:step-019,mission:Bastok:21:step-023	mesh-no-path	1	753.439	0.000	1	1
208	Quicksand Caves	???	object:v1:208:17629765	-65.000	-270.000	1.413	909521786	114	Eastern Altepa Desert	940.000	-357.759	-17.591	mission:Bastok:21:step-007,mission:Bastok:21:step-019,mission:Bastok:21:step-023	mesh-no-path	1	1009.003	0.000	1	1
208	Quicksand Caves	???	object:v1:208:17629765	-65.000	-270.000	1.413	943076218	114	Eastern Altepa Desert	700.001	-688.183	-25.793	mission:Bastok:21:step-007,mission:Bastok:21:step-019,mission:Bastok:21:step-023	mesh-no-path	1	872.264	0.000	1	1
208	Quicksand Caves	???	object:v1:208:17629765	-65.000	-270.000	1.413	1630942074	114	Eastern Altepa Desert	618.389	-380.008	-9.800	mission:Bastok:21:step-007,mission:Bastok:21:step-019,mission:Bastok:21:step-023	mesh-no-path	1	692.277	0.000	1	1
208	Quicksand Caves	???	object:v1:208:17629765	-65.000	-270.000	1.413	1634218874	125	Western Altepa Desert	179.993	-147.950	-9.754	mission:Bastok:21:step-007,mission:Bastok:21:step-019,mission:Bastok:21:step-023	mesh-connected	15	1.438	0.000	1	1
208	Quicksand Caves	???	object:v1:208:17629765	-65.000	-270.000	1.413	1667773306	125	Western Altepa Desert	-740.014	-521.835	-17.602	mission:Bastok:21:step-007,mission:Bastok:21:step-019,mission:Bastok:21:step-023	mesh-no-path	1	720.712	0.000	1	1
208	Quicksand Caves	???	object:v1:208:17629765	-65.000	-270.000	1.413	1701327738	125	Western Altepa Desert	-381.571	859.998	-1.774	mission:Bastok:21:step-007,mission:Bastok:21:step-019,mission:Bastok:21:step-023	mesh-no-path	1	1173.509	0.000	1	1
208	Quicksand Caves	???	object:v1:208:17629765	-65.000	-270.000	1.413	1734882170	125	Western Altepa Desert	419.981	-879.744	-8.635	mission:Bastok:21:step-007,mission:Bastok:21:step-019,mission:Bastok:21:step-023	mesh-no-path	1	779.163	0.000	1	1
208	Quicksand Caves	???	object:v1:208:17629765	-65.000	-270.000	1.413	1768436602	125	Western Altepa Desert	-290.525	-141.257	-8.762	mission:Bastok:21:step-007,mission:Bastok:21:step-019,mission:Bastok:21:step-023	mesh-no-path	1	259.884	0.000	1	1
208	Quicksand Caves	???	object:v1:208:17629765	-65.000	-270.000	1.413	1801991034	125	Western Altepa Desert	327.608	60.391	-8.805	mission:Bastok:21:step-007,mission:Bastok:21:step-019,mission:Bastok:21:step-023	mesh-no-path	1	513.229	0.000	1	1
208	Quicksand Caves	???	object:v1:208:17629765	-65.000	-270.000	1.413	1835545466	125	Western Altepa Desert	-59.994	263.474	-17.649	mission:Bastok:21:step-007,mission:Bastok:21:step-019,mission:Bastok:21:step-023	mesh-no-path	1	533.838	0.000	1	1
208	Quicksand Caves	???	object:v1:208:17629765	-65.000	-270.000	1.413	1869099898	125	Western Altepa Desert	-382.233	-296.316	-0.653	mission:Bastok:21:step-007,mission:Bastok:21:step-019,mission:Bastok:21:step-023	mesh-no-path	1	318.329	0.000	1	1
208	Quicksand Caves	???	object:v1:208:17629765	-65.000	-270.000	1.413	1902654330	125	Western Altepa Desert	-811.328	-258.488	-0.758	mission:Bastok:21:step-007,mission:Bastok:21:step-019,mission:Bastok:21:step-023	mesh-no-path	1	746.420	0.000	1	1
208	Quicksand Caves	???	object:v1:208:17629765	-65.000	-270.000	1.413	1936208762	125	Western Altepa Desert	-583.626	743.580	-0.883	mission:Bastok:21:step-007,mission:Bastok:21:step-019,mission:Bastok:21:step-023	mesh-no-path	1	1138.562	0.000	1	1
208	Quicksand Caves	???	object:v1:208:17629765	-65.000	-270.000	1.413	1969763194	125	Western Altepa Desert	-341.118	484.062	-1.337	mission:Bastok:21:step-007,mission:Bastok:21:step-019,mission:Bastok:21:step-023	mesh-no-path	1	803.031	0.000	1	1
208	Quicksand Caves	???	object:v1:208:17629765	-65.000	-270.000	1.413	812594298	168	Chamber of Oracles	-980.193	-282.863	14.913	mission:Bastok:21:step-007,mission:Bastok:21:step-019,mission:Bastok:21:step-023	mesh-no-path	1	915.383	0.000	1	1
208	Quicksand Caves	???	object:v1:208:17629765	-65.000	-270.000	1.413	846148730	168	Chamber of Oracles	-900.334	-245.438	14.849	mission:Bastok:21:step-007,mission:Bastok:21:step-019,mission:Bastok:21:step-023	mesh-no-path	1	835.803	0.000	1	1
208	Quicksand Caves	???	object:v1:208:17629765	-65.000	-270.000	1.413	812922234	209	Cloister of Tremors	577.033	-496.000	7.343	mission:Bastok:21:step-007,mission:Bastok:21:step-019,mission:Bastok:21:step-023	mesh-no-path	1	680.674	0.000	1	1
208	Quicksand Caves	???	object:v1:208:17629766	631.000	-419.000	0.187	909521786	114	Eastern Altepa Desert	940.000	-357.759	-17.591	mission:Bastok:21:step-007,mission:Bastok:21:step-019,mission:Bastok:21:step-023	mesh-no-path	1	315.512	0.000	1	1
208	Quicksand Caves	???	object:v1:208:17629766	631.000	-419.000	0.187	943076218	114	Eastern Altepa Desert	700.001	-688.183	-25.793	mission:Bastok:21:step-007,mission:Bastok:21:step-019,mission:Bastok:21:step-023	mesh-no-path	1	279.098	0.000	1	1
208	Quicksand Caves	???	object:v1:208:17629766	631.000	-419.000	0.187	1630942074	114	Eastern Altepa Desert	618.389	-380.008	-9.800	mission:Bastok:21:step-007,mission:Bastok:21:step-019,mission:Bastok:21:step-023	mesh-connected	8	1.397	0.000	1	1
208	Quicksand Caves	???	object:v1:208:17629766	631.000	-419.000	0.187	1634218874	125	Western Altepa Desert	179.993	-147.950	-9.754	mission:Bastok:21:step-007,mission:Bastok:21:step-019,mission:Bastok:21:step-023	mesh-no-path	1	526.283	0.000	1	1
208	Quicksand Caves	???	object:v1:208:17629766	631.000	-419.000	0.187	1667773306	125	Western Altepa Desert	-740.014	-521.835	-17.602	mission:Bastok:21:step-007,mission:Bastok:21:step-019,mission:Bastok:21:step-023	mesh-no-path	1	1374.980	0.000	1	1
208	Quicksand Caves	???	object:v1:208:17629766	631.000	-419.000	0.187	1701327738	125	Western Altepa Desert	-381.571	859.998	-1.774	mission:Bastok:21:step-007,mission:Bastok:21:step-019,mission:Bastok:21:step-023	mesh-no-path	1	1631.300	0.000	1	1
208	Quicksand Caves	???	object:v1:208:17629766	631.000	-419.000	0.187	1734882170	125	Western Altepa Desert	419.981	-879.744	-8.635	mission:Bastok:21:step-007,mission:Bastok:21:step-019,mission:Bastok:21:step-023	mesh-no-path	1	506.845	0.000	1	1
208	Quicksand Caves	???	object:v1:208:17629766	631.000	-419.000	0.187	1768436602	125	Western Altepa Desert	-290.525	-141.257	-8.762	mission:Bastok:21:step-007,mission:Bastok:21:step-019,mission:Bastok:21:step-023	mesh-no-path	1	962.512	0.000	1	1
208	Quicksand Caves	???	object:v1:208:17629766	631.000	-419.000	0.187	1801991034	125	Western Altepa Desert	327.608	60.391	-8.805	mission:Bastok:21:step-007,mission:Bastok:21:step-019,mission:Bastok:21:step-023	mesh-no-path	1	567.400	0.000	1	1
208	Quicksand Caves	???	object:v1:208:17629766	631.000	-419.000	0.187	1835545466	125	Western Altepa Desert	-59.994	263.474	-17.649	mission:Bastok:21:step-007,mission:Bastok:21:step-019,mission:Bastok:21:step-023	mesh-no-path	1	971.371	0.000	1	1
208	Quicksand Caves	???	object:v1:208:17629766	631.000	-419.000	0.187	1869099898	125	Western Altepa Desert	-382.233	-296.316	-0.653	mission:Bastok:21:step-007,mission:Bastok:21:step-019,mission:Bastok:21:step-023	mesh-no-path	1	1020.634	0.000	1	1
208	Quicksand Caves	???	object:v1:208:17629766	631.000	-419.000	0.187	1902654330	125	Western Altepa Desert	-811.328	-258.488	-0.758	mission:Bastok:21:step-007,mission:Bastok:21:step-019,mission:Bastok:21:step-023	mesh-no-path	1	1451.232	0.000	1	1
208	Quicksand Caves	???	object:v1:208:17629766	631.000	-419.000	0.187	1936208762	125	Western Altepa Desert	-583.626	743.580	-0.883	mission:Bastok:21:step-007,mission:Bastok:21:step-019,mission:Bastok:21:step-023	mesh-no-path	1	1681.342	0.000	1	1
208	Quicksand Caves	???	object:v1:208:17629766	631.000	-419.000	0.187	1969763194	125	Western Altepa Desert	-341.118	484.062	-1.337	mission:Bastok:21:step-007,mission:Bastok:21:step-019,mission:Bastok:21:step-023	mesh-no-path	1	1326.852	0.000	1	1
208	Quicksand Caves	???	object:v1:208:17629766	631.000	-419.000	0.187	812594298	168	Chamber of Oracles	-980.193	-282.863	14.913	mission:Bastok:21:step-007,mission:Bastok:21:step-019,mission:Bastok:21:step-023	mesh-no-path	1	1617.001	0.000	1	1
208	Quicksand Caves	???	object:v1:208:17629766	631.000	-419.000	0.187	846148730	168	Chamber of Oracles	-900.334	-245.438	14.849	mission:Bastok:21:step-007,mission:Bastok:21:step-019,mission:Bastok:21:step-023	mesh-no-path	1	1541.208	0.000	1	1
208	Quicksand Caves	???	object:v1:208:17629766	631.000	-419.000	0.187	812922234	209	Cloister of Tremors	577.033	-496.000	7.343	mission:Bastok:21:step-007,mission:Bastok:21:step-019,mission:Bastok:21:step-023	mesh-no-path	1	94.301	0.000	1	1
208	Quicksand Caves	???	object:v1:208:17629767	862.000	-415.000	-8.500	909521786	114	Eastern Altepa Desert	940.000	-357.759	-17.591	mission:Bastok:21:step-007,mission:Bastok:21:step-019,mission:Bastok:21:step-023	mesh-connected	9	1.413	0.000	1	1
208	Quicksand Caves	???	object:v1:208:17629767	862.000	-415.000	-8.500	943076218	114	Eastern Altepa Desert	700.001	-688.183	-25.793	mission:Bastok:21:step-007,mission:Bastok:21:step-019,mission:Bastok:21:step-023	mesh-no-path	1	318.075	0.000	1	1
208	Quicksand Caves	???	object:v1:208:17629767	862.000	-415.000	-8.500	1630942074	114	Eastern Altepa Desert	618.389	-380.008	-9.800	mission:Bastok:21:step-007,mission:Bastok:21:step-019,mission:Bastok:21:step-023	mesh-no-path	1	246.115	0.000	1	1
208	Quicksand Caves	???	object:v1:208:17629767	862.000	-415.000	-8.500	1634218874	125	Western Altepa Desert	179.993	-147.950	-9.754	mission:Bastok:21:step-007,mission:Bastok:21:step-019,mission:Bastok:21:step-023	mesh-no-path	1	732.428	0.000	1	1
208	Quicksand Caves	???	object:v1:208:17629767	862.000	-415.000	-8.500	1667773306	125	Western Altepa Desert	-740.014	-521.835	-17.602	mission:Bastok:21:step-007,mission:Bastok:21:step-019,mission:Bastok:21:step-023	mesh-no-path	1	1605.598	0.000	1	1
208	Quicksand Caves	???	object:v1:208:17629767	862.000	-415.000	-8.500	1701327738	125	Western Altepa Desert	-381.571	859.998	-1.774	mission:Bastok:21:step-007,mission:Bastok:21:step-019,mission:Bastok:21:step-023	mesh-no-path	1	1781.049	0.000	1	1
208	Quicksand Caves	???	object:v1:208:17629767	862.000	-415.000	-8.500	1734882170	125	Western Altepa Desert	419.981	-879.744	-8.635	mission:Bastok:21:step-007,mission:Bastok:21:step-019,mission:Bastok:21:step-023	mesh-no-path	1	641.380	0.000	1	1
208	Quicksand Caves	???	object:v1:208:17629767	862.000	-415.000	-8.500	1768436602	125	Western Altepa Desert	-290.525	-141.257	-8.762	mission:Bastok:21:step-007,mission:Bastok:21:step-019,mission:Bastok:21:step-023	mesh-no-path	1	1184.588	0.000	1	1
208	Quicksand Caves	???	object:v1:208:17629767	862.000	-415.000	-8.500	1801991034	125	Western Altepa Desert	327.608	60.391	-8.805	mission:Bastok:21:step-007,mission:Bastok:21:step-019,mission:Bastok:21:step-023	mesh-no-path	1	715.242	0.000	1	1
208	Quicksand Caves	???	object:v1:208:17629767	862.000	-415.000	-8.500	1835545466	125	Western Altepa Desert	-59.994	263.474	-17.649	mission:Bastok:21:step-007,mission:Bastok:21:step-019,mission:Bastok:21:step-023	mesh-no-path	1	1144.764	0.000	1	1
208	Quicksand Caves	???	object:v1:208:17629767	862.000	-415.000	-8.500	1869099898	125	Western Altepa Desert	-382.233	-296.316	-0.653	mission:Bastok:21:step-007,mission:Bastok:21:step-019,mission:Bastok:21:step-023	mesh-no-path	1	1249.905	0.000	1	1
208	Quicksand Caves	???	object:v1:208:17629767	862.000	-415.000	-8.500	1902654330	125	Western Altepa Desert	-811.328	-258.488	-0.758	mission:Bastok:21:step-007,mission:Bastok:21:step-019,mission:Bastok:21:step-023	mesh-no-path	1	1680.649	0.000	1	1
208	Quicksand Caves	???	object:v1:208:17629767	862.000	-415.000	-8.500	1936208762	125	Western Altepa Desert	-583.626	743.580	-0.883	mission:Bastok:21:step-007,mission:Bastok:21:step-019,mission:Bastok:21:step-023	mesh-no-path	1	1852.620	0.000	1	1
208	Quicksand Caves	???	object:v1:208:17629767	862.000	-415.000	-8.500	1969763194	125	Western Altepa Desert	-341.118	484.062	-1.337	mission:Bastok:21:step-007,mission:Bastok:21:step-019,mission:Bastok:21:step-023	mesh-no-path	1	1501.951	0.000	1	1
208	Quicksand Caves	???	object:v1:208:17629767	862.000	-415.000	-8.500	812594298	168	Chamber of Oracles	-980.193	-282.863	14.913	mission:Bastok:21:step-007,mission:Bastok:21:step-019,mission:Bastok:21:step-023	mesh-no-path	1	1847.074	0.000	1	1
208	Quicksand Caves	???	object:v1:208:17629767	862.000	-415.000	-8.500	846148730	168	Chamber of Oracles	-900.334	-245.438	14.849	mission:Bastok:21:step-007,mission:Bastok:21:step-019,mission:Bastok:21:step-023	mesh-no-path	1	1770.626	0.000	1	1
208	Quicksand Caves	???	object:v1:208:17629767	862.000	-415.000	-8.500	812922234	209	Cloister of Tremors	577.033	-496.000	7.343	mission:Bastok:21:step-007,mission:Bastok:21:step-019,mission:Bastok:21:step-023	mesh-no-path	1	296.679	0.000	1	1
208	Quicksand Caves	???	object:v1:208:17629768	613.000	-537.000	8.981	909521786	114	Eastern Altepa Desert	940.000	-357.759	-17.591	mission:Bastok:21:step-007,mission:Bastok:21:step-019,mission:Bastok:21:step-023	mesh-no-path	1	373.848	0.000	1	1
208	Quicksand Caves	???	object:v1:208:17629768	613.000	-537.000	8.981	943076218	114	Eastern Altepa Desert	700.001	-688.183	-25.793	mission:Bastok:21:step-007,mission:Bastok:21:step-019,mission:Bastok:21:step-023	mesh-no-path	1	177.861	0.000	1	1
208	Quicksand Caves	???	object:v1:208:17629768	613.000	-537.000	8.981	1630942074	114	Eastern Altepa Desert	618.389	-380.008	-9.800	mission:Bastok:21:step-007,mission:Bastok:21:step-019,mission:Bastok:21:step-023	mesh-no-path	1	158.203	0.000	1	1
208	Quicksand Caves	???	object:v1:208:17629768	613.000	-537.000	8.981	1634218874	125	Western Altepa Desert	179.993	-147.950	-9.754	mission:Bastok:21:step-007,mission:Bastok:21:step-019,mission:Bastok:21:step-023	mesh-no-path	1	582.414	0.000	1	1
208	Quicksand Caves	???	object:v1:208:17629768	613.000	-537.000	8.981	1667773306	125	Western Altepa Desert	-740.014	-521.835	-17.602	mission:Bastok:21:step-007,mission:Bastok:21:step-019,mission:Bastok:21:step-023	mesh-no-path	1	1353.360	0.000	1	1
208	Quicksand Caves	???	object:v1:208:17629768	613.000	-537.000	8.981	1701327738	125	Western Altepa Desert	-381.571	859.998	-1.774	mission:Bastok:21:step-007,mission:Bastok:21:step-019,mission:Bastok:21:step-023	mesh-no-path	1	1714.903	0.000	1	1
208	Quicksand Caves	???	object:v1:208:17629768	613.000	-537.000	8.981	1734882170	125	Western Altepa Desert	419.981	-879.744	-8.635	mission:Bastok:21:step-007,mission:Bastok:21:step-019,mission:Bastok:21:step-023	mesh-no-path	1	393.751	0.000	1	1
208	Quicksand Caves	???	object:v1:208:17629768	613.000	-537.000	8.981	1768436602	125	Western Altepa Desert	-290.525	-141.257	-8.762	mission:Bastok:21:step-007,mission:Bastok:21:step-019,mission:Bastok:21:step-023	mesh-no-path	1	986.552	0.000	1	1
208	Quicksand Caves	???	object:v1:208:17629768	613.000	-537.000	8.981	1801991034	125	Western Altepa Desert	327.608	60.391	-8.805	mission:Bastok:21:step-007,mission:Bastok:21:step-019,mission:Bastok:21:step-023	mesh-no-path	1	662.300	0.000	1	1
208	Quicksand Caves	???	object:v1:208:17629768	613.000	-537.000	8.981	1835545466	125	Western Altepa Desert	-59.994	263.474	-17.649	mission:Bastok:21:step-007,mission:Bastok:21:step-019,mission:Bastok:21:step-023	mesh-no-path	1	1046.130	0.000	1	1
208	Quicksand Caves	???	object:v1:208:17629768	613.000	-537.000	8.981	1869099898	125	Western Altepa Desert	-382.233	-296.316	-0.653	mission:Bastok:21:step-007,mission:Bastok:21:step-019,mission:Bastok:21:step-023	mesh-no-path	1	1023.968	0.000	1	1
208	Quicksand Caves	???	object:v1:208:17629768	613.000	-537.000	8.981	1902654330	125	Western Altepa Desert	-811.328	-258.488	-0.758	mission:Bastok:21:step-007,mission:Bastok:21:step-019,mission:Bastok:21:step-023	mesh-no-path	1	1451.335	0.000	1	1
208	Quicksand Caves	???	object:v1:208:17629768	613.000	-537.000	8.981	1936208762	125	Western Altepa Desert	-583.626	743.580	-0.883	mission:Bastok:21:step-007,mission:Bastok:21:step-019,mission:Bastok:21:step-023	mesh-no-path	1	1752.683	0.000	1	1
208	Quicksand Caves	???	object:v1:208:17629768	613.000	-537.000	8.981	1969763194	125	Western Altepa Desert	-341.118	484.062	-1.337	mission:Bastok:21:step-007,mission:Bastok:21:step-019,mission:Bastok:21:step-023	mesh-no-path	1	1397.503	0.000	1	1
208	Quicksand Caves	???	object:v1:208:17629768	613.000	-537.000	8.981	812594298	168	Chamber of Oracles	-980.193	-282.863	14.913	mission:Bastok:21:step-007,mission:Bastok:21:step-019,mission:Bastok:21:step-023	mesh-no-path	1	1613.346	0.000	1	1
208	Quicksand Caves	???	object:v1:208:17629768	613.000	-537.000	8.981	846148730	168	Chamber of Oracles	-900.334	-245.438	14.849	mission:Bastok:21:step-007,mission:Bastok:21:step-019,mission:Bastok:21:step-023	mesh-no-path	1	1541.176	0.000	1	1
208	Quicksand Caves	???	object:v1:208:17629768	613.000	-537.000	8.981	812922234	209	Cloister of Tremors	577.033	-496.000	7.343	mission:Bastok:21:step-007,mission:Bastok:21:step-019,mission:Bastok:21:step-023	mesh-connected	7	1.637	0.000	1	1
208	Quicksand Caves	???	object:v1:208:17629769	770.000	-668.000	0.460	909521786	114	Eastern Altepa Desert	940.000	-357.759	-17.591	mission:Bastok:21:step-007,mission:Bastok:21:step-019,mission:Bastok:21:step-023	mesh-no-path	1	354.225	0.000	1	1
208	Quicksand Caves	???	object:v1:208:17629769	770.000	-668.000	0.460	943076218	114	Eastern Altepa Desert	700.001	-688.183	-25.793	mission:Bastok:21:step-007,mission:Bastok:21:step-019,mission:Bastok:21:step-023	mesh-no-path	1	77.437	0.000	1	1
208	Quicksand Caves	???	object:v1:208:17629769	770.000	-668.000	0.460	1630942074	114	Eastern Altepa Desert	618.389	-380.008	-9.800	mission:Bastok:21:step-007,mission:Bastok:21:step-019,mission:Bastok:21:step-023	mesh-no-path	1	325.623	0.000	1	1
208	Quicksand Caves	???	object:v1:208:17629769	770.000	-668.000	0.460	1634218874	125	Western Altepa Desert	179.993	-147.950	-9.754	mission:Bastok:21:step-007,mission:Bastok:21:step-019,mission:Bastok:21:step-023	mesh-no-path	1	786.552	0.000	1	1
208	Quicksand Caves	???	object:v1:208:17629769	770.000	-668.000	0.460	1667773306	125	Western Altepa Desert	-740.014	-521.835	-17.602	mission:Bastok:21:step-007,mission:Bastok:21:step-019,mission:Bastok:21:step-023	mesh-no-path	1	1517.179	0.000	1	1
208	Quicksand Caves	???	object:v1:208:17629769	770.000	-668.000	0.460	1701327738	125	Western Altepa Desert	-381.571	859.998	-1.774	mission:Bastok:21:step-007,mission:Bastok:21:step-019,mission:Bastok:21:step-023	mesh-no-path	1	1913.348	0.000	1	1
208	Quicksand Caves	???	object:v1:208:17629769	770.000	-668.000	0.460	1734882170	125	Western Altepa Desert	419.981	-879.744	-8.635	mission:Bastok:21:step-007,mission:Bastok:21:step-019,mission:Bastok:21:step-023	mesh-no-path	1	409.184	0.000	1	1
208	Quicksand Caves	???	object:v1:208:17629769	770.000	-668.000	0.460	1768436602	125	Western Altepa Desert	-290.525	-141.257	-8.762	mission:Bastok:21:step-007,mission:Bastok:21:step-019,mission:Bastok:21:step-023	mesh-no-path	1	1184.169	0.000	1	1
208	Quicksand Caves	???	object:v1:208:17629769	770.000	-668.000	0.460	1801991034	125	Western Altepa Desert	327.608	60.391	-8.805	mission:Bastok:21:step-007,mission:Bastok:21:step-019,mission:Bastok:21:step-023	mesh-no-path	1	852.262	0.000	1	1
208	Quicksand Caves	???	object:v1:208:17629769	770.000	-668.000	0.460	1835545466	125	Western Altepa Desert	-59.994	263.474	-17.649	mission:Bastok:21:step-007,mission:Bastok:21:step-019,mission:Bastok:21:step-023	mesh-no-path	1	1247.743	0.000	1	1
208	Quicksand Caves	???	object:v1:208:17629769	770.000	-668.000	0.460	1869099898	125	Western Altepa Desert	-382.233	-296.316	-0.653	mission:Bastok:21:step-007,mission:Bastok:21:step-019,mission:Bastok:21:step-023	mesh-no-path	1	1210.699	0.000	1	1
208	Quicksand Caves	???	object:v1:208:17629769	770.000	-668.000	0.460	1902654330	125	Western Altepa Desert	-811.328	-258.488	-0.758	mission:Bastok:21:step-007,mission:Bastok:21:step-019,mission:Bastok:21:step-023	mesh-no-path	1	1633.493	0.000	1	1
208	Quicksand Caves	???	object:v1:208:17629769	770.000	-668.000	0.460	1936208762	125	Western Altepa Desert	-583.626	743.580	-0.883	mission:Bastok:21:step-007,mission:Bastok:21:step-019,mission:Bastok:21:step-023	mesh-no-path	1	1955.726	0.000	1	1
208	Quicksand Caves	???	object:v1:208:17629769	770.000	-668.000	0.460	1969763194	125	Western Altepa Desert	-341.118	484.062	-1.337	mission:Bastok:21:step-007,mission:Bastok:21:step-019,mission:Bastok:21:step-023	mesh-no-path	1	1600.573	0.000	1	1
208	Quicksand Caves	???	object:v1:208:17629769	770.000	-668.000	0.460	812594298	168	Chamber of Oracles	-980.193	-282.863	14.913	mission:Bastok:21:step-007,mission:Bastok:21:step-019,mission:Bastok:21:step-023	mesh-no-path	1	1792.126	0.000	1	1
208	Quicksand Caves	???	object:v1:208:17629769	770.000	-668.000	0.460	846148730	168	Chamber of Oracles	-900.334	-245.438	14.849	mission:Bastok:21:step-007,mission:Bastok:21:step-019,mission:Bastok:21:step-023	mesh-no-path	1	1723.015	0.000	1	1
208	Quicksand Caves	???	object:v1:208:17629769	770.000	-668.000	0.460	812922234	209	Cloister of Tremors	577.033	-496.000	7.343	mission:Bastok:21:step-007,mission:Bastok:21:step-019,mission:Bastok:21:step-023	mesh-no-path	1	258.588	0.000	1	1
208	Quicksand Caves	???	object:v1:208:17629770	590.000	-663.000	-6.602	909521786	114	Eastern Altepa Desert	940.000	-357.759	-17.591	mission:Bastok:21:step-007,mission:Bastok:21:step-019,mission:Bastok:21:step-023	mesh-no-path	1	464.535	0.000	1	1
208	Quicksand Caves	???	object:v1:208:17629770	590.000	-663.000	-6.602	943076218	114	Eastern Altepa Desert	700.001	-688.183	-25.793	mission:Bastok:21:step-007,mission:Bastok:21:step-019,mission:Bastok:21:step-023	mesh-connected	15	1.615	0.000	1	1
208	Quicksand Caves	???	object:v1:208:17629770	590.000	-663.000	-6.602	1630942074	114	Eastern Altepa Desert	618.389	-380.008	-9.800	mission:Bastok:21:step-007,mission:Bastok:21:step-019,mission:Bastok:21:step-023	mesh-no-path	1	284.430	0.000	1	1
208	Quicksand Caves	???	object:v1:208:17629770	590.000	-663.000	-6.602	1634218874	125	Western Altepa Desert	179.993	-147.950	-9.754	mission:Bastok:21:step-007,mission:Bastok:21:step-019,mission:Bastok:21:step-023	mesh-no-path	1	658.325	0.000	1	1
208	Quicksand Caves	???	object:v1:208:17629770	590.000	-663.000	-6.602	1667773306	125	Western Altepa Desert	-740.014	-521.835	-17.602	mission:Bastok:21:step-007,mission:Bastok:21:step-019,mission:Bastok:21:step-023	mesh-no-path	1	1337.530	0.000	1	1
208	Quicksand Caves	???	object:v1:208:17629770	590.000	-663.000	-6.602	1701327738	125	Western Altepa Desert	-381.571	859.998	-1.774	mission:Bastok:21:step-007,mission:Bastok:21:step-019,mission:Bastok:21:step-023	mesh-no-path	1	1806.515	0.000	1	1
208	Quicksand Caves	???	object:v1:208:17629770	590.000	-663.000	-6.602	1734882170	125	Western Altepa Desert	419.981	-879.744	-8.635	mission:Bastok:21:step-007,mission:Bastok:21:step-019,mission:Bastok:21:step-023	mesh-no-path	1	275.479	0.000	1	1
208	Quicksand Caves	???	object:v1:208:17629770	590.000	-663.000	-6.602	1768436602	125	Western Altepa Desert	-290.525	-141.257	-8.762	mission:Bastok:21:step-007,mission:Bastok:21:step-019,mission:Bastok:21:step-023	mesh-no-path	1	1023.496	0.000	1	1
208	Quicksand Caves	???	object:v1:208:17629770	590.000	-663.000	-6.602	1801991034	125	Western Altepa Desert	327.608	60.391	-8.805	mission:Bastok:21:step-007,mission:Bastok:21:step-019,mission:Bastok:21:step-023	mesh-no-path	1	769.512	0.000	1	1
208	Quicksand Caves	???	object:v1:208:17629770	590.000	-663.000	-6.602	1835545466	125	Western Altepa Desert	-59.994	263.474	-17.649	mission:Bastok:21:step-007,mission:Bastok:21:step-019,mission:Bastok:21:step-023	mesh-no-path	1	1131.799	0.000	1	1
208	Quicksand Caves	???	object:v1:208:17629770	590.000	-663.000	-6.602	1869099898	125	Western Altepa Desert	-382.233	-296.316	-0.653	mission:Bastok:21:step-007,mission:Bastok:21:step-019,mission:Bastok:21:step-023	mesh-no-path	1	1039.100	0.000	1	1
208	Quicksand Caves	???	object:v1:208:17629770	590.000	-663.000	-6.602	1902654330	125	Western Altepa Desert	-811.328	-258.488	-0.758	mission:Bastok:21:step-007,mission:Bastok:21:step-019,mission:Bastok:21:step-023	mesh-no-path	1	1458.556	0.000	1	1
208	Quicksand Caves	???	object:v1:208:17629770	590.000	-663.000	-6.602	1936208762	125	Western Altepa Desert	-583.626	743.580	-0.883	mission:Bastok:21:step-007,mission:Bastok:21:step-019,mission:Bastok:21:step-023	mesh-no-path	1	1831.911	0.000	1	1
208	Quicksand Caves	???	object:v1:208:17629770	590.000	-663.000	-6.602	1969763194	125	Western Altepa Desert	-341.118	484.062	-1.337	mission:Bastok:21:step-007,mission:Bastok:21:step-019,mission:Bastok:21:step-023	mesh-no-path	1	1477.417	0.000	1	1
208	Quicksand Caves	???	object:v1:208:17629770	590.000	-663.000	-6.602	812594298	168	Chamber of Oracles	-980.193	-282.863	14.913	mission:Bastok:21:step-007,mission:Bastok:21:step-019,mission:Bastok:21:step-023	mesh-no-path	1	1615.696	0.000	1	1
208	Quicksand Caves	???	object:v1:208:17629770	590.000	-663.000	-6.602	846148730	168	Chamber of Oracles	-900.334	-245.438	14.849	mission:Bastok:21:step-007,mission:Bastok:21:step-019,mission:Bastok:21:step-023	mesh-no-path	1	1547.874	0.000	1	1
208	Quicksand Caves	???	object:v1:208:17629770	590.000	-663.000	-6.602	812922234	209	Cloister of Tremors	577.033	-496.000	7.343	mission:Bastok:21:step-007,mission:Bastok:21:step-019,mission:Bastok:21:step-023	mesh-no-path	1	168.082	0.000	1	1
208	Quicksand Caves	???	object:v1:208:17629771	495.000	-834.000	1.729	909521786	114	Eastern Altepa Desert	940.000	-357.759	-17.591	mission:Bastok:21:step-007,mission:Bastok:21:step-019,mission:Bastok:21:step-023	mesh-no-path	1	652.076	0.000	1	1
208	Quicksand Caves	???	object:v1:208:17629771	495.000	-834.000	1.729	943076218	114	Eastern Altepa Desert	700.001	-688.183	-25.793	mission:Bastok:21:step-007,mission:Bastok:21:step-019,mission:Bastok:21:step-023	mesh-no-path	1	253.072	0.000	1	1
208	Quicksand Caves	???	object:v1:208:17629771	495.000	-834.000	1.729	1630942074	114	Eastern Altepa Desert	618.389	-380.008	-9.800	mission:Bastok:21:step-007,mission:Bastok:21:step-019,mission:Bastok:21:step-023	mesh-no-path	1	470.602	0.000	1	1
208	Quicksand Caves	???	object:v1:208:17629771	495.000	-834.000	1.729	1634218874	125	Western Altepa Desert	179.993	-147.950	-9.754	mission:Bastok:21:step-007,mission:Bastok:21:step-019,mission:Bastok:21:step-023	mesh-no-path	1	755.001	0.000	1	1
208	Quicksand Caves	???	object:v1:208:17629771	495.000	-834.000	1.729	1667773306	125	Western Altepa Desert	-740.014	-521.835	-17.602	mission:Bastok:21:step-007,mission:Bastok:21:step-019,mission:Bastok:21:step-023	mesh-no-path	1	1274.002	0.000	1	1
208	Quicksand Caves	???	object:v1:208:17629771	495.000	-834.000	1.729	1701327738	125	Western Altepa Desert	-381.571	859.998	-1.774	mission:Bastok:21:step-007,mission:Bastok:21:step-019,mission:Bastok:21:step-023	mesh-no-path	1	1907.359	0.000	1	1
208	Quicksand Caves	???	object:v1:208:17629771	495.000	-834.000	1.729	1734882170	125	Western Altepa Desert	419.981	-879.744	-8.635	mission:Bastok:21:step-007,mission:Bastok:21:step-019,mission:Bastok:21:step-023	mesh-connected	12	1.457	0.000	1	1
208	Quicksand Caves	???	object:v1:208:17629771	495.000	-834.000	1.729	1768436602	125	Western Altepa Desert	-290.525	-141.257	-8.762	mission:Bastok:21:step-007,mission:Bastok:21:step-019,mission:Bastok:21:step-023	mesh-no-path	1	1047.403	0.000	1	1
208	Quicksand Caves	???	object:v1:208:17629771	495.000	-834.000	1.729	1801991034	125	Western Altepa Desert	327.608	60.391	-8.805	mission:Bastok:21:step-007,mission:Bastok:21:step-019,mission:Bastok:21:step-023	mesh-no-path	1	909.981	0.000	1	1
208	Quicksand Caves	???	object:v1:208:17629771	495.000	-834.000	1.729	1835545466	125	Western Altepa Desert	-59.994	263.474	-17.649	mission:Bastok:21:step-007,mission:Bastok:21:step-019,mission:Bastok:21:step-023	mesh-no-path	1	1229.977	0.000	1	1
208	Quicksand Caves	???	object:v1:208:17629771	495.000	-834.000	1.729	1869099898	125	Western Altepa Desert	-382.233	-296.316	-0.653	mission:Bastok:21:step-007,mission:Bastok:21:step-019,mission:Bastok:21:step-023	mesh-no-path	1	1028.906	0.000	1	1
208	Quicksand Caves	???	object:v1:208:17629771	495.000	-834.000	1.729	1902654330	125	Western Altepa Desert	-811.328	-258.488	-0.758	mission:Bastok:21:step-007,mission:Bastok:21:step-019,mission:Bastok:21:step-023	mesh-no-path	1	1427.485	0.000	1	1
208	Quicksand Caves	???	object:v1:208:17629771	495.000	-834.000	1.729	1936208762	125	Western Altepa Desert	-583.626	743.580	-0.883	mission:Bastok:21:step-007,mission:Bastok:21:step-019,mission:Bastok:21:step-023	mesh-no-path	1	1911.073	0.000	1	1
208	Quicksand Caves	???	object:v1:208:17629771	495.000	-834.000	1.729	1969763194	125	Western Altepa Desert	-341.118	484.062	-1.337	mission:Bastok:21:step-007,mission:Bastok:21:step-019,mission:Bastok:21:step-023	mesh-no-path	1	1560.894	0.000	1	1
208	Quicksand Caves	???	object:v1:208:17629771	495.000	-834.000	1.729	812594298	168	Chamber of Oracles	-980.193	-282.863	14.913	mission:Bastok:21:step-007,mission:Bastok:21:step-019,mission:Bastok:21:step-023	mesh-no-path	1	1574.840	0.000	1	1
208	Quicksand Caves	???	object:v1:208:17629771	495.000	-834.000	1.729	846148730	168	Chamber of Oracles	-900.334	-245.438	14.849	mission:Bastok:21:step-007,mission:Bastok:21:step-019,mission:Bastok:21:step-023	mesh-no-path	1	1514.442	0.000	1	1
208	Quicksand Caves	???	object:v1:208:17629771	495.000	-834.000	1.729	812922234	209	Cloister of Tremors	577.033	-496.000	7.343	mission:Bastok:21:step-007,mission:Bastok:21:step-019,mission:Bastok:21:step-023	mesh-no-path	1	347.858	0.000	1	1
208	Quicksand Caves	???	object:v1:208:17629772	780.000	-750.000	-15.326	909521786	114	Eastern Altepa Desert	940.000	-357.759	-17.591	mission:Bastok:21:step-007,mission:Bastok:21:step-019,mission:Bastok:21:step-023	mesh-no-path	1	423.625	0.000	1	1
208	Quicksand Caves	???	object:v1:208:17629772	780.000	-750.000	-15.326	943076218	114	Eastern Altepa Desert	700.001	-688.183	-25.793	mission:Bastok:21:step-007,mission:Bastok:21:step-019,mission:Bastok:21:step-023	mesh-connected	15	1.615	0.000	1	1
208	Quicksand Caves	???	object:v1:208:17629772	780.000	-750.000	-15.326	1630942074	114	Eastern Altepa Desert	618.389	-380.008	-9.800	mission:Bastok:21:step-007,mission:Bastok:21:step-019,mission:Bastok:21:step-023	mesh-no-path	1	403.786	0.000	1	1
208	Quicksand Caves	???	object:v1:208:17629772	780.000	-750.000	-15.326	1634218874	125	Western Altepa Desert	179.993	-147.950	-9.754	mission:Bastok:21:step-007,mission:Bastok:21:step-019,mission:Bastok:21:step-023	mesh-no-path	1	850.002	0.000	1	1
208	Quicksand Caves	???	object:v1:208:17629772	780.000	-750.000	-15.326	1667773306	125	Western Altepa Desert	-740.014	-521.835	-17.602	mission:Bastok:21:step-007,mission:Bastok:21:step-019,mission:Bastok:21:step-023	mesh-no-path	1	1537.045	0.000	1	1
208	Quicksand Caves	???	object:v1:208:17629772	780.000	-750.000	-15.326	1701327738	125	Western Altepa Desert	-381.571	859.998	-1.774	mission:Bastok:21:step-007,mission:Bastok:21:step-019,mission:Bastok:21:step-023	mesh-no-path	1	1985.327	0.000	1	1
208	Quicksand Caves	???	object:v1:208:17629772	780.000	-750.000	-15.326	1734882170	125	Western Altepa Desert	419.981	-879.744	-8.635	mission:Bastok:21:step-007,mission:Bastok:21:step-019,mission:Bastok:21:step-023	mesh-no-path	1	382.743	0.000	1	1
208	Quicksand Caves	???	object:v1:208:17629772	780.000	-750.000	-15.326	1768436602	125	Western Altepa Desert	-290.525	-141.257	-8.762	mission:Bastok:21:step-007,mission:Bastok:21:step-019,mission:Bastok:21:step-023	mesh-no-path	1	1231.517	0.000	1	1
208	Quicksand Caves	???	object:v1:208:17629772	780.000	-750.000	-15.326	1801991034	125	Western Altepa Desert	327.608	60.391	-8.805	mission:Bastok:21:step-007,mission:Bastok:21:step-019,mission:Bastok:21:step-023	mesh-no-path	1	928.135	0.000	1	1
208	Quicksand Caves	???	object:v1:208:17629772	780.000	-750.000	-15.326	1835545466	125	Western Altepa Desert	-59.994	263.474	-17.649	mission:Bastok:21:step-007,mission:Bastok:21:step-019,mission:Bastok:21:step-023	mesh-no-path	1	1316.330	0.000	1	1
208	Quicksand Caves	???	object:v1:208:17629772	780.000	-750.000	-15.326	1869099898	125	Western Altepa Desert	-382.233	-296.316	-0.653	mission:Bastok:21:step-007,mission:Bastok:21:step-019,mission:Bastok:21:step-023	mesh-no-path	1	1247.730	0.000	1	1
208	Quicksand Caves	???	object:v1:208:17629772	780.000	-750.000	-15.326	1902654330	125	Western Altepa Desert	-811.328	-258.488	-0.758	mission:Bastok:21:step-007,mission:Bastok:21:step-019,mission:Bastok:21:step-023	mesh-no-path	1	1665.569	0.000	1	1
208	Quicksand Caves	???	object:v1:208:17629772	780.000	-750.000	-15.326	1936208762	125	Western Altepa Desert	-583.626	743.580	-0.883	mission:Bastok:21:step-007,mission:Bastok:21:step-019,mission:Bastok:21:step-023	mesh-no-path	1	2022.490	0.000	1	1
208	Quicksand Caves	???	object:v1:208:17629772	780.000	-750.000	-15.326	1969763194	125	Western Altepa Desert	-341.118	484.062	-1.337	mission:Bastok:21:step-007,mission:Bastok:21:step-019,mission:Bastok:21:step-023	mesh-no-path	1	1667.336	0.000	1	1
208	Quicksand Caves	???	object:v1:208:17629772	780.000	-750.000	-15.326	812594298	168	Chamber of Oracles	-980.193	-282.863	14.913	mission:Bastok:21:step-007,mission:Bastok:21:step-019,mission:Bastok:21:step-023	mesh-no-path	1	1821.376	0.000	1	1
208	Quicksand Caves	???	object:v1:208:17629772	780.000	-750.000	-15.326	846148730	168	Chamber of Oracles	-900.334	-245.438	14.849	mission:Bastok:21:step-007,mission:Bastok:21:step-019,mission:Bastok:21:step-023	mesh-no-path	1	1754.712	0.000	1	1
208	Quicksand Caves	???	object:v1:208:17629772	780.000	-750.000	-15.326	812922234	209	Cloister of Tremors	577.033	-496.000	7.343	mission:Bastok:21:step-007,mission:Bastok:21:step-019,mission:Bastok:21:step-023	mesh-no-path	1	325.923	0.000	1	1
208	Quicksand Caves	???	object:v1:208:17629810	-533.065	-414.969	-0.851	909521786	114	Eastern Altepa Desert	940.000	-357.759	-17.591	mission:Bastok:21:step-007,mission:Bastok:21:step-019,mission:Bastok:21:step-023	mesh-no-path	1	1474.271	0.000	1	1
208	Quicksand Caves	???	object:v1:208:17629810	-533.065	-414.969	-0.851	943076218	114	Eastern Altepa Desert	700.001	-688.183	-25.793	mission:Bastok:21:step-007,mission:Bastok:21:step-019,mission:Bastok:21:step-023	mesh-no-path	1	1263.218	0.000	1	1
208	Quicksand Caves	???	object:v1:208:17629810	-533.065	-414.969	-0.851	1630942074	114	Eastern Altepa Desert	618.389	-380.008	-9.800	mission:Bastok:21:step-007,mission:Bastok:21:step-019,mission:Bastok:21:step-023	mesh-no-path	1	1152.019	0.000	1	1
208	Quicksand Caves	???	object:v1:208:17629810	-533.065	-414.969	-0.851	1634218874	125	Western Altepa Desert	179.993	-147.950	-9.754	mission:Bastok:21:step-007,mission:Bastok:21:step-019,mission:Bastok:21:step-023	mesh-no-path	1	761.466	0.000	1	1
208	Quicksand Caves	???	object:v1:208:17629810	-533.065	-414.969	-0.851	1667773306	125	Western Altepa Desert	-740.014	-521.835	-17.602	mission:Bastok:21:step-007,mission:Bastok:21:step-019,mission:Bastok:21:step-023	mesh-connected	23	1.424	0.000	1	1
208	Quicksand Caves	???	object:v1:208:17629810	-533.065	-414.969	-0.851	1701327738	125	Western Altepa Desert	-381.571	859.998	-1.774	mission:Bastok:21:step-007,mission:Bastok:21:step-019,mission:Bastok:21:step-023	mesh-no-path	1	1283.936	0.000	1	1
208	Quicksand Caves	???	object:v1:208:17629810	-533.065	-414.969	-0.851	1734882170	125	Western Altepa Desert	419.981	-879.744	-8.635	mission:Bastok:21:step-007,mission:Bastok:21:step-019,mission:Bastok:21:step-023	mesh-no-path	1	1060.365	0.000	1	1
208	Quicksand Caves	???	object:v1:208:17629810	-533.065	-414.969	-0.851	1768436602	125	Western Altepa Desert	-290.525	-141.257	-8.762	mission:Bastok:21:step-007,mission:Bastok:21:step-019,mission:Bastok:21:step-023	mesh-no-path	1	365.796	0.000	1	1
208	Quicksand Caves	???	object:v1:208:17629810	-533.065	-414.969	-0.851	1801991034	125	Western Altepa Desert	327.608	60.391	-8.805	mission:Bastok:21:step-007,mission:Bastok:21:step-019,mission:Bastok:21:step-023	mesh-no-path	1	983.254	0.000	1	1
208	Quicksand Caves	???	object:v1:208:17629810	-533.065	-414.969	-0.851	1835545466	125	Western Altepa Desert	-59.994	263.474	-17.649	mission:Bastok:21:step-007,mission:Bastok:21:step-019,mission:Bastok:21:step-023	mesh-no-path	1	827.263	0.000	1	1
208	Quicksand Caves	???	object:v1:208:17629810	-533.065	-414.969	-0.851	1869099898	125	Western Altepa Desert	-382.233	-296.316	-0.653	mission:Bastok:21:step-007,mission:Bastok:21:step-019,mission:Bastok:21:step-023	mesh-no-path	1	191.908	0.000	1	1
208	Quicksand Caves	???	object:v1:208:17629810	-533.065	-414.969	-0.851	1902654330	125	Western Altepa Desert	-811.328	-258.488	-0.758	mission:Bastok:21:step-007,mission:Bastok:21:step-019,mission:Bastok:21:step-023	mesh-no-path	1	319.244	0.000	1	1
208	Quicksand Caves	???	object:v1:208:17629810	-533.065	-414.969	-0.851	1936208762	125	Western Altepa Desert	-583.626	743.580	-0.883	mission:Bastok:21:step-007,mission:Bastok:21:step-019,mission:Bastok:21:step-023	mesh-no-path	1	1159.652	0.000	1	1
208	Quicksand Caves	???	object:v1:208:17629810	-533.065	-414.969	-0.851	1969763194	125	Western Altepa Desert	-341.118	484.062	-1.337	mission:Bastok:21:step-007,mission:Bastok:21:step-019,mission:Bastok:21:step-023	mesh-no-path	1	919.294	0.000	1	1
208	Quicksand Caves	???	object:v1:208:17629810	-533.065	-414.969	-0.851	812594298	168	Chamber of Oracles	-980.193	-282.863	14.913	mission:Bastok:21:step-007,mission:Bastok:21:step-019,mission:Bastok:21:step-023	mesh-no-path	1	466.502	0.000	1	1
208	Quicksand Caves	???	object:v1:208:17629810	-533.065	-414.969	-0.851	846148730	168	Chamber of Oracles	-900.334	-245.438	14.849	mission:Bastok:21:step-007,mission:Bastok:21:step-019,mission:Bastok:21:step-023	mesh-no-path	1	404.813	0.000	1	1
208	Quicksand Caves	???	object:v1:208:17629810	-533.065	-414.969	-0.851	812922234	209	Cloister of Tremors	577.033	-496.000	7.343	mission:Bastok:21:step-007,mission:Bastok:21:step-019,mission:Bastok:21:step-023	mesh-no-path	1	1113.082	0.000	1	1
208	Quicksand Caves	Centurio IV-VII	camp:v1:208:centurio-iv-vii:ccb45408eaf7846c292a	-468.000	625.000	0.001	909521786	114	Eastern Altepa Desert	940.000	-357.759	-17.591	mission:Bastok:21:step-011,mission:Bastok:21:step-018	mesh-no-path	1	1717.146	0.000	1	1
208	Quicksand Caves	Centurio IV-VII	camp:v1:208:centurio-iv-vii:ccb45408eaf7846c292a	-468.000	625.000	0.001	943076218	114	Eastern Altepa Desert	700.001	-688.183	-25.793	mission:Bastok:21:step-011,mission:Bastok:21:step-018	mesh-no-path	1	1757.652	0.000	1	1
208	Quicksand Caves	Centurio IV-VII	camp:v1:208:centurio-iv-vii:ccb45408eaf7846c292a	-468.000	625.000	0.001	1630942074	114	Eastern Altepa Desert	618.389	-380.008	-9.800	mission:Bastok:21:step-011,mission:Bastok:21:step-018	mesh-no-path	1	1479.993	0.000	1	1
208	Quicksand Caves	Centurio IV-VII	camp:v1:208:centurio-iv-vii:ccb45408eaf7846c292a	-468.000	625.000	0.001	1634218874	125	Western Altepa Desert	179.993	-147.950	-9.754	mission:Bastok:21:step-011,mission:Bastok:21:step-018	mesh-no-path	1	1008.683	0.000	1	1
208	Quicksand Caves	Centurio IV-VII	camp:v1:208:centurio-iv-vii:ccb45408eaf7846c292a	-468.000	625.000	0.001	1667773306	125	Western Altepa Desert	-740.014	-521.835	-17.602	mission:Bastok:21:step-011,mission:Bastok:21:step-018	mesh-no-path	1	1178.784	0.000	1	1
208	Quicksand Caves	Centurio IV-VII	camp:v1:208:centurio-iv-vii:ccb45408eaf7846c292a	-468.000	625.000	0.001	1701327738	125	Western Altepa Desert	-381.571	859.998	-1.774	mission:Bastok:21:step-011,mission:Bastok:21:step-018	mesh-connected	18	1.449	0.000	1	1
208	Quicksand Caves	Centurio IV-VII	camp:v1:208:centurio-iv-vii:ccb45408eaf7846c292a	-468.000	625.000	0.001	1734882170	125	Western Altepa Desert	419.981	-879.744	-8.635	mission:Bastok:21:step-011,mission:Bastok:21:step-018	mesh-no-path	1	1747.238	0.000	1	1
208	Quicksand Caves	Centurio IV-VII	camp:v1:208:centurio-iv-vii:ccb45408eaf7846c292a	-468.000	625.000	0.001	1768436602	125	Western Altepa Desert	-290.525	-141.257	-8.762	mission:Bastok:21:step-011,mission:Bastok:21:step-018	mesh-no-path	1	786.590	0.000	1	1
208	Quicksand Caves	Centurio IV-VII	camp:v1:208:centurio-iv-vii:ccb45408eaf7846c292a	-468.000	625.000	0.001	1801991034	125	Western Altepa Desert	327.608	60.391	-8.805	mission:Bastok:21:step-011,mission:Bastok:21:step-018	mesh-no-path	1	975.630	0.000	1	1
208	Quicksand Caves	Centurio IV-VII	camp:v1:208:centurio-iv-vii:ccb45408eaf7846c292a	-468.000	625.000	0.001	1835545466	125	Western Altepa Desert	-59.994	263.474	-17.649	mission:Bastok:21:step-011,mission:Bastok:21:step-018	mesh-no-path	1	545.419	0.000	1	1
208	Quicksand Caves	Centurio IV-VII	camp:v1:208:centurio-iv-vii:ccb45408eaf7846c292a	-468.000	625.000	0.001	1869099898	125	Western Altepa Desert	-382.233	-296.316	-0.653	mission:Bastok:21:step-011,mission:Bastok:21:step-018	mesh-no-path	1	925.300	0.000	1	1
208	Quicksand Caves	Centurio IV-VII	camp:v1:208:centurio-iv-vii:ccb45408eaf7846c292a	-468.000	625.000	0.001	1902654330	125	Western Altepa Desert	-811.328	-258.488	-0.758	mission:Bastok:21:step-011,mission:Bastok:21:step-018	mesh-no-path	1	947.853	0.000	1	1
208	Quicksand Caves	Centurio IV-VII	camp:v1:208:centurio-iv-vii:ccb45408eaf7846c292a	-468.000	625.000	0.001	1936208762	125	Western Altepa Desert	-583.626	743.580	-0.883	mission:Bastok:21:step-011,mission:Bastok:21:step-018	mesh-connected	34	1.790	0.000	1	1
208	Quicksand Caves	Centurio IV-VII	camp:v1:208:centurio-iv-vii:ccb45408eaf7846c292a	-468.000	625.000	0.001	1969763194	125	Western Altepa Desert	-341.118	484.062	-1.337	mission:Bastok:21:step-011,mission:Bastok:21:step-018	mesh-no-path	1	189.643	0.000	1	1
208	Quicksand Caves	Centurio IV-VII	camp:v1:208:centurio-iv-vii:ccb45408eaf7846c292a	-468.000	625.000	0.001	812594298	168	Chamber of Oracles	-980.193	-282.863	14.913	mission:Bastok:21:step-011,mission:Bastok:21:step-018	mesh-no-path	1	1042.487	0.000	1	1
208	Quicksand Caves	Centurio IV-VII	camp:v1:208:centurio-iv-vii:ccb45408eaf7846c292a	-468.000	625.000	0.001	846148730	168	Chamber of Oracles	-900.334	-245.438	14.849	mission:Bastok:21:step-011,mission:Bastok:21:step-018	mesh-no-path	1	972.006	0.000	1	1
208	Quicksand Caves	Centurio IV-VII	camp:v1:208:centurio-iv-vii:ccb45408eaf7846c292a	-468.000	625.000	0.001	812922234	209	Cloister of Tremors	577.033	-496.000	7.343	mission:Bastok:21:step-011,mission:Bastok:21:step-018	mesh-no-path	1	1532.576	0.000	1	1
208	Quicksand Caves	Fountain of Kings	object:v1:208:17629735	571.283	-938.480	20.000	909521786	114	Eastern Altepa Desert	940.000	-357.759	-17.591	mission:San d'Oria:21:step-034	mesh-no-path	1	688.914	0.000	1	1
208	Quicksand Caves	Fountain of Kings	object:v1:208:17629735	571.283	-938.480	20.000	943076218	114	Eastern Altepa Desert	700.001	-688.183	-25.793	mission:San d'Oria:21:step-034	mesh-no-path	1	285.156	0.000	1	1
208	Quicksand Caves	Fountain of Kings	object:v1:208:17629735	571.283	-938.480	20.000	1630942074	114	Eastern Altepa Desert	618.389	-380.008	-9.800	mission:San d'Oria:21:step-034	mesh-no-path	1	561.247	0.000	1	1
208	Quicksand Caves	Fountain of Kings	object:v1:208:17629735	571.283	-938.480	20.000	1634218874	125	Western Altepa Desert	179.993	-147.950	-9.754	mission:San d'Oria:21:step-034	mesh-no-path	1	882.571	0.000	1	1
208	Quicksand Caves	Fountain of Kings	object:v1:208:17629735	571.283	-938.480	20.000	1667773306	125	Western Altepa Desert	-740.014	-521.835	-17.602	mission:San d'Oria:21:step-034	mesh-no-path	1	1376.411	0.000	1	1
208	Quicksand Caves	Fountain of Kings	object:v1:208:17629735	571.283	-938.480	20.000	1701327738	125	Western Altepa Desert	-381.571	859.998	-1.774	mission:San d'Oria:21:step-034	mesh-no-path	1	2035.418	0.000	1	1
208	Quicksand Caves	Fountain of Kings	object:v1:208:17629735	571.283	-938.480	20.000	1734882170	125	Western Altepa Desert	419.981	-879.744	-8.635	mission:San d'Oria:21:step-034	mesh-no-path	1	164.810	0.000	1	1
208	Quicksand Caves	Fountain of Kings	object:v1:208:17629735	571.283	-938.480	20.000	1768436602	125	Western Altepa Desert	-290.525	-141.257	-8.762	mission:San d'Oria:21:step-034	mesh-no-path	1	1174.353	0.000	1	1
208	Quicksand Caves	Fountain of Kings	object:v1:208:17629735	571.283	-938.480	20.000	1801991034	125	Western Altepa Desert	327.608	60.391	-8.805	mission:San d'Oria:21:step-034	mesh-no-path	1	1028.567	0.000	1	1
208	Quicksand Caves	Fountain of Kings	object:v1:208:17629735	571.283	-938.480	20.000	1835545466	125	Western Altepa Desert	-59.994	263.474	-17.649	mission:San d'Oria:21:step-034	mesh-no-path	1	1358.168	0.000	1	1
208	Quicksand Caves	Fountain of Kings	object:v1:208:17629735	571.283	-938.480	20.000	1869099898	125	Western Altepa Desert	-382.233	-296.316	-0.653	mission:San d'Oria:21:step-034	mesh-no-path	1	1149.780	0.000	1	1
208	Quicksand Caves	Fountain of Kings	object:v1:208:17629735	571.283	-938.480	20.000	1902654330	125	Western Altepa Desert	-811.328	-258.488	-0.758	mission:San d'Oria:21:step-034	mesh-no-path	1	1540.920	0.000	1	1
208	Quicksand Caves	Fountain of Kings	object:v1:208:17629735	571.283	-938.480	20.000	1936208762	125	Western Altepa Desert	-583.626	743.580	-0.883	mission:San d'Oria:21:step-034	mesh-no-path	1	2040.484	0.000	1	1
208	Quicksand Caves	Fountain of Kings	object:v1:208:17629735	571.283	-938.480	20.000	1969763194	125	Western Altepa Desert	-341.118	484.062	-1.337	mission:San d'Oria:21:step-034	mesh-no-path	1	1690.135	0.000	1	1
208	Quicksand Caves	Fountain of Kings	object:v1:208:17629735	571.283	-938.480	20.000	812594298	168	Chamber of Oracles	-980.193	-282.863	14.913	mission:San d'Oria:21:step-034	mesh-no-path	1	1684.321	0.000	1	1
208	Quicksand Caves	Fountain of Kings	object:v1:208:17629735	571.283	-938.480	20.000	846148730	168	Chamber of Oracles	-900.334	-245.438	14.849	mission:San d'Oria:21:step-034	mesh-no-path	1	1626.650	0.000	1	1
208	Quicksand Caves	Fountain of Kings	object:v1:208:17629735	571.283	-938.480	20.000	812922234	209	Cloister of Tremors	577.033	-496.000	7.343	mission:San d'Oria:21:step-034	mesh-no-path	1	442.698	0.000	1	1
208	Quicksand Caves	Honor	camp:v1:208:honor:50535c573f4fb7f9a57d	568.474	-935.048	17.608	909521786	114	Eastern Altepa Desert	940.000	-357.759	-17.591	mission:San d'Oria:21:step-020,mission:San d'Oria:21:step-025,mission:San d'Oria:21:step-031	mesh-no-path	1	687.410	0.000	1	1
208	Quicksand Caves	Honor	camp:v1:208:honor:50535c573f4fb7f9a57d	568.474	-935.048	17.608	943076218	114	Eastern Altepa Desert	700.001	-688.183	-25.793	mission:San d'Oria:21:step-020,mission:San d'Oria:21:step-025,mission:San d'Oria:21:step-031	mesh-no-path	1	283.064	0.000	1	1
208	Quicksand Caves	Honor	camp:v1:208:honor:50535c573f4fb7f9a57d	568.474	-935.048	17.608	1630942074	114	Eastern Altepa Desert	618.389	-380.008	-9.800	mission:San d'Oria:21:step-020,mission:San d'Oria:21:step-025,mission:San d'Oria:21:step-031	mesh-no-path	1	557.953	0.000	1	1
208	Quicksand Caves	Honor	camp:v1:208:honor:50535c573f4fb7f9a57d	568.474	-935.048	17.608	1634218874	125	Western Altepa Desert	179.993	-147.950	-9.754	mission:San d'Oria:21:step-020,mission:San d'Oria:21:step-025,mission:San d'Oria:21:step-031	mesh-no-path	1	878.174	0.000	1	1
208	Quicksand Caves	Honor	camp:v1:208:honor:50535c573f4fb7f9a57d	568.474	-935.048	17.608	1667773306	125	Western Altepa Desert	-740.014	-521.835	-17.602	mission:San d'Oria:21:step-020,mission:San d'Oria:21:step-025,mission:San d'Oria:21:step-031	mesh-no-path	1	1372.635	0.000	1	1
208	Quicksand Caves	Honor	camp:v1:208:honor:50535c573f4fb7f9a57d	568.474	-935.048	17.608	1701327738	125	Western Altepa Desert	-381.571	859.998	-1.774	mission:San d'Oria:21:step-020,mission:San d'Oria:21:step-025,mission:San d'Oria:21:step-031	mesh-no-path	1	2031.047	0.000	1	1
208	Quicksand Caves	Honor	camp:v1:208:honor:50535c573f4fb7f9a57d	568.474	-935.048	17.608	1734882170	125	Western Altepa Desert	419.981	-879.744	-8.635	mission:San d'Oria:21:step-020,mission:San d'Oria:21:step-025,mission:San d'Oria:21:step-031	mesh-connected	22	1.457	0.000	1	1
208	Quicksand Caves	Honor	camp:v1:208:honor:50535c573f4fb7f9a57d	568.474	-935.048	17.608	1768436602	125	Western Altepa Desert	-290.525	-141.257	-8.762	mission:San d'Oria:21:step-020,mission:San d'Oria:21:step-025,mission:San d'Oria:21:step-031	mesh-no-path	1	1169.905	0.000	1	1
208	Quicksand Caves	Honor	camp:v1:208:honor:50535c573f4fb7f9a57d	568.474	-935.048	17.608	1801991034	125	Western Altepa Desert	327.608	60.391	-8.805	mission:San d'Oria:21:step-020,mission:San d'Oria:21:step-025,mission:San d'Oria:21:step-031	mesh-no-path	1	1024.506	0.000	1	1
208	Quicksand Caves	Honor	camp:v1:208:honor:50535c573f4fb7f9a57d	568.474	-935.048	17.608	1835545466	125	Western Altepa Desert	-59.994	263.474	-17.649	mission:San d'Oria:21:step-020,mission:San d'Oria:21:step-025,mission:San d'Oria:21:step-031	mesh-no-path	1	1353.761	0.000	1	1
208	Quicksand Caves	Honor	camp:v1:208:honor:50535c573f4fb7f9a57d	568.474	-935.048	17.608	1869099898	125	Western Altepa Desert	-382.233	-296.316	-0.653	mission:San d'Oria:21:step-020,mission:San d'Oria:21:step-025,mission:San d'Oria:21:step-031	mesh-no-path	1	1145.494	0.000	1	1
208	Quicksand Caves	Honor	camp:v1:208:honor:50535c573f4fb7f9a57d	568.474	-935.048	17.608	1902654330	125	Western Altepa Desert	-811.328	-258.488	-0.758	mission:San d'Oria:21:step-020,mission:San d'Oria:21:step-025,mission:San d'Oria:21:step-031	mesh-no-path	1	1536.855	0.000	1	1
208	Quicksand Caves	Honor	camp:v1:208:honor:50535c573f4fb7f9a57d	568.474	-935.048	17.608	1936208762	125	Western Altepa Desert	-583.626	743.580	-0.883	mission:San d'Oria:21:step-020,mission:San d'Oria:21:step-025,mission:San d'Oria:21:step-031	mesh-no-path	1	2036.042	0.000	1	1
208	Quicksand Caves	Honor	camp:v1:208:honor:50535c573f4fb7f9a57d	568.474	-935.048	17.608	1969763194	125	Western Altepa Desert	-341.118	484.062	-1.337	mission:San d'Oria:21:step-020,mission:San d'Oria:21:step-025,mission:San d'Oria:21:step-031	mesh-no-path	1	1685.702	0.000	1	1
208	Quicksand Caves	Honor	camp:v1:208:honor:50535c573f4fb7f9a57d	568.474	-935.048	17.608	812594298	168	Chamber of Oracles	-980.193	-282.863	14.913	mission:San d'Oria:21:step-020,mission:San d'Oria:21:step-025,mission:San d'Oria:21:step-031	mesh-no-path	1	1680.393	0.000	1	1
208	Quicksand Caves	Honor	camp:v1:208:honor:50535c573f4fb7f9a57d	568.474	-935.048	17.608	846148730	168	Chamber of Oracles	-900.334	-245.438	14.849	mission:San d'Oria:21:step-020,mission:San d'Oria:21:step-025,mission:San d'Oria:21:step-031	mesh-no-path	1	1622.642	0.000	1	1
208	Quicksand Caves	Honor	camp:v1:208:honor:50535c573f4fb7f9a57d	568.474	-935.048	17.608	812922234	209	Cloister of Tremors	577.033	-496.000	7.343	mission:San d'Oria:21:step-020,mission:San d'Oria:21:step-025,mission:San d'Oria:21:step-031	mesh-no-path	1	439.251	0.000	1	1
208	Quicksand Caves	Princeps IV-XLV	camp:v1:208:princeps-iv-xlv:9fa9774d4dd1cb8c0c00	-468.000	620.000	0.001	909521786	114	Eastern Altepa Desert	940.000	-357.759	-17.591	mission:Bastok:21:step-010	mesh-no-path	1	1714.289	0.000	1	1
208	Quicksand Caves	Princeps IV-XLV	camp:v1:208:princeps-iv-xlv:9fa9774d4dd1cb8c0c00	-468.000	620.000	0.001	943076218	114	Eastern Altepa Desert	700.001	-688.183	-25.793	mission:Bastok:21:step-010	mesh-no-path	1	1753.920	0.000	1	1
208	Quicksand Caves	Princeps IV-XLV	camp:v1:208:princeps-iv-xlv:9fa9774d4dd1cb8c0c00	-468.000	620.000	0.001	1630942074	114	Eastern Altepa Desert	618.389	-380.008	-9.800	mission:Bastok:21:step-010	mesh-no-path	1	1476.602	0.000	1	1
208	Quicksand Caves	Princeps IV-XLV	camp:v1:208:princeps-iv-xlv:9fa9774d4dd1cb8c0c00	-468.000	620.000	0.001	1634218874	125	Western Altepa Desert	179.993	-147.950	-9.754	mission:Bastok:21:step-010	mesh-no-path	1	1004.857	0.000	1	1
208	Quicksand Caves	Princeps IV-XLV	camp:v1:208:princeps-iv-xlv:9fa9774d4dd1cb8c0c00	-468.000	620.000	0.001	1667773306	125	Western Altepa Desert	-740.014	-521.835	-17.602	mission:Bastok:21:step-010	mesh-no-path	1	1173.920	0.000	1	1
208	Quicksand Caves	Princeps IV-XLV	camp:v1:208:princeps-iv-xlv:9fa9774d4dd1cb8c0c00	-468.000	620.000	0.001	1701327738	125	Western Altepa Desert	-381.571	859.998	-1.774	mission:Bastok:21:step-010	mesh-connected	17	1.449	0.000	1	1
208	Quicksand Caves	Princeps IV-XLV	camp:v1:208:princeps-iv-xlv:9fa9774d4dd1cb8c0c00	-468.000	620.000	0.001	1734882170	125	Western Altepa Desert	419.981	-879.744	-8.635	mission:Bastok:21:step-010	mesh-no-path	1	1742.933	0.000	1	1
208	Quicksand Caves	Princeps IV-XLV	camp:v1:208:princeps-iv-xlv:9fa9774d4dd1cb8c0c00	-468.000	620.000	0.001	1768436602	125	Western Altepa Desert	-290.525	-141.257	-8.762	mission:Bastok:21:step-010	mesh-no-path	1	781.720	0.000	1	1
208	Quicksand Caves	Princeps IV-XLV	camp:v1:208:princeps-iv-xlv:9fa9774d4dd1cb8c0c00	-468.000	620.000	0.001	1801991034	125	Western Altepa Desert	327.608	60.391	-8.805	mission:Bastok:21:step-010	mesh-no-path	1	972.745	0.000	1	1
208	Quicksand Caves	Princeps IV-XLV	camp:v1:208:princeps-iv-xlv:9fa9774d4dd1cb8c0c00	-468.000	620.000	0.001	1835545466	125	Western Altepa Desert	-59.994	263.474	-17.649	mission:Bastok:21:step-010	mesh-no-path	1	542.117	0.000	1	1
208	Quicksand Caves	Princeps IV-XLV	camp:v1:208:princeps-iv-xlv:9fa9774d4dd1cb8c0c00	-468.000	620.000	0.001	1869099898	125	Western Altepa Desert	-382.233	-296.316	-0.653	mission:Bastok:21:step-010	mesh-no-path	1	920.321	0.000	1	1
208	Quicksand Caves	Princeps IV-XLV	camp:v1:208:princeps-iv-xlv:9fa9774d4dd1cb8c0c00	-468.000	620.000	0.001	1902654330	125	Western Altepa Desert	-811.328	-258.488	-0.758	mission:Bastok:21:step-010	mesh-no-path	1	943.195	0.000	1	1
208	Quicksand Caves	Princeps IV-XLV	camp:v1:208:princeps-iv-xlv:9fa9774d4dd1cb8c0c00	-468.000	620.000	0.001	1936208762	125	Western Altepa Desert	-583.626	743.580	-0.883	mission:Bastok:21:step-010	mesh-connected	33	1.790	0.000	1	1
208	Quicksand Caves	Princeps IV-XLV	camp:v1:208:princeps-iv-xlv:9fa9774d4dd1cb8c0c00	-468.000	620.000	0.001	1969763194	125	Western Altepa Desert	-341.118	484.062	-1.337	mission:Bastok:21:step-010	mesh-no-path	1	185.957	0.000	1	1
208	Quicksand Caves	Princeps IV-XLV	camp:v1:208:princeps-iv-xlv:9fa9774d4dd1cb8c0c00	-468.000	620.000	0.001	812594298	168	Chamber of Oracles	-980.193	-282.863	14.913	mission:Bastok:21:step-010	mesh-no-path	1	1038.136	0.000	1	1
208	Quicksand Caves	Princeps IV-XLV	camp:v1:208:princeps-iv-xlv:9fa9774d4dd1cb8c0c00	-468.000	620.000	0.001	846148730	168	Chamber of Oracles	-900.334	-245.438	14.849	mission:Bastok:21:step-010	mesh-no-path	1	967.531	0.000	1	1
208	Quicksand Caves	Princeps IV-XLV	camp:v1:208:princeps-iv-xlv:9fa9774d4dd1cb8c0c00	-468.000	620.000	0.001	812922234	209	Cloister of Tremors	577.033	-496.000	7.343	mission:Bastok:21:step-010	mesh-no-path	1	1528.922	0.000	1	1
208	Quicksand Caves	Triarius IV-XIV	camp:v1:208:triarius-iv-xiv:74ddaaf70f67f0388a52	-468.000	617.000	0.001	909521786	114	Eastern Altepa Desert	940.000	-357.759	-17.591	mission:Bastok:21:step-009,mission:Bastok:21:step-017	mesh-no-path	1	1712.580	0.000	1	1
208	Quicksand Caves	Triarius IV-XIV	camp:v1:208:triarius-iv-xiv:74ddaaf70f67f0388a52	-468.000	617.000	0.001	943076218	114	Eastern Altepa Desert	700.001	-688.183	-25.793	mission:Bastok:21:step-009,mission:Bastok:21:step-017	mesh-no-path	1	1751.683	0.000	1	1
208	Quicksand Caves	Triarius IV-XIV	camp:v1:208:triarius-iv-xiv:74ddaaf70f67f0388a52	-468.000	617.000	0.001	1630942074	114	Eastern Altepa Desert	618.389	-380.008	-9.800	mission:Bastok:21:step-009,mission:Bastok:21:step-017	mesh-no-path	1	1474.572	0.000	1	1
208	Quicksand Caves	Triarius IV-XIV	camp:v1:208:triarius-iv-xiv:74ddaaf70f67f0388a52	-468.000	617.000	0.001	1634218874	125	Western Altepa Desert	179.993	-147.950	-9.754	mission:Bastok:21:step-009,mission:Bastok:21:step-017	mesh-no-path	1	1002.566	0.000	1	1
208	Quicksand Caves	Triarius IV-XIV	camp:v1:208:triarius-iv-xiv:74ddaaf70f67f0388a52	-468.000	617.000	0.001	1667773306	125	Western Altepa Desert	-740.014	-521.835	-17.602	mission:Bastok:21:step-009,mission:Bastok:21:step-017	mesh-no-path	1	1171.002	0.000	1	1
208	Quicksand Caves	Triarius IV-XIV	camp:v1:208:triarius-iv-xiv:74ddaaf70f67f0388a52	-468.000	617.000	0.001	1701327738	125	Western Altepa Desert	-381.571	859.998	-1.774	mission:Bastok:21:step-009,mission:Bastok:21:step-017	mesh-connected	16	1.449	0.000	1	1
208	Quicksand Caves	Triarius IV-XIV	camp:v1:208:triarius-iv-xiv:74ddaaf70f67f0388a52	-468.000	617.000	0.001	1734882170	125	Western Altepa Desert	419.981	-879.744	-8.635	mission:Bastok:21:step-009,mission:Bastok:21:step-017	mesh-no-path	1	1740.353	0.000	1	1
208	Quicksand Caves	Triarius IV-XIV	camp:v1:208:triarius-iv-xiv:74ddaaf70f67f0388a52	-468.000	617.000	0.001	1768436602	125	Western Altepa Desert	-290.525	-141.257	-8.762	mission:Bastok:21:step-009,mission:Bastok:21:step-017	mesh-no-path	1	778.799	0.000	1	1
208	Quicksand Caves	Triarius IV-XIV	camp:v1:208:triarius-iv-xiv:74ddaaf70f67f0388a52	-468.000	617.000	0.001	1801991034	125	Western Altepa Desert	327.608	60.391	-8.805	mission:Bastok:21:step-009,mission:Bastok:21:step-017	mesh-no-path	1	971.022	0.000	1	1
208	Quicksand Caves	Triarius IV-XIV	camp:v1:208:triarius-iv-xiv:74ddaaf70f67f0388a52	-468.000	617.000	0.001	1835545466	125	Western Altepa Desert	-59.994	263.474	-17.649	mission:Bastok:21:step-009,mission:Bastok:21:step-017	mesh-no-path	1	540.149	0.000	1	1
208	Quicksand Caves	Triarius IV-XIV	camp:v1:208:triarius-iv-xiv:74ddaaf70f67f0388a52	-468.000	617.000	0.001	1869099898	125	Western Altepa Desert	-382.233	-296.316	-0.653	mission:Bastok:21:step-009,mission:Bastok:21:step-017	mesh-no-path	1	917.335	0.000	1	1
208	Quicksand Caves	Triarius IV-XIV	camp:v1:208:triarius-iv-xiv:74ddaaf70f67f0388a52	-468.000	617.000	0.001	1902654330	125	Western Altepa Desert	-811.328	-258.488	-0.758	mission:Bastok:21:step-009,mission:Bastok:21:step-017	mesh-no-path	1	940.401	0.000	1	1
208	Quicksand Caves	Triarius IV-XIV	camp:v1:208:triarius-iv-xiv:74ddaaf70f67f0388a52	-468.000	617.000	0.001	1936208762	125	Western Altepa Desert	-583.626	743.580	-0.883	mission:Bastok:21:step-009,mission:Bastok:21:step-017	mesh-connected	32	1.790	0.000	1	1
208	Quicksand Caves	Triarius IV-XIV	camp:v1:208:triarius-iv-xiv:74ddaaf70f67f0388a52	-468.000	617.000	0.001	1969763194	125	Western Altepa Desert	-341.118	484.062	-1.337	mission:Bastok:21:step-009,mission:Bastok:21:step-017	mesh-no-path	1	183.775	0.000	1	1
208	Quicksand Caves	Triarius IV-XIV	camp:v1:208:triarius-iv-xiv:74ddaaf70f67f0388a52	-468.000	617.000	0.001	812594298	168	Chamber of Oracles	-980.193	-282.863	14.913	mission:Bastok:21:step-009,mission:Bastok:21:step-017	mesh-no-path	1	1035.528	0.000	1	1
208	Quicksand Caves	Triarius IV-XIV	camp:v1:208:triarius-iv-xiv:74ddaaf70f67f0388a52	-468.000	617.000	0.001	846148730	168	Chamber of Oracles	-900.334	-245.438	14.849	mission:Bastok:21:step-009,mission:Bastok:21:step-017	mesh-no-path	1	964.848	0.000	1	1
208	Quicksand Caves	Triarius IV-XIV	camp:v1:208:triarius-iv-xiv:74ddaaf70f67f0388a52	-468.000	617.000	0.001	812922234	209	Cloister of Tremors	577.033	-496.000	7.343	mission:Bastok:21:step-009,mission:Bastok:21:step-017	mesh-no-path	1	1526.734	0.000	1	1
208	Quicksand Caves	Valor	camp:v1:208:valor:e67dd9b447d890cd857c	567.806	-936.090	17.971	909521786	114	Eastern Altepa Desert	940.000	-357.759	-17.591	mission:San d'Oria:21:step-020,mission:San d'Oria:21:step-023,mission:San d'Oria:21:step-031	mesh-no-path	1	688.665	0.000	1	1
208	Quicksand Caves	Valor	camp:v1:208:valor:e67dd9b447d890cd857c	567.806	-936.090	17.971	943076218	114	Eastern Altepa Desert	700.001	-688.183	-25.793	mission:San d'Oria:21:step-020,mission:San d'Oria:21:step-023,mission:San d'Oria:21:step-031	mesh-no-path	1	284.339	0.000	1	1
208	Quicksand Caves	Valor	camp:v1:208:valor:e67dd9b447d890cd857c	567.806	-936.090	17.971	1630942074	114	Eastern Altepa Desert	618.389	-380.008	-9.800	mission:San d'Oria:21:step-020,mission:San d'Oria:21:step-023,mission:San d'Oria:21:step-031	mesh-no-path	1	559.068	0.000	1	1
208	Quicksand Caves	Valor	camp:v1:208:valor:e67dd9b447d890cd857c	567.806	-936.090	17.971	1634218874	125	Western Altepa Desert	179.993	-147.950	-9.754	mission:San d'Oria:21:step-020,mission:San d'Oria:21:step-023,mission:San d'Oria:21:step-031	mesh-no-path	1	878.824	0.000	1	1
208	Quicksand Caves	Valor	camp:v1:208:valor:e67dd9b447d890cd857c	567.806	-936.090	17.971	1667773306	125	Western Altepa Desert	-740.014	-521.835	-17.602	mission:San d'Oria:21:step-020,mission:San d'Oria:21:step-023,mission:San d'Oria:21:step-031	mesh-no-path	1	1372.321	0.000	1	1
208	Quicksand Caves	Valor	camp:v1:208:valor:e67dd9b447d890cd857c	567.806	-936.090	17.971	1701327738	125	Western Altepa Desert	-381.571	859.998	-1.774	mission:San d'Oria:21:step-020,mission:San d'Oria:21:step-023,mission:San d'Oria:21:step-031	mesh-no-path	1	2031.659	0.000	1	1
208	Quicksand Caves	Valor	camp:v1:208:valor:e67dd9b447d890cd857c	567.806	-936.090	17.971	1734882170	125	Western Altepa Desert	419.981	-879.744	-8.635	mission:San d'Oria:21:step-020,mission:San d'Oria:21:step-023,mission:San d'Oria:21:step-031	mesh-connected	22	1.457	0.000	1	1
208	Quicksand Caves	Valor	camp:v1:208:valor:e67dd9b447d890cd857c	567.806	-936.090	17.971	1768436602	125	Western Altepa Desert	-290.525	-141.257	-8.762	mission:San d'Oria:21:step-020,mission:San d'Oria:21:step-023,mission:San d'Oria:21:step-031	mesh-no-path	1	1170.131	0.000	1	1
208	Quicksand Caves	Valor	camp:v1:208:valor:e67dd9b447d890cd857c	567.806	-936.090	17.971	1801991034	125	Western Altepa Desert	327.608	60.391	-8.805	mission:San d'Oria:21:step-020,mission:San d'Oria:21:step-023,mission:San d'Oria:21:step-031	mesh-no-path	1	1025.371	0.000	1	1
208	Quicksand Caves	Valor	camp:v1:208:valor:e67dd9b447d890cd857c	567.806	-936.090	17.971	1835545466	125	Western Altepa Desert	-59.994	263.474	-17.649	mission:San d'Oria:21:step-020,mission:San d'Oria:21:step-023,mission:San d'Oria:21:step-031	mesh-no-path	1	1354.384	0.000	1	1
208	Quicksand Caves	Valor	camp:v1:208:valor:e67dd9b447d890cd857c	567.806	-936.090	17.971	1869099898	125	Western Altepa Desert	-382.233	-296.316	-0.653	mission:San d'Oria:21:step-020,mission:San d'Oria:21:step-023,mission:San d'Oria:21:step-031	mesh-no-path	1	1145.527	0.000	1	1
208	Quicksand Caves	Valor	camp:v1:208:valor:e67dd9b447d890cd857c	567.806	-936.090	17.971	1902654330	125	Western Altepa Desert	-811.328	-258.488	-0.758	mission:San d'Oria:21:step-020,mission:San d'Oria:21:step-023,mission:San d'Oria:21:step-031	mesh-no-path	1	1536.719	0.000	1	1
208	Quicksand Caves	Valor	camp:v1:208:valor:e67dd9b447d890cd857c	567.806	-936.090	17.971	1936208762	125	Western Altepa Desert	-583.626	743.580	-0.883	mission:San d'Oria:21:step-020,mission:San d'Oria:21:step-023,mission:San d'Oria:21:step-031	mesh-no-path	1	2036.527	0.000	1	1
208	Quicksand Caves	Valor	camp:v1:208:valor:e67dd9b447d890cd857c	567.806	-936.090	17.971	1969763194	125	Western Altepa Desert	-341.118	484.062	-1.337	mission:San d'Oria:21:step-020,mission:San d'Oria:21:step-023,mission:San d'Oria:21:step-031	mesh-no-path	1	1686.223	0.000	1	1
208	Quicksand Caves	Valor	camp:v1:208:valor:e67dd9b447d890cd857c	567.806	-936.090	17.971	812594298	168	Chamber of Oracles	-980.193	-282.863	14.913	mission:San d'Oria:21:step-020,mission:San d'Oria:21:step-023,mission:San d'Oria:21:step-031	mesh-no-path	1	1680.183	0.000	1	1
208	Quicksand Caves	Valor	camp:v1:208:valor:e67dd9b447d890cd857c	567.806	-936.090	17.971	846148730	168	Chamber of Oracles	-900.334	-245.438	14.849	mission:San d'Oria:21:step-020,mission:San d'Oria:21:step-023,mission:San d'Oria:21:step-031	mesh-no-path	1	1622.481	0.000	1	1
208	Quicksand Caves	Valor	camp:v1:208:valor:e67dd9b447d890cd857c	567.806	-936.090	17.971	812922234	209	Cloister of Tremors	577.033	-496.000	7.343	mission:San d'Oria:21:step-020,mission:San d'Oria:21:step-023,mission:San d'Oria:21:step-031	mesh-no-path	1	440.315	0.000	1	1
212	Gustav Tunnel	???	object:v1:212:17645850	52.761	19.852	-0.999	913715834	103	Valkurm Dunes	280.502	100.019	-51.820	mission:Bastok:23:step-006,mission:Bastok:23:step-019	mesh-connected	55	1.441	0.000	1	1
212	Gustav Tunnel	???	object:v1:212:17645850	52.761	19.852	-0.999	909456250	113	Cape Teriggan	-260.013	-276.352	-21.802	mission:Bastok:23:step-006,mission:Bastok:23:step-019	mesh-connected	48	1.445	0.000	1	1
212	Gustav Tunnel	???	object:v1:212:17645885	-130.734	252.696	1.256	913715834	103	Valkurm Dunes	280.502	100.019	-51.820	mission:Bastok:23:step-006,mission:Bastok:23:step-019	mesh-connected	57	1.441	0.000	1	1
212	Gustav Tunnel	???	object:v1:212:17645885	-130.734	252.696	1.256	909456250	113	Cape Teriggan	-260.013	-276.352	-21.802	mission:Bastok:23:step-006,mission:Bastok:23:step-019	mesh-connected	48	1.445	0.000	1	1
212	Gustav Tunnel	Gigaplasm	camp:v1:212:gigaplasm:703bcf797dbf6f560fd3	-130.000	252.000	1.000	913715834	103	Valkurm Dunes	280.502	100.019	-51.820	mission:Bastok:23:step-008,mission:Bastok:23:step-012,mission:Bastok:23:step-016,mission:Bastok:23:step-020	mesh-connected	57	1.441	0.000	1	1
212	Gustav Tunnel	Gigaplasm	camp:v1:212:gigaplasm:703bcf797dbf6f560fd3	-130.000	252.000	1.000	909456250	113	Cape Teriggan	-260.013	-276.352	-21.802	mission:Bastok:23:step-008,mission:Bastok:23:step-012,mission:Bastok:23:step-016,mission:Bastok:23:step-020	mesh-connected	48	1.445	0.000	1	1
212	Gustav Tunnel	Macroplasm	camp:v1:212:macroplasm:c9f916756ddd3d2fbbea	-1.000	-1.000	-100.000	913715834	103	Valkurm Dunes	280.502	100.019	-51.820	mission:Bastok:23:step-008,mission:Bastok:23:step-016	unknown	1	302.935	0.000	1	0
212	Gustav Tunnel	Macroplasm	camp:v1:212:macroplasm:c9f916756ddd3d2fbbea	-1.000	-1.000	-100.000	909456250	113	Cape Teriggan	-260.013	-276.352	-21.802	mission:Bastok:23:step-008,mission:Bastok:23:step-016	unknown	1	386.033	0.000	1	0
212	Gustav Tunnel	Microplasm	camp:v1:212:microplasm:0f95cf8f6777ea1b9964	-1.000	-1.000	-100.000	913715834	103	Valkurm Dunes	280.502	100.019	-51.820	mission:Bastok:23:step-008,mission:Bastok:23:step-016	unknown	1	302.935	0.000	1	0
212	Gustav Tunnel	Microplasm	camp:v1:212:microplasm:0f95cf8f6777ea1b9964	-1.000	-1.000	-100.000	909456250	113	Cape Teriggan	-260.013	-276.352	-21.802	mission:Bastok:23:step-008,mission:Bastok:23:step-016	unknown	1	386.033	0.000	1	0
212	Gustav Tunnel	Nanoplasm	camp:v1:212:nanoplasm:7cc73c005df12ac81db0	-1.000	-1.000	-100.000	913715834	103	Valkurm Dunes	280.502	100.019	-51.820	mission:Bastok:23:step-008,mission:Bastok:23:step-016	unknown	1	302.935	0.000	1	0
212	Gustav Tunnel	Nanoplasm	camp:v1:212:nanoplasm:7cc73c005df12ac81db0	-1.000	-1.000	-100.000	909456250	113	Cape Teriggan	-260.013	-276.352	-21.802	mission:Bastok:23:step-008,mission:Bastok:23:step-016	unknown	1	386.033	0.000	1	0
212	Gustav Tunnel	Survival Guide	object:v1:212:17645916	296.000	64.000	-40.700	913715834	103	Valkurm Dunes	280.502	100.019	-51.820	mission:Bastok:23:step-010	mesh-connected	7	1.441	0.000	1	1
212	Gustav Tunnel	Survival Guide	object:v1:212:17645916	296.000	64.000	-40.700	909456250	113	Cape Teriggan	-260.013	-276.352	-21.802	mission:Bastok:23:step-010	mesh-connected	51	1.445	0.000	1	1
230	Southern San d'Oria	???		160.091	62.304	-7.650	812855930	100	West Ronfaure	-110.465	-54.469	-2.083	mission:Bastok:17:step-015	mesh-connected	24	1.883	0.000	1	1
230	Southern San d'Oria	???		160.091	62.304	-7.650	846475898	101	East Ronfaure	110.234	-54.223	-2.127	mission:Bastok:17:step-015	mesh-connected	16	1.927	0.000	1	1
230	Southern San d'Oria	???		160.091	62.304	-7.650	812805498	230	Southern San d'Oria	162.591	162.423	-4.103	mission:Bastok:17:step-015	mesh-connected	12	1.903	0.000	1	1
230	Southern San d'Oria	???		160.091	62.304	-7.650	812004986	231	Northern San d'Oria	-0.004	54.388	-4.182	mission:Bastok:17:step-015	mesh-connected	19	1.849	0.000	1	1
230	Southern San d'Oria	???		160.647	61.612	-8.515	812855930	100	West Ronfaure	-110.465	-54.469	-2.083	mission:Bastok:17:step-015	mesh-connected	24	1.883	0.000	1	1
230	Southern San d'Oria	???		160.647	61.612	-8.515	846475898	101	East Ronfaure	110.234	-54.223	-2.127	mission:Bastok:17:step-015	mesh-connected	16	1.927	0.000	1	1
230	Southern San d'Oria	???		160.647	61.612	-8.515	812805498	230	Southern San d'Oria	162.591	162.423	-4.103	mission:Bastok:17:step-015	mesh-connected	12	1.903	0.000	1	1
230	Southern San d'Oria	???		160.647	61.612	-8.515	812004986	231	Northern San d'Oria	-0.004	54.388	-4.182	mission:Bastok:17:step-015	mesh-connected	19	1.849	0.000	1	1
230	Southern San d'Oria	???		160.400	62.580	-7.650	812855930	100	West Ronfaure	-110.465	-54.469	-2.083	mission:Bastok:17:step-015	mesh-connected	24	1.883	0.000	1	1
230	Southern San d'Oria	???		160.400	62.580	-7.650	846475898	101	East Ronfaure	110.234	-54.223	-2.127	mission:Bastok:17:step-015	mesh-connected	16	1.927	0.000	1	1
230	Southern San d'Oria	???		160.400	62.580	-7.650	812805498	230	Southern San d'Oria	162.591	162.423	-4.103	mission:Bastok:17:step-015	mesh-connected	12	1.903	0.000	1	1
230	Southern San d'Oria	???		160.400	62.580	-7.650	812004986	231	Northern San d'Oria	-0.004	54.388	-4.182	mission:Bastok:17:step-015	mesh-connected	19	1.849	0.000	1	1
230	Southern San d'Oria	???		-168.500	69.500	-3.050	812855930	100	West Ronfaure	-110.465	-54.469	-2.083	mission:Bastok:17:step-015	mesh-connected	19	1.883	0.000	1	1
230	Southern San d'Oria	???		-168.500	69.500	-3.050	846475898	101	East Ronfaure	110.234	-54.223	-2.127	mission:Bastok:17:step-015	mesh-connected	23	1.927	0.000	1	1
230	Southern San d'Oria	???		-168.500	69.500	-3.050	812805498	230	Southern San d'Oria	162.591	162.423	-4.103	mission:Bastok:17:step-015	mesh-connected	35	1.903	0.000	1	1
230	Southern San d'Oria	???		-168.500	69.500	-3.050	812004986	231	Northern San d'Oria	-0.004	54.388	-4.182	mission:Bastok:17:step-015	mesh-connected	20	1.849	0.000	1	1
230	Southern San d'Oria	???		-111.360	-19.280	1.150	812855930	100	West Ronfaure	-110.465	-54.469	-2.083	mission:Bastok:17:step-015	mesh-connected	4	1.883	0.000	1	1
230	Southern San d'Oria	???		-111.360	-19.280	1.150	846475898	101	East Ronfaure	110.234	-54.223	-2.127	mission:Bastok:17:step-015	mesh-connected	14	1.927	0.000	1	1
230	Southern San d'Oria	???		-111.360	-19.280	1.150	812805498	230	Southern San d'Oria	162.591	162.423	-4.103	mission:Bastok:17:step-015	mesh-connected	26	1.903	0.000	1	1
230	Southern San d'Oria	???		-111.360	-19.280	1.150	812004986	231	Northern San d'Oria	-0.004	54.388	-4.182	mission:Bastok:17:step-015	mesh-connected	11	1.849	0.000	1	1
230	Southern San d'Oria	???		-88.880	94.890	-13.490	812855930	100	West Ronfaure	-110.465	-54.469	-2.083	mission:Bastok:17:step-015	mesh-connected	17	1.883	0.000	1	1
230	Southern San d'Oria	???		-88.880	94.890	-13.490	846475898	101	East Ronfaure	110.234	-54.223	-2.127	mission:Bastok:17:step-015	mesh-connected	30	1.927	0.000	1	1
230	Southern San d'Oria	???		-88.880	94.890	-13.490	812805498	230	Southern San d'Oria	162.591	162.423	-4.103	mission:Bastok:17:step-015	mesh-connected	42	1.903	0.000	1	1
230	Southern San d'Oria	???		-88.880	94.890	-13.490	812004986	231	Northern San d'Oria	-0.004	54.388	-4.182	mission:Bastok:17:step-015	mesh-connected	26	1.849	0.000	1	1
230	Southern San d'Oria	???		134.640	58.560	-0.400	812855930	100	West Ronfaure	-110.465	-54.469	-2.083	mission:Bastok:17:step-015	mesh-connected	21	1.883	0.000	1	1
230	Southern San d'Oria	???		134.640	58.560	-0.400	846475898	101	East Ronfaure	110.234	-54.223	-2.127	mission:Bastok:17:step-015	mesh-connected	13	1.927	0.000	1	1
230	Southern San d'Oria	???		134.640	58.560	-0.400	812805498	230	Southern San d'Oria	162.591	162.423	-4.103	mission:Bastok:17:step-015	mesh-connected	7	1.903	0.000	1	1
230	Southern San d'Oria	???		134.640	58.560	-0.400	812004986	231	Northern San d'Oria	-0.004	54.388	-4.182	mission:Bastok:17:step-015	mesh-connected	16	1.849	0.000	1	1
230	Southern San d'Oria	???		94.160	117.650	-1.300	812855930	100	West Ronfaure	-110.465	-54.469	-2.083	mission:Bastok:17:step-015	mesh-connected	25	1.883	0.000	1	1
230	Southern San d'Oria	???		94.160	117.650	-1.300	846475898	101	East Ronfaure	110.234	-54.223	-2.127	mission:Bastok:17:step-015	mesh-connected	12	1.927	0.000	1	1
230	Southern San d'Oria	???		94.160	117.650	-1.300	812805498	230	Southern San d'Oria	162.591	162.423	-4.103	mission:Bastok:17:step-015	mesh-connected	15	1.903	0.000	1	1
230	Southern San d'Oria	???		94.160	117.650	-1.300	812004986	231	Northern San d'Oria	-0.004	54.388	-4.182	mission:Bastok:17:step-015	mesh-connected	19	1.849	0.000	1	1
230	Southern San d'Oria	???		-280.150	105.900	-8.700	812855930	100	West Ronfaure	-110.465	-54.469	-2.083	mission:Bastok:17:step-015	mesh-connected	22	1.883	0.000	1	1
230	Southern San d'Oria	???		-280.150	105.900	-8.700	846475898	101	East Ronfaure	110.234	-54.223	-2.127	mission:Bastok:17:step-015	mesh-connected	26	1.927	0.000	1	1
230	Southern San d'Oria	???		-280.150	105.900	-8.700	812805498	230	Southern San d'Oria	162.591	162.423	-4.103	mission:Bastok:17:step-015	mesh-connected	38	1.903	0.000	1	1
230	Southern San d'Oria	???		-280.150	105.900	-8.700	812004986	231	Northern San d'Oria	-0.004	54.388	-4.182	mission:Bastok:17:step-015	mesh-connected	23	1.849	0.000	1	1
230	Southern San d'Oria	???		-138.590	48.210	-7.450	812855930	100	West Ronfaure	-110.465	-54.469	-2.083	mission:Bastok:17:step-015	mesh-no-path	1	106.596	0.000	1	1
230	Southern San d'Oria	???		-138.590	48.210	-7.450	846475898	101	East Ronfaure	110.234	-54.223	-2.127	mission:Bastok:17:step-015	mesh-no-path	1	269.136	0.000	1	1
230	Southern San d'Oria	???		-138.590	48.210	-7.450	812805498	230	Southern San d'Oria	162.591	162.423	-4.103	mission:Bastok:17:step-015	mesh-no-path	1	322.127	0.000	1	1
230	Southern San d'Oria	???		-138.590	48.210	-7.450	812004986	231	Northern San d'Oria	-0.004	54.388	-4.182	mission:Bastok:17:step-015	mesh-no-path	1	138.762	0.000	1	1
230	Southern San d'Oria	???		166.710	46.580	-8.000	812855930	100	West Ronfaure	-110.465	-54.469	-2.083	mission:Bastok:17:step-015	mesh-connected	20	1.883	0.000	1	1
230	Southern San d'Oria	???		166.710	46.580	-8.000	846475898	101	East Ronfaure	110.234	-54.223	-2.127	mission:Bastok:17:step-015	mesh-connected	13	1.927	0.000	1	1
230	Southern San d'Oria	???		166.710	46.580	-8.000	812805498	230	Southern San d'Oria	162.591	162.423	-4.103	mission:Bastok:17:step-015	mesh-connected	17	1.903	0.000	1	1
230	Southern San d'Oria	???		166.710	46.580	-8.000	812004986	231	Northern San d'Oria	-0.004	54.388	-4.182	mission:Bastok:17:step-015	mesh-connected	16	1.849	0.000	1	1
230	Southern San d'Oria	???		-34.500	34.500	-2.500	812855930	100	West Ronfaure	-110.465	-54.469	-2.083	mission:Bastok:17:step-015	mesh-connected	6	1.883	0.000	1	1
230	Southern San d'Oria	???		-34.500	34.500	-2.500	846475898	101	East Ronfaure	110.234	-54.223	-2.127	mission:Bastok:17:step-015	mesh-connected	8	1.927	0.000	1	1
230	Southern San d'Oria	???		-34.500	34.500	-2.500	812805498	230	Southern San d'Oria	162.591	162.423	-4.103	mission:Bastok:17:step-015	mesh-connected	20	1.903	0.000	1	1
230	Southern San d'Oria	???		-34.500	34.500	-2.500	812004986	231	Northern San d'Oria	-0.004	54.388	-4.182	mission:Bastok:17:step-015	mesh-connected	4	1.849	0.000	1	1
230	Southern San d'Oria	???		-17.110	-97.430	-0.400	812855930	100	West Ronfaure	-110.465	-54.469	-2.083	mission:Bastok:17:step-015	mesh-connected	12	1.883	0.000	1	1
230	Southern San d'Oria	???		-17.110	-97.430	-0.400	846475898	101	East Ronfaure	110.234	-54.223	-2.127	mission:Bastok:17:step-015	mesh-connected	15	1.927	0.000	1	1
230	Southern San d'Oria	???		-17.110	-97.430	-0.400	812805498	230	Southern San d'Oria	162.591	162.423	-4.103	mission:Bastok:17:step-015	mesh-connected	23	1.903	0.000	1	1
230	Southern San d'Oria	???		-17.110	-97.430	-0.400	812004986	231	Northern San d'Oria	-0.004	54.388	-4.182	mission:Bastok:17:step-015	mesh-connected	12	1.849	0.000	1	1
230	Southern San d'Oria	???		9.000	-38.000	-5.500	812855930	100	West Ronfaure	-110.465	-54.469	-2.083	mission:Bastok:17:step-015	mesh-connected	9	1.883	0.000	1	1
230	Southern San d'Oria	???		9.000	-38.000	-5.500	846475898	101	East Ronfaure	110.234	-54.223	-2.127	mission:Bastok:17:step-015	mesh-connected	9	1.927	0.000	1	1
230	Southern San d'Oria	???		9.000	-38.000	-5.500	812805498	230	Southern San d'Oria	162.591	162.423	-4.103	mission:Bastok:17:step-015	mesh-connected	21	1.903	0.000	1	1
230	Southern San d'Oria	???		9.000	-38.000	-5.500	812004986	231	Northern San d'Oria	-0.004	54.388	-4.182	mission:Bastok:17:step-015	mesh-connected	11	1.849	0.000	1	1
230	Southern San d'Oria	???		-54.900	-29.270	-8.900	812855930	100	West Ronfaure	-110.465	-54.469	-2.083	mission:Bastok:17:step-015	mesh-connected	16	1.883	0.000	1	1
230	Southern San d'Oria	???		-54.900	-29.270	-8.900	846475898	101	East Ronfaure	110.234	-54.223	-2.127	mission:Bastok:17:step-015	mesh-connected	20	1.927	0.000	1	1
230	Southern San d'Oria	???		-54.900	-29.270	-8.900	812805498	230	Southern San d'Oria	162.591	162.423	-4.103	mission:Bastok:17:step-015	mesh-connected	32	1.903	0.000	1	1
230	Southern San d'Oria	???		-54.900	-29.270	-8.900	812004986	231	Northern San d'Oria	-0.004	54.388	-4.182	mission:Bastok:17:step-015	mesh-connected	17	1.849	0.000	1	1
230	Southern San d'Oria	???		163.280	121.100	-3.200	812855930	100	West Ronfaure	-110.465	-54.469	-2.083	mission:Bastok:17:step-015	mesh-connected	24	1.883	0.000	1	1
230	Southern San d'Oria	???		163.280	121.100	-3.200	846475898	101	East Ronfaure	110.234	-54.223	-2.127	mission:Bastok:17:step-015	mesh-connected	11	1.927	0.000	1	1
230	Southern San d'Oria	???		163.280	121.100	-3.200	812805498	230	Southern San d'Oria	162.591	162.423	-4.103	mission:Bastok:17:step-015	mesh-connected	5	1.903	0.000	1	1
230	Southern San d'Oria	???		163.280	121.100	-3.200	812004986	231	Northern San d'Oria	-0.004	54.388	-4.182	mission:Bastok:17:step-015	mesh-connected	18	1.849	0.000	1	1
230	Southern San d'Oria	???		148.475	242.997	-7.875	812855930	100	West Ronfaure	-110.465	-54.469	-2.083	mission:Bastok:17:step-015	mesh-no-path	1	394.423	0.000	1	1
230	Southern San d'Oria	???		148.475	242.997	-7.875	846475898	101	East Ronfaure	110.234	-54.223	-2.127	mission:Bastok:17:step-015	mesh-no-path	1	299.725	0.000	1	1
230	Southern San d'Oria	???		148.475	242.997	-7.875	812805498	230	Southern San d'Oria	162.591	162.423	-4.103	mission:Bastok:17:step-015	mesh-no-path	1	81.888	0.000	1	1
230	Southern San d'Oria	???		148.475	242.997	-7.875	812004986	231	Northern San d'Oria	-0.004	54.388	-4.182	mission:Bastok:17:step-015	mesh-no-path	1	240.069	0.000	1	1
230	Southern San d'Oria	???		-190.400	22.160	-11.000	812855930	100	West Ronfaure	-110.465	-54.469	-2.083	mission:Bastok:17:step-015	mesh-connected	17	1.883	0.000	1	1
230	Southern San d'Oria	???		-190.400	22.160	-11.000	846475898	101	East Ronfaure	110.234	-54.223	-2.127	mission:Bastok:17:step-015	mesh-connected	21	1.927	0.000	1	1
230	Southern San d'Oria	???		-190.400	22.160	-11.000	812805498	230	Southern San d'Oria	162.591	162.423	-4.103	mission:Bastok:17:step-015	mesh-connected	33	1.903	0.000	1	1
230	Southern San d'Oria	???		-190.400	22.160	-11.000	812004986	231	Northern San d'Oria	-0.004	54.388	-4.182	mission:Bastok:17:step-015	mesh-connected	18	1.849	0.000	1	1
230	Southern San d'Oria	???		77.000	32.200	-2.500	812855930	100	West Ronfaure	-110.465	-54.469	-2.083	mission:Bastok:17:step-015	mesh-connected	24	1.883	0.000	1	1
230	Southern San d'Oria	???		77.000	32.200	-2.500	846475898	101	East Ronfaure	110.234	-54.223	-2.127	mission:Bastok:17:step-015	mesh-connected	11	1.927	0.000	1	1
230	Southern San d'Oria	???		77.000	32.200	-2.500	812805498	230	Southern San d'Oria	162.591	162.423	-4.103	mission:Bastok:17:step-015	mesh-connected	16	1.903	0.000	1	1
230	Southern San d'Oria	???		77.000	32.200	-2.500	812004986	231	Northern San d'Oria	-0.004	54.388	-4.182	mission:Bastok:17:step-015	mesh-connected	18	1.849	0.000	1	1
230	Southern San d'Oria	???		61.450	-8.150	0.505	812855930	100	West Ronfaure	-110.465	-54.469	-2.083	mission:Bastok:17:step-015	mesh-no-path	1	178.064	0.000	1	1
230	Southern San d'Oria	???		61.450	-8.150	0.505	846475898	101	East Ronfaure	110.234	-54.223	-2.127	mission:Bastok:17:step-015	mesh-no-path	1	67.153	0.000	1	1
230	Southern San d'Oria	???		61.450	-8.150	0.505	812805498	230	Southern San d'Oria	162.591	162.423	-4.103	mission:Bastok:17:step-015	mesh-no-path	1	198.358	0.000	1	1
230	Southern San d'Oria	???		61.450	-8.150	0.505	812004986	231	Northern San d'Oria	-0.004	54.388	-4.182	mission:Bastok:17:step-015	mesh-no-path	1	87.804	0.000	1	1
230	Southern San d'Oria	???	object:v1:230:17719506	160.400	62.580	-7.650	812855930	100	West Ronfaure	-110.465	-54.469	-2.083	mission:Bastok:17:step-015	mesh-connected	24	1.883	0.000	1	1
230	Southern San d'Oria	???	object:v1:230:17719506	160.400	62.580	-7.650	846475898	101	East Ronfaure	110.234	-54.223	-2.127	mission:Bastok:17:step-015	mesh-connected	16	1.927	0.000	1	1
230	Southern San d'Oria	???	object:v1:230:17719506	160.400	62.580	-7.650	812805498	230	Southern San d'Oria	162.591	162.423	-4.103	mission:Bastok:17:step-015	mesh-connected	12	1.903	0.000	1	1
230	Southern San d'Oria	???	object:v1:230:17719506	160.400	62.580	-7.650	812004986	231	Northern San d'Oria	-0.004	54.388	-4.182	mission:Bastok:17:step-015	mesh-connected	19	1.849	0.000	1	1
230	Southern San d'Oria	???	object:v1:230:17719507	160.647	61.612	-8.515	812855930	100	West Ronfaure	-110.465	-54.469	-2.083	mission:Bastok:17:step-015	mesh-connected	24	1.883	0.000	1	1
230	Southern San d'Oria	???	object:v1:230:17719507	160.647	61.612	-8.515	846475898	101	East Ronfaure	110.234	-54.223	-2.127	mission:Bastok:17:step-015	mesh-connected	16	1.927	0.000	1	1
230	Southern San d'Oria	???	object:v1:230:17719507	160.647	61.612	-8.515	812805498	230	Southern San d'Oria	162.591	162.423	-4.103	mission:Bastok:17:step-015	mesh-connected	12	1.903	0.000	1	1
230	Southern San d'Oria	???	object:v1:230:17719507	160.647	61.612	-8.515	812004986	231	Northern San d'Oria	-0.004	54.388	-4.182	mission:Bastok:17:step-015	mesh-connected	19	1.849	0.000	1	1
230	Southern San d'Oria	???	object:v1:230:17719508	160.091	62.304	-7.650	812855930	100	West Ronfaure	-110.465	-54.469	-2.083	mission:Bastok:17:step-015	mesh-connected	24	1.883	0.000	1	1
230	Southern San d'Oria	???	object:v1:230:17719508	160.091	62.304	-7.650	846475898	101	East Ronfaure	110.234	-54.223	-2.127	mission:Bastok:17:step-015	mesh-connected	16	1.927	0.000	1	1
230	Southern San d'Oria	???	object:v1:230:17719508	160.091	62.304	-7.650	812805498	230	Southern San d'Oria	162.591	162.423	-4.103	mission:Bastok:17:step-015	mesh-connected	12	1.903	0.000	1	1
230	Southern San d'Oria	???	object:v1:230:17719508	160.091	62.304	-7.650	812004986	231	Northern San d'Oria	-0.004	54.388	-4.182	mission:Bastok:17:step-015	mesh-connected	19	1.849	0.000	1	1
230	Southern San d'Oria	???	object:v1:230:17719617	148.475	242.997	-7.875	812855930	100	West Ronfaure	-110.465	-54.469	-2.083	mission:Bastok:17:step-015	mesh-no-path	1	394.423	0.000	1	1
230	Southern San d'Oria	???	object:v1:230:17719617	148.475	242.997	-7.875	846475898	101	East Ronfaure	110.234	-54.223	-2.127	mission:Bastok:17:step-015	mesh-no-path	1	299.725	0.000	1	1
230	Southern San d'Oria	???	object:v1:230:17719617	148.475	242.997	-7.875	812805498	230	Southern San d'Oria	162.591	162.423	-4.103	mission:Bastok:17:step-015	mesh-no-path	1	81.888	0.000	1	1
230	Southern San d'Oria	???	object:v1:230:17719617	148.475	242.997	-7.875	812004986	231	Northern San d'Oria	-0.004	54.388	-4.182	mission:Bastok:17:step-015	mesh-no-path	1	240.069	0.000	1	1
230	Southern San d'Oria	???	object:v1:230:17719739	-280.150	105.900	-8.700	812855930	100	West Ronfaure	-110.465	-54.469	-2.083	mission:Bastok:17:step-015	mesh-connected	22	1.883	0.000	1	1
230	Southern San d'Oria	???	object:v1:230:17719739	-280.150	105.900	-8.700	846475898	101	East Ronfaure	110.234	-54.223	-2.127	mission:Bastok:17:step-015	mesh-connected	26	1.927	0.000	1	1
230	Southern San d'Oria	???	object:v1:230:17719739	-280.150	105.900	-8.700	812805498	230	Southern San d'Oria	162.591	162.423	-4.103	mission:Bastok:17:step-015	mesh-connected	38	1.903	0.000	1	1
230	Southern San d'Oria	???	object:v1:230:17719739	-280.150	105.900	-8.700	812004986	231	Northern San d'Oria	-0.004	54.388	-4.182	mission:Bastok:17:step-015	mesh-connected	23	1.849	0.000	1	1
230	Southern San d'Oria	???	object:v1:230:17719740	-190.400	22.160	-11.000	812855930	100	West Ronfaure	-110.465	-54.469	-2.083	mission:Bastok:17:step-015	mesh-connected	17	1.883	0.000	1	1
230	Southern San d'Oria	???	object:v1:230:17719740	-190.400	22.160	-11.000	846475898	101	East Ronfaure	110.234	-54.223	-2.127	mission:Bastok:17:step-015	mesh-connected	21	1.927	0.000	1	1
230	Southern San d'Oria	???	object:v1:230:17719740	-190.400	22.160	-11.000	812805498	230	Southern San d'Oria	162.591	162.423	-4.103	mission:Bastok:17:step-015	mesh-connected	33	1.903	0.000	1	1
230	Southern San d'Oria	???	object:v1:230:17719740	-190.400	22.160	-11.000	812004986	231	Northern San d'Oria	-0.004	54.388	-4.182	mission:Bastok:17:step-015	mesh-connected	18	1.849	0.000	1	1
230	Southern San d'Oria	???	object:v1:230:17719741	-138.590	48.210	-7.450	812855930	100	West Ronfaure	-110.465	-54.469	-2.083	mission:Bastok:17:step-015	mesh-no-path	1	106.596	0.000	1	1
230	Southern San d'Oria	???	object:v1:230:17719741	-138.590	48.210	-7.450	846475898	101	East Ronfaure	110.234	-54.223	-2.127	mission:Bastok:17:step-015	mesh-no-path	1	269.136	0.000	1	1
230	Southern San d'Oria	???	object:v1:230:17719741	-138.590	48.210	-7.450	812805498	230	Southern San d'Oria	162.591	162.423	-4.103	mission:Bastok:17:step-015	mesh-no-path	1	322.127	0.000	1	1
230	Southern San d'Oria	???	object:v1:230:17719741	-138.590	48.210	-7.450	812004986	231	Northern San d'Oria	-0.004	54.388	-4.182	mission:Bastok:17:step-015	mesh-no-path	1	138.762	0.000	1	1
230	Southern San d'Oria	???	object:v1:230:17719742	-168.500	69.500	-3.050	812855930	100	West Ronfaure	-110.465	-54.469	-2.083	mission:Bastok:17:step-015	mesh-connected	19	1.883	0.000	1	1
230	Southern San d'Oria	???	object:v1:230:17719742	-168.500	69.500	-3.050	846475898	101	East Ronfaure	110.234	-54.223	-2.127	mission:Bastok:17:step-015	mesh-connected	23	1.927	0.000	1	1
230	Southern San d'Oria	???	object:v1:230:17719742	-168.500	69.500	-3.050	812805498	230	Southern San d'Oria	162.591	162.423	-4.103	mission:Bastok:17:step-015	mesh-connected	35	1.903	0.000	1	1
230	Southern San d'Oria	???	object:v1:230:17719742	-168.500	69.500	-3.050	812004986	231	Northern San d'Oria	-0.004	54.388	-4.182	mission:Bastok:17:step-015	mesh-connected	20	1.849	0.000	1	1
230	Southern San d'Oria	???	object:v1:230:17719743	-88.880	94.890	-13.490	812855930	100	West Ronfaure	-110.465	-54.469	-2.083	mission:Bastok:17:step-015	mesh-connected	17	1.883	0.000	1	1
230	Southern San d'Oria	???	object:v1:230:17719743	-88.880	94.890	-13.490	846475898	101	East Ronfaure	110.234	-54.223	-2.127	mission:Bastok:17:step-015	mesh-connected	30	1.927	0.000	1	1
230	Southern San d'Oria	???	object:v1:230:17719743	-88.880	94.890	-13.490	812805498	230	Southern San d'Oria	162.591	162.423	-4.103	mission:Bastok:17:step-015	mesh-connected	42	1.903	0.000	1	1
230	Southern San d'Oria	???	object:v1:230:17719743	-88.880	94.890	-13.490	812004986	231	Northern San d'Oria	-0.004	54.388	-4.182	mission:Bastok:17:step-015	mesh-connected	26	1.849	0.000	1	1
230	Southern San d'Oria	???	object:v1:230:17719744	-54.900	-29.270	-8.900	812855930	100	West Ronfaure	-110.465	-54.469	-2.083	mission:Bastok:17:step-015	mesh-connected	16	1.883	0.000	1	1
230	Southern San d'Oria	???	object:v1:230:17719744	-54.900	-29.270	-8.900	846475898	101	East Ronfaure	110.234	-54.223	-2.127	mission:Bastok:17:step-015	mesh-connected	20	1.927	0.000	1	1
230	Southern San d'Oria	???	object:v1:230:17719744	-54.900	-29.270	-8.900	812805498	230	Southern San d'Oria	162.591	162.423	-4.103	mission:Bastok:17:step-015	mesh-connected	32	1.903	0.000	1	1
230	Southern San d'Oria	???	object:v1:230:17719744	-54.900	-29.270	-8.900	812004986	231	Northern San d'Oria	-0.004	54.388	-4.182	mission:Bastok:17:step-015	mesh-connected	17	1.849	0.000	1	1
230	Southern San d'Oria	???	object:v1:230:17719745	-111.360	-19.280	1.150	812855930	100	West Ronfaure	-110.465	-54.469	-2.083	mission:Bastok:17:step-015	mesh-connected	4	1.883	0.000	1	1
230	Southern San d'Oria	???	object:v1:230:17719745	-111.360	-19.280	1.150	846475898	101	East Ronfaure	110.234	-54.223	-2.127	mission:Bastok:17:step-015	mesh-connected	14	1.927	0.000	1	1
230	Southern San d'Oria	???	object:v1:230:17719745	-111.360	-19.280	1.150	812805498	230	Southern San d'Oria	162.591	162.423	-4.103	mission:Bastok:17:step-015	mesh-connected	26	1.903	0.000	1	1
230	Southern San d'Oria	???	object:v1:230:17719745	-111.360	-19.280	1.150	812004986	231	Northern San d'Oria	-0.004	54.388	-4.182	mission:Bastok:17:step-015	mesh-connected	11	1.849	0.000	1	1
230	Southern San d'Oria	???	object:v1:230:17719746	-17.110	-97.430	-0.400	812855930	100	West Ronfaure	-110.465	-54.469	-2.083	mission:Bastok:17:step-015	mesh-connected	12	1.883	0.000	1	1
230	Southern San d'Oria	???	object:v1:230:17719746	-17.110	-97.430	-0.400	846475898	101	East Ronfaure	110.234	-54.223	-2.127	mission:Bastok:17:step-015	mesh-connected	15	1.927	0.000	1	1
230	Southern San d'Oria	???	object:v1:230:17719746	-17.110	-97.430	-0.400	812805498	230	Southern San d'Oria	162.591	162.423	-4.103	mission:Bastok:17:step-015	mesh-connected	23	1.903	0.000	1	1
230	Southern San d'Oria	???	object:v1:230:17719746	-17.110	-97.430	-0.400	812004986	231	Northern San d'Oria	-0.004	54.388	-4.182	mission:Bastok:17:step-015	mesh-connected	12	1.849	0.000	1	1
230	Southern San d'Oria	???	object:v1:230:17719747	9.000	-38.000	-5.500	812855930	100	West Ronfaure	-110.465	-54.469	-2.083	mission:Bastok:17:step-015	mesh-connected	9	1.883	0.000	1	1
230	Southern San d'Oria	???	object:v1:230:17719747	9.000	-38.000	-5.500	846475898	101	East Ronfaure	110.234	-54.223	-2.127	mission:Bastok:17:step-015	mesh-connected	9	1.927	0.000	1	1
230	Southern San d'Oria	???	object:v1:230:17719747	9.000	-38.000	-5.500	812805498	230	Southern San d'Oria	162.591	162.423	-4.103	mission:Bastok:17:step-015	mesh-connected	21	1.903	0.000	1	1
230	Southern San d'Oria	???	object:v1:230:17719747	9.000	-38.000	-5.500	812004986	231	Northern San d'Oria	-0.004	54.388	-4.182	mission:Bastok:17:step-015	mesh-connected	11	1.849	0.000	1	1
230	Southern San d'Oria	???	object:v1:230:17719748	-34.500	34.500	-2.500	812855930	100	West Ronfaure	-110.465	-54.469	-2.083	mission:Bastok:17:step-015	mesh-connected	6	1.883	0.000	1	1
230	Southern San d'Oria	???	object:v1:230:17719748	-34.500	34.500	-2.500	846475898	101	East Ronfaure	110.234	-54.223	-2.127	mission:Bastok:17:step-015	mesh-connected	8	1.927	0.000	1	1
230	Southern San d'Oria	???	object:v1:230:17719748	-34.500	34.500	-2.500	812805498	230	Southern San d'Oria	162.591	162.423	-4.103	mission:Bastok:17:step-015	mesh-connected	20	1.903	0.000	1	1
230	Southern San d'Oria	???	object:v1:230:17719748	-34.500	34.500	-2.500	812004986	231	Northern San d'Oria	-0.004	54.388	-4.182	mission:Bastok:17:step-015	mesh-connected	4	1.849	0.000	1	1
230	Southern San d'Oria	???	object:v1:230:17719749	61.450	-8.150	0.505	812855930	100	West Ronfaure	-110.465	-54.469	-2.083	mission:Bastok:17:step-015	mesh-no-path	1	178.064	0.000	1	1
230	Southern San d'Oria	???	object:v1:230:17719749	61.450	-8.150	0.505	846475898	101	East Ronfaure	110.234	-54.223	-2.127	mission:Bastok:17:step-015	mesh-no-path	1	67.153	0.000	1	1
230	Southern San d'Oria	???	object:v1:230:17719749	61.450	-8.150	0.505	812805498	230	Southern San d'Oria	162.591	162.423	-4.103	mission:Bastok:17:step-015	mesh-no-path	1	198.358	0.000	1	1
230	Southern San d'Oria	???	object:v1:230:17719749	61.450	-8.150	0.505	812004986	231	Northern San d'Oria	-0.004	54.388	-4.182	mission:Bastok:17:step-015	mesh-no-path	1	87.804	0.000	1	1
230	Southern San d'Oria	???	object:v1:230:17719750	77.000	32.200	-2.500	812855930	100	West Ronfaure	-110.465	-54.469	-2.083	mission:Bastok:17:step-015	mesh-connected	24	1.883	0.000	1	1
230	Southern San d'Oria	???	object:v1:230:17719750	77.000	32.200	-2.500	846475898	101	East Ronfaure	110.234	-54.223	-2.127	mission:Bastok:17:step-015	mesh-connected	11	1.927	0.000	1	1
230	Southern San d'Oria	???	object:v1:230:17719750	77.000	32.200	-2.500	812805498	230	Southern San d'Oria	162.591	162.423	-4.103	mission:Bastok:17:step-015	mesh-connected	16	1.903	0.000	1	1
230	Southern San d'Oria	???	object:v1:230:17719750	77.000	32.200	-2.500	812004986	231	Northern San d'Oria	-0.004	54.388	-4.182	mission:Bastok:17:step-015	mesh-connected	18	1.849	0.000	1	1
230	Southern San d'Oria	???	object:v1:230:17719751	166.710	46.580	-8.000	812855930	100	West Ronfaure	-110.465	-54.469	-2.083	mission:Bastok:17:step-015	mesh-connected	20	1.883	0.000	1	1
230	Southern San d'Oria	???	object:v1:230:17719751	166.710	46.580	-8.000	846475898	101	East Ronfaure	110.234	-54.223	-2.127	mission:Bastok:17:step-015	mesh-connected	13	1.927	0.000	1	1
230	Southern San d'Oria	???	object:v1:230:17719751	166.710	46.580	-8.000	812805498	230	Southern San d'Oria	162.591	162.423	-4.103	mission:Bastok:17:step-015	mesh-connected	17	1.903	0.000	1	1
230	Southern San d'Oria	???	object:v1:230:17719751	166.710	46.580	-8.000	812004986	231	Northern San d'Oria	-0.004	54.388	-4.182	mission:Bastok:17:step-015	mesh-connected	16	1.849	0.000	1	1
230	Southern San d'Oria	???	object:v1:230:17719752	134.640	58.560	-0.400	812855930	100	West Ronfaure	-110.465	-54.469	-2.083	mission:Bastok:17:step-015	mesh-connected	21	1.883	0.000	1	1
230	Southern San d'Oria	???	object:v1:230:17719752	134.640	58.560	-0.400	846475898	101	East Ronfaure	110.234	-54.223	-2.127	mission:Bastok:17:step-015	mesh-connected	13	1.927	0.000	1	1
230	Southern San d'Oria	???	object:v1:230:17719752	134.640	58.560	-0.400	812805498	230	Southern San d'Oria	162.591	162.423	-4.103	mission:Bastok:17:step-015	mesh-connected	7	1.903	0.000	1	1
230	Southern San d'Oria	???	object:v1:230:17719752	134.640	58.560	-0.400	812004986	231	Northern San d'Oria	-0.004	54.388	-4.182	mission:Bastok:17:step-015	mesh-connected	16	1.849	0.000	1	1
230	Southern San d'Oria	???	object:v1:230:17719753	94.160	117.650	-1.300	812855930	100	West Ronfaure	-110.465	-54.469	-2.083	mission:Bastok:17:step-015	mesh-connected	25	1.883	0.000	1	1
230	Southern San d'Oria	???	object:v1:230:17719753	94.160	117.650	-1.300	846475898	101	East Ronfaure	110.234	-54.223	-2.127	mission:Bastok:17:step-015	mesh-connected	12	1.927	0.000	1	1
230	Southern San d'Oria	???	object:v1:230:17719753	94.160	117.650	-1.300	812805498	230	Southern San d'Oria	162.591	162.423	-4.103	mission:Bastok:17:step-015	mesh-connected	15	1.903	0.000	1	1
230	Southern San d'Oria	???	object:v1:230:17719753	94.160	117.650	-1.300	812004986	231	Northern San d'Oria	-0.004	54.388	-4.182	mission:Bastok:17:step-015	mesh-connected	19	1.849	0.000	1	1
230	Southern San d'Oria	???	object:v1:230:17719754	163.280	121.100	-3.200	812855930	100	West Ronfaure	-110.465	-54.469	-2.083	mission:Bastok:17:step-015	mesh-connected	24	1.883	0.000	1	1
230	Southern San d'Oria	???	object:v1:230:17719754	163.280	121.100	-3.200	846475898	101	East Ronfaure	110.234	-54.223	-2.127	mission:Bastok:17:step-015	mesh-connected	11	1.927	0.000	1	1
230	Southern San d'Oria	???	object:v1:230:17719754	163.280	121.100	-3.200	812805498	230	Southern San d'Oria	162.591	162.423	-4.103	mission:Bastok:17:step-015	mesh-connected	5	1.903	0.000	1	1
230	Southern San d'Oria	???	object:v1:230:17719754	163.280	121.100	-3.200	812004986	231	Northern San d'Oria	-0.004	54.388	-4.182	mission:Bastok:17:step-015	mesh-connected	18	1.849	0.000	1	1
230	Southern San d'Oria	Ambrotien		93.419	-57.347	0.999	812855930	100	West Ronfaure	-110.465	-54.469	-2.083	mission:San d'Oria:12:step-003,mission:San d'Oria:1:step-002,mission:San d'Oria:5:step-007	mesh-connected	16	1.883	0.000	1	1
230	Southern San d'Oria	Ambrotien		93.419	-57.347	0.999	846475898	101	East Ronfaure	110.234	-54.223	-2.127	mission:San d'Oria:12:step-003,mission:San d'Oria:1:step-002,mission:San d'Oria:5:step-007	mesh-connected	5	1.927	0.000	1	1
230	Southern San d'Oria	Ambrotien		93.419	-57.347	0.999	812805498	230	Southern San d'Oria	162.591	162.423	-4.103	mission:San d'Oria:12:step-003,mission:San d'Oria:1:step-002,mission:San d'Oria:5:step-007	mesh-connected	12	1.903	0.000	1	1
230	Southern San d'Oria	Ambrotien		93.419	-57.347	0.999	812004986	231	Northern San d'Oria	-0.004	54.388	-4.182	mission:San d'Oria:12:step-003,mission:San d'Oria:1:step-002,mission:San d'Oria:5:step-007	mesh-connected	10	1.849	0.000	1	1
230	Southern San d'Oria	Ambrotien	npc:v1:230:17719394	93.419	-57.347	0.999	812855930	100	West Ronfaure	-110.465	-54.469	-2.083	mission:Bastok:10:step-001,mission:Bastok:11:step-001,mission:Bastok:12:step-002,mission:Bastok:12:step-023,mission:Bastok:13:step-001,mission:Bastok:15:step-002,mission:Bastok:17:step-001,mission:Bastok:18:step-001,mission:Bastok:19:step-001,mission:Bastok:1:step-001,mission:Bastok:20:step-001,mission:Bastok:22:step-001,mission:Bastok:23:step-001,mission:Bastok:24:step-001,mission:Bastok:2:step-001,mission:Bastok:3:step-001,mission:Bastok:3:step-013,mission:Bastok:4:step-001,mission:Bastok:5:step-001,mission:Bastok:6:step-001,mission:Bastok:7:step-001,mission:Bastok:8:step-001,mission:Bastok:9:step-001,mission:San d'Oria:12:step-001,mission:San d'Oria:12:step-002,mission:San d'Oria:12:step-003,mission:San d'Oria:12:step-007,mission:San d'Oria:13:step-002,mission:San d'Oria:15:step-005,mission:San d'Oria:17:step-001,mission:San d'Oria:18:step-001,mission:San d'Oria:18:step-023,mission:San d'Oria:18:step-024,mission:San d'Oria:18:step-029,mission:San d'Oria:19:step-001,mission:San d'Oria:1:step-001,mission:San d'Oria:1:step-002,mission:San d'Oria:1:step-007,mission:San d'Oria:20:step-002,mission:San d'Oria:20:step-004,mission:San d'Oria:21:step-001,mission:San d'Oria:22:step-001,mission:San d'Oria:23:step-001,mission:San d'Oria:24:step-001,mission:San d'Oria:2:step-001,mission:San d'Oria:2:step-012,mission:San d'Oria:3:step-001,mission:San d'Oria:3:step-026,mission:San d'Oria:4:step-003,mission:San d'Oria:4:step-024,mission:San d'Oria:5:step-004,mission:San d'Oria:5:step-007,mission:San d'Oria:5:step-015,mission:Windurst:10:step-002,mission:Windurst:11:step-003,mission:Windurst:13:step-003,mission:Windurst:17:step-003,mission:Windurst:18:step-002,mission:Windurst:19:step-001,mission:Windurst:1:step-002,mission:Windurst:20:step-002,mission:Windurst:21:step-002,mission:Windurst:23:step-003,mission:Windurst:3:step-023,mission:Windurst:4:step-002,mission:Windurst:6:step-002,mission:Windurst:7:step-002,mission:Windurst:8:step-002,mission:Windurst:9:step-002	mesh-connected	16	1.883	0.000	1	1
230	Southern San d'Oria	Ambrotien	npc:v1:230:17719394	93.419	-57.347	0.999	846475898	101	East Ronfaure	110.234	-54.223	-2.127	mission:Bastok:10:step-001,mission:Bastok:11:step-001,mission:Bastok:12:step-002,mission:Bastok:12:step-023,mission:Bastok:13:step-001,mission:Bastok:15:step-002,mission:Bastok:17:step-001,mission:Bastok:18:step-001,mission:Bastok:19:step-001,mission:Bastok:1:step-001,mission:Bastok:20:step-001,mission:Bastok:22:step-001,mission:Bastok:23:step-001,mission:Bastok:24:step-001,mission:Bastok:2:step-001,mission:Bastok:3:step-001,mission:Bastok:3:step-013,mission:Bastok:4:step-001,mission:Bastok:5:step-001,mission:Bastok:6:step-001,mission:Bastok:7:step-001,mission:Bastok:8:step-001,mission:Bastok:9:step-001,mission:San d'Oria:12:step-001,mission:San d'Oria:12:step-002,mission:San d'Oria:12:step-003,mission:San d'Oria:12:step-007,mission:San d'Oria:13:step-002,mission:San d'Oria:15:step-005,mission:San d'Oria:17:step-001,mission:San d'Oria:18:step-001,mission:San d'Oria:18:step-023,mission:San d'Oria:18:step-024,mission:San d'Oria:18:step-029,mission:San d'Oria:19:step-001,mission:San d'Oria:1:step-001,mission:San d'Oria:1:step-002,mission:San d'Oria:1:step-007,mission:San d'Oria:20:step-002,mission:San d'Oria:20:step-004,mission:San d'Oria:21:step-001,mission:San d'Oria:22:step-001,mission:San d'Oria:23:step-001,mission:San d'Oria:24:step-001,mission:San d'Oria:2:step-001,mission:San d'Oria:2:step-012,mission:San d'Oria:3:step-001,mission:San d'Oria:3:step-026,mission:San d'Oria:4:step-003,mission:San d'Oria:4:step-024,mission:San d'Oria:5:step-004,mission:San d'Oria:5:step-007,mission:San d'Oria:5:step-015,mission:Windurst:10:step-002,mission:Windurst:11:step-003,mission:Windurst:13:step-003,mission:Windurst:17:step-003,mission:Windurst:18:step-002,mission:Windurst:19:step-001,mission:Windurst:1:step-002,mission:Windurst:20:step-002,mission:Windurst:21:step-002,mission:Windurst:23:step-003,mission:Windurst:3:step-023,mission:Windurst:4:step-002,mission:Windurst:6:step-002,mission:Windurst:7:step-002,mission:Windurst:8:step-002,mission:Windurst:9:step-002	mesh-connected	5	1.927	0.000	1	1
230	Southern San d'Oria	Ambrotien	npc:v1:230:17719394	93.419	-57.347	0.999	812805498	230	Southern San d'Oria	162.591	162.423	-4.103	mission:Bastok:10:step-001,mission:Bastok:11:step-001,mission:Bastok:12:step-002,mission:Bastok:12:step-023,mission:Bastok:13:step-001,mission:Bastok:15:step-002,mission:Bastok:17:step-001,mission:Bastok:18:step-001,mission:Bastok:19:step-001,mission:Bastok:1:step-001,mission:Bastok:20:step-001,mission:Bastok:22:step-001,mission:Bastok:23:step-001,mission:Bastok:24:step-001,mission:Bastok:2:step-001,mission:Bastok:3:step-001,mission:Bastok:3:step-013,mission:Bastok:4:step-001,mission:Bastok:5:step-001,mission:Bastok:6:step-001,mission:Bastok:7:step-001,mission:Bastok:8:step-001,mission:Bastok:9:step-001,mission:San d'Oria:12:step-001,mission:San d'Oria:12:step-002,mission:San d'Oria:12:step-003,mission:San d'Oria:12:step-007,mission:San d'Oria:13:step-002,mission:San d'Oria:15:step-005,mission:San d'Oria:17:step-001,mission:San d'Oria:18:step-001,mission:San d'Oria:18:step-023,mission:San d'Oria:18:step-024,mission:San d'Oria:18:step-029,mission:San d'Oria:19:step-001,mission:San d'Oria:1:step-001,mission:San d'Oria:1:step-002,mission:San d'Oria:1:step-007,mission:San d'Oria:20:step-002,mission:San d'Oria:20:step-004,mission:San d'Oria:21:step-001,mission:San d'Oria:22:step-001,mission:San d'Oria:23:step-001,mission:San d'Oria:24:step-001,mission:San d'Oria:2:step-001,mission:San d'Oria:2:step-012,mission:San d'Oria:3:step-001,mission:San d'Oria:3:step-026,mission:San d'Oria:4:step-003,mission:San d'Oria:4:step-024,mission:San d'Oria:5:step-004,mission:San d'Oria:5:step-007,mission:San d'Oria:5:step-015,mission:Windurst:10:step-002,mission:Windurst:11:step-003,mission:Windurst:13:step-003,mission:Windurst:17:step-003,mission:Windurst:18:step-002,mission:Windurst:19:step-001,mission:Windurst:1:step-002,mission:Windurst:20:step-002,mission:Windurst:21:step-002,mission:Windurst:23:step-003,mission:Windurst:3:step-023,mission:Windurst:4:step-002,mission:Windurst:6:step-002,mission:Windurst:7:step-002,mission:Windurst:8:step-002,mission:Windurst:9:step-002	mesh-connected	12	1.903	0.000	1	1
230	Southern San d'Oria	Ambrotien	npc:v1:230:17719394	93.419	-57.347	0.999	812004986	231	Northern San d'Oria	-0.004	54.388	-4.182	mission:Bastok:10:step-001,mission:Bastok:11:step-001,mission:Bastok:12:step-002,mission:Bastok:12:step-023,mission:Bastok:13:step-001,mission:Bastok:15:step-002,mission:Bastok:17:step-001,mission:Bastok:18:step-001,mission:Bastok:19:step-001,mission:Bastok:1:step-001,mission:Bastok:20:step-001,mission:Bastok:22:step-001,mission:Bastok:23:step-001,mission:Bastok:24:step-001,mission:Bastok:2:step-001,mission:Bastok:3:step-001,mission:Bastok:3:step-013,mission:Bastok:4:step-001,mission:Bastok:5:step-001,mission:Bastok:6:step-001,mission:Bastok:7:step-001,mission:Bastok:8:step-001,mission:Bastok:9:step-001,mission:San d'Oria:12:step-001,mission:San d'Oria:12:step-002,mission:San d'Oria:12:step-003,mission:San d'Oria:12:step-007,mission:San d'Oria:13:step-002,mission:San d'Oria:15:step-005,mission:San d'Oria:17:step-001,mission:San d'Oria:18:step-001,mission:San d'Oria:18:step-023,mission:San d'Oria:18:step-024,mission:San d'Oria:18:step-029,mission:San d'Oria:19:step-001,mission:San d'Oria:1:step-001,mission:San d'Oria:1:step-002,mission:San d'Oria:1:step-007,mission:San d'Oria:20:step-002,mission:San d'Oria:20:step-004,mission:San d'Oria:21:step-001,mission:San d'Oria:22:step-001,mission:San d'Oria:23:step-001,mission:San d'Oria:24:step-001,mission:San d'Oria:2:step-001,mission:San d'Oria:2:step-012,mission:San d'Oria:3:step-001,mission:San d'Oria:3:step-026,mission:San d'Oria:4:step-003,mission:San d'Oria:4:step-024,mission:San d'Oria:5:step-004,mission:San d'Oria:5:step-007,mission:San d'Oria:5:step-015,mission:Windurst:10:step-002,mission:Windurst:11:step-003,mission:Windurst:13:step-003,mission:Windurst:17:step-003,mission:Windurst:18:step-002,mission:Windurst:19:step-001,mission:Windurst:1:step-002,mission:Windurst:20:step-002,mission:Windurst:21:step-002,mission:Windurst:23:step-003,mission:Windurst:3:step-023,mission:Windurst:4:step-002,mission:Windurst:6:step-002,mission:Windurst:7:step-002,mission:Windurst:8:step-002,mission:Windurst:9:step-002	mesh-connected	10	1.849	0.000	1	1
230	Southern San d'Oria	Claidie		-89.286	-35.024	1.999	812855930	100	West Ronfaure	-110.465	-54.469	-2.083	mission:San d'Oria:21:step-003	mesh-connected	3	1.883	0.000	1	1
230	Southern San d'Oria	Claidie		-89.286	-35.024	1.999	846475898	101	East Ronfaure	110.234	-54.223	-2.127	mission:San d'Oria:21:step-003	mesh-connected	13	1.927	0.000	1	1
230	Southern San d'Oria	Claidie		-89.286	-35.024	1.999	812805498	230	Southern San d'Oria	162.591	162.423	-4.103	mission:San d'Oria:21:step-003	mesh-connected	25	1.903	0.000	1	1
230	Southern San d'Oria	Claidie		-89.286	-35.024	1.999	812004986	231	Northern San d'Oria	-0.004	54.388	-4.182	mission:San d'Oria:21:step-003	mesh-connected	10	1.849	0.000	1	1
230	Southern San d'Oria	Claidie		-94.877	-39.864	1.000	812855930	100	West Ronfaure	-110.465	-54.469	-2.083	mission:San d'Oria:21:step-003	mesh-connected	3	1.883	0.000	1	1
230	Southern San d'Oria	Claidie		-94.877	-39.864	1.000	846475898	101	East Ronfaure	110.234	-54.223	-2.127	mission:San d'Oria:21:step-003	mesh-connected	12	1.927	0.000	1	1
230	Southern San d'Oria	Claidie		-94.877	-39.864	1.000	812805498	230	Southern San d'Oria	162.591	162.423	-4.103	mission:San d'Oria:21:step-003	mesh-connected	24	1.903	0.000	1	1
230	Southern San d'Oria	Claidie		-94.877	-39.864	1.000	812004986	231	Northern San d'Oria	-0.004	54.388	-4.182	mission:San d'Oria:21:step-003	mesh-connected	9	1.849	0.000	1	1
230	Southern San d'Oria	Claidie	npc:v1:230:17719369	-94.877	-39.864	1.000	812855930	100	West Ronfaure	-110.465	-54.469	-2.083	mission:San d'Oria:21:step-003	mesh-connected	3	1.883	0.000	1	1
230	Southern San d'Oria	Claidie	npc:v1:230:17719369	-94.877	-39.864	1.000	846475898	101	East Ronfaure	110.234	-54.223	-2.127	mission:San d'Oria:21:step-003	mesh-connected	12	1.927	0.000	1	1
230	Southern San d'Oria	Claidie	npc:v1:230:17719369	-94.877	-39.864	1.000	812805498	230	Southern San d'Oria	162.591	162.423	-4.103	mission:San d'Oria:21:step-003	mesh-connected	24	1.903	0.000	1	1
230	Southern San d'Oria	Claidie	npc:v1:230:17719369	-94.877	-39.864	1.000	812004986	231	Northern San d'Oria	-0.004	54.388	-4.182	mission:San d'Oria:21:step-003	mesh-connected	9	1.849	0.000	1	1
230	Southern San d'Oria	Claidie	npc:v1:230:17719370	-89.286	-35.024	1.999	812855930	100	West Ronfaure	-110.465	-54.469	-2.083	mission:San d'Oria:21:step-003	mesh-connected	3	1.883	0.000	1	1
230	Southern San d'Oria	Claidie	npc:v1:230:17719370	-89.286	-35.024	1.999	846475898	101	East Ronfaure	110.234	-54.223	-2.127	mission:San d'Oria:21:step-003	mesh-connected	13	1.927	0.000	1	1
230	Southern San d'Oria	Claidie	npc:v1:230:17719370	-89.286	-35.024	1.999	812805498	230	Southern San d'Oria	162.591	162.423	-4.103	mission:San d'Oria:21:step-003	mesh-connected	25	1.903	0.000	1	1
230	Southern San d'Oria	Claidie	npc:v1:230:17719370	-89.286	-35.024	1.999	812004986	231	Northern San d'Oria	-0.004	54.388	-4.182	mission:San d'Oria:21:step-003	mesh-connected	10	1.849	0.000	1	1
230	Southern San d'Oria	Endracion		-112.817	-37.190	0.999	812855930	100	West Ronfaure	-110.465	-54.469	-2.083	mission:San d'Oria:12:step-003,mission:San d'Oria:1:step-003,mission:San d'Oria:5:step-007	mesh-connected	4	1.883	0.000	1	1
230	Southern San d'Oria	Endracion		-112.817	-37.190	0.999	846475898	101	East Ronfaure	110.234	-54.223	-2.127	mission:San d'Oria:12:step-003,mission:San d'Oria:1:step-003,mission:San d'Oria:5:step-007	mesh-connected	13	1.927	0.000	1	1
230	Southern San d'Oria	Endracion		-112.817	-37.190	0.999	812805498	230	Southern San d'Oria	162.591	162.423	-4.103	mission:San d'Oria:12:step-003,mission:San d'Oria:1:step-003,mission:San d'Oria:5:step-007	mesh-connected	25	1.903	0.000	1	1
230	Southern San d'Oria	Endracion		-112.817	-37.190	0.999	812004986	231	Northern San d'Oria	-0.004	54.388	-4.182	mission:San d'Oria:12:step-003,mission:San d'Oria:1:step-003,mission:San d'Oria:5:step-007	mesh-connected	10	1.849	0.000	1	1
230	Southern San d'Oria	Endracion	npc:v1:230:17719393	-112.817	-37.190	0.999	812855930	100	West Ronfaure	-110.465	-54.469	-2.083	mission:Bastok:10:step-001,mission:Bastok:11:step-001,mission:Bastok:12:step-002,mission:Bastok:12:step-023,mission:Bastok:13:step-001,mission:Bastok:15:step-002,mission:Bastok:17:step-001,mission:Bastok:18:step-001,mission:Bastok:19:step-001,mission:Bastok:1:step-001,mission:Bastok:20:step-001,mission:Bastok:22:step-001,mission:Bastok:23:step-001,mission:Bastok:24:step-001,mission:Bastok:2:step-001,mission:Bastok:3:step-001,mission:Bastok:3:step-013,mission:Bastok:4:step-001,mission:Bastok:5:step-001,mission:Bastok:6:step-001,mission:Bastok:7:step-001,mission:Bastok:8:step-001,mission:Bastok:9:step-001,mission:San d'Oria:12:step-001,mission:San d'Oria:12:step-002,mission:San d'Oria:12:step-003,mission:San d'Oria:12:step-007,mission:San d'Oria:13:step-002,mission:San d'Oria:15:step-005,mission:San d'Oria:17:step-001,mission:San d'Oria:18:step-001,mission:San d'Oria:18:step-023,mission:San d'Oria:18:step-024,mission:San d'Oria:18:step-029,mission:San d'Oria:19:step-001,mission:San d'Oria:1:step-001,mission:San d'Oria:1:step-003,mission:San d'Oria:1:step-007,mission:San d'Oria:20:step-002,mission:San d'Oria:20:step-004,mission:San d'Oria:21:step-001,mission:San d'Oria:22:step-001,mission:San d'Oria:23:step-001,mission:San d'Oria:24:step-001,mission:San d'Oria:2:step-001,mission:San d'Oria:2:step-012,mission:San d'Oria:3:step-001,mission:San d'Oria:3:step-026,mission:San d'Oria:4:step-003,mission:San d'Oria:4:step-024,mission:San d'Oria:5:step-004,mission:San d'Oria:5:step-007,mission:San d'Oria:5:step-015,mission:Windurst:10:step-002,mission:Windurst:11:step-003,mission:Windurst:13:step-003,mission:Windurst:17:step-003,mission:Windurst:18:step-002,mission:Windurst:19:step-001,mission:Windurst:1:step-002,mission:Windurst:20:step-002,mission:Windurst:21:step-002,mission:Windurst:23:step-003,mission:Windurst:3:step-023,mission:Windurst:4:step-002,mission:Windurst:6:step-002,mission:Windurst:7:step-002,mission:Windurst:8:step-002,mission:Windurst:9:step-002	mesh-connected	4	1.883	0.000	1	1
230	Southern San d'Oria	Endracion	npc:v1:230:17719393	-112.817	-37.190	0.999	846475898	101	East Ronfaure	110.234	-54.223	-2.127	mission:Bastok:10:step-001,mission:Bastok:11:step-001,mission:Bastok:12:step-002,mission:Bastok:12:step-023,mission:Bastok:13:step-001,mission:Bastok:15:step-002,mission:Bastok:17:step-001,mission:Bastok:18:step-001,mission:Bastok:19:step-001,mission:Bastok:1:step-001,mission:Bastok:20:step-001,mission:Bastok:22:step-001,mission:Bastok:23:step-001,mission:Bastok:24:step-001,mission:Bastok:2:step-001,mission:Bastok:3:step-001,mission:Bastok:3:step-013,mission:Bastok:4:step-001,mission:Bastok:5:step-001,mission:Bastok:6:step-001,mission:Bastok:7:step-001,mission:Bastok:8:step-001,mission:Bastok:9:step-001,mission:San d'Oria:12:step-001,mission:San d'Oria:12:step-002,mission:San d'Oria:12:step-003,mission:San d'Oria:12:step-007,mission:San d'Oria:13:step-002,mission:San d'Oria:15:step-005,mission:San d'Oria:17:step-001,mission:San d'Oria:18:step-001,mission:San d'Oria:18:step-023,mission:San d'Oria:18:step-024,mission:San d'Oria:18:step-029,mission:San d'Oria:19:step-001,mission:San d'Oria:1:step-001,mission:San d'Oria:1:step-003,mission:San d'Oria:1:step-007,mission:San d'Oria:20:step-002,mission:San d'Oria:20:step-004,mission:San d'Oria:21:step-001,mission:San d'Oria:22:step-001,mission:San d'Oria:23:step-001,mission:San d'Oria:24:step-001,mission:San d'Oria:2:step-001,mission:San d'Oria:2:step-012,mission:San d'Oria:3:step-001,mission:San d'Oria:3:step-026,mission:San d'Oria:4:step-003,mission:San d'Oria:4:step-024,mission:San d'Oria:5:step-004,mission:San d'Oria:5:step-007,mission:San d'Oria:5:step-015,mission:Windurst:10:step-002,mission:Windurst:11:step-003,mission:Windurst:13:step-003,mission:Windurst:17:step-003,mission:Windurst:18:step-002,mission:Windurst:19:step-001,mission:Windurst:1:step-002,mission:Windurst:20:step-002,mission:Windurst:21:step-002,mission:Windurst:23:step-003,mission:Windurst:3:step-023,mission:Windurst:4:step-002,mission:Windurst:6:step-002,mission:Windurst:7:step-002,mission:Windurst:8:step-002,mission:Windurst:9:step-002	mesh-connected	13	1.927	0.000	1	1
230	Southern San d'Oria	Endracion	npc:v1:230:17719393	-112.817	-37.190	0.999	812805498	230	Southern San d'Oria	162.591	162.423	-4.103	mission:Bastok:10:step-001,mission:Bastok:11:step-001,mission:Bastok:12:step-002,mission:Bastok:12:step-023,mission:Bastok:13:step-001,mission:Bastok:15:step-002,mission:Bastok:17:step-001,mission:Bastok:18:step-001,mission:Bastok:19:step-001,mission:Bastok:1:step-001,mission:Bastok:20:step-001,mission:Bastok:22:step-001,mission:Bastok:23:step-001,mission:Bastok:24:step-001,mission:Bastok:2:step-001,mission:Bastok:3:step-001,mission:Bastok:3:step-013,mission:Bastok:4:step-001,mission:Bastok:5:step-001,mission:Bastok:6:step-001,mission:Bastok:7:step-001,mission:Bastok:8:step-001,mission:Bastok:9:step-001,mission:San d'Oria:12:step-001,mission:San d'Oria:12:step-002,mission:San d'Oria:12:step-003,mission:San d'Oria:12:step-007,mission:San d'Oria:13:step-002,mission:San d'Oria:15:step-005,mission:San d'Oria:17:step-001,mission:San d'Oria:18:step-001,mission:San d'Oria:18:step-023,mission:San d'Oria:18:step-024,mission:San d'Oria:18:step-029,mission:San d'Oria:19:step-001,mission:San d'Oria:1:step-001,mission:San d'Oria:1:step-003,mission:San d'Oria:1:step-007,mission:San d'Oria:20:step-002,mission:San d'Oria:20:step-004,mission:San d'Oria:21:step-001,mission:San d'Oria:22:step-001,mission:San d'Oria:23:step-001,mission:San d'Oria:24:step-001,mission:San d'Oria:2:step-001,mission:San d'Oria:2:step-012,mission:San d'Oria:3:step-001,mission:San d'Oria:3:step-026,mission:San d'Oria:4:step-003,mission:San d'Oria:4:step-024,mission:San d'Oria:5:step-004,mission:San d'Oria:5:step-007,mission:San d'Oria:5:step-015,mission:Windurst:10:step-002,mission:Windurst:11:step-003,mission:Windurst:13:step-003,mission:Windurst:17:step-003,mission:Windurst:18:step-002,mission:Windurst:19:step-001,mission:Windurst:1:step-002,mission:Windurst:20:step-002,mission:Windurst:21:step-002,mission:Windurst:23:step-003,mission:Windurst:3:step-023,mission:Windurst:4:step-002,mission:Windurst:6:step-002,mission:Windurst:7:step-002,mission:Windurst:8:step-002,mission:Windurst:9:step-002	mesh-connected	25	1.903	0.000	1	1
230	Southern San d'Oria	Endracion	npc:v1:230:17719393	-112.817	-37.190	0.999	812004986	231	Northern San d'Oria	-0.004	54.388	-4.182	mission:Bastok:10:step-001,mission:Bastok:11:step-001,mission:Bastok:12:step-002,mission:Bastok:12:step-023,mission:Bastok:13:step-001,mission:Bastok:15:step-002,mission:Bastok:17:step-001,mission:Bastok:18:step-001,mission:Bastok:19:step-001,mission:Bastok:1:step-001,mission:Bastok:20:step-001,mission:Bastok:22:step-001,mission:Bastok:23:step-001,mission:Bastok:24:step-001,mission:Bastok:2:step-001,mission:Bastok:3:step-001,mission:Bastok:3:step-013,mission:Bastok:4:step-001,mission:Bastok:5:step-001,mission:Bastok:6:step-001,mission:Bastok:7:step-001,mission:Bastok:8:step-001,mission:Bastok:9:step-001,mission:San d'Oria:12:step-001,mission:San d'Oria:12:step-002,mission:San d'Oria:12:step-003,mission:San d'Oria:12:step-007,mission:San d'Oria:13:step-002,mission:San d'Oria:15:step-005,mission:San d'Oria:17:step-001,mission:San d'Oria:18:step-001,mission:San d'Oria:18:step-023,mission:San d'Oria:18:step-024,mission:San d'Oria:18:step-029,mission:San d'Oria:19:step-001,mission:San d'Oria:1:step-001,mission:San d'Oria:1:step-003,mission:San d'Oria:1:step-007,mission:San d'Oria:20:step-002,mission:San d'Oria:20:step-004,mission:San d'Oria:21:step-001,mission:San d'Oria:22:step-001,mission:San d'Oria:23:step-001,mission:San d'Oria:24:step-001,mission:San d'Oria:2:step-001,mission:San d'Oria:2:step-012,mission:San d'Oria:3:step-001,mission:San d'Oria:3:step-026,mission:San d'Oria:4:step-003,mission:San d'Oria:4:step-024,mission:San d'Oria:5:step-004,mission:San d'Oria:5:step-007,mission:San d'Oria:5:step-015,mission:Windurst:10:step-002,mission:Windurst:11:step-003,mission:Windurst:13:step-003,mission:Windurst:17:step-003,mission:Windurst:18:step-002,mission:Windurst:19:step-001,mission:Windurst:1:step-002,mission:Windurst:20:step-002,mission:Windurst:21:step-002,mission:Windurst:23:step-003,mission:Windurst:3:step-023,mission:Windurst:4:step-002,mission:Windurst:6:step-002,mission:Windurst:7:step-002,mission:Windurst:8:step-002,mission:Windurst:9:step-002	mesh-connected	10	1.849	0.000	1	1
230	Southern San d'Oria	Urbiolaine		-88.000	-50.750	1.000	812855930	100	West Ronfaure	-110.465	-54.469	-2.083	mission:San d'Oria:10:step-009,mission:San d'Oria:6:step-009,mission:San d'Oria:7:step-009,mission:San d'Oria:8:step-009,mission:San d'Oria:9:step-009	mesh-connected	4	1.883	0.000	1	1
230	Southern San d'Oria	Urbiolaine		-88.000	-50.750	1.000	846475898	101	East Ronfaure	110.234	-54.223	-2.127	mission:San d'Oria:10:step-009,mission:San d'Oria:6:step-009,mission:San d'Oria:7:step-009,mission:San d'Oria:8:step-009,mission:San d'Oria:9:step-009	mesh-connected	14	1.927	0.000	1	1
230	Southern San d'Oria	Urbiolaine		-88.000	-50.750	1.000	812805498	230	Southern San d'Oria	162.591	162.423	-4.103	mission:San d'Oria:10:step-009,mission:San d'Oria:6:step-009,mission:San d'Oria:7:step-009,mission:San d'Oria:8:step-009,mission:San d'Oria:9:step-009	mesh-connected	26	1.903	0.000	1	1
230	Southern San d'Oria	Urbiolaine		-88.000	-50.750	1.000	812004986	231	Northern San d'Oria	-0.004	54.388	-4.182	mission:San d'Oria:10:step-009,mission:San d'Oria:6:step-009,mission:San d'Oria:7:step-009,mission:San d'Oria:8:step-009,mission:San d'Oria:9:step-009	mesh-connected	7	1.849	0.000	1	1
230	Southern San d'Oria	Urbiolaine	npc:v1:230:17719643	-88.000	-50.750	1.000	812855930	100	West Ronfaure	-110.465	-54.469	-2.083	mission:San d'Oria:10:step-009,mission:San d'Oria:6:step-009,mission:San d'Oria:7:step-009,mission:San d'Oria:8:step-009,mission:San d'Oria:9:step-009	mesh-connected	4	1.883	0.000	1	1
230	Southern San d'Oria	Urbiolaine	npc:v1:230:17719643	-88.000	-50.750	1.000	846475898	101	East Ronfaure	110.234	-54.223	-2.127	mission:San d'Oria:10:step-009,mission:San d'Oria:6:step-009,mission:San d'Oria:7:step-009,mission:San d'Oria:8:step-009,mission:San d'Oria:9:step-009	mesh-connected	14	1.927	0.000	1	1
230	Southern San d'Oria	Urbiolaine	npc:v1:230:17719643	-88.000	-50.750	1.000	812805498	230	Southern San d'Oria	162.591	162.423	-4.103	mission:San d'Oria:10:step-009,mission:San d'Oria:6:step-009,mission:San d'Oria:7:step-009,mission:San d'Oria:8:step-009,mission:San d'Oria:9:step-009	mesh-connected	26	1.903	0.000	1	1
230	Southern San d'Oria	Urbiolaine	npc:v1:230:17719643	-88.000	-50.750	1.000	812004986	231	Northern San d'Oria	-0.004	54.388	-4.182	mission:San d'Oria:10:step-009,mission:San d'Oria:6:step-009,mission:San d'Oria:7:step-009,mission:San d'Oria:8:step-009,mission:San d'Oria:9:step-009	mesh-connected	7	1.849	0.000	1	1
230	Southern San d'Oria	Violitte		-74.532	-55.324	1.999	812855930	100	West Ronfaure	-110.465	-54.469	-2.083	mission:San d'Oria:11:step-008,mission:San d'Oria:2:step-003,mission:San d'Oria:3:step-015,mission:San d'Oria:5:step-008	mesh-connected	5	1.883	0.000	1	1
230	Southern San d'Oria	Violitte		-74.532	-55.324	1.999	846475898	101	East Ronfaure	110.234	-54.223	-2.127	mission:San d'Oria:11:step-008,mission:San d'Oria:2:step-003,mission:San d'Oria:3:step-015,mission:San d'Oria:5:step-008	mesh-connected	17	1.927	0.000	1	1
230	Southern San d'Oria	Violitte		-74.532	-55.324	1.999	812805498	230	Southern San d'Oria	162.591	162.423	-4.103	mission:San d'Oria:11:step-008,mission:San d'Oria:2:step-003,mission:San d'Oria:3:step-015,mission:San d'Oria:5:step-008	mesh-connected	30	1.903	0.000	1	1
230	Southern San d'Oria	Violitte		-74.532	-55.324	1.999	812004986	231	Northern San d'Oria	-0.004	54.388	-4.182	mission:San d'Oria:11:step-008,mission:San d'Oria:2:step-003,mission:San d'Oria:3:step-015,mission:San d'Oria:5:step-008	mesh-connected	10	1.849	0.000	1	1
230	Southern San d'Oria	Violitte	npc:v1:230:17719307	-74.532	-55.324	1.999	812855930	100	West Ronfaure	-110.465	-54.469	-2.083	mission:San d'Oria:11:step-008,mission:San d'Oria:2:step-003,mission:San d'Oria:3:step-015,mission:San d'Oria:5:step-008	mesh-connected	5	1.883	0.000	1	1
230	Southern San d'Oria	Violitte	npc:v1:230:17719307	-74.532	-55.324	1.999	846475898	101	East Ronfaure	110.234	-54.223	-2.127	mission:San d'Oria:11:step-008,mission:San d'Oria:2:step-003,mission:San d'Oria:3:step-015,mission:San d'Oria:5:step-008	mesh-connected	17	1.927	0.000	1	1
230	Southern San d'Oria	Violitte	npc:v1:230:17719307	-74.532	-55.324	1.999	812805498	230	Southern San d'Oria	162.591	162.423	-4.103	mission:San d'Oria:11:step-008,mission:San d'Oria:2:step-003,mission:San d'Oria:3:step-015,mission:San d'Oria:5:step-008	mesh-connected	30	1.903	0.000	1	1
230	Southern San d'Oria	Violitte	npc:v1:230:17719307	-74.532	-55.324	1.999	812004986	231	Northern San d'Oria	-0.004	54.388	-4.182	mission:San d'Oria:11:step-008,mission:San d'Oria:2:step-003,mission:San d'Oria:3:step-015,mission:San d'Oria:5:step-008	mesh-connected	10	1.849	0.000	1	1
231	Northern San d'Oria	Arnau		149.892	141.873	-0.601	875704442	2	Carpenters' Landing	-127.472	195.478	10.500	mission:San d'Oria:24:step-005,mission:San d'Oria:3:step-002	mesh-no-path	1	282.715	0.000	1	1
231	Northern San d'Oria	Arnau		149.892	141.873	-0.601	846410362	100	West Ronfaure	-248.893	44.026	4.640	mission:San d'Oria:24:step-005,mission:San d'Oria:3:step-002	mesh-no-path	1	410.647	0.000	1	1
231	Northern San d'Oria	Arnau		149.892	141.873	-0.601	1634939514	100	West Ronfaure	-234.393	106.009	-5.741	mission:San d'Oria:24:step-005,mission:San d'Oria:3:step-002	mesh-no-path	1	385.989	0.000	1	1
231	Northern San d'Oria	Arnau		149.892	141.873	-0.601	879048314	230	Southern San d'Oria	0.007	-32.470	-2.315	mission:San d'Oria:24:step-005,mission:San d'Oria:3:step-002	mesh-no-path	1	229.922	0.000	1	1
231	Northern San d'Oria	Arnau		149.892	141.873	-0.601	846359930	231	Northern San d'Oria	132.764	-6.178	-2.320	mission:San d'Oria:24:step-005,mission:San d'Oria:3:step-002	mesh-no-path	1	149.048	0.000	1	1
231	Northern San d'Oria	Arnau		149.892	141.873	-0.601	812070522	232	Port San d'Oria	-125.375	268.640	11.949	mission:San d'Oria:24:step-005,mission:San d'Oria:3:step-002	mesh-no-path	1	303.314	0.000	1	1
231	Northern San d'Oria	Arnau	npc:v1:231:17723406	149.892	141.873	-0.601	875704442	2	Carpenters' Landing	-127.472	195.478	10.500	mission:San d'Oria:24:step-005,mission:San d'Oria:3:step-002	mesh-no-path	1	282.715	0.000	1	1
231	Northern San d'Oria	Arnau	npc:v1:231:17723406	149.892	141.873	-0.601	846410362	100	West Ronfaure	-248.893	44.026	4.640	mission:San d'Oria:24:step-005,mission:San d'Oria:3:step-002	mesh-no-path	1	410.647	0.000	1	1
231	Northern San d'Oria	Arnau	npc:v1:231:17723406	149.892	141.873	-0.601	1634939514	100	West Ronfaure	-234.393	106.009	-5.741	mission:San d'Oria:24:step-005,mission:San d'Oria:3:step-002	mesh-no-path	1	385.989	0.000	1	1
231	Northern San d'Oria	Arnau	npc:v1:231:17723406	149.892	141.873	-0.601	879048314	230	Southern San d'Oria	0.007	-32.470	-2.315	mission:San d'Oria:24:step-005,mission:San d'Oria:3:step-002	mesh-no-path	1	229.922	0.000	1	1
231	Northern San d'Oria	Arnau	npc:v1:231:17723406	149.892	141.873	-0.601	846359930	231	Northern San d'Oria	132.764	-6.178	-2.320	mission:San d'Oria:24:step-005,mission:San d'Oria:3:step-002	mesh-no-path	1	149.048	0.000	1	1
231	Northern San d'Oria	Arnau	npc:v1:231:17723406	149.892	141.873	-0.601	812070522	232	Port San d'Oria	-125.375	268.640	11.949	mission:San d'Oria:24:step-005,mission:San d'Oria:3:step-002	mesh-no-path	1	303.314	0.000	1	1
231	Northern San d'Oria	Baraka		38.615	-5.645	-2.000	875704442	2	Carpenters' Landing	-127.472	195.478	10.500	mission:Bastok:10:step-005,mission:Bastok:6:step-005,mission:Bastok:7:step-005,mission:Bastok:8:step-005,mission:Bastok:9:step-005	mesh-no-path	1	261.135	0.000	1	1
231	Northern San d'Oria	Baraka		38.615	-5.645	-2.000	846410362	100	West Ronfaure	-248.893	44.026	4.640	mission:Bastok:10:step-005,mission:Bastok:6:step-005,mission:Bastok:7:step-005,mission:Bastok:8:step-005,mission:Bastok:9:step-005	mesh-no-path	1	291.843	0.000	1	1
231	Northern San d'Oria	Baraka		38.615	-5.645	-2.000	1634939514	100	West Ronfaure	-234.393	106.009	-5.741	mission:Bastok:10:step-005,mission:Bastok:6:step-005,mission:Bastok:7:step-005,mission:Bastok:8:step-005,mission:Bastok:9:step-005	mesh-no-path	1	294.981	0.000	1	1
231	Northern San d'Oria	Baraka		38.615	-5.645	-2.000	879048314	230	Southern San d'Oria	0.007	-32.470	-2.315	mission:Bastok:10:step-005,mission:Bastok:6:step-005,mission:Bastok:7:step-005,mission:Bastok:8:step-005,mission:Bastok:9:step-005	mesh-no-path	1	47.013	0.000	1	1
231	Northern San d'Oria	Baraka		38.615	-5.645	-2.000	846359930	231	Northern San d'Oria	132.764	-6.178	-2.320	mission:Bastok:10:step-005,mission:Bastok:6:step-005,mission:Bastok:7:step-005,mission:Bastok:8:step-005,mission:Bastok:9:step-005	mesh-no-path	1	94.151	0.000	1	1
231	Northern San d'Oria	Baraka		38.615	-5.645	-2.000	812070522	232	Port San d'Oria	-125.375	268.640	11.949	mission:Bastok:10:step-005,mission:Bastok:6:step-005,mission:Bastok:7:step-005,mission:Bastok:8:step-005,mission:Bastok:9:step-005	mesh-no-path	1	319.874	0.000	1	1
231	Northern San d'Oria	Baraka	npc:v1:231:17723454	38.615	-5.645	-2.000	875704442	2	Carpenters' Landing	-127.472	195.478	10.500	mission:Bastok:10:step-005,mission:Bastok:6:step-005,mission:Bastok:7:step-005,mission:Bastok:8:step-005,mission:Bastok:9:step-005	mesh-no-path	1	261.135	0.000	1	1
231	Northern San d'Oria	Baraka	npc:v1:231:17723454	38.615	-5.645	-2.000	846410362	100	West Ronfaure	-248.893	44.026	4.640	mission:Bastok:10:step-005,mission:Bastok:6:step-005,mission:Bastok:7:step-005,mission:Bastok:8:step-005,mission:Bastok:9:step-005	mesh-no-path	1	291.843	0.000	1	1
231	Northern San d'Oria	Baraka	npc:v1:231:17723454	38.615	-5.645	-2.000	1634939514	100	West Ronfaure	-234.393	106.009	-5.741	mission:Bastok:10:step-005,mission:Bastok:6:step-005,mission:Bastok:7:step-005,mission:Bastok:8:step-005,mission:Bastok:9:step-005	mesh-no-path	1	294.981	0.000	1	1
231	Northern San d'Oria	Baraka	npc:v1:231:17723454	38.615	-5.645	-2.000	879048314	230	Southern San d'Oria	0.007	-32.470	-2.315	mission:Bastok:10:step-005,mission:Bastok:6:step-005,mission:Bastok:7:step-005,mission:Bastok:8:step-005,mission:Bastok:9:step-005	mesh-no-path	1	47.013	0.000	1	1
231	Northern San d'Oria	Baraka	npc:v1:231:17723454	38.615	-5.645	-2.000	846359930	231	Northern San d'Oria	132.764	-6.178	-2.320	mission:Bastok:10:step-005,mission:Bastok:6:step-005,mission:Bastok:7:step-005,mission:Bastok:8:step-005,mission:Bastok:9:step-005	mesh-no-path	1	94.151	0.000	1	1
231	Northern San d'Oria	Baraka	npc:v1:231:17723454	38.615	-5.645	-2.000	812070522	232	Port San d'Oria	-125.375	268.640	11.949	mission:Bastok:10:step-005,mission:Bastok:6:step-005,mission:Bastok:7:step-005,mission:Bastok:8:step-005,mission:Bastok:9:step-005	mesh-no-path	1	319.874	0.000	1	1
231	Northern San d'Oria	Door:Papal Chambers		130.327	122.323	-13.002	875704442	2	Carpenters' Landing	-127.472	195.478	10.500	mission:San d'Oria:5:step-016	mesh-connected	30	1.300	0.000	1	1
231	Northern San d'Oria	Door:Papal Chambers		130.327	122.323	-13.002	846410362	100	West Ronfaure	-248.893	44.026	4.640	mission:San d'Oria:5:step-016	mesh-connected	33	2.160	0.000	1	1
231	Northern San d'Oria	Door:Papal Chambers		130.327	122.323	-13.002	1634939514	100	West Ronfaure	-234.393	106.009	-5.741	mission:San d'Oria:5:step-016	mesh-connected	29	1.541	0.000	1	1
231	Northern San d'Oria	Door:Papal Chambers		130.327	122.323	-13.002	879048314	230	Southern San d'Oria	0.007	-32.470	-2.315	mission:San d'Oria:5:step-016	mesh-connected	18	2.115	0.000	1	1
231	Northern San d'Oria	Door:Papal Chambers		130.327	122.323	-13.002	846359930	231	Northern San d'Oria	132.764	-6.178	-2.320	mission:San d'Oria:5:step-016	mesh-connected	29	2.120	0.000	1	1
231	Northern San d'Oria	Door:Papal Chambers		130.327	122.323	-13.002	812070522	232	Port San d'Oria	-125.375	268.640	11.949	mission:San d'Oria:5:step-016	mesh-connected	31	0.149	0.000	1	1
231	Northern San d'Oria	Door:Papal Chambers	object:v1:231:17723548	130.327	122.323	-13.002	875704442	2	Carpenters' Landing	-127.472	195.478	10.500	mission:San d'Oria:5:step-016	mesh-connected	30	1.300	0.000	1	1
231	Northern San d'Oria	Door:Papal Chambers	object:v1:231:17723548	130.327	122.323	-13.002	846410362	100	West Ronfaure	-248.893	44.026	4.640	mission:San d'Oria:5:step-016	mesh-connected	33	2.160	0.000	1	1
231	Northern San d'Oria	Door:Papal Chambers	object:v1:231:17723548	130.327	122.323	-13.002	1634939514	100	West Ronfaure	-234.393	106.009	-5.741	mission:San d'Oria:5:step-016	mesh-connected	29	1.541	0.000	1	1
231	Northern San d'Oria	Door:Papal Chambers	object:v1:231:17723548	130.327	122.323	-13.002	879048314	230	Southern San d'Oria	0.007	-32.470	-2.315	mission:San d'Oria:5:step-016	mesh-connected	18	2.115	0.000	1	1
231	Northern San d'Oria	Door:Papal Chambers	object:v1:231:17723548	130.327	122.323	-13.002	846359930	231	Northern San d'Oria	132.764	-6.178	-2.320	mission:San d'Oria:5:step-016	mesh-connected	29	2.120	0.000	1	1
231	Northern San d'Oria	Door:Papal Chambers	object:v1:231:17723548	130.327	122.323	-13.002	812070522	232	Port San d'Oria	-125.375	268.640	11.949	mission:San d'Oria:5:step-016	mesh-connected	31	0.149	0.000	1	1
231	Northern San d'Oria	Elesca		-10.548	48.896	0.499	875704442	2	Carpenters' Landing	-127.472	195.478	10.500	mission:San d'Oria:11:step-008,mission:San d'Oria:2:step-003,mission:San d'Oria:3:step-015	mesh-connected	14	1.300	0.000	1	1
231	Northern San d'Oria	Elesca		-10.548	48.896	0.499	846410362	100	West Ronfaure	-248.893	44.026	4.640	mission:San d'Oria:11:step-008,mission:San d'Oria:2:step-003,mission:San d'Oria:3:step-015	mesh-connected	15	2.160	0.000	1	1
231	Northern San d'Oria	Elesca		-10.548	48.896	0.499	1634939514	100	West Ronfaure	-234.393	106.009	-5.741	mission:San d'Oria:11:step-008,mission:San d'Oria:2:step-003,mission:San d'Oria:3:step-015	mesh-connected	11	1.541	0.000	1	1
231	Northern San d'Oria	Elesca		-10.548	48.896	0.499	879048314	230	Southern San d'Oria	0.007	-32.470	-2.315	mission:San d'Oria:11:step-008,mission:San d'Oria:2:step-003,mission:San d'Oria:3:step-015	mesh-connected	4	2.115	0.000	1	1
231	Northern San d'Oria	Elesca		-10.548	48.896	0.499	846359930	231	Northern San d'Oria	132.764	-6.178	-2.320	mission:San d'Oria:11:step-008,mission:San d'Oria:2:step-003,mission:San d'Oria:3:step-015	mesh-connected	14	2.120	0.000	1	1
231	Northern San d'Oria	Elesca		-10.548	48.896	0.499	812070522	232	Port San d'Oria	-125.375	268.640	11.949	mission:San d'Oria:11:step-008,mission:San d'Oria:2:step-003,mission:San d'Oria:3:step-015	mesh-connected	15	0.149	0.000	1	1
231	Northern San d'Oria	Elesca	npc:v1:231:17723403	-10.548	48.896	0.499	875704442	2	Carpenters' Landing	-127.472	195.478	10.500	mission:San d'Oria:11:step-008,mission:San d'Oria:2:step-003,mission:San d'Oria:3:step-015	mesh-connected	14	1.300	0.000	1	1
231	Northern San d'Oria	Elesca	npc:v1:231:17723403	-10.548	48.896	0.499	846410362	100	West Ronfaure	-248.893	44.026	4.640	mission:San d'Oria:11:step-008,mission:San d'Oria:2:step-003,mission:San d'Oria:3:step-015	mesh-connected	15	2.160	0.000	1	1
231	Northern San d'Oria	Elesca	npc:v1:231:17723403	-10.548	48.896	0.499	1634939514	100	West Ronfaure	-234.393	106.009	-5.741	mission:San d'Oria:11:step-008,mission:San d'Oria:2:step-003,mission:San d'Oria:3:step-015	mesh-connected	11	1.541	0.000	1	1
231	Northern San d'Oria	Elesca	npc:v1:231:17723403	-10.548	48.896	0.499	879048314	230	Southern San d'Oria	0.007	-32.470	-2.315	mission:San d'Oria:11:step-008,mission:San d'Oria:2:step-003,mission:San d'Oria:3:step-015	mesh-connected	4	2.115	0.000	1	1
231	Northern San d'Oria	Elesca	npc:v1:231:17723403	-10.548	48.896	0.499	846359930	231	Northern San d'Oria	132.764	-6.178	-2.320	mission:San d'Oria:11:step-008,mission:San d'Oria:2:step-003,mission:San d'Oria:3:step-015	mesh-connected	14	2.120	0.000	1	1
231	Northern San d'Oria	Elesca	npc:v1:231:17723403	-10.548	48.896	0.499	812070522	232	Port San d'Oria	-125.375	268.640	11.949	mission:San d'Oria:11:step-008,mission:San d'Oria:2:step-003,mission:San d'Oria:3:step-015	mesh-connected	15	0.149	0.000	1	1
231	Northern San d'Oria	Grilau		-241.987	57.887	7.999	875704442	2	Carpenters' Landing	-127.472	195.478	10.500	mission:San d'Oria:12:step-003,mission:San d'Oria:1:step-004,mission:San d'Oria:5:step-007	mesh-connected	14	1.300	0.000	1	1
231	Northern San d'Oria	Grilau		-241.987	57.887	7.999	846410362	100	West Ronfaure	-248.893	44.026	4.640	mission:San d'Oria:12:step-003,mission:San d'Oria:1:step-004,mission:San d'Oria:5:step-007	mesh-connected	4	2.160	0.000	1	1
231	Northern San d'Oria	Grilau		-241.987	57.887	7.999	1634939514	100	West Ronfaure	-234.393	106.009	-5.741	mission:San d'Oria:12:step-003,mission:San d'Oria:1:step-004,mission:San d'Oria:5:step-007	mesh-connected	9	1.541	0.000	1	1
231	Northern San d'Oria	Grilau		-241.987	57.887	7.999	879048314	230	Southern San d'Oria	0.007	-32.470	-2.315	mission:San d'Oria:12:step-003,mission:San d'Oria:1:step-004,mission:San d'Oria:5:step-007	mesh-connected	17	2.115	0.000	1	1
231	Northern San d'Oria	Grilau		-241.987	57.887	7.999	846359930	231	Northern San d'Oria	132.764	-6.178	-2.320	mission:San d'Oria:12:step-003,mission:San d'Oria:1:step-004,mission:San d'Oria:5:step-007	mesh-connected	23	2.120	0.000	1	1
231	Northern San d'Oria	Grilau		-241.987	57.887	7.999	812070522	232	Port San d'Oria	-125.375	268.640	11.949	mission:San d'Oria:12:step-003,mission:San d'Oria:1:step-004,mission:San d'Oria:5:step-007	mesh-connected	15	0.149	0.000	1	1
231	Northern San d'Oria	Grilau	npc:v1:231:17723426	-241.987	57.887	7.999	875704442	2	Carpenters' Landing	-127.472	195.478	10.500	mission:Bastok:10:step-001,mission:Bastok:11:step-001,mission:Bastok:12:step-002,mission:Bastok:12:step-023,mission:Bastok:13:step-001,mission:Bastok:15:step-002,mission:Bastok:17:step-001,mission:Bastok:18:step-001,mission:Bastok:19:step-001,mission:Bastok:1:step-001,mission:Bastok:20:step-001,mission:Bastok:22:step-001,mission:Bastok:23:step-001,mission:Bastok:24:step-001,mission:Bastok:2:step-001,mission:Bastok:3:step-001,mission:Bastok:3:step-013,mission:Bastok:4:step-001,mission:Bastok:5:step-001,mission:Bastok:6:step-001,mission:Bastok:7:step-001,mission:Bastok:8:step-001,mission:Bastok:9:step-001,mission:San d'Oria:12:step-001,mission:San d'Oria:12:step-002,mission:San d'Oria:12:step-003,mission:San d'Oria:12:step-007,mission:San d'Oria:13:step-002,mission:San d'Oria:15:step-005,mission:San d'Oria:17:step-001,mission:San d'Oria:18:step-001,mission:San d'Oria:18:step-023,mission:San d'Oria:18:step-024,mission:San d'Oria:18:step-029,mission:San d'Oria:19:step-001,mission:San d'Oria:1:step-001,mission:San d'Oria:1:step-004,mission:San d'Oria:1:step-007,mission:San d'Oria:20:step-002,mission:San d'Oria:20:step-004,mission:San d'Oria:21:step-001,mission:San d'Oria:22:step-001,mission:San d'Oria:23:step-001,mission:San d'Oria:24:step-001,mission:San d'Oria:2:step-001,mission:San d'Oria:2:step-012,mission:San d'Oria:3:step-001,mission:San d'Oria:3:step-026,mission:San d'Oria:4:step-003,mission:San d'Oria:4:step-024,mission:San d'Oria:5:step-004,mission:San d'Oria:5:step-007,mission:San d'Oria:5:step-015,mission:Windurst:10:step-002,mission:Windurst:11:step-003,mission:Windurst:13:step-003,mission:Windurst:17:step-003,mission:Windurst:18:step-002,mission:Windurst:19:step-001,mission:Windurst:1:step-002,mission:Windurst:20:step-002,mission:Windurst:21:step-002,mission:Windurst:23:step-003,mission:Windurst:3:step-023,mission:Windurst:4:step-002,mission:Windurst:6:step-002,mission:Windurst:7:step-002,mission:Windurst:8:step-002,mission:Windurst:9:step-002	mesh-connected	14	1.300	0.000	1	1
231	Northern San d'Oria	Grilau	npc:v1:231:17723426	-241.987	57.887	7.999	846410362	100	West Ronfaure	-248.893	44.026	4.640	mission:Bastok:10:step-001,mission:Bastok:11:step-001,mission:Bastok:12:step-002,mission:Bastok:12:step-023,mission:Bastok:13:step-001,mission:Bastok:15:step-002,mission:Bastok:17:step-001,mission:Bastok:18:step-001,mission:Bastok:19:step-001,mission:Bastok:1:step-001,mission:Bastok:20:step-001,mission:Bastok:22:step-001,mission:Bastok:23:step-001,mission:Bastok:24:step-001,mission:Bastok:2:step-001,mission:Bastok:3:step-001,mission:Bastok:3:step-013,mission:Bastok:4:step-001,mission:Bastok:5:step-001,mission:Bastok:6:step-001,mission:Bastok:7:step-001,mission:Bastok:8:step-001,mission:Bastok:9:step-001,mission:San d'Oria:12:step-001,mission:San d'Oria:12:step-002,mission:San d'Oria:12:step-003,mission:San d'Oria:12:step-007,mission:San d'Oria:13:step-002,mission:San d'Oria:15:step-005,mission:San d'Oria:17:step-001,mission:San d'Oria:18:step-001,mission:San d'Oria:18:step-023,mission:San d'Oria:18:step-024,mission:San d'Oria:18:step-029,mission:San d'Oria:19:step-001,mission:San d'Oria:1:step-001,mission:San d'Oria:1:step-004,mission:San d'Oria:1:step-007,mission:San d'Oria:20:step-002,mission:San d'Oria:20:step-004,mission:San d'Oria:21:step-001,mission:San d'Oria:22:step-001,mission:San d'Oria:23:step-001,mission:San d'Oria:24:step-001,mission:San d'Oria:2:step-001,mission:San d'Oria:2:step-012,mission:San d'Oria:3:step-001,mission:San d'Oria:3:step-026,mission:San d'Oria:4:step-003,mission:San d'Oria:4:step-024,mission:San d'Oria:5:step-004,mission:San d'Oria:5:step-007,mission:San d'Oria:5:step-015,mission:Windurst:10:step-002,mission:Windurst:11:step-003,mission:Windurst:13:step-003,mission:Windurst:17:step-003,mission:Windurst:18:step-002,mission:Windurst:19:step-001,mission:Windurst:1:step-002,mission:Windurst:20:step-002,mission:Windurst:21:step-002,mission:Windurst:23:step-003,mission:Windurst:3:step-023,mission:Windurst:4:step-002,mission:Windurst:6:step-002,mission:Windurst:7:step-002,mission:Windurst:8:step-002,mission:Windurst:9:step-002	mesh-connected	4	2.160	0.000	1	1
231	Northern San d'Oria	Grilau	npc:v1:231:17723426	-241.987	57.887	7.999	1634939514	100	West Ronfaure	-234.393	106.009	-5.741	mission:Bastok:10:step-001,mission:Bastok:11:step-001,mission:Bastok:12:step-002,mission:Bastok:12:step-023,mission:Bastok:13:step-001,mission:Bastok:15:step-002,mission:Bastok:17:step-001,mission:Bastok:18:step-001,mission:Bastok:19:step-001,mission:Bastok:1:step-001,mission:Bastok:20:step-001,mission:Bastok:22:step-001,mission:Bastok:23:step-001,mission:Bastok:24:step-001,mission:Bastok:2:step-001,mission:Bastok:3:step-001,mission:Bastok:3:step-013,mission:Bastok:4:step-001,mission:Bastok:5:step-001,mission:Bastok:6:step-001,mission:Bastok:7:step-001,mission:Bastok:8:step-001,mission:Bastok:9:step-001,mission:San d'Oria:12:step-001,mission:San d'Oria:12:step-002,mission:San d'Oria:12:step-003,mission:San d'Oria:12:step-007,mission:San d'Oria:13:step-002,mission:San d'Oria:15:step-005,mission:San d'Oria:17:step-001,mission:San d'Oria:18:step-001,mission:San d'Oria:18:step-023,mission:San d'Oria:18:step-024,mission:San d'Oria:18:step-029,mission:San d'Oria:19:step-001,mission:San d'Oria:1:step-001,mission:San d'Oria:1:step-004,mission:San d'Oria:1:step-007,mission:San d'Oria:20:step-002,mission:San d'Oria:20:step-004,mission:San d'Oria:21:step-001,mission:San d'Oria:22:step-001,mission:San d'Oria:23:step-001,mission:San d'Oria:24:step-001,mission:San d'Oria:2:step-001,mission:San d'Oria:2:step-012,mission:San d'Oria:3:step-001,mission:San d'Oria:3:step-026,mission:San d'Oria:4:step-003,mission:San d'Oria:4:step-024,mission:San d'Oria:5:step-004,mission:San d'Oria:5:step-007,mission:San d'Oria:5:step-015,mission:Windurst:10:step-002,mission:Windurst:11:step-003,mission:Windurst:13:step-003,mission:Windurst:17:step-003,mission:Windurst:18:step-002,mission:Windurst:19:step-001,mission:Windurst:1:step-002,mission:Windurst:20:step-002,mission:Windurst:21:step-002,mission:Windurst:23:step-003,mission:Windurst:3:step-023,mission:Windurst:4:step-002,mission:Windurst:6:step-002,mission:Windurst:7:step-002,mission:Windurst:8:step-002,mission:Windurst:9:step-002	mesh-connected	9	1.541	0.000	1	1
231	Northern San d'Oria	Grilau	npc:v1:231:17723426	-241.987	57.887	7.999	879048314	230	Southern San d'Oria	0.007	-32.470	-2.315	mission:Bastok:10:step-001,mission:Bastok:11:step-001,mission:Bastok:12:step-002,mission:Bastok:12:step-023,mission:Bastok:13:step-001,mission:Bastok:15:step-002,mission:Bastok:17:step-001,mission:Bastok:18:step-001,mission:Bastok:19:step-001,mission:Bastok:1:step-001,mission:Bastok:20:step-001,mission:Bastok:22:step-001,mission:Bastok:23:step-001,mission:Bastok:24:step-001,mission:Bastok:2:step-001,mission:Bastok:3:step-001,mission:Bastok:3:step-013,mission:Bastok:4:step-001,mission:Bastok:5:step-001,mission:Bastok:6:step-001,mission:Bastok:7:step-001,mission:Bastok:8:step-001,mission:Bastok:9:step-001,mission:San d'Oria:12:step-001,mission:San d'Oria:12:step-002,mission:San d'Oria:12:step-003,mission:San d'Oria:12:step-007,mission:San d'Oria:13:step-002,mission:San d'Oria:15:step-005,mission:San d'Oria:17:step-001,mission:San d'Oria:18:step-001,mission:San d'Oria:18:step-023,mission:San d'Oria:18:step-024,mission:San d'Oria:18:step-029,mission:San d'Oria:19:step-001,mission:San d'Oria:1:step-001,mission:San d'Oria:1:step-004,mission:San d'Oria:1:step-007,mission:San d'Oria:20:step-002,mission:San d'Oria:20:step-004,mission:San d'Oria:21:step-001,mission:San d'Oria:22:step-001,mission:San d'Oria:23:step-001,mission:San d'Oria:24:step-001,mission:San d'Oria:2:step-001,mission:San d'Oria:2:step-012,mission:San d'Oria:3:step-001,mission:San d'Oria:3:step-026,mission:San d'Oria:4:step-003,mission:San d'Oria:4:step-024,mission:San d'Oria:5:step-004,mission:San d'Oria:5:step-007,mission:San d'Oria:5:step-015,mission:Windurst:10:step-002,mission:Windurst:11:step-003,mission:Windurst:13:step-003,mission:Windurst:17:step-003,mission:Windurst:18:step-002,mission:Windurst:19:step-001,mission:Windurst:1:step-002,mission:Windurst:20:step-002,mission:Windurst:21:step-002,mission:Windurst:23:step-003,mission:Windurst:3:step-023,mission:Windurst:4:step-002,mission:Windurst:6:step-002,mission:Windurst:7:step-002,mission:Windurst:8:step-002,mission:Windurst:9:step-002	mesh-connected	17	2.115	0.000	1	1
231	Northern San d'Oria	Grilau	npc:v1:231:17723426	-241.987	57.887	7.999	846359930	231	Northern San d'Oria	132.764	-6.178	-2.320	mission:Bastok:10:step-001,mission:Bastok:11:step-001,mission:Bastok:12:step-002,mission:Bastok:12:step-023,mission:Bastok:13:step-001,mission:Bastok:15:step-002,mission:Bastok:17:step-001,mission:Bastok:18:step-001,mission:Bastok:19:step-001,mission:Bastok:1:step-001,mission:Bastok:20:step-001,mission:Bastok:22:step-001,mission:Bastok:23:step-001,mission:Bastok:24:step-001,mission:Bastok:2:step-001,mission:Bastok:3:step-001,mission:Bastok:3:step-013,mission:Bastok:4:step-001,mission:Bastok:5:step-001,mission:Bastok:6:step-001,mission:Bastok:7:step-001,mission:Bastok:8:step-001,mission:Bastok:9:step-001,mission:San d'Oria:12:step-001,mission:San d'Oria:12:step-002,mission:San d'Oria:12:step-003,mission:San d'Oria:12:step-007,mission:San d'Oria:13:step-002,mission:San d'Oria:15:step-005,mission:San d'Oria:17:step-001,mission:San d'Oria:18:step-001,mission:San d'Oria:18:step-023,mission:San d'Oria:18:step-024,mission:San d'Oria:18:step-029,mission:San d'Oria:19:step-001,mission:San d'Oria:1:step-001,mission:San d'Oria:1:step-004,mission:San d'Oria:1:step-007,mission:San d'Oria:20:step-002,mission:San d'Oria:20:step-004,mission:San d'Oria:21:step-001,mission:San d'Oria:22:step-001,mission:San d'Oria:23:step-001,mission:San d'Oria:24:step-001,mission:San d'Oria:2:step-001,mission:San d'Oria:2:step-012,mission:San d'Oria:3:step-001,mission:San d'Oria:3:step-026,mission:San d'Oria:4:step-003,mission:San d'Oria:4:step-024,mission:San d'Oria:5:step-004,mission:San d'Oria:5:step-007,mission:San d'Oria:5:step-015,mission:Windurst:10:step-002,mission:Windurst:11:step-003,mission:Windurst:13:step-003,mission:Windurst:17:step-003,mission:Windurst:18:step-002,mission:Windurst:19:step-001,mission:Windurst:1:step-002,mission:Windurst:20:step-002,mission:Windurst:21:step-002,mission:Windurst:23:step-003,mission:Windurst:3:step-023,mission:Windurst:4:step-002,mission:Windurst:6:step-002,mission:Windurst:7:step-002,mission:Windurst:8:step-002,mission:Windurst:9:step-002	mesh-connected	23	2.120	0.000	1	1
231	Northern San d'Oria	Grilau	npc:v1:231:17723426	-241.987	57.887	7.999	812070522	232	Port San d'Oria	-125.375	268.640	11.949	mission:Bastok:10:step-001,mission:Bastok:11:step-001,mission:Bastok:12:step-002,mission:Bastok:12:step-023,mission:Bastok:13:step-001,mission:Bastok:15:step-002,mission:Bastok:17:step-001,mission:Bastok:18:step-001,mission:Bastok:19:step-001,mission:Bastok:1:step-001,mission:Bastok:20:step-001,mission:Bastok:22:step-001,mission:Bastok:23:step-001,mission:Bastok:24:step-001,mission:Bastok:2:step-001,mission:Bastok:3:step-001,mission:Bastok:3:step-013,mission:Bastok:4:step-001,mission:Bastok:5:step-001,mission:Bastok:6:step-001,mission:Bastok:7:step-001,mission:Bastok:8:step-001,mission:Bastok:9:step-001,mission:San d'Oria:12:step-001,mission:San d'Oria:12:step-002,mission:San d'Oria:12:step-003,mission:San d'Oria:12:step-007,mission:San d'Oria:13:step-002,mission:San d'Oria:15:step-005,mission:San d'Oria:17:step-001,mission:San d'Oria:18:step-001,mission:San d'Oria:18:step-023,mission:San d'Oria:18:step-024,mission:San d'Oria:18:step-029,mission:San d'Oria:19:step-001,mission:San d'Oria:1:step-001,mission:San d'Oria:1:step-004,mission:San d'Oria:1:step-007,mission:San d'Oria:20:step-002,mission:San d'Oria:20:step-004,mission:San d'Oria:21:step-001,mission:San d'Oria:22:step-001,mission:San d'Oria:23:step-001,mission:San d'Oria:24:step-001,mission:San d'Oria:2:step-001,mission:San d'Oria:2:step-012,mission:San d'Oria:3:step-001,mission:San d'Oria:3:step-026,mission:San d'Oria:4:step-003,mission:San d'Oria:4:step-024,mission:San d'Oria:5:step-004,mission:San d'Oria:5:step-007,mission:San d'Oria:5:step-015,mission:Windurst:10:step-002,mission:Windurst:11:step-003,mission:Windurst:13:step-003,mission:Windurst:17:step-003,mission:Windurst:18:step-002,mission:Windurst:19:step-001,mission:Windurst:1:step-002,mission:Windurst:20:step-002,mission:Windurst:21:step-002,mission:Windurst:23:step-003,mission:Windurst:3:step-023,mission:Windurst:4:step-002,mission:Windurst:6:step-002,mission:Windurst:7:step-002,mission:Windurst:8:step-002,mission:Windurst:9:step-002	mesh-connected	15	0.149	0.000	1	1
231	Northern San d'Oria	Helaku		51.617	-15.543	-2.000	875704442	2	Carpenters' Landing	-127.472	195.478	10.500	mission:Bastok:10:step-005,mission:Bastok:10:step-039,mission:Bastok:6:step-005,mission:Bastok:6:step-039,mission:Bastok:7:step-005,mission:Bastok:7:step-039,mission:Bastok:8:step-005,mission:Bastok:8:step-039,mission:Bastok:9:step-005,mission:Bastok:9:step-039	mesh-no-path	1	277.054	0.000	1	1
231	Northern San d'Oria	Helaku		51.617	-15.543	-2.000	846410362	100	West Ronfaure	-248.893	44.026	4.640	mission:Bastok:10:step-005,mission:Bastok:10:step-039,mission:Bastok:6:step-005,mission:Bastok:6:step-039,mission:Bastok:7:step-005,mission:Bastok:7:step-039,mission:Bastok:8:step-005,mission:Bastok:8:step-039,mission:Bastok:9:step-005,mission:Bastok:9:step-039	mesh-no-path	1	306.429	0.000	1	1
231	Northern San d'Oria	Helaku		51.617	-15.543	-2.000	1634939514	100	West Ronfaure	-234.393	106.009	-5.741	mission:Bastok:10:step-005,mission:Bastok:10:step-039,mission:Bastok:6:step-005,mission:Bastok:6:step-039,mission:Bastok:7:step-005,mission:Bastok:7:step-039,mission:Bastok:8:step-005,mission:Bastok:8:step-039,mission:Bastok:9:step-005,mission:Bastok:9:step-039	mesh-no-path	1	310.790	0.000	1	1
231	Northern San d'Oria	Helaku		51.617	-15.543	-2.000	879048314	230	Southern San d'Oria	0.007	-32.470	-2.315	mission:Bastok:10:step-005,mission:Bastok:10:step-039,mission:Bastok:6:step-005,mission:Bastok:6:step-039,mission:Bastok:7:step-005,mission:Bastok:7:step-039,mission:Bastok:8:step-005,mission:Bastok:8:step-039,mission:Bastok:9:step-005,mission:Bastok:9:step-039	mesh-no-path	1	54.316	0.000	1	1
231	Northern San d'Oria	Helaku		51.617	-15.543	-2.000	846359930	231	Northern San d'Oria	132.764	-6.178	-2.320	mission:Bastok:10:step-005,mission:Bastok:10:step-039,mission:Bastok:6:step-005,mission:Bastok:6:step-039,mission:Bastok:7:step-005,mission:Bastok:7:step-039,mission:Bastok:8:step-005,mission:Bastok:8:step-039,mission:Bastok:9:step-005,mission:Bastok:9:step-039	mesh-no-path	1	81.686	0.000	1	1
231	Northern San d'Oria	Helaku		51.617	-15.543	-2.000	812070522	232	Port San d'Oria	-125.375	268.640	11.949	mission:Bastok:10:step-005,mission:Bastok:10:step-039,mission:Bastok:6:step-005,mission:Bastok:6:step-039,mission:Bastok:7:step-005,mission:Bastok:7:step-039,mission:Bastok:8:step-005,mission:Bastok:8:step-039,mission:Bastok:9:step-005,mission:Bastok:9:step-039	mesh-no-path	1	335.083	0.000	1	1
231	Northern San d'Oria	Helaku	npc:v1:231:17723452	51.617	-15.543	-2.000	875704442	2	Carpenters' Landing	-127.472	195.478	10.500	mission:Bastok:10:step-005,mission:Bastok:10:step-039,mission:Bastok:6:step-005,mission:Bastok:6:step-039,mission:Bastok:7:step-005,mission:Bastok:7:step-039,mission:Bastok:8:step-005,mission:Bastok:8:step-039,mission:Bastok:9:step-005,mission:Bastok:9:step-039	mesh-no-path	1	277.054	0.000	1	1
231	Northern San d'Oria	Helaku	npc:v1:231:17723452	51.617	-15.543	-2.000	846410362	100	West Ronfaure	-248.893	44.026	4.640	mission:Bastok:10:step-005,mission:Bastok:10:step-039,mission:Bastok:6:step-005,mission:Bastok:6:step-039,mission:Bastok:7:step-005,mission:Bastok:7:step-039,mission:Bastok:8:step-005,mission:Bastok:8:step-039,mission:Bastok:9:step-005,mission:Bastok:9:step-039	mesh-no-path	1	306.429	0.000	1	1
231	Northern San d'Oria	Helaku	npc:v1:231:17723452	51.617	-15.543	-2.000	1634939514	100	West Ronfaure	-234.393	106.009	-5.741	mission:Bastok:10:step-005,mission:Bastok:10:step-039,mission:Bastok:6:step-005,mission:Bastok:6:step-039,mission:Bastok:7:step-005,mission:Bastok:7:step-039,mission:Bastok:8:step-005,mission:Bastok:8:step-039,mission:Bastok:9:step-005,mission:Bastok:9:step-039	mesh-no-path	1	310.790	0.000	1	1
231	Northern San d'Oria	Helaku	npc:v1:231:17723452	51.617	-15.543	-2.000	879048314	230	Southern San d'Oria	0.007	-32.470	-2.315	mission:Bastok:10:step-005,mission:Bastok:10:step-039,mission:Bastok:6:step-005,mission:Bastok:6:step-039,mission:Bastok:7:step-005,mission:Bastok:7:step-039,mission:Bastok:8:step-005,mission:Bastok:8:step-039,mission:Bastok:9:step-005,mission:Bastok:9:step-039	mesh-no-path	1	54.316	0.000	1	1
231	Northern San d'Oria	Helaku	npc:v1:231:17723452	51.617	-15.543	-2.000	846359930	231	Northern San d'Oria	132.764	-6.178	-2.320	mission:Bastok:10:step-005,mission:Bastok:10:step-039,mission:Bastok:6:step-005,mission:Bastok:6:step-039,mission:Bastok:7:step-005,mission:Bastok:7:step-039,mission:Bastok:8:step-005,mission:Bastok:8:step-039,mission:Bastok:9:step-005,mission:Bastok:9:step-039	mesh-no-path	1	81.686	0.000	1	1
231	Northern San d'Oria	Helaku	npc:v1:231:17723452	51.617	-15.543	-2.000	812070522	232	Port San d'Oria	-125.375	268.640	11.949	mission:Bastok:10:step-005,mission:Bastok:10:step-039,mission:Bastok:6:step-005,mission:Bastok:6:step-039,mission:Bastok:7:step-005,mission:Bastok:7:step-039,mission:Bastok:8:step-005,mission:Bastok:8:step-039,mission:Bastok:9:step-005,mission:Bastok:9:step-039	mesh-no-path	1	335.083	0.000	1	1
231	Northern San d'Oria	Heruze-Moruze		-56.318	36.479	-2.600	875704442	2	Carpenters' Landing	-127.472	195.478	10.500	mission:Windurst:10:step-006,mission:Windurst:6:step-006,mission:Windurst:7:step-006,mission:Windurst:8:step-006,mission:Windurst:9:step-006	mesh-no-path	1	174.686	0.000	1	1
231	Northern San d'Oria	Heruze-Moruze		-56.318	36.479	-2.600	846410362	100	West Ronfaure	-248.893	44.026	4.640	mission:Windurst:10:step-006,mission:Windurst:6:step-006,mission:Windurst:7:step-006,mission:Windurst:8:step-006,mission:Windurst:9:step-006	mesh-no-path	1	192.859	0.000	1	1
231	Northern San d'Oria	Heruze-Moruze		-56.318	36.479	-2.600	1634939514	100	West Ronfaure	-234.393	106.009	-5.741	mission:Windurst:10:step-006,mission:Windurst:6:step-006,mission:Windurst:7:step-006,mission:Windurst:8:step-006,mission:Windurst:9:step-006	mesh-no-path	1	191.194	0.000	1	1
231	Northern San d'Oria	Heruze-Moruze		-56.318	36.479	-2.600	879048314	230	Southern San d'Oria	0.007	-32.470	-2.315	mission:Windurst:10:step-006,mission:Windurst:6:step-006,mission:Windurst:7:step-006,mission:Windurst:8:step-006,mission:Windurst:9:step-006	mesh-no-path	1	89.031	0.000	1	1
231	Northern San d'Oria	Heruze-Moruze		-56.318	36.479	-2.600	846359930	231	Northern San d'Oria	132.764	-6.178	-2.320	mission:Windurst:10:step-006,mission:Windurst:6:step-006,mission:Windurst:7:step-006,mission:Windurst:8:step-006,mission:Windurst:9:step-006	mesh-no-path	1	193.834	0.000	1	1
231	Northern San d'Oria	Heruze-Moruze		-56.318	36.479	-2.600	812070522	232	Port San d'Oria	-125.375	268.640	11.949	mission:Windurst:10:step-006,mission:Windurst:6:step-006,mission:Windurst:7:step-006,mission:Windurst:8:step-006,mission:Windurst:9:step-006	mesh-no-path	1	242.651	0.000	1	1
231	Northern San d'Oria	Heruze-Moruze	npc:v1:231:17723461	-56.318	36.479	-2.600	875704442	2	Carpenters' Landing	-127.472	195.478	10.500	mission:Windurst:10:step-006,mission:Windurst:6:step-006,mission:Windurst:7:step-006,mission:Windurst:8:step-006,mission:Windurst:9:step-006	mesh-no-path	1	174.686	0.000	1	1
231	Northern San d'Oria	Heruze-Moruze	npc:v1:231:17723461	-56.318	36.479	-2.600	846410362	100	West Ronfaure	-248.893	44.026	4.640	mission:Windurst:10:step-006,mission:Windurst:6:step-006,mission:Windurst:7:step-006,mission:Windurst:8:step-006,mission:Windurst:9:step-006	mesh-no-path	1	192.859	0.000	1	1
231	Northern San d'Oria	Heruze-Moruze	npc:v1:231:17723461	-56.318	36.479	-2.600	1634939514	100	West Ronfaure	-234.393	106.009	-5.741	mission:Windurst:10:step-006,mission:Windurst:6:step-006,mission:Windurst:7:step-006,mission:Windurst:8:step-006,mission:Windurst:9:step-006	mesh-no-path	1	191.194	0.000	1	1
231	Northern San d'Oria	Heruze-Moruze	npc:v1:231:17723461	-56.318	36.479	-2.600	879048314	230	Southern San d'Oria	0.007	-32.470	-2.315	mission:Windurst:10:step-006,mission:Windurst:6:step-006,mission:Windurst:7:step-006,mission:Windurst:8:step-006,mission:Windurst:9:step-006	mesh-no-path	1	89.031	0.000	1	1
231	Northern San d'Oria	Heruze-Moruze	npc:v1:231:17723461	-56.318	36.479	-2.600	846359930	231	Northern San d'Oria	132.764	-6.178	-2.320	mission:Windurst:10:step-006,mission:Windurst:6:step-006,mission:Windurst:7:step-006,mission:Windurst:8:step-006,mission:Windurst:9:step-006	mesh-no-path	1	193.834	0.000	1	1
231	Northern San d'Oria	Heruze-Moruze	npc:v1:231:17723461	-56.318	36.479	-2.600	812070522	232	Port San d'Oria	-125.375	268.640	11.949	mission:Windurst:10:step-006,mission:Windurst:6:step-006,mission:Windurst:7:step-006,mission:Windurst:8:step-006,mission:Windurst:9:step-006	mesh-no-path	1	242.651	0.000	1	1
231	Northern San d'Oria	Kasaroro		-72.331	34.397	-2.600	875704442	2	Carpenters' Landing	-127.472	195.478	10.500	mission:Windurst:10:step-040,mission:Windurst:6:step-040,mission:Windurst:7:step-040,mission:Windurst:8:step-040,mission:Windurst:9:step-040	mesh-connected	24	1.300	0.000	1	1
231	Northern San d'Oria	Kasaroro		-72.331	34.397	-2.600	846410362	100	West Ronfaure	-248.893	44.026	4.640	mission:Windurst:10:step-040,mission:Windurst:6:step-040,mission:Windurst:7:step-040,mission:Windurst:8:step-040,mission:Windurst:9:step-040	mesh-connected	21	2.160	0.000	1	1
231	Northern San d'Oria	Kasaroro		-72.331	34.397	-2.600	1634939514	100	West Ronfaure	-234.393	106.009	-5.741	mission:Windurst:10:step-040,mission:Windurst:6:step-040,mission:Windurst:7:step-040,mission:Windurst:8:step-040,mission:Windurst:9:step-040	mesh-connected	17	1.541	0.000	1	1
231	Northern San d'Oria	Kasaroro		-72.331	34.397	-2.600	879048314	230	Southern San d'Oria	0.007	-32.470	-2.315	mission:Windurst:10:step-040,mission:Windurst:6:step-040,mission:Windurst:7:step-040,mission:Windurst:8:step-040,mission:Windurst:9:step-040	mesh-connected	7	2.115	0.000	1	1
231	Northern San d'Oria	Kasaroro		-72.331	34.397	-2.600	846359930	231	Northern San d'Oria	132.764	-6.178	-2.320	mission:Windurst:10:step-040,mission:Windurst:6:step-040,mission:Windurst:7:step-040,mission:Windurst:8:step-040,mission:Windurst:9:step-040	mesh-connected	20	2.120	0.000	1	1
231	Northern San d'Oria	Kasaroro		-72.331	34.397	-2.600	812070522	232	Port San d'Oria	-125.375	268.640	11.949	mission:Windurst:10:step-040,mission:Windurst:6:step-040,mission:Windurst:7:step-040,mission:Windurst:8:step-040,mission:Windurst:9:step-040	mesh-connected	25	0.149	0.000	1	1
231	Northern San d'Oria	Kasaroro	npc:v1:231:17723459	-72.331	34.397	-2.600	875704442	2	Carpenters' Landing	-127.472	195.478	10.500	mission:Windurst:10:step-007,mission:Windurst:10:step-040,mission:Windurst:6:step-007,mission:Windurst:6:step-040,mission:Windurst:7:step-007,mission:Windurst:7:step-040,mission:Windurst:8:step-007,mission:Windurst:8:step-040,mission:Windurst:9:step-007,mission:Windurst:9:step-040	mesh-connected	24	1.300	0.000	1	1
231	Northern San d'Oria	Kasaroro	npc:v1:231:17723459	-72.331	34.397	-2.600	846410362	100	West Ronfaure	-248.893	44.026	4.640	mission:Windurst:10:step-007,mission:Windurst:10:step-040,mission:Windurst:6:step-007,mission:Windurst:6:step-040,mission:Windurst:7:step-007,mission:Windurst:7:step-040,mission:Windurst:8:step-007,mission:Windurst:8:step-040,mission:Windurst:9:step-007,mission:Windurst:9:step-040	mesh-connected	21	2.160	0.000	1	1
231	Northern San d'Oria	Kasaroro	npc:v1:231:17723459	-72.331	34.397	-2.600	1634939514	100	West Ronfaure	-234.393	106.009	-5.741	mission:Windurst:10:step-007,mission:Windurst:10:step-040,mission:Windurst:6:step-007,mission:Windurst:6:step-040,mission:Windurst:7:step-007,mission:Windurst:7:step-040,mission:Windurst:8:step-007,mission:Windurst:8:step-040,mission:Windurst:9:step-007,mission:Windurst:9:step-040	mesh-connected	17	1.541	0.000	1	1
231	Northern San d'Oria	Kasaroro	npc:v1:231:17723459	-72.331	34.397	-2.600	879048314	230	Southern San d'Oria	0.007	-32.470	-2.315	mission:Windurst:10:step-007,mission:Windurst:10:step-040,mission:Windurst:6:step-007,mission:Windurst:6:step-040,mission:Windurst:7:step-007,mission:Windurst:7:step-040,mission:Windurst:8:step-007,mission:Windurst:8:step-040,mission:Windurst:9:step-007,mission:Windurst:9:step-040	mesh-connected	7	2.115	0.000	1	1
231	Northern San d'Oria	Kasaroro	npc:v1:231:17723459	-72.331	34.397	-2.600	846359930	231	Northern San d'Oria	132.764	-6.178	-2.320	mission:Windurst:10:step-007,mission:Windurst:10:step-040,mission:Windurst:6:step-007,mission:Windurst:6:step-040,mission:Windurst:7:step-007,mission:Windurst:7:step-040,mission:Windurst:8:step-007,mission:Windurst:8:step-040,mission:Windurst:9:step-007,mission:Windurst:9:step-040	mesh-connected	20	2.120	0.000	1	1
231	Northern San d'Oria	Kasaroro	npc:v1:231:17723459	-72.331	34.397	-2.600	812070522	232	Port San d'Oria	-125.375	268.640	11.949	mission:Windurst:10:step-007,mission:Windurst:10:step-040,mission:Windurst:6:step-007,mission:Windurst:6:step-040,mission:Windurst:7:step-007,mission:Windurst:7:step-040,mission:Windurst:8:step-007,mission:Windurst:8:step-040,mission:Windurst:9:step-007,mission:Windurst:9:step-040	mesh-connected	25	0.149	0.000	1	1
231	Northern San d'Oria	Survival Guide		-174.000	80.000	4.000	875704442	2	Carpenters' Landing	-127.472	195.478	10.500	mission:San d'Oria:11:step-008,mission:Windurst:10:step-010,mission:Windurst:6:step-010,mission:Windurst:7:step-010,mission:Windurst:8:step-010,mission:Windurst:9:step-010	mesh-connected	13	1.300	0.000	1	1
231	Northern San d'Oria	Survival Guide		-174.000	80.000	4.000	846410362	100	West Ronfaure	-248.893	44.026	4.640	mission:San d'Oria:11:step-008,mission:Windurst:10:step-010,mission:Windurst:6:step-010,mission:Windurst:7:step-010,mission:Windurst:8:step-010,mission:Windurst:9:step-010	mesh-connected	4	2.160	0.000	1	1
231	Northern San d'Oria	Survival Guide		-174.000	80.000	4.000	1634939514	100	West Ronfaure	-234.393	106.009	-5.741	mission:San d'Oria:11:step-008,mission:Windurst:10:step-010,mission:Windurst:6:step-010,mission:Windurst:7:step-010,mission:Windurst:8:step-010,mission:Windurst:9:step-010	mesh-connected	6	1.541	0.000	1	1
231	Northern San d'Oria	Survival Guide		-174.000	80.000	4.000	879048314	230	Southern San d'Oria	0.007	-32.470	-2.315	mission:San d'Oria:11:step-008,mission:Windurst:10:step-010,mission:Windurst:6:step-010,mission:Windurst:7:step-010,mission:Windurst:8:step-010,mission:Windurst:9:step-010	mesh-connected	16	2.115	0.000	1	1
231	Northern San d'Oria	Survival Guide		-174.000	80.000	4.000	846359930	231	Northern San d'Oria	132.764	-6.178	-2.320	mission:San d'Oria:11:step-008,mission:Windurst:10:step-010,mission:Windurst:6:step-010,mission:Windurst:7:step-010,mission:Windurst:8:step-010,mission:Windurst:9:step-010	mesh-connected	24	2.120	0.000	1	1
231	Northern San d'Oria	Survival Guide		-174.000	80.000	4.000	812070522	232	Port San d'Oria	-125.375	268.640	11.949	mission:San d'Oria:11:step-008,mission:Windurst:10:step-010,mission:Windurst:6:step-010,mission:Windurst:7:step-010,mission:Windurst:8:step-010,mission:Windurst:9:step-010	mesh-connected	14	0.149	0.000	1	1
231	Northern San d'Oria	Survival Guide		-175.210	80.000	4.000	875704442	2	Carpenters' Landing	-127.472	195.478	10.500	mission:San d'Oria:11:step-008,mission:Windurst:10:step-010,mission:Windurst:6:step-010,mission:Windurst:7:step-010,mission:Windurst:8:step-010,mission:Windurst:9:step-010	mesh-connected	13	1.300	0.000	1	1
231	Northern San d'Oria	Survival Guide		-175.210	80.000	4.000	846410362	100	West Ronfaure	-248.893	44.026	4.640	mission:San d'Oria:11:step-008,mission:Windurst:10:step-010,mission:Windurst:6:step-010,mission:Windurst:7:step-010,mission:Windurst:8:step-010,mission:Windurst:9:step-010	mesh-connected	4	2.160	0.000	1	1
231	Northern San d'Oria	Survival Guide		-175.210	80.000	4.000	1634939514	100	West Ronfaure	-234.393	106.009	-5.741	mission:San d'Oria:11:step-008,mission:Windurst:10:step-010,mission:Windurst:6:step-010,mission:Windurst:7:step-010,mission:Windurst:8:step-010,mission:Windurst:9:step-010	mesh-connected	6	1.541	0.000	1	1
231	Northern San d'Oria	Survival Guide		-175.210	80.000	4.000	879048314	230	Southern San d'Oria	0.007	-32.470	-2.315	mission:San d'Oria:11:step-008,mission:Windurst:10:step-010,mission:Windurst:6:step-010,mission:Windurst:7:step-010,mission:Windurst:8:step-010,mission:Windurst:9:step-010	mesh-connected	16	2.115	0.000	1	1
231	Northern San d'Oria	Survival Guide		-175.210	80.000	4.000	846359930	231	Northern San d'Oria	132.764	-6.178	-2.320	mission:San d'Oria:11:step-008,mission:Windurst:10:step-010,mission:Windurst:6:step-010,mission:Windurst:7:step-010,mission:Windurst:8:step-010,mission:Windurst:9:step-010	mesh-connected	24	2.120	0.000	1	1
231	Northern San d'Oria	Survival Guide		-175.210	80.000	4.000	812070522	232	Port San d'Oria	-125.375	268.640	11.949	mission:San d'Oria:11:step-008,mission:Windurst:10:step-010,mission:Windurst:6:step-010,mission:Windurst:7:step-010,mission:Windurst:8:step-010,mission:Windurst:9:step-010	mesh-connected	14	0.149	0.000	1	1
231	Northern San d'Oria	Survival Guide	object:v1:231:17723823	-174.000	80.000	4.000	875704442	2	Carpenters' Landing	-127.472	195.478	10.500	mission:San d'Oria:11:step-008,mission:Windurst:10:step-010,mission:Windurst:6:step-010,mission:Windurst:7:step-010,mission:Windurst:8:step-010,mission:Windurst:9:step-010	mesh-connected	13	1.300	0.000	1	1
231	Northern San d'Oria	Survival Guide	object:v1:231:17723823	-174.000	80.000	4.000	846410362	100	West Ronfaure	-248.893	44.026	4.640	mission:San d'Oria:11:step-008,mission:Windurst:10:step-010,mission:Windurst:6:step-010,mission:Windurst:7:step-010,mission:Windurst:8:step-010,mission:Windurst:9:step-010	mesh-connected	4	2.160	0.000	1	1
231	Northern San d'Oria	Survival Guide	object:v1:231:17723823	-174.000	80.000	4.000	1634939514	100	West Ronfaure	-234.393	106.009	-5.741	mission:San d'Oria:11:step-008,mission:Windurst:10:step-010,mission:Windurst:6:step-010,mission:Windurst:7:step-010,mission:Windurst:8:step-010,mission:Windurst:9:step-010	mesh-connected	6	1.541	0.000	1	1
231	Northern San d'Oria	Survival Guide	object:v1:231:17723823	-174.000	80.000	4.000	879048314	230	Southern San d'Oria	0.007	-32.470	-2.315	mission:San d'Oria:11:step-008,mission:Windurst:10:step-010,mission:Windurst:6:step-010,mission:Windurst:7:step-010,mission:Windurst:8:step-010,mission:Windurst:9:step-010	mesh-connected	16	2.115	0.000	1	1
231	Northern San d'Oria	Survival Guide	object:v1:231:17723823	-174.000	80.000	4.000	846359930	231	Northern San d'Oria	132.764	-6.178	-2.320	mission:San d'Oria:11:step-008,mission:Windurst:10:step-010,mission:Windurst:6:step-010,mission:Windurst:7:step-010,mission:Windurst:8:step-010,mission:Windurst:9:step-010	mesh-connected	24	2.120	0.000	1	1
231	Northern San d'Oria	Survival Guide	object:v1:231:17723823	-174.000	80.000	4.000	812070522	232	Port San d'Oria	-125.375	268.640	11.949	mission:San d'Oria:11:step-008,mission:Windurst:10:step-010,mission:Windurst:6:step-010,mission:Windurst:7:step-010,mission:Windurst:8:step-010,mission:Windurst:9:step-010	mesh-connected	14	0.149	0.000	1	1
233	Chateau d'Oraguille	Aramaviont		-25.526	-3.472	0.000	812528762	167	Bostaunieux Oubliette	14.872	24.002	8.918	mission:San d'Oria:24:step-009,mission:San d'Oria:24:step-045,mission:San d'Oria:24:step-052	mesh-connected	12	1.483	0.000	1	1
233	Chateau d'Oraguille	Aramaviont		-25.526	-3.472	0.000	231233001	231	Northern San d'Oria	0.000	-13.000	0.000	mission:San d'Oria:24:step-009,mission:San d'Oria:24:step-045,mission:San d'Oria:24:step-052	mesh-connected	6	0.199	0.000	1	1
233	Chateau d'Oraguille	Aramaviont	npc:v1:233:17731595	-25.526	-3.472	0.000	812528762	167	Bostaunieux Oubliette	14.872	24.002	8.918	mission:San d'Oria:24:step-009,mission:San d'Oria:24:step-045,mission:San d'Oria:24:step-052	mesh-connected	12	1.483	0.000	1	1
233	Chateau d'Oraguille	Aramaviont	npc:v1:233:17731595	-25.526	-3.472	0.000	231233001	231	Northern San d'Oria	0.000	-13.000	0.000	mission:San d'Oria:24:step-009,mission:San d'Oria:24:step-045,mission:San d'Oria:24:step-052	mesh-connected	6	0.199	0.000	1	1
233	Chateau d'Oraguille	Chalvatot		-105.998	72.233	0.398	812528762	167	Bostaunieux Oubliette	14.872	24.002	8.918	mission:San d'Oria:12:step-011	mesh-connected	25	1.483	0.000	1	1
233	Chateau d'Oraguille	Chalvatot		-105.998	72.233	0.398	231233001	231	Northern San d'Oria	0.000	-13.000	0.000	mission:San d'Oria:12:step-011	mesh-connected	19	0.199	0.000	1	1
233	Chateau d'Oraguille	Chalvatot	npc:v1:233:17731598	-105.998	72.233	0.398	812528762	167	Bostaunieux Oubliette	14.872	24.002	8.918	mission:San d'Oria:12:step-011	mesh-connected	25	1.483	0.000	1	1
233	Chateau d'Oraguille	Chalvatot	npc:v1:233:17731598	-105.998	72.233	0.398	231233001	231	Northern San d'Oria	0.000	-13.000	0.000	mission:San d'Oria:12:step-011	mesh-connected	19	0.199	0.000	1	1
233	Chateau d'Oraguille	Curilla		2.710	-0.964	0.000	812528762	167	Bostaunieux Oubliette	14.872	24.002	8.918	mission:San d'Oria:12:step-010,mission:San d'Oria:22:step-007,mission:San d'Oria:24:step-009,mission:San d'Oria:24:step-045,mission:San d'Oria:24:step-052	mesh-connected	11	1.483	0.000	1	1
233	Chateau d'Oraguille	Curilla		2.710	-0.964	0.000	231233001	231	Northern San d'Oria	0.000	-13.000	0.000	mission:San d'Oria:12:step-010,mission:San d'Oria:22:step-007,mission:San d'Oria:24:step-009,mission:San d'Oria:24:step-045,mission:San d'Oria:24:step-052	mesh-connected	3	0.199	0.000	1	1
233	Chateau d'Oraguille	Curilla		29.151	-0.908	0.000	812528762	167	Bostaunieux Oubliette	14.872	24.002	8.918	mission:San d'Oria:12:step-010,mission:San d'Oria:22:step-007,mission:San d'Oria:24:step-009,mission:San d'Oria:24:step-045,mission:San d'Oria:24:step-052	mesh-connected	13	1.483	0.000	1	1
233	Chateau d'Oraguille	Curilla		29.151	-0.908	0.000	231233001	231	Northern San d'Oria	0.000	-13.000	0.000	mission:San d'Oria:12:step-010,mission:San d'Oria:22:step-007,mission:San d'Oria:24:step-009,mission:San d'Oria:24:step-045,mission:San d'Oria:24:step-052	mesh-connected	8	0.199	0.000	1	1
233	Chateau d'Oraguille	Curilla	npc:v1:233:17731596	29.151	-0.908	0.000	812528762	167	Bostaunieux Oubliette	14.872	24.002	8.918	mission:San d'Oria:12:step-010,mission:San d'Oria:22:step-007,mission:San d'Oria:23:step-005,mission:San d'Oria:24:step-009,mission:San d'Oria:24:step-045,mission:San d'Oria:24:step-052	mesh-connected	13	1.483	0.000	1	1
233	Chateau d'Oraguille	Curilla	npc:v1:233:17731596	29.151	-0.908	0.000	231233001	231	Northern San d'Oria	0.000	-13.000	0.000	mission:San d'Oria:12:step-010,mission:San d'Oria:22:step-007,mission:San d'Oria:23:step-005,mission:San d'Oria:24:step-009,mission:San d'Oria:24:step-045,mission:San d'Oria:24:step-052	mesh-connected	8	0.199	0.000	1	1
233	Chateau d'Oraguille	Curilla	npc:v1:233:17731597	2.710	-0.964	0.000	812528762	167	Bostaunieux Oubliette	14.872	24.002	8.918	mission:San d'Oria:12:step-010,mission:San d'Oria:22:step-007,mission:San d'Oria:23:step-005,mission:San d'Oria:24:step-009,mission:San d'Oria:24:step-045,mission:San d'Oria:24:step-052	mesh-connected	11	1.483	0.000	1	1
233	Chateau d'Oraguille	Curilla	npc:v1:233:17731597	2.710	-0.964	0.000	231233001	231	Northern San d'Oria	0.000	-13.000	0.000	mission:San d'Oria:12:step-010,mission:San d'Oria:22:step-007,mission:San d'Oria:23:step-005,mission:San d'Oria:24:step-009,mission:San d'Oria:24:step-045,mission:San d'Oria:24:step-052	mesh-connected	3	0.199	0.000	1	1
233	Chateau d'Oraguille	Destin		0.001	43.255	-3.400	812528762	167	Bostaunieux Oubliette	14.872	24.002	8.918	mission:San d'Oria:17:step-006	mesh-connected	15	1.483	0.000	1	1
233	Chateau d'Oraguille	Destin		0.001	43.255	-3.400	231233001	231	Northern San d'Oria	0.000	-13.000	0.000	mission:San d'Oria:17:step-006	mesh-connected	3	0.199	0.000	1	1
233	Chateau d'Oraguille	Destin		-0.001	42.433	-3.398	812528762	167	Bostaunieux Oubliette	14.872	24.002	8.918	mission:San d'Oria:17:step-006	mesh-connected	15	1.483	0.000	1	1
233	Chateau d'Oraguille	Destin		-0.001	42.433	-3.398	231233001	231	Northern San d'Oria	0.000	-13.000	0.000	mission:San d'Oria:17:step-006	mesh-connected	3	0.199	0.000	1	1
233	Chateau d'Oraguille	Destin	npc:v1:233:17731585	0.001	43.255	-3.400	812528762	167	Bostaunieux Oubliette	14.872	24.002	8.918	mission:San d'Oria:17:step-006	mesh-connected	15	1.483	0.000	1	1
233	Chateau d'Oraguille	Destin	npc:v1:233:17731585	0.001	43.255	-3.400	231233001	231	Northern San d'Oria	0.000	-13.000	0.000	mission:San d'Oria:17:step-006	mesh-connected	3	0.199	0.000	1	1
233	Chateau d'Oraguille	Destin	npc:v1:233:17731586	-0.001	42.433	-3.398	812528762	167	Bostaunieux Oubliette	14.872	24.002	8.918	mission:San d'Oria:17:step-006	mesh-connected	15	1.483	0.000	1	1
233	Chateau d'Oraguille	Destin	npc:v1:233:17731586	-0.001	42.433	-3.398	231233001	231	Northern San d'Oria	0.000	-13.000	0.000	mission:San d'Oria:17:step-006	mesh-connected	3	0.199	0.000	1	1
233	Chateau d'Oraguille	Door:Prince Royal's Rm		-38.000	75.444	-4.951	812528762	167	Bostaunieux Oubliette	14.872	24.002	8.918	mission:San d'Oria:16:step-038	mesh-connected	15	1.483	0.000	1	1
233	Chateau d'Oraguille	Door:Prince Royal's Rm		-38.000	75.444	-4.951	231233001	231	Northern San d'Oria	0.000	-13.000	0.000	mission:San d'Oria:16:step-038	mesh-connected	9	0.199	0.000	1	1
233	Chateau d'Oraguille	Door:Prince Royal's Rm	object:v1:233:17731624	-38.000	75.444	-4.951	812528762	167	Bostaunieux Oubliette	14.872	24.002	8.918	mission:San d'Oria:16:step-038	mesh-connected	15	1.483	0.000	1	1
233	Chateau d'Oraguille	Door:Prince Royal's Rm	object:v1:233:17731624	-38.000	75.444	-4.951	231233001	231	Northern San d'Oria	0.000	-13.000	0.000	mission:San d'Oria:16:step-038	mesh-connected	9	0.199	0.000	1	1
233	Chateau d'Oraguille	Halver		2.420	1.966	0.000	812528762	167	Bostaunieux Oubliette	14.872	24.002	8.918	mission:Bastok:10:step-006,mission:Bastok:10:step-040,mission:Bastok:6:step-006,mission:Bastok:6:step-040,mission:Bastok:7:step-006,mission:Bastok:7:step-040,mission:Bastok:8:step-006,mission:Bastok:8:step-040,mission:Bastok:9:step-006,mission:Bastok:9:step-040,mission:San d'Oria:10:step-003,mission:San d'Oria:10:step-004,mission:San d'Oria:12:step-010,mission:San d'Oria:13:step-003,mission:San d'Oria:13:step-004,mission:San d'Oria:15:step-006,mission:San d'Oria:16:step-003,mission:San d'Oria:17:step-002,mission:San d'Oria:17:step-004,mission:San d'Oria:17:step-007,mission:San d'Oria:21:step-006,mission:San d'Oria:24:step-009,mission:San d'Oria:24:step-045,mission:San d'Oria:24:step-052,mission:San d'Oria:6:step-003,mission:San d'Oria:6:step-004,mission:San d'Oria:7:step-003,mission:San d'Oria:7:step-004,mission:San d'Oria:8:step-003,mission:San d'Oria:8:step-004,mission:San d'Oria:9:step-003,mission:San d'Oria:9:step-004,mission:Windurst:10:step-008,mission:Windurst:10:step-041,mission:Windurst:6:step-008,mission:Windurst:6:step-041,mission:Windurst:7:step-008,mission:Windurst:7:step-041,mission:Windurst:8:step-008,mission:Windurst:8:step-041,mission:Windurst:9:step-008,mission:Windurst:9:step-041	mesh-connected	12	1.483	0.000	1	1
233	Chateau d'Oraguille	Halver		2.420	1.966	0.000	231233001	231	Northern San d'Oria	0.000	-13.000	0.000	mission:Bastok:10:step-006,mission:Bastok:10:step-040,mission:Bastok:6:step-006,mission:Bastok:6:step-040,mission:Bastok:7:step-006,mission:Bastok:7:step-040,mission:Bastok:8:step-006,mission:Bastok:8:step-040,mission:Bastok:9:step-006,mission:Bastok:9:step-040,mission:San d'Oria:10:step-003,mission:San d'Oria:10:step-004,mission:San d'Oria:12:step-010,mission:San d'Oria:13:step-003,mission:San d'Oria:13:step-004,mission:San d'Oria:15:step-006,mission:San d'Oria:16:step-003,mission:San d'Oria:17:step-002,mission:San d'Oria:17:step-004,mission:San d'Oria:17:step-007,mission:San d'Oria:21:step-006,mission:San d'Oria:24:step-009,mission:San d'Oria:24:step-045,mission:San d'Oria:24:step-052,mission:San d'Oria:6:step-003,mission:San d'Oria:6:step-004,mission:San d'Oria:7:step-003,mission:San d'Oria:7:step-004,mission:San d'Oria:8:step-003,mission:San d'Oria:8:step-004,mission:San d'Oria:9:step-003,mission:San d'Oria:9:step-004,mission:Windurst:10:step-008,mission:Windurst:10:step-041,mission:Windurst:6:step-008,mission:Windurst:6:step-041,mission:Windurst:7:step-008,mission:Windurst:7:step-041,mission:Windurst:8:step-008,mission:Windurst:8:step-041,mission:Windurst:9:step-008,mission:Windurst:9:step-041	mesh-connected	3	0.199	0.000	1	1
233	Chateau d'Oraguille	Halver	npc:v1:233:17731591	2.420	1.966	0.000	812528762	167	Bostaunieux Oubliette	14.872	24.002	8.918	mission:Bastok:10:step-006,mission:Bastok:10:step-040,mission:Bastok:6:step-006,mission:Bastok:6:step-040,mission:Bastok:7:step-006,mission:Bastok:7:step-040,mission:Bastok:8:step-006,mission:Bastok:8:step-040,mission:Bastok:9:step-006,mission:Bastok:9:step-040,mission:San d'Oria:10:step-003,mission:San d'Oria:10:step-004,mission:San d'Oria:12:step-010,mission:San d'Oria:13:step-003,mission:San d'Oria:13:step-004,mission:San d'Oria:15:step-006,mission:San d'Oria:15:step-045,mission:San d'Oria:16:step-003,mission:San d'Oria:17:step-002,mission:San d'Oria:17:step-004,mission:San d'Oria:17:step-007,mission:San d'Oria:17:step-018,mission:San d'Oria:21:step-006,mission:San d'Oria:21:step-035,mission:San d'Oria:24:step-009,mission:San d'Oria:24:step-045,mission:San d'Oria:24:step-052,mission:San d'Oria:6:step-003,mission:San d'Oria:6:step-004,mission:San d'Oria:7:step-003,mission:San d'Oria:7:step-004,mission:San d'Oria:8:step-003,mission:San d'Oria:8:step-004,mission:San d'Oria:9:step-003,mission:San d'Oria:9:step-004,mission:Windurst:10:step-008,mission:Windurst:10:step-041,mission:Windurst:6:step-008,mission:Windurst:6:step-041,mission:Windurst:7:step-008,mission:Windurst:7:step-041,mission:Windurst:8:step-008,mission:Windurst:8:step-041,mission:Windurst:9:step-008,mission:Windurst:9:step-041	mesh-connected	12	1.483	0.000	1	1
233	Chateau d'Oraguille	Halver	npc:v1:233:17731591	2.420	1.966	0.000	231233001	231	Northern San d'Oria	0.000	-13.000	0.000	mission:Bastok:10:step-006,mission:Bastok:10:step-040,mission:Bastok:6:step-006,mission:Bastok:6:step-040,mission:Bastok:7:step-006,mission:Bastok:7:step-040,mission:Bastok:8:step-006,mission:Bastok:8:step-040,mission:Bastok:9:step-006,mission:Bastok:9:step-040,mission:San d'Oria:10:step-003,mission:San d'Oria:10:step-004,mission:San d'Oria:12:step-010,mission:San d'Oria:13:step-003,mission:San d'Oria:13:step-004,mission:San d'Oria:15:step-006,mission:San d'Oria:15:step-045,mission:San d'Oria:16:step-003,mission:San d'Oria:17:step-002,mission:San d'Oria:17:step-004,mission:San d'Oria:17:step-007,mission:San d'Oria:17:step-018,mission:San d'Oria:21:step-006,mission:San d'Oria:21:step-035,mission:San d'Oria:24:step-009,mission:San d'Oria:24:step-045,mission:San d'Oria:24:step-052,mission:San d'Oria:6:step-003,mission:San d'Oria:6:step-004,mission:San d'Oria:7:step-003,mission:San d'Oria:7:step-004,mission:San d'Oria:8:step-003,mission:San d'Oria:8:step-004,mission:San d'Oria:9:step-003,mission:San d'Oria:9:step-004,mission:Windurst:10:step-008,mission:Windurst:10:step-041,mission:Windurst:6:step-008,mission:Windurst:6:step-041,mission:Windurst:7:step-008,mission:Windurst:7:step-041,mission:Windurst:8:step-008,mission:Windurst:8:step-041,mission:Windurst:9:step-008,mission:Windurst:9:step-041	mesh-connected	3	0.199	0.000	1	1
233	Chateau d'Oraguille	Milchupain		-27.309	-1.284	0.000	812528762	167	Bostaunieux Oubliette	14.872	24.002	8.918	mission:San d'Oria:24:step-009,mission:San d'Oria:24:step-045	mesh-connected	13	1.483	0.000	1	1
233	Chateau d'Oraguille	Milchupain		-27.309	-1.284	0.000	231233001	231	Northern San d'Oria	0.000	-13.000	0.000	mission:San d'Oria:24:step-009,mission:San d'Oria:24:step-045	mesh-connected	8	0.199	0.000	1	1
233	Chateau d'Oraguille	Milchupain	npc:v1:233:17731594	-27.309	-1.284	0.000	812528762	167	Bostaunieux Oubliette	14.872	24.002	8.918	mission:San d'Oria:24:step-009,mission:San d'Oria:24:step-045	mesh-connected	13	1.483	0.000	1	1
233	Chateau d'Oraguille	Milchupain	npc:v1:233:17731594	-27.309	-1.284	0.000	231233001	231	Northern San d'Oria	0.000	-13.000	0.000	mission:San d'Oria:24:step-009,mission:San d'Oria:24:step-045	mesh-connected	8	0.199	0.000	1	1
233	Chateau d'Oraguille	Nachou		-39.965	34.292	-2.999	812528762	167	Bostaunieux Oubliette	14.872	24.002	8.918	mission:San d'Oria:24:step-009	mesh-connected	12	1.483	0.000	1	1
233	Chateau d'Oraguille	Nachou		-39.965	34.292	-2.999	231233001	231	Northern San d'Oria	0.000	-13.000	0.000	mission:San d'Oria:24:step-009	mesh-connected	6	0.199	0.000	1	1
233	Chateau d'Oraguille	Nachou	npc:v1:233:17731612	-39.965	34.292	-2.999	812528762	167	Bostaunieux Oubliette	14.872	24.002	8.918	mission:San d'Oria:24:step-009	mesh-connected	12	1.483	0.000	1	1
233	Chateau d'Oraguille	Nachou	npc:v1:233:17731612	-39.965	34.292	-2.999	231233001	231	Northern San d'Oria	0.000	-13.000	0.000	mission:San d'Oria:24:step-009	mesh-connected	6	0.199	0.000	1	1
233	Chateau d'Oraguille	Perfaumand		-39.965	69.850	-2.999	812528762	167	Bostaunieux Oubliette	14.872	24.002	8.918	mission:San d'Oria:24:step-009	mesh-connected	16	1.483	0.000	1	1
233	Chateau d'Oraguille	Perfaumand		-39.965	69.850	-2.999	231233001	231	Northern San d'Oria	0.000	-13.000	0.000	mission:San d'Oria:24:step-009	mesh-connected	10	0.199	0.000	1	1
233	Chateau d'Oraguille	Perfaumand	npc:v1:233:17731611	-39.965	69.850	-2.999	812528762	167	Bostaunieux Oubliette	14.872	24.002	8.918	mission:San d'Oria:24:step-009	mesh-connected	16	1.483	0.000	1	1
233	Chateau d'Oraguille	Perfaumand	npc:v1:233:17731611	-39.965	69.850	-2.999	231233001	231	Northern San d'Oria	0.000	-13.000	0.000	mission:San d'Oria:24:step-009	mesh-connected	10	0.199	0.000	1	1
233	Chateau d'Oraguille	Pieuje		-31.970	18.829	-3.749	812528762	167	Bostaunieux Oubliette	14.872	24.002	8.918	mission:San d'Oria:23:step-006,mission:San d'Oria:24:step-046	mesh-connected	16	1.483	0.000	1	1
233	Chateau d'Oraguille	Pieuje		-31.970	18.829	-3.749	231233001	231	Northern San d'Oria	0.000	-13.000	0.000	mission:San d'Oria:23:step-006,mission:San d'Oria:24:step-046	mesh-connected	10	0.199	0.000	1	1
233	Chateau d'Oraguille	Pieuje	npc:v1:233:17731589	-31.970	18.829	-3.749	812528762	167	Bostaunieux Oubliette	14.872	24.002	8.918	mission:San d'Oria:23:step-006,mission:San d'Oria:24:step-046	mesh-connected	16	1.483	0.000	1	1
233	Chateau d'Oraguille	Pieuje	npc:v1:233:17731589	-31.970	18.829	-3.749	231233001	231	Northern San d'Oria	0.000	-13.000	0.000	mission:San d'Oria:23:step-006,mission:San d'Oria:24:step-046	mesh-connected	10	0.199	0.000	1	1
233	Chateau d'Oraguille	Rahal		-30.953	-8.386	0.000	812528762	167	Bostaunieux Oubliette	14.872	24.002	8.918	mission:San d'Oria:22:step-004,mission:San d'Oria:24:step-009,mission:San d'Oria:24:step-045,mission:San d'Oria:24:step-052	mesh-connected	13	1.483	0.000	1	1
233	Chateau d'Oraguille	Rahal		-30.953	-8.386	0.000	231233001	231	Northern San d'Oria	0.000	-13.000	0.000	mission:San d'Oria:22:step-004,mission:San d'Oria:24:step-009,mission:San d'Oria:24:step-045,mission:San d'Oria:24:step-052	mesh-connected	9	0.199	0.000	1	1
233	Chateau d'Oraguille	Rahal	npc:v1:233:17731592	-30.953	-8.386	0.000	812528762	167	Bostaunieux Oubliette	14.872	24.002	8.918	mission:San d'Oria:22:step-004,mission:San d'Oria:23:step-005,mission:San d'Oria:24:step-009,mission:San d'Oria:24:step-045,mission:San d'Oria:24:step-052	mesh-connected	13	1.483	0.000	1	1
233	Chateau d'Oraguille	Rahal	npc:v1:233:17731592	-30.953	-8.386	0.000	231233001	231	Northern San d'Oria	0.000	-13.000	0.000	mission:San d'Oria:22:step-004,mission:San d'Oria:23:step-005,mission:San d'Oria:24:step-009,mission:San d'Oria:24:step-045,mission:San d'Oria:24:step-052	mesh-connected	9	0.199	0.000	1	1
233	Chateau d'Oraguille	Shamonde		-90.773	77.565	0.398	812528762	167	Bostaunieux Oubliette	14.872	24.002	8.918	mission:San d'Oria:23:step-006	mesh-connected	23	1.483	0.000	1	1
233	Chateau d'Oraguille	Shamonde		-90.773	77.565	0.398	231233001	231	Northern San d'Oria	0.000	-13.000	0.000	mission:San d'Oria:23:step-006	mesh-connected	17	0.199	0.000	1	1
233	Chateau d'Oraguille	Shamonde	npc:v1:233:17731630	-90.773	77.565	0.398	812528762	167	Bostaunieux Oubliette	14.872	24.002	8.918	mission:San d'Oria:23:step-006	mesh-connected	23	1.483	0.000	1	1
233	Chateau d'Oraguille	Shamonde	npc:v1:233:17731630	-90.773	77.565	0.398	231233001	231	Northern San d'Oria	0.000	-13.000	0.000	mission:San d'Oria:23:step-006	mesh-connected	17	0.199	0.000	1	1
233	Chateau d'Oraguille	Trion		-38.000	88.306	-3.749	812528762	167	Bostaunieux Oubliette	14.872	24.002	8.918	mission:San d'Oria:18:step-002,mission:San d'Oria:18:step-026,mission:San d'Oria:23:step-006,mission:San d'Oria:24:step-046,mission:San d'Oria:24:step-047	mesh-connected	26	1.483	0.000	1	1
233	Chateau d'Oraguille	Trion		-38.000	88.306	-3.749	231233001	231	Northern San d'Oria	0.000	-13.000	0.000	mission:San d'Oria:18:step-002,mission:San d'Oria:18:step-026,mission:San d'Oria:23:step-006,mission:San d'Oria:24:step-046,mission:San d'Oria:24:step-047	mesh-connected	9	0.199	0.000	1	1
233	Chateau d'Oraguille	Trion		-16.336	-0.829	0.000	812528762	167	Bostaunieux Oubliette	14.872	24.002	8.918	mission:San d'Oria:18:step-002,mission:San d'Oria:18:step-026,mission:San d'Oria:23:step-006,mission:San d'Oria:24:step-046,mission:San d'Oria:24:step-047	mesh-connected	11	1.483	0.000	1	1
233	Chateau d'Oraguille	Trion		-16.336	-0.829	0.000	231233001	231	Northern San d'Oria	0.000	-13.000	0.000	mission:San d'Oria:18:step-002,mission:San d'Oria:18:step-026,mission:San d'Oria:23:step-006,mission:San d'Oria:24:step-046,mission:San d'Oria:24:step-047	mesh-connected	5	0.199	0.000	1	1
233	Chateau d'Oraguille	Trion	npc:v1:233:17731587	-38.000	88.306	-3.749	812528762	167	Bostaunieux Oubliette	14.872	24.002	8.918	mission:San d'Oria:11:step-004,mission:San d'Oria:11:step-014,mission:San d'Oria:18:step-002,mission:San d'Oria:18:step-026,mission:San d'Oria:23:step-006,mission:San d'Oria:24:step-046,mission:San d'Oria:24:step-047	mesh-connected	26	1.483	0.000	1	1
233	Chateau d'Oraguille	Trion	npc:v1:233:17731587	-38.000	88.306	-3.749	231233001	231	Northern San d'Oria	0.000	-13.000	0.000	mission:San d'Oria:11:step-004,mission:San d'Oria:11:step-014,mission:San d'Oria:18:step-002,mission:San d'Oria:18:step-026,mission:San d'Oria:23:step-006,mission:San d'Oria:24:step-046,mission:San d'Oria:24:step-047	mesh-connected	9	0.199	0.000	1	1
233	Chateau d'Oraguille	Trion	npc:v1:233:17731588	-16.336	-0.829	0.000	812528762	167	Bostaunieux Oubliette	14.872	24.002	8.918	mission:San d'Oria:11:step-004,mission:San d'Oria:11:step-014,mission:San d'Oria:18:step-002,mission:San d'Oria:18:step-026,mission:San d'Oria:23:step-006,mission:San d'Oria:24:step-046,mission:San d'Oria:24:step-047	mesh-connected	11	1.483	0.000	1	1
233	Chateau d'Oraguille	Trion	npc:v1:233:17731588	-16.336	-0.829	0.000	231233001	231	Northern San d'Oria	0.000	-13.000	0.000	mission:San d'Oria:11:step-004,mission:San d'Oria:11:step-014,mission:San d'Oria:18:step-002,mission:San d'Oria:18:step-026,mission:San d'Oria:23:step-006,mission:San d'Oria:24:step-046,mission:San d'Oria:24:step-047	mesh-connected	5	0.199	0.000	1	1
233	Chateau d'Oraguille	Trion	npc:v1:233:17731686	-38.000	88.306	-3.749	812528762	167	Bostaunieux Oubliette	14.872	24.002	8.918	mission:San d'Oria:11:step-004,mission:San d'Oria:11:step-014,mission:San d'Oria:18:step-002,mission:San d'Oria:18:step-026,mission:San d'Oria:23:step-006,mission:San d'Oria:24:step-046,mission:San d'Oria:24:step-047	mesh-connected	26	1.483	0.000	1	1
233	Chateau d'Oraguille	Trion	npc:v1:233:17731686	-38.000	88.306	-3.749	231233001	231	Northern San d'Oria	0.000	-13.000	0.000	mission:San d'Oria:11:step-004,mission:San d'Oria:11:step-014,mission:San d'Oria:18:step-002,mission:San d'Oria:18:step-026,mission:San d'Oria:23:step-006,mission:San d'Oria:24:step-046,mission:San d'Oria:24:step-047	mesh-connected	9	0.199	0.000	1	1
233	Chateau d'Oraguille	Trion	npc:v1:233:17731687	-38.000	88.306	-3.749	812528762	167	Bostaunieux Oubliette	14.872	24.002	8.918	mission:San d'Oria:11:step-004,mission:San d'Oria:11:step-014,mission:San d'Oria:18:step-002,mission:San d'Oria:18:step-026,mission:San d'Oria:23:step-006,mission:San d'Oria:24:step-046,mission:San d'Oria:24:step-047	mesh-connected	26	1.483	0.000	1	1
233	Chateau d'Oraguille	Trion	npc:v1:233:17731687	-38.000	88.306	-3.749	231233001	231	Northern San d'Oria	0.000	-13.000	0.000	mission:San d'Oria:11:step-004,mission:San d'Oria:11:step-014,mission:San d'Oria:18:step-002,mission:San d'Oria:18:step-026,mission:San d'Oria:23:step-006,mission:San d'Oria:24:step-046,mission:San d'Oria:24:step-047	mesh-connected	9	0.199	0.000	1	1
234	Bastok Mines	Davyad	npc:v1:234:17735720	83.023	33.444	-0.087	813314682	107	South Gustaberg	-16.039	-132.804	-4.217	mission:Bastok:12:step-004	mesh-connected	16	2.748	0.000	1	1
234	Bastok Mines	Davyad	npc:v1:234:17735720	83.023	33.444	-0.087	812856442	172	Zeruhn Mines	-193.484	-21.772	-9.986	mission:Bastok:12:step-004	mesh-connected	24	0.852	0.000	1	1
234	Bastok Mines	Davyad	npc:v1:234:17735720	83.023	33.444	-0.087	1735552378	234	Bastok Mines	116.899	-71.987	-1.622	mission:Bastok:12:step-004	mesh-connected	22	2.458	0.000	1	1
234	Bastok Mines	Davyad	npc:v1:234:17735720	83.023	33.444	-0.087	812267130	235	Bastok Markets	-104.018	81.411	9.359	mission:Bastok:12:step-004	mesh-connected	26	2.450	0.000	1	1
234	Bastok Mines	Detzo	npc:v1:234:17735702	5.365	9.891	6.999	813314682	107	South Gustaberg	-16.039	-132.804	-4.217	mission:Bastok:22:step-022	mesh-connected	11	2.748	0.000	1	1
234	Bastok Mines	Detzo	npc:v1:234:17735702	5.365	9.891	6.999	812856442	172	Zeruhn Mines	-193.484	-21.772	-9.986	mission:Bastok:22:step-022	mesh-connected	12	0.852	0.000	1	1
234	Bastok Mines	Detzo	npc:v1:234:17735702	5.365	9.891	6.999	1735552378	234	Bastok Mines	116.899	-71.987	-1.622	mission:Bastok:22:step-022	mesh-connected	26	2.458	0.000	1	1
234	Bastok Mines	Detzo	npc:v1:234:17735702	5.365	9.891	6.999	812267130	235	Bastok Markets	-104.018	81.411	9.359	mission:Bastok:22:step-022	mesh-connected	14	2.450	0.000	1	1
234	Bastok Mines	Gumbah	npc:v1:234:17735684	53.532	-37.149	-0.051	813314682	107	South Gustaberg	-16.039	-132.804	-4.217	mission:Bastok:20:step-030,mission:Bastok:20:step-035,mission:Bastok:22:step-022,mission:Bastok:3:step-014	mesh-connected	18	2.748	0.000	1	1
234	Bastok Mines	Gumbah	npc:v1:234:17735684	53.532	-37.149	-0.051	812856442	172	Zeruhn Mines	-193.484	-21.772	-9.986	mission:Bastok:20:step-030,mission:Bastok:20:step-035,mission:Bastok:22:step-022,mission:Bastok:3:step-014	mesh-connected	24	0.852	0.000	1	1
234	Bastok Mines	Gumbah	npc:v1:234:17735684	53.532	-37.149	-0.051	1735552378	234	Bastok Mines	116.899	-71.987	-1.622	mission:Bastok:20:step-030,mission:Bastok:20:step-035,mission:Bastok:22:step-022,mission:Bastok:3:step-014	mesh-connected	24	2.458	0.000	1	1
234	Bastok Mines	Gumbah	npc:v1:234:17735684	53.532	-37.149	-0.051	812267130	235	Bastok Markets	-104.018	81.411	9.359	mission:Bastok:20:step-030,mission:Bastok:20:step-035,mission:Bastok:22:step-022,mission:Bastok:3:step-014	mesh-connected	26	2.450	0.000	1	1
234	Bastok Mines	Medicine Eagle	npc:v1:234:17735695	-38.896	40.865	0.000	813314682	107	South Gustaberg	-16.039	-132.804	-4.217	mission:Bastok:17:step-003	mesh-connected	6	2.748	0.000	1	1
234	Bastok Mines	Medicine Eagle	npc:v1:234:17735695	-38.896	40.865	0.000	812856442	172	Zeruhn Mines	-193.484	-21.772	-9.986	mission:Bastok:17:step-003	mesh-connected	8	0.852	0.000	1	1
234	Bastok Mines	Medicine Eagle	npc:v1:234:17735695	-38.896	40.865	0.000	1735552378	234	Bastok Mines	116.899	-71.987	-1.622	mission:Bastok:17:step-003	mesh-connected	22	2.458	0.000	1	1
234	Bastok Mines	Medicine Eagle	npc:v1:234:17735695	-38.896	40.865	0.000	812267130	235	Bastok Markets	-104.018	81.411	9.359	mission:Bastok:17:step-003	mesh-connected	10	2.450	0.000	1	1
234	Bastok Mines	Rashid	npc:v1:234:17735686	-8.444	-123.575	-1.000	813314682	107	South Gustaberg	-16.039	-132.804	-4.217	mission:Bastok:1:step-004	mesh-connected	4	2.748	0.000	1	1
234	Bastok Mines	Rashid	npc:v1:234:17735686	-8.444	-123.575	-1.000	812856442	172	Zeruhn Mines	-193.484	-21.772	-9.986	mission:Bastok:1:step-004	mesh-connected	10	0.852	0.000	1	1
234	Bastok Mines	Rashid	npc:v1:234:17735686	-8.444	-123.575	-1.000	1735552378	234	Bastok Mines	116.899	-71.987	-1.622	mission:Bastok:1:step-004	mesh-connected	10	2.458	0.000	1	1
234	Bastok Mines	Rashid	npc:v1:234:17735686	-8.444	-123.575	-1.000	812267130	235	Bastok Markets	-104.018	81.411	9.359	mission:Bastok:1:step-004	mesh-connected	8	2.450	0.000	1	1
234	Bastok Mines	Survival Guide	object:v1:234:17736037	20.000	-115.000	0.000	813314682	107	South Gustaberg	-16.039	-132.804	-4.217	mission:Bastok:17:step-005	mesh-connected	5	2.748	0.000	1	1
234	Bastok Mines	Survival Guide	object:v1:234:17736037	20.000	-115.000	0.000	812856442	172	Zeruhn Mines	-193.484	-21.772	-9.986	mission:Bastok:17:step-005	mesh-connected	11	0.852	0.000	1	1
234	Bastok Mines	Survival Guide	object:v1:234:17736037	20.000	-115.000	0.000	1735552378	234	Bastok Mines	116.899	-71.987	-1.622	mission:Bastok:17:step-005	mesh-connected	12	2.458	0.000	1	1
234	Bastok Mines	Survival Guide	object:v1:234:17736037	20.000	-115.000	0.000	812267130	235	Bastok Markets	-104.018	81.411	9.359	mission:Bastok:17:step-005	mesh-connected	9	2.450	0.000	1	1
234	Bastok Mines	Tall Mountain	npc:v1:234:17735721	71.779	-11.236	6.999	813314682	107	South Gustaberg	-16.039	-132.804	-4.217	mission:Bastok:17:step-017	mesh-connected	18	2.748	0.000	1	1
234	Bastok Mines	Tall Mountain	npc:v1:234:17735721	71.779	-11.236	6.999	812856442	172	Zeruhn Mines	-193.484	-21.772	-9.986	mission:Bastok:17:step-017	mesh-connected	16	0.852	0.000	1	1
234	Bastok Mines	Tall Mountain	npc:v1:234:17735721	71.779	-11.236	6.999	1735552378	234	Bastok Mines	116.899	-71.987	-1.622	mission:Bastok:17:step-017	mesh-connected	24	2.458	0.000	1	1
234	Bastok Mines	Tall Mountain	npc:v1:234:17735721	71.779	-11.236	6.999	812267130	235	Bastok Markets	-104.018	81.411	9.359	mission:Bastok:17:step-017	mesh-connected	18	2.450	0.000	1	1
235	Bastok Markets	Cleades	npc:v1:235:17739827	-361.905	-169.127	-10.019	846869114	107	South Gustaberg	-363.536	-183.525	-12.108	mission:Bastok:1:step-003	mesh-connected	5	1.491	0.000	1	1
235	Bastok Markets	Cleades	npc:v1:235:17739827	-361.905	-169.127	-10.019	845756026	234	Bastok Mines	-201.904	-194.828	1.928	mission:Bastok:1:step-003	mesh-connected	12	1.872	0.000	1	1
235	Bastok Markets	Cleades	npc:v1:235:17739827	-361.905	-169.127	-10.019	1634889082	235	Bastok Markets	-177.000	30.026	-9.400	mission:Bastok:1:step-003	mesh-connected	12	1.021	0.000	1	1
235	Bastok Markets	Cleades	npc:v1:235:17739827	-361.905	-169.127	-10.019	1668443514	235	Bastok Markets	-177.000	-30.251	-9.400	mission:Bastok:1:step-003	mesh-connected	8	1.067	0.000	1	1
235	Bastok Markets	Cleades	npc:v1:235:17739827	-361.905	-169.127	-10.019	845887098	236	Port Bastok	-233.879	86.783	-2.224	mission:Bastok:1:step-003	mesh-connected	20	1.880	0.000	1	1
235	Bastok Markets	Cleades	npc:v1:235:17739827	-361.905	-169.127	-10.019	812398202	237	Metalworks	-208.918	0.020	-11.654	mission:Bastok:1:step-003	mesh-connected	13	1.654	0.000	1	1
236	Port Bastok	Hilda	npc:v1:236:17743936	-159.641	16.276	-10.535	813249146	106	North Gustaberg	142.002	-2.008	4.969	mission:Bastok:20:step-003	mesh-no-path	1	302.594	0.000	1	1
236	Port Bastok	Hilda	npc:v1:236:17743936	-159.641	16.276	-10.535	845821562	235	Bastok Markets	-194.012	-76.239	-0.138	mission:Bastok:20:step-003	mesh-no-path	1	99.240	0.000	1	1
236	Port Bastok	Hilda	npc:v1:236:17743936	-159.641	16.276	-10.535	1769106810	236	Port Bastok	59.999	-239.997	3.395	mission:Bastok:20:step-003	mesh-no-path	1	337.804	0.000	1	1
236	Port Bastok	Hilda	npc:v1:236:17743936	-159.641	16.276	-10.535	900000005	246	Port Jeuno	-36.458	-77.322	6.365	mission:Bastok:20:step-003	mesh-no-path	1	155.629	0.000	1	1
237	Metalworks	Alois	npc:v1:237:17747997	97.738	14.640	-20.170	912930426	235	Bastok Markets	-9.168	0.001	-1.595	mission:Bastok:23:step-002,mission:Bastok:5:step-001,mission:Bastok:5:step-007	mesh-no-path	1	109.491	0.000	1	1
237	Metalworks	Ayame	npc:v1:237:17748015	133.972	33.288	-18.983	912930426	235	Bastok Markets	-9.168	0.001	-1.595	mission:Bastok:4:step-014	mesh-no-path	1	147.985	0.000	1	1
237	Metalworks	Cid	npc:v1:237:17748011	-12.598	2.430	-10.988	912930426	235	Bastok Markets	-9.168	0.001	-1.595	mission:Bastok:19:step-002,mission:Bastok:19:step-033,mission:Bastok:2:step-003,mission:Bastok:2:step-014,mission:Bastok:4:step-003,mission:Bastok:4:step-009	unknown	1	10.290	0.000	1	1
237	Metalworks	Grohm	npc:v1:237:17748008	-18.084	-27.576	-10.000	912930426	235	Bastok Markets	-9.168	0.001	-1.595	mission:Windurst:10:step-018,mission:Windurst:10:step-033,mission:Windurst:6:step-018,mission:Windurst:6:step-033,mission:Windurst:7:step-018,mission:Windurst:7:step-033,mission:Windurst:8:step-018,mission:Windurst:8:step-033,mission:Windurst:9:step-018,mission:Windurst:9:step-033	mesh-no-path	1	30.177	0.000	1	1
237	Metalworks	Iron Eater	npc:v1:237:17748016	92.936	1.814	-19.532	912930426	235	Bastok Markets	-9.168	0.001	-1.595	mission:Bastok:11:step-002,mission:Bastok:16:step-004,mission:Bastok:21:step-002,mission:Bastok:21:step-024,mission:Bastok:22:step-022,mission:Bastok:24:step-002	mesh-no-path	1	103.683	0.000	1	1
237	Metalworks	Karst	npc:v1:237:17748010	106.990	0.197	-20.170	912930426	235	Bastok Markets	-9.168	0.001	-1.595	mission:Bastok:10:step-002,mission:Bastok:16:step-004,mission:Bastok:6:step-002,mission:Bastok:7:step-002,mission:Bastok:8:step-002,mission:Bastok:9:step-002	mesh-no-path	1	117.634	0.000	1	1
237	Metalworks	Lucius	npc:v1:237:17747992	59.959	-42.321	-16.390	912930426	235	Bastok Markets	-9.168	0.001	-1.595	mission:Bastok:13:step-002,mission:Bastok:16:step-044,mission:San d'Oria:16:step-039	mesh-no-path	1	82.393	0.000	1	1
237	Metalworks	Malduc	npc:v1:237:17748017	66.200	4.426	-13.999	912930426	235	Bastok Markets	-9.168	0.001	-1.595	mission:Bastok:1:step-005	mesh-no-path	1	76.510	0.000	1	1
237	Metalworks	Naji	npc:v1:237:17748013	66.865	-4.562	-13.999	912930426	235	Bastok Markets	-9.168	0.001	-1.595	mission:Bastok:10:step-002,mission:Bastok:15:step-003,mission:Bastok:18:step-002,mission:Bastok:1:step-009,mission:Bastok:6:step-002,mission:Bastok:7:step-002,mission:Bastok:8:step-002,mission:Bastok:9:step-002	mesh-no-path	1	77.173	0.000	1	1
237	Metalworks	Patt-Pott	npc:v1:237:17747984	23.970	42.618	-16.907	912930426	235	Bastok Markets	-9.168	0.001	-1.595	mission:Windurst:10:step-016,mission:Windurst:10:step-027,mission:Windurst:10:step-030,mission:Windurst:6:step-016,mission:Windurst:6:step-027,mission:Windurst:6:step-030,mission:Windurst:7:step-016,mission:Windurst:7:step-027,mission:Windurst:7:step-030,mission:Windurst:8:step-016,mission:Windurst:8:step-027,mission:Windurst:8:step-030,mission:Windurst:9:step-016,mission:Windurst:9:step-027,mission:Windurst:9:step-030	mesh-no-path	1	56.114	0.000	1	1
237	Metalworks	Pius	npc:v1:237:17747994	99.916	-12.537	-20.170	912930426	235	Bastok Markets	-9.168	0.001	-1.595	mission:Windurst:10:step-017,mission:Windurst:10:step-032,mission:Windurst:6:step-017,mission:Windurst:6:step-032,mission:Windurst:7:step-017,mission:Windurst:7:step-032,mission:Windurst:8:step-017,mission:Windurst:8:step-032,mission:Windurst:9:step-017,mission:Windurst:9:step-032	mesh-no-path	1	111.362	0.000	1	1
237	Metalworks	Savae E Paleade	npc:v1:237:17747980	23.724	-43.360	-16.390	912930426	235	Bastok Markets	-9.168	0.001	-1.595	mission:San d'Oria:6:step-007	mesh-no-path	1	56.400	0.000	1	1
238	Windurst Waters	Ajido-Marujido	npc:v1:238:17752074	-42.188	78.171	-4.999	808924026	115	West Sarutabaruta	-39.996	244.035	-7.640	mission:Windurst:2:step-010	mesh-connected	5	2.449	0.000	1	1
238	Windurst Waters	Ajido-Marujido	npc:v1:238:17752074	-42.188	78.171	-4.999	913468794	238	Windurst Waters	159.978	-61.890	-7.713	mission:Windurst:2:step-010	mesh-connected	20	2.513	0.000	1	1
238	Windurst Waters	Ajido-Marujido	npc:v1:238:17752074	-42.188	78.171	-4.999	812529274	239	Windurst Walls	153.460	58.883	-4.960	mission:Windurst:2:step-010	mesh-connected	13	2.106	0.000	1	1
238	Windurst Waters	Ajido-Marujido	npc:v1:238:17752074	-42.188	78.171	-4.999	846149242	240	Port Windurst	-59.524	-199.046	-5.360	mission:Windurst:2:step-010	mesh-connected	15	2.760	0.000	1	1
238	Windurst Waters	Chomo Jinjahl	npc:v1:238:17752140	-105.094	73.791	-2.222	808924026	115	West Sarutabaruta	-39.996	244.035	-7.640	mission:Bastok:12:step-008,mission:Bastok:5:step-005	mesh-connected	17	2.449	0.000	1	1
238	Windurst Waters	Chomo Jinjahl	npc:v1:238:17752140	-105.094	73.791	-2.222	913468794	238	Windurst Waters	159.978	-61.890	-7.713	mission:Bastok:12:step-008,mission:Bastok:5:step-005	mesh-connected	26	2.513	0.000	1	1
238	Windurst Waters	Chomo Jinjahl	npc:v1:238:17752140	-105.094	73.791	-2.222	812529274	239	Windurst Walls	153.460	58.883	-4.960	mission:Bastok:12:step-008,mission:Bastok:5:step-005	mesh-connected	19	2.106	0.000	1	1
238	Windurst Waters	Chomo Jinjahl	npc:v1:238:17752140	-105.094	73.791	-2.222	846149242	240	Port Windurst	-59.524	-199.046	-5.360	mission:Bastok:12:step-008,mission:Bastok:5:step-005	mesh-connected	19	2.760	0.000	1	1
238	Windurst Waters	Churano-Shurano	npc:v1:238:17752091	-61.624	99.650	-11.249	808924026	115	West Sarutabaruta	-39.996	244.035	-7.640	mission:San d'Oria:23:step-023	mesh-connected	18	2.449	0.000	1	1
238	Windurst Waters	Churano-Shurano	npc:v1:238:17752091	-61.624	99.650	-11.249	913468794	238	Windurst Waters	159.978	-61.890	-7.713	mission:San d'Oria:23:step-023	mesh-connected	28	2.513	0.000	1	1
238	Windurst Waters	Churano-Shurano	npc:v1:238:17752091	-61.624	99.650	-11.249	812529274	239	Windurst Walls	153.460	58.883	-4.960	mission:San d'Oria:23:step-023	mesh-connected	21	2.106	0.000	1	1
238	Windurst Waters	Churano-Shurano	npc:v1:238:17752091	-61.624	99.650	-11.249	846149242	240	Port Windurst	-59.524	-199.046	-5.360	mission:San d'Oria:23:step-023	mesh-connected	23	2.760	0.000	1	1
238	Windurst Waters	Home Point #1	object:v1:238:17752216	-32.022	131.741	-5.000	808924026	115	West Sarutabaruta	-39.996	244.035	-7.640	mission:Windurst:3:step-014	mesh-connected	5	2.449	0.000	1	1
238	Windurst Waters	Home Point #1	object:v1:238:17752216	-32.022	131.741	-5.000	913468794	238	Windurst Waters	159.978	-61.890	-7.713	mission:Windurst:3:step-014	mesh-connected	25	2.513	0.000	1	1
238	Windurst Waters	Home Point #1	object:v1:238:17752216	-32.022	131.741	-5.000	812529274	239	Windurst Walls	153.460	58.883	-4.960	mission:Windurst:3:step-014	mesh-connected	18	2.106	0.000	1	1
238	Windurst Waters	Home Point #1	object:v1:238:17752216	-32.022	131.741	-5.000	846149242	240	Port Windurst	-59.524	-199.046	-5.360	mission:Windurst:3:step-014	mesh-connected	18	2.760	0.000	1	1
238	Windurst Waters	Home Point #2	object:v1:238:17752217	138.000	-14.000	0.000	808924026	115	West Sarutabaruta	-39.996	244.035	-7.640	mission:Windurst:3:step-014	mesh-connected	27	2.449	0.000	1	1
238	Windurst Waters	Home Point #2	object:v1:238:17752217	138.000	-14.000	0.000	913468794	238	Windurst Waters	159.978	-61.890	-7.713	mission:Windurst:3:step-014	mesh-connected	6	2.513	0.000	1	1
238	Windurst Waters	Home Point #2	object:v1:238:17752217	138.000	-14.000	0.000	812529274	239	Windurst Walls	153.460	58.883	-4.960	mission:Windurst:3:step-014	mesh-connected	12	2.106	0.000	1	1
238	Windurst Waters	Home Point #2	object:v1:238:17752217	138.000	-14.000	0.000	846149242	240	Port Windurst	-59.524	-199.046	-5.360	mission:Windurst:3:step-014	mesh-connected	29	2.760	0.000	1	1
238	Windurst Waters	Home Point #3	object:v1:238:17752218	5.000	-175.000	-4.000	808924026	115	West Sarutabaruta	-39.996	244.035	-7.640	mission:Windurst:3:step-014	mesh-connected	16	2.449	0.000	1	1
238	Windurst Waters	Home Point #3	object:v1:238:17752218	5.000	-175.000	-4.000	913468794	238	Windurst Waters	159.978	-61.890	-7.713	mission:Windurst:3:step-014	mesh-connected	27	2.513	0.000	1	1
238	Windurst Waters	Home Point #3	object:v1:238:17752218	5.000	-175.000	-4.000	812529274	239	Windurst Walls	153.460	58.883	-4.960	mission:Windurst:3:step-014	mesh-connected	20	2.106	0.000	1	1
238	Windurst Waters	Home Point #3	object:v1:238:17752218	5.000	-175.000	-4.000	846149242	240	Port Windurst	-59.524	-199.046	-5.360	mission:Windurst:3:step-014	mesh-connected	7	2.760	0.000	1	1
238	Windurst Waters	Home Point #4	object:v1:238:17752219	-92.000	54.000	-2.000	808924026	115	West Sarutabaruta	-39.996	244.035	-7.640	mission:Windurst:3:step-014	mesh-connected	14	2.449	0.000	1	1
238	Windurst Waters	Home Point #4	object:v1:238:17752219	-92.000	54.000	-2.000	913468794	238	Windurst Waters	159.978	-61.890	-7.713	mission:Windurst:3:step-014	mesh-connected	25	2.513	0.000	1	1
238	Windurst Waters	Home Point #4	object:v1:238:17752219	-92.000	54.000	-2.000	812529274	239	Windurst Walls	153.460	58.883	-4.960	mission:Windurst:3:step-014	mesh-connected	18	2.106	0.000	1	1
238	Windurst Waters	Home Point #4	object:v1:238:17752219	-92.000	54.000	-2.000	846149242	240	Port Windurst	-59.524	-199.046	-5.360	mission:Windurst:3:step-014	mesh-connected	18	2.760	0.000	1	1
238	Windurst Waters	Kerutoto	npc:v1:238:17752111	13.048	-157.394	-4.711	808924026	115	West Sarutabaruta	-39.996	244.035	-7.640	mission:Windurst:20:step-001,mission:Windurst:20:step-006,mission:Windurst:20:step-007	mesh-connected	21	2.449	0.000	1	1
238	Windurst Waters	Kerutoto	npc:v1:238:17752111	13.048	-157.394	-4.711	913468794	238	Windurst Waters	159.978	-61.890	-7.713	mission:Windurst:20:step-001,mission:Windurst:20:step-006,mission:Windurst:20:step-007	mesh-connected	32	2.513	0.000	1	1
238	Windurst Waters	Kerutoto	npc:v1:238:17752111	13.048	-157.394	-4.711	812529274	239	Windurst Walls	153.460	58.883	-4.960	mission:Windurst:20:step-001,mission:Windurst:20:step-006,mission:Windurst:20:step-007	mesh-connected	25	2.106	0.000	1	1
238	Windurst Waters	Kerutoto	npc:v1:238:17752111	13.048	-157.394	-4.711	846149242	240	Port Windurst	-59.524	-199.046	-5.360	mission:Windurst:20:step-001,mission:Windurst:20:step-006,mission:Windurst:20:step-007	mesh-connected	9	2.760	0.000	1	1
238	Windurst Waters	Leepe-Hoppe	npc:v1:238:17752112	11.432	-197.475	-9.749	808924026	115	West Sarutabaruta	-39.996	244.035	-7.640	mission:Windurst:20:step-001,mission:Windurst:20:step-005,mission:Windurst:20:step-010,mission:Windurst:20:step-037,mission:Windurst:3:step-007,mission:Windurst:3:step-008	mesh-connected	24	2.449	0.000	1	1
238	Windurst Waters	Leepe-Hoppe	npc:v1:238:17752112	11.432	-197.475	-9.749	913468794	238	Windurst Waters	159.978	-61.890	-7.713	mission:Windurst:20:step-001,mission:Windurst:20:step-005,mission:Windurst:20:step-010,mission:Windurst:20:step-037,mission:Windurst:3:step-007,mission:Windurst:3:step-008	mesh-connected	35	2.513	0.000	1	1
238	Windurst Waters	Leepe-Hoppe	npc:v1:238:17752112	11.432	-197.475	-9.749	812529274	239	Windurst Walls	153.460	58.883	-4.960	mission:Windurst:20:step-001,mission:Windurst:20:step-005,mission:Windurst:20:step-010,mission:Windurst:20:step-037,mission:Windurst:3:step-007,mission:Windurst:3:step-008	mesh-connected	28	2.106	0.000	1	1
238	Windurst Waters	Leepe-Hoppe	npc:v1:238:17752112	11.432	-197.475	-9.749	846149242	240	Port Windurst	-59.524	-199.046	-5.360	mission:Windurst:20:step-001,mission:Windurst:20:step-005,mission:Windurst:20:step-010,mission:Windurst:20:step-037,mission:Windurst:3:step-007,mission:Windurst:3:step-008	mesh-connected	16	2.760	0.000	1	1
238	Windurst Waters	Marble Door	object:v1:238:17752267	138.749	-19.995	11.350	808924026	115	West Sarutabaruta	-39.996	244.035	-7.640	mission:Windurst:19:step-010	mesh-no-path	1	319.409	0.000	1	1
238	Windurst Waters	Marble Door	object:v1:238:17752267	138.749	-19.995	11.350	913468794	238	Windurst Waters	159.978	-61.890	-7.713	mission:Windurst:19:step-010	mesh-no-path	1	50.688	0.000	1	1
238	Windurst Waters	Marble Door	object:v1:238:17752267	138.749	-19.995	11.350	812529274	239	Windurst Walls	153.460	58.883	-4.960	mission:Windurst:19:step-010	mesh-no-path	1	81.879	0.000	1	1
238	Windurst Waters	Marble Door	object:v1:238:17752267	138.749	-19.995	11.350	846149242	240	Port Windurst	-59.524	-199.046	-5.360	mission:Windurst:19:step-010	mesh-no-path	1	267.676	0.000	1	1
238	Windurst Waters	Mokyokyo	npc:v1:238:17752076	-55.997	230.367	-5.398	808924026	115	West Sarutabaruta	-39.996	244.035	-7.640	mission:Windurst:1:step-003,mission:Windurst:2:step-005,mission:Windurst:3:step-003	mesh-connected	6	2.449	0.000	1	1
238	Windurst Waters	Mokyokyo	npc:v1:238:17752076	-55.997	230.367	-5.398	913468794	238	Windurst Waters	159.978	-61.890	-7.713	mission:Windurst:1:step-003,mission:Windurst:2:step-005,mission:Windurst:3:step-003	mesh-connected	28	2.513	0.000	1	1
238	Windurst Waters	Mokyokyo	npc:v1:238:17752076	-55.997	230.367	-5.398	812529274	239	Windurst Walls	153.460	58.883	-4.960	mission:Windurst:1:step-003,mission:Windurst:2:step-005,mission:Windurst:3:step-003	mesh-connected	21	2.106	0.000	1	1
238	Windurst Waters	Mokyokyo	npc:v1:238:17752076	-55.997	230.367	-5.398	846149242	240	Port Windurst	-59.524	-199.046	-5.360	mission:Windurst:1:step-003,mission:Windurst:2:step-005,mission:Windurst:3:step-003	mesh-connected	19	2.760	0.000	1	1
238	Windurst Waters	Moreno-Toeno	npc:v1:238:17752117	168.465	156.888	-1.250	808924026	115	West Sarutabaruta	-39.996	244.035	-7.640	mission:Windurst:21:step-003,mission:Windurst:21:step-027,mission:Windurst:5:step-008,mission:Windurst:5:step-009,mission:Windurst:5:step-023	mesh-no-path	1	226.034	0.000	1	1
238	Windurst Waters	Moreno-Toeno	npc:v1:238:17752117	168.465	156.888	-1.250	913468794	238	Windurst Waters	159.978	-61.890	-7.713	mission:Windurst:21:step-003,mission:Windurst:21:step-027,mission:Windurst:5:step-008,mission:Windurst:5:step-009,mission:Windurst:5:step-023	mesh-no-path	1	219.038	0.000	1	1
238	Windurst Waters	Moreno-Toeno	npc:v1:238:17752117	168.465	156.888	-1.250	812529274	239	Windurst Walls	153.460	58.883	-4.960	mission:Windurst:21:step-003,mission:Windurst:21:step-027,mission:Windurst:5:step-008,mission:Windurst:5:step-009,mission:Windurst:5:step-023	mesh-no-path	1	99.216	0.000	1	1
238	Windurst Waters	Moreno-Toeno	npc:v1:238:17752117	168.465	156.888	-1.250	846149242	240	Port Windurst	-59.524	-199.046	-5.360	mission:Windurst:21:step-003,mission:Windurst:21:step-027,mission:Windurst:5:step-008,mission:Windurst:5:step-009,mission:Windurst:5:step-023	mesh-no-path	1	422.711	0.000	1	1
238	Windurst Waters	Ohbiru-Dohbiru	npc:v1:238:17752109	22.704	-195.018	-5.377	808924026	115	West Sarutabaruta	-39.996	244.035	-7.640	mission:Windurst:3:step-009	mesh-connected	19	2.449	0.000	1	1
238	Windurst Waters	Ohbiru-Dohbiru	npc:v1:238:17752109	22.704	-195.018	-5.377	913468794	238	Windurst Waters	159.978	-61.890	-7.713	mission:Windurst:3:step-009	mesh-connected	30	2.513	0.000	1	1
238	Windurst Waters	Ohbiru-Dohbiru	npc:v1:238:17752109	22.704	-195.018	-5.377	812529274	239	Windurst Walls	153.460	58.883	-4.960	mission:Windurst:3:step-009	mesh-connected	23	2.106	0.000	1	1
238	Windurst Waters	Ohbiru-Dohbiru	npc:v1:238:17752109	22.704	-195.018	-5.377	846149242	240	Port Windurst	-59.524	-199.046	-5.360	mission:Windurst:3:step-009	mesh-connected	12	2.760	0.000	1	1
238	Windurst Waters	Rukususu	npc:v1:238:17752268	23.324	-198.322	-9.749	808924026	115	West Sarutabaruta	-39.996	244.035	-7.640	mission:Windurst:20:step-006,mission:Windurst:20:step-010,mission:Windurst:20:step-013	mesh-connected	24	2.449	0.000	1	1
238	Windurst Waters	Rukususu	npc:v1:238:17752268	23.324	-198.322	-9.749	913468794	238	Windurst Waters	159.978	-61.890	-7.713	mission:Windurst:20:step-006,mission:Windurst:20:step-010,mission:Windurst:20:step-013	mesh-connected	35	2.513	0.000	1	1
238	Windurst Waters	Rukususu	npc:v1:238:17752268	23.324	-198.322	-9.749	812529274	239	Windurst Walls	153.460	58.883	-4.960	mission:Windurst:20:step-006,mission:Windurst:20:step-010,mission:Windurst:20:step-013	mesh-connected	28	2.106	0.000	1	1
238	Windurst Waters	Rukususu	npc:v1:238:17752268	23.324	-198.322	-9.749	846149242	240	Port Windurst	-59.524	-199.046	-5.360	mission:Windurst:20:step-006,mission:Windurst:20:step-010,mission:Windurst:20:step-013	mesh-connected	16	2.760	0.000	1	1
238	Windurst Waters	Tonana	npc:v1:238:17752222	-1.536	98.566	-1.500	808924026	115	West Sarutabaruta	-39.996	244.035	-7.640	mission:Windurst:4:step-016	mesh-connected	17	2.449	0.000	1	1
238	Windurst Waters	Tonana	npc:v1:238:17752222	-1.536	98.566	-1.500	913468794	238	Windurst Waters	159.978	-61.890	-7.713	mission:Windurst:4:step-016	mesh-connected	21	2.513	0.000	1	1
238	Windurst Waters	Tonana	npc:v1:238:17752222	-1.536	98.566	-1.500	812529274	239	Windurst Walls	153.460	58.883	-4.960	mission:Windurst:4:step-016	mesh-connected	14	2.106	0.000	1	1
238	Windurst Waters	Tonana	npc:v1:238:17752222	-1.536	98.566	-1.500	846149242	240	Port Windurst	-59.524	-199.046	-5.360	mission:Windurst:4:step-016	mesh-connected	17	2.760	0.000	1	1
238	Windurst Waters	Tosuka-Porika	npc:v1:238:17752080	-28.663	104.426	-5.250	808924026	115	West Sarutabaruta	-39.996	244.035	-7.640	mission:Windurst:19:step-002,mission:Windurst:19:step-019,mission:Windurst:22:step-006,mission:Windurst:22:step-016,mission:Windurst:4:step-010,mission:Windurst:4:step-012,mission:Windurst:4:step-065	mesh-connected	14	2.449	0.000	1	1
238	Windurst Waters	Tosuka-Porika	npc:v1:238:17752080	-28.663	104.426	-5.250	913468794	238	Windurst Waters	159.978	-61.890	-7.713	mission:Windurst:19:step-002,mission:Windurst:19:step-019,mission:Windurst:22:step-006,mission:Windurst:22:step-016,mission:Windurst:4:step-010,mission:Windurst:4:step-012,mission:Windurst:4:step-065	mesh-connected	20	2.513	0.000	1	1
238	Windurst Waters	Tosuka-Porika	npc:v1:238:17752080	-28.663	104.426	-5.250	812529274	239	Windurst Walls	153.460	58.883	-4.960	mission:Windurst:19:step-002,mission:Windurst:19:step-019,mission:Windurst:22:step-006,mission:Windurst:22:step-016,mission:Windurst:4:step-010,mission:Windurst:4:step-012,mission:Windurst:4:step-065	mesh-connected	13	2.106	0.000	1	1
238	Windurst Waters	Tosuka-Porika	npc:v1:238:17752080	-28.663	104.426	-5.250	846149242	240	Port Windurst	-59.524	-199.046	-5.360	mission:Windurst:19:step-002,mission:Windurst:19:step-019,mission:Windurst:22:step-006,mission:Windurst:22:step-016,mission:Windurst:4:step-010,mission:Windurst:4:step-012,mission:Windurst:4:step-065	mesh-connected	17	2.760	0.000	1	1
238	Windurst Waters	Tosuka-Porika	npc:v1:238:17752578	-28.663	104.426	-5.250	808924026	115	West Sarutabaruta	-39.996	244.035	-7.640	mission:Windurst:19:step-002,mission:Windurst:19:step-019,mission:Windurst:22:step-006,mission:Windurst:22:step-016,mission:Windurst:4:step-010,mission:Windurst:4:step-012,mission:Windurst:4:step-065	mesh-connected	14	2.449	0.000	1	1
238	Windurst Waters	Tosuka-Porika	npc:v1:238:17752578	-28.663	104.426	-5.250	913468794	238	Windurst Waters	159.978	-61.890	-7.713	mission:Windurst:19:step-002,mission:Windurst:19:step-019,mission:Windurst:22:step-006,mission:Windurst:22:step-016,mission:Windurst:4:step-010,mission:Windurst:4:step-012,mission:Windurst:4:step-065	mesh-connected	20	2.513	0.000	1	1
238	Windurst Waters	Tosuka-Porika	npc:v1:238:17752578	-28.663	104.426	-5.250	812529274	239	Windurst Walls	153.460	58.883	-4.960	mission:Windurst:19:step-002,mission:Windurst:19:step-019,mission:Windurst:22:step-006,mission:Windurst:22:step-016,mission:Windurst:4:step-010,mission:Windurst:4:step-012,mission:Windurst:4:step-065	mesh-connected	13	2.106	0.000	1	1
238	Windurst Waters	Tosuka-Porika	npc:v1:238:17752578	-28.663	104.426	-5.250	846149242	240	Port Windurst	-59.524	-199.046	-5.360	mission:Windurst:19:step-002,mission:Windurst:19:step-019,mission:Windurst:22:step-006,mission:Windurst:22:step-016,mission:Windurst:4:step-010,mission:Windurst:4:step-012,mission:Windurst:4:step-065	mesh-connected	17	2.760	0.000	1	1
239	Windurst Walls	Apururu	npc:v1:239:17756294	-12.093	15.935	-2.750	846214266	169	Toraimarai Canal	-16.436	255.546	-1.940	mission:Windurst:22:step-038	mesh-connected	19	1.661	0.000	1	1
239	Windurst Walls	Apururu	npc:v1:239:17756294	-12.093	15.935	-2.750	879572602	238	Windurst Waters	-193.627	140.505	-5.585	mission:Windurst:22:step-038	mesh-connected	11	2.863	0.000	1	1
239	Windurst Walls	Apururu	npc:v1:239:17756294	-12.093	15.935	-2.750	947023226	239	Windurst Walls	-256.780	-119.973	-7.628	mission:Windurst:22:step-038	mesh-connected	23	2.506	0.000	1	1
239	Windurst Walls	Apururu	npc:v1:239:17756294	-12.093	15.935	-2.750	879769210	241	Windurst Woods	99.772	-154.266	-5.624	mission:Windurst:22:step-038	mesh-connected	22	2.613	0.000	1	1
239	Windurst Walls	Apururu	npc:v1:239:17756294	-12.093	15.935	-2.750	242239041	242	Heavens Tower	0.000	135.000	-17.000	mission:Windurst:22:step-038	mesh-connected	25	0.078	0.000	1	1
239	Windurst Walls	Priming Gate	object:v1:239:17756280	3.558	275.558	-4.501	846214266	169	Toraimarai Canal	-16.436	255.546	-1.940	mission:Windurst:22:step-047	mesh-connected	3	1.661	0.000	1	1
239	Windurst Walls	Priming Gate	object:v1:239:17756280	3.558	275.558	-4.501	879572602	238	Windurst Waters	-193.627	140.505	-5.585	mission:Windurst:22:step-047	mesh-connected	33	2.863	0.000	1	1
239	Windurst Walls	Priming Gate	object:v1:239:17756280	3.558	275.558	-4.501	947023226	239	Windurst Walls	-256.780	-119.973	-7.628	mission:Windurst:22:step-047	mesh-connected	37	2.506	0.000	1	1
239	Windurst Walls	Priming Gate	object:v1:239:17756280	3.558	275.558	-4.501	879769210	241	Windurst Woods	99.772	-154.266	-5.624	mission:Windurst:22:step-047	mesh-connected	33	2.613	0.000	1	1
239	Windurst Walls	Priming Gate	object:v1:239:17756280	3.558	275.558	-4.501	242239041	242	Heavens Tower	0.000	135.000	-17.000	mission:Windurst:22:step-047	mesh-connected	35	0.078	0.000	1	1
239	Windurst Walls	Shantotto	npc:v1:239:17756186	122.640	113.606	-3.000	846214266	169	Toraimarai Canal	-16.436	255.546	-1.940	mission:Windurst:22:step-036,mission:Windurst:22:step-037,mission:Windurst:22:step-054	mesh-connected	19	1.661	0.000	1	1
239	Windurst Walls	Shantotto	npc:v1:239:17756186	122.640	113.606	-3.000	879572602	238	Windurst Waters	-193.627	140.505	-5.585	mission:Windurst:22:step-036,mission:Windurst:22:step-037,mission:Windurst:22:step-054	mesh-connected	29	2.863	0.000	1	1
239	Windurst Walls	Shantotto	npc:v1:239:17756186	122.640	113.606	-3.000	947023226	239	Windurst Walls	-256.780	-119.973	-7.628	mission:Windurst:22:step-036,mission:Windurst:22:step-037,mission:Windurst:22:step-054	mesh-connected	31	2.506	0.000	1	1
239	Windurst Walls	Shantotto	npc:v1:239:17756186	122.640	113.606	-3.000	879769210	241	Windurst Woods	99.772	-154.266	-5.624	mission:Windurst:22:step-036,mission:Windurst:22:step-037,mission:Windurst:22:step-054	mesh-connected	27	2.613	0.000	1	1
239	Windurst Walls	Shantotto	npc:v1:239:17756186	122.640	113.606	-3.000	242239041	242	Heavens Tower	0.000	135.000	-17.000	mission:Windurst:22:step-036,mission:Windurst:22:step-037,mission:Windurst:22:step-054	mesh-connected	31	0.078	0.000	1	1
239	Windurst Walls	Shantotto	npc:v1:239:17756505	122.640	113.606	-3.000	846214266	169	Toraimarai Canal	-16.436	255.546	-1.940	mission:Windurst:22:step-036,mission:Windurst:22:step-037,mission:Windurst:22:step-054	mesh-connected	19	1.661	0.000	1	1
239	Windurst Walls	Shantotto	npc:v1:239:17756505	122.640	113.606	-3.000	879572602	238	Windurst Waters	-193.627	140.505	-5.585	mission:Windurst:22:step-036,mission:Windurst:22:step-037,mission:Windurst:22:step-054	mesh-connected	29	2.863	0.000	1	1
239	Windurst Walls	Shantotto	npc:v1:239:17756505	122.640	113.606	-3.000	947023226	239	Windurst Walls	-256.780	-119.973	-7.628	mission:Windurst:22:step-036,mission:Windurst:22:step-037,mission:Windurst:22:step-054	mesh-connected	31	2.506	0.000	1	1
239	Windurst Walls	Shantotto	npc:v1:239:17756505	122.640	113.606	-3.000	879769210	241	Windurst Woods	99.772	-154.266	-5.624	mission:Windurst:22:step-036,mission:Windurst:22:step-037,mission:Windurst:22:step-054	mesh-connected	27	2.613	0.000	1	1
239	Windurst Walls	Shantotto	npc:v1:239:17756505	122.640	113.606	-3.000	242239041	242	Heavens Tower	0.000	135.000	-17.000	mission:Windurst:22:step-036,mission:Windurst:22:step-037,mission:Windurst:22:step-054	mesh-connected	31	0.078	0.000	1	1
239	Windurst Walls	Star Sibyl	npc:v1:239:17756301	-0.024	44.860	-61.521	846214266	169	Toraimarai Canal	-16.436	255.546	-1.940	mission:Windurst:15:step-003,mission:Windurst:16:step-002,mission:Windurst:16:step-036	mesh-no-path	1	219.563	0.000	1	1
239	Windurst Walls	Star Sibyl	npc:v1:239:17756301	-0.024	44.860	-61.521	879572602	238	Windurst Waters	-193.627	140.505	-5.585	mission:Windurst:15:step-003,mission:Windurst:16:step-002,mission:Windurst:16:step-036	mesh-no-path	1	223.067	0.000	1	1
239	Windurst Walls	Star Sibyl	npc:v1:239:17756301	-0.024	44.860	-61.521	947023226	239	Windurst Walls	-256.780	-119.973	-7.628	mission:Windurst:15:step-003,mission:Windurst:16:step-002,mission:Windurst:16:step-036	mesh-no-path	1	309.835	0.000	1	1
239	Windurst Walls	Star Sibyl	npc:v1:239:17756301	-0.024	44.860	-61.521	879769210	241	Windurst Woods	99.772	-154.266	-5.624	mission:Windurst:15:step-003,mission:Windurst:16:step-002,mission:Windurst:16:step-036	mesh-no-path	1	229.641	0.000	1	1
239	Windurst Walls	Star Sibyl	npc:v1:239:17756301	-0.024	44.860	-61.521	242239041	242	Heavens Tower	0.000	135.000	-17.000	mission:Windurst:15:step-003,mission:Windurst:16:step-002,mission:Windurst:16:step-036	mesh-no-path	1	100.535	0.000	1	1
239	Windurst Walls	Yoran-Oran	npc:v1:239:17756188	-109.987	203.338	-13.000	846214266	169	Toraimarai Canal	-16.436	255.546	-1.940	mission:Windurst:23:step-011	mesh-connected	33	1.661	0.000	1	1
239	Windurst Walls	Yoran-Oran	npc:v1:239:17756188	-109.987	203.338	-13.000	879572602	238	Windurst Waters	-193.627	140.505	-5.585	mission:Windurst:23:step-011	mesh-connected	21	2.863	0.000	1	1
239	Windurst Walls	Yoran-Oran	npc:v1:239:17756188	-109.987	203.338	-13.000	947023226	239	Windurst Walls	-256.780	-119.973	-7.628	mission:Windurst:23:step-011	mesh-connected	39	2.506	0.000	1	1
239	Windurst Walls	Yoran-Oran	npc:v1:239:17756188	-109.987	203.338	-13.000	879769210	241	Windurst Woods	99.772	-154.266	-5.624	mission:Windurst:23:step-011	mesh-connected	31	2.613	0.000	1	1
239	Windurst Walls	Yoran-Oran	npc:v1:239:17756188	-109.987	203.338	-13.000	242239041	242	Heavens Tower	0.000	135.000	-17.000	mission:Windurst:23:step-011	mesh-connected	19	0.078	0.000	1	1
239	Windurst Walls	Zokima-Rokima	npc:v1:239:17756171	0.000	127.000	-16.749	846214266	169	Toraimarai Canal	-16.436	255.546	-1.940	mission:Windurst:1:step-006,mission:Windurst:2:step-008,mission:Windurst:3:step-006	mesh-connected	37	1.661	0.000	1	1
239	Windurst Walls	Zokima-Rokima	npc:v1:239:17756171	0.000	127.000	-16.749	879572602	238	Windurst Waters	-193.627	140.505	-5.585	mission:Windurst:1:step-006,mission:Windurst:2:step-008,mission:Windurst:3:step-006	mesh-connected	14	2.863	0.000	1	1
239	Windurst Walls	Zokima-Rokima	npc:v1:239:17756171	0.000	127.000	-16.749	947023226	239	Windurst Walls	-256.780	-119.973	-7.628	mission:Windurst:1:step-006,mission:Windurst:2:step-008,mission:Windurst:3:step-006	mesh-connected	35	2.506	0.000	1	1
239	Windurst Walls	Zokima-Rokima	npc:v1:239:17756171	0.000	127.000	-16.749	879769210	241	Windurst Woods	99.772	-154.266	-5.624	mission:Windurst:1:step-006,mission:Windurst:2:step-008,mission:Windurst:3:step-006	mesh-connected	27	2.613	0.000	1	1
239	Windurst Walls	Zokima-Rokima	npc:v1:239:17756171	0.000	127.000	-16.749	242239041	242	Heavens Tower	0.000	135.000	-17.000	mission:Windurst:1:step-006,mission:Windurst:2:step-008,mission:Windurst:3:step-006	mesh-connected	3	0.078	0.000	1	1
240	Port Windurst	Ajido-Marujido	npc:v1:240:17760281	-117.092	182.445	-5.500	842478458	115	West Sarutabaruta	-244.532	199.974	-10.765	mission:Windurst:11:step-009,mission:Windurst:17:step-006	mesh-connected	10	2.584	0.000	1	1
240	Port Windurst	Ajido-Marujido	npc:v1:240:17760281	-117.092	182.445	-5.500	846018170	238	Windurst Waters	-117.255	208.127	-9.874	mission:Windurst:11:step-009,mission:Windurst:17:step-006	mesh-connected	3	1.599	0.000	1	1
240	Port Windurst	Ajido-Marujido	npc:v1:240:17760281	-117.092	182.445	-5.500	1701997946	240	Port Windurst	197.711	261.857	-20.775	mission:Windurst:11:step-009,mission:Windurst:17:step-006	mesh-connected	36	3.656	0.000	1	1
240	Port Windurst	Ajido-Marujido	npc:v1:240:17760281	-117.092	182.445	-5.500	846214778	241	Windurst Woods	219.815	176.514	-10.453	mission:Windurst:11:step-009,mission:Windurst:17:step-006	mesh-connected	33	1.762	0.000	1	1
240	Port Windurst	Ajido-Marujido	npc:v1:240:17760281	-117.092	182.445	-5.500	900000004	246	Port Jeuno	242.281	61.994	-3.522	mission:Windurst:11:step-009,mission:Windurst:17:step-006	mesh-no-path	1	379.027	0.000	1	1
240	Port Windurst	Gold Skull	npc:v1:240:17760298	-76.968	159.184	-5.500	842478458	115	West Sarutabaruta	-244.532	199.974	-10.765	mission:Bastok:10:step-030,mission:Bastok:6:step-030,mission:Bastok:7:step-030,mission:Bastok:8:step-030,mission:Bastok:9:step-030	mesh-connected	17	2.584	0.000	1	1
240	Port Windurst	Gold Skull	npc:v1:240:17760298	-76.968	159.184	-5.500	846018170	238	Windurst Waters	-117.255	208.127	-9.874	mission:Bastok:10:step-030,mission:Bastok:6:step-030,mission:Bastok:7:step-030,mission:Bastok:8:step-030,mission:Bastok:9:step-030	mesh-connected	13	1.599	0.000	1	1
240	Port Windurst	Gold Skull	npc:v1:240:17760298	-76.968	159.184	-5.500	1701997946	240	Port Windurst	197.711	261.857	-20.775	mission:Bastok:10:step-030,mission:Bastok:6:step-030,mission:Bastok:7:step-030,mission:Bastok:8:step-030,mission:Bastok:9:step-030	mesh-connected	42	3.656	0.000	1	1
240	Port Windurst	Gold Skull	npc:v1:240:17760298	-76.968	159.184	-5.500	846214778	241	Windurst Woods	219.815	176.514	-10.453	mission:Bastok:10:step-030,mission:Bastok:6:step-030,mission:Bastok:7:step-030,mission:Bastok:8:step-030,mission:Bastok:9:step-030	mesh-connected	39	1.762	0.000	1	1
240	Port Windurst	Gold Skull	npc:v1:240:17760298	-76.968	159.184	-5.500	900000004	246	Port Jeuno	242.281	61.994	-3.522	mission:Bastok:10:step-030,mission:Bastok:6:step-030,mission:Bastok:7:step-030,mission:Bastok:8:step-030,mission:Bastok:9:step-030	mesh-no-path	1	333.721	0.000	1	1
240	Port Windurst	Hakkuru-Rinkuru	npc:v1:240:17760266	-133.714	147.398	-3.999	842478458	115	West Sarutabaruta	-244.532	199.974	-10.765	mission:Windurst:11:step-009,mission:Windurst:11:step-016,mission:Windurst:17:step-006,mission:Windurst:1:step-007,mission:Windurst:1:step-021	mesh-connected	11	2.584	0.000	1	1
240	Port Windurst	Hakkuru-Rinkuru	npc:v1:240:17760266	-133.714	147.398	-3.999	846018170	238	Windurst Waters	-117.255	208.127	-9.874	mission:Windurst:11:step-009,mission:Windurst:11:step-016,mission:Windurst:17:step-006,mission:Windurst:1:step-007,mission:Windurst:1:step-021	mesh-connected	3	1.599	0.000	1	1
240	Port Windurst	Hakkuru-Rinkuru	npc:v1:240:17760266	-133.714	147.398	-3.999	1701997946	240	Port Windurst	197.711	261.857	-20.775	mission:Windurst:11:step-009,mission:Windurst:11:step-016,mission:Windurst:17:step-006,mission:Windurst:1:step-007,mission:Windurst:1:step-021	mesh-connected	35	3.656	0.000	1	1
240	Port Windurst	Hakkuru-Rinkuru	npc:v1:240:17760266	-133.714	147.398	-3.999	846214778	241	Windurst Woods	219.815	176.514	-10.453	mission:Windurst:11:step-009,mission:Windurst:11:step-016,mission:Windurst:17:step-006,mission:Windurst:1:step-007,mission:Windurst:1:step-021	mesh-connected	32	1.762	0.000	1	1
240	Port Windurst	Hakkuru-Rinkuru	npc:v1:240:17760266	-133.714	147.398	-3.999	900000004	246	Port Jeuno	242.281	61.994	-3.522	mission:Windurst:11:step-009,mission:Windurst:11:step-016,mission:Windurst:17:step-006,mission:Windurst:1:step-007,mission:Windurst:1:step-021	mesh-no-path	1	385.573	0.000	1	1
240	Port Windurst	Hakkuru-Rinkuru	npc:v1:240:17760273	-111.145	102.058	-4.249	842478458	115	West Sarutabaruta	-244.532	199.974	-10.765	mission:Windurst:11:step-009,mission:Windurst:11:step-016,mission:Windurst:17:step-006,mission:Windurst:1:step-007,mission:Windurst:1:step-021	mesh-connected	18	2.584	0.000	1	1
240	Port Windurst	Hakkuru-Rinkuru	npc:v1:240:17760273	-111.145	102.058	-4.249	846018170	238	Windurst Waters	-117.255	208.127	-9.874	mission:Windurst:11:step-009,mission:Windurst:11:step-016,mission:Windurst:17:step-006,mission:Windurst:1:step-007,mission:Windurst:1:step-021	mesh-connected	10	1.599	0.000	1	1
240	Port Windurst	Hakkuru-Rinkuru	npc:v1:240:17760273	-111.145	102.058	-4.249	1701997946	240	Port Windurst	197.711	261.857	-20.775	mission:Windurst:11:step-009,mission:Windurst:11:step-016,mission:Windurst:17:step-006,mission:Windurst:1:step-007,mission:Windurst:1:step-021	mesh-connected	39	3.656	0.000	1	1
240	Port Windurst	Hakkuru-Rinkuru	npc:v1:240:17760273	-111.145	102.058	-4.249	846214778	241	Windurst Woods	219.815	176.514	-10.453	mission:Windurst:11:step-009,mission:Windurst:11:step-016,mission:Windurst:17:step-006,mission:Windurst:1:step-007,mission:Windurst:1:step-021	mesh-connected	36	1.762	0.000	1	1
240	Port Windurst	Hakkuru-Rinkuru	npc:v1:240:17760273	-111.145	102.058	-4.249	900000004	246	Port Jeuno	242.281	61.994	-3.522	mission:Windurst:11:step-009,mission:Windurst:11:step-016,mission:Windurst:17:step-006,mission:Windurst:1:step-007,mission:Windurst:1:step-021	mesh-no-path	1	355.690	0.000	1	1
240	Port Windurst	Janshura-Rashura	npc:v1:240:17760269	-230.626	184.050	-8.398	842478458	115	West Sarutabaruta	-244.532	199.974	-10.765	mission:Windurst:1:step-004,mission:Windurst:2:step-006,mission:Windurst:3:step-004	mesh-connected	6	2.584	0.000	1	1
240	Port Windurst	Janshura-Rashura	npc:v1:240:17760269	-230.626	184.050	-8.398	846018170	238	Windurst Waters	-117.255	208.127	-9.874	mission:Windurst:1:step-004,mission:Windurst:2:step-006,mission:Windurst:3:step-004	mesh-connected	12	1.599	0.000	1	1
240	Port Windurst	Janshura-Rashura	npc:v1:240:17760269	-230.626	184.050	-8.398	1701997946	240	Port Windurst	197.711	261.857	-20.775	mission:Windurst:1:step-004,mission:Windurst:2:step-006,mission:Windurst:3:step-004	mesh-connected	40	3.656	0.000	1	1
240	Port Windurst	Janshura-Rashura	npc:v1:240:17760269	-230.626	184.050	-8.398	846214778	241	Windurst Woods	219.815	176.514	-10.453	mission:Windurst:1:step-004,mission:Windurst:2:step-006,mission:Windurst:3:step-004	mesh-connected	37	1.762	0.000	1	1
240	Port Windurst	Janshura-Rashura	npc:v1:240:17760269	-230.626	184.050	-8.398	900000004	246	Port Jeuno	242.281	61.994	-3.522	mission:Windurst:1:step-004,mission:Windurst:2:step-006,mission:Windurst:3:step-004	mesh-no-path	1	488.429	0.000	1	1
240	Port Windurst	Melek	npc:v1:240:17760297	-78.182	156.141	-5.500	842478458	115	West Sarutabaruta	-244.532	199.974	-10.765	mission:Bastok:10:step-013,mission:Bastok:10:step-024,mission:Bastok:10:step-027,mission:Bastok:10:step-038,mission:Bastok:6:step-013,mission:Bastok:6:step-024,mission:Bastok:6:step-027,mission:Bastok:6:step-038,mission:Bastok:7:step-013,mission:Bastok:7:step-024,mission:Bastok:7:step-027,mission:Bastok:7:step-038,mission:Bastok:8:step-013,mission:Bastok:8:step-024,mission:Bastok:8:step-027,mission:Bastok:8:step-038,mission:Bastok:9:step-013,mission:Bastok:9:step-024,mission:Bastok:9:step-027,mission:Bastok:9:step-038	mesh-connected	18	2.584	0.000	1	1
240	Port Windurst	Melek	npc:v1:240:17760297	-78.182	156.141	-5.500	846018170	238	Windurst Waters	-117.255	208.127	-9.874	mission:Bastok:10:step-013,mission:Bastok:10:step-024,mission:Bastok:10:step-027,mission:Bastok:10:step-038,mission:Bastok:6:step-013,mission:Bastok:6:step-024,mission:Bastok:6:step-027,mission:Bastok:6:step-038,mission:Bastok:7:step-013,mission:Bastok:7:step-024,mission:Bastok:7:step-027,mission:Bastok:7:step-038,mission:Bastok:8:step-013,mission:Bastok:8:step-024,mission:Bastok:8:step-027,mission:Bastok:8:step-038,mission:Bastok:9:step-013,mission:Bastok:9:step-024,mission:Bastok:9:step-027,mission:Bastok:9:step-038	mesh-connected	14	1.599	0.000	1	1
240	Port Windurst	Melek	npc:v1:240:17760297	-78.182	156.141	-5.500	1701997946	240	Port Windurst	197.711	261.857	-20.775	mission:Bastok:10:step-013,mission:Bastok:10:step-024,mission:Bastok:10:step-027,mission:Bastok:10:step-038,mission:Bastok:6:step-013,mission:Bastok:6:step-024,mission:Bastok:6:step-027,mission:Bastok:6:step-038,mission:Bastok:7:step-013,mission:Bastok:7:step-024,mission:Bastok:7:step-027,mission:Bastok:7:step-038,mission:Bastok:8:step-013,mission:Bastok:8:step-024,mission:Bastok:8:step-027,mission:Bastok:8:step-038,mission:Bastok:9:step-013,mission:Bastok:9:step-024,mission:Bastok:9:step-027,mission:Bastok:9:step-038	mesh-connected	43	3.656	0.000	1	1
240	Port Windurst	Melek	npc:v1:240:17760297	-78.182	156.141	-5.500	846214778	241	Windurst Woods	219.815	176.514	-10.453	mission:Bastok:10:step-013,mission:Bastok:10:step-024,mission:Bastok:10:step-027,mission:Bastok:10:step-038,mission:Bastok:6:step-013,mission:Bastok:6:step-024,mission:Bastok:6:step-027,mission:Bastok:6:step-038,mission:Bastok:7:step-013,mission:Bastok:7:step-024,mission:Bastok:7:step-027,mission:Bastok:7:step-038,mission:Bastok:8:step-013,mission:Bastok:8:step-024,mission:Bastok:8:step-027,mission:Bastok:8:step-038,mission:Bastok:9:step-013,mission:Bastok:9:step-024,mission:Bastok:9:step-027,mission:Bastok:9:step-038	mesh-connected	40	1.762	0.000	1	1
240	Port Windurst	Melek	npc:v1:240:17760297	-78.182	156.141	-5.500	900000004	246	Port Jeuno	242.281	61.994	-3.522	mission:Bastok:10:step-013,mission:Bastok:10:step-024,mission:Bastok:10:step-027,mission:Bastok:10:step-038,mission:Bastok:6:step-013,mission:Bastok:6:step-024,mission:Bastok:6:step-027,mission:Bastok:6:step-038,mission:Bastok:7:step-013,mission:Bastok:7:step-024,mission:Bastok:7:step-027,mission:Bastok:7:step-038,mission:Bastok:8:step-013,mission:Bastok:8:step-024,mission:Bastok:8:step-027,mission:Bastok:8:step-038,mission:Bastok:9:step-013,mission:Bastok:9:step-024,mission:Bastok:9:step-027,mission:Bastok:9:step-038	mesh-no-path	1	334.012	0.000	1	1
241	Windurst Woods	Apururu	npc:v1:241:17764372	-12.093	15.935	-2.750	808989562	116	East Sarutabaruta	124.043	-39.992	-7.704	mission:San d'Oria:16:step-039,mission:Windurst:16:step-039,mission:Windurst:22:step-004,mission:Windurst:22:step-017,mission:Windurst:22:step-035,mission:Windurst:22:step-053,mission:Windurst:23:step-004,mission:Windurst:2:step-009	mesh-connected	19	2.638	0.000	1	1
241	Windurst Woods	Apururu	npc:v1:241:17764372	-12.093	15.935	-2.750	846083706	239	Windurst Walls	-50.641	79.201	-5.776	mission:San d'Oria:16:step-039,mission:Windurst:16:step-039,mission:Windurst:22:step-004,mission:Windurst:22:step-017,mission:Windurst:22:step-035,mission:Windurst:22:step-053,mission:Windurst:23:step-004,mission:Windurst:2:step-009	mesh-connected	13	1.976	0.000	1	1
241	Windurst Woods	Apururu	npc:v1:241:17764372	-12.093	15.935	-2.750	879703674	240	Port Windurst	-81.121	-67.625	0.190	mission:San d'Oria:16:step-039,mission:Windurst:16:step-039,mission:Windurst:22:step-004,mission:Windurst:22:step-017,mission:Windurst:22:step-035,mission:Windurst:22:step-053,mission:Windurst:23:step-004,mission:Windurst:2:step-009	mesh-connected	13	1.955	0.000	1	1
241	Windurst Woods	Apururu	npc:v1:241:17764372	-12.093	15.935	-2.750	1802661242	241	Windurst Woods	-142.487	40.007	-12.760	mission:San d'Oria:16:step-039,mission:Windurst:16:step-039,mission:Windurst:22:step-004,mission:Windurst:22:step-017,mission:Windurst:22:step-035,mission:Windurst:22:step-053,mission:Windurst:23:step-004,mission:Windurst:2:step-009	mesh-connected	15	2.560	0.000	1	1
241	Windurst Woods	Mourices	npc:v1:241:17764389	-50.646	-27.642	0.499	808989562	116	East Sarutabaruta	124.043	-39.992	-7.704	mission:San d'Oria:6:step-008	mesh-connected	13	2.638	0.000	1	1
241	Windurst Woods	Mourices	npc:v1:241:17764389	-50.646	-27.642	0.499	846083706	239	Windurst Walls	-50.641	79.201	-5.776	mission:San d'Oria:6:step-008	mesh-connected	15	1.976	0.000	1	1
241	Windurst Woods	Mourices	npc:v1:241:17764389	-50.646	-27.642	0.499	879703674	240	Port Windurst	-81.121	-67.625	0.190	mission:San d'Oria:6:step-008	mesh-connected	11	1.955	0.000	1	1
241	Windurst Woods	Mourices	npc:v1:241:17764389	-50.646	-27.642	0.499	1802661242	241	Windurst Woods	-142.487	40.007	-12.760	mission:San d'Oria:6:step-008	mesh-connected	17	2.560	0.000	1	1
241	Windurst Woods	Nanaa Mihgo	npc:v1:241:17764367	26.965	-34.939	1.999	808989562	116	East Sarutabaruta	124.043	-39.992	-7.704	mission:Windurst:4:step-013,mission:Windurst:4:step-014,mission:Windurst:4:step-016,mission:Windurst:4:step-041,mission:Windurst:4:step-061	mesh-connected	6	2.638	0.000	1	1
241	Windurst Woods	Nanaa Mihgo	npc:v1:241:17764367	26.965	-34.939	1.999	846083706	239	Windurst Walls	-50.641	79.201	-5.776	mission:Windurst:4:step-013,mission:Windurst:4:step-014,mission:Windurst:4:step-016,mission:Windurst:4:step-041,mission:Windurst:4:step-061	mesh-connected	16	1.976	0.000	1	1
241	Windurst Woods	Nanaa Mihgo	npc:v1:241:17764367	26.965	-34.939	1.999	879703674	240	Port Windurst	-81.121	-67.625	0.190	mission:Windurst:4:step-013,mission:Windurst:4:step-014,mission:Windurst:4:step-016,mission:Windurst:4:step-041,mission:Windurst:4:step-061	mesh-connected	8	1.955	0.000	1	1
241	Windurst Woods	Nanaa Mihgo	npc:v1:241:17764367	26.965	-34.939	1.999	1802661242	241	Windurst Woods	-142.487	40.007	-12.760	mission:Windurst:4:step-013,mission:Windurst:4:step-014,mission:Windurst:4:step-016,mission:Windurst:4:step-041,mission:Windurst:4:step-061	mesh-connected	17	2.560	0.000	1	1
241	Windurst Woods	Nanaa Mihgo	npc:v1:241:17764466	65.036	239.561	-4.750	808989562	116	East Sarutabaruta	124.043	-39.992	-7.704	mission:Windurst:4:step-013,mission:Windurst:4:step-014,mission:Windurst:4:step-016,mission:Windurst:4:step-041,mission:Windurst:4:step-061	mesh-connected	30	2.638	0.000	1	1
241	Windurst Woods	Nanaa Mihgo	npc:v1:241:17764466	65.036	239.561	-4.750	846083706	239	Windurst Walls	-50.641	79.201	-5.776	mission:Windurst:4:step-013,mission:Windurst:4:step-014,mission:Windurst:4:step-016,mission:Windurst:4:step-041,mission:Windurst:4:step-061	mesh-connected	21	1.976	0.000	1	1
241	Windurst Woods	Nanaa Mihgo	npc:v1:241:17764466	65.036	239.561	-4.750	879703674	240	Port Windurst	-81.121	-67.625	0.190	mission:Windurst:4:step-013,mission:Windurst:4:step-014,mission:Windurst:4:step-016,mission:Windurst:4:step-041,mission:Windurst:4:step-061	mesh-connected	28	1.955	0.000	1	1
241	Windurst Woods	Nanaa Mihgo	npc:v1:241:17764466	65.036	239.561	-4.750	1802661242	241	Windurst Woods	-142.487	40.007	-12.760	mission:Windurst:4:step-013,mission:Windurst:4:step-014,mission:Windurst:4:step-016,mission:Windurst:4:step-041,mission:Windurst:4:step-061	mesh-connected	24	2.560	0.000	1	1
241	Windurst Woods	Rakoh Buuma	npc:v1:241:17764368	110.462	-24.050	-5.398	808989562	116	East Sarutabaruta	124.043	-39.992	-7.704	mission:Windurst:1:step-005,mission:Windurst:2:step-007,mission:Windurst:3:step-005	mesh-connected	6	2.638	0.000	1	1
241	Windurst Woods	Rakoh Buuma	npc:v1:241:17764368	110.462	-24.050	-5.398	846083706	239	Windurst Walls	-50.641	79.201	-5.776	mission:Windurst:1:step-005,mission:Windurst:2:step-007,mission:Windurst:3:step-005	mesh-connected	19	1.976	0.000	1	1
241	Windurst Woods	Rakoh Buuma	npc:v1:241:17764368	110.462	-24.050	-5.398	879703674	240	Port Windurst	-81.121	-67.625	0.190	mission:Windurst:1:step-005,mission:Windurst:2:step-007,mission:Windurst:3:step-005	mesh-connected	11	1.955	0.000	1	1
241	Windurst Woods	Rakoh Buuma	npc:v1:241:17764368	110.462	-24.050	-5.398	1802661242	241	Windurst Woods	-142.487	40.007	-12.760	mission:Windurst:1:step-005,mission:Windurst:2:step-007,mission:Windurst:3:step-005	mesh-connected	21	2.560	0.000	1	1
242	Heavens Tower	Apururu	npc:v1:242:17768543	0.000	47.489	-60.999	239242086	239	Windurst Walls	0.000	-22.400	0.000	mission:Windurst:22:step-018,mission:Windurst:23:step-010	mesh-connected	56	0.138	0.000	1	1
242	Heavens Tower	Door:Vestal Chamber	object:v1:242:17768476	0.000	40.250	-51.471	239242086	239	Windurst Walls	0.000	-22.400	0.000	mission:Windurst:15:step-030,mission:Windurst:16:step-003,mission:Windurst:18:step-003,mission:Windurst:18:step-061,mission:Windurst:24:step-030,mission:Windurst:24:step-061,mission:Windurst:24:step-063	mesh-connected	47	0.138	0.000	1	1
242	Heavens Tower	Foo Beibo	npc:v1:242:17768480	10.717	-28.629	-45.000	239242086	239	Windurst Walls	0.000	-22.400	0.000	mission:Windurst:11:step-008	mesh-connected	45	0.138	0.000	1	1
242	Heavens Tower	Kupipi	npc:v1:242:17768466	2.050	32.400	0.000	239242086	239	Windurst Walls	0.000	-22.400	0.000	mission:Bastok:10:step-014,mission:Bastok:10:step-028,mission:Bastok:6:step-014,mission:Bastok:6:step-028,mission:Bastok:7:step-014,mission:Bastok:7:step-028,mission:Bastok:8:step-014,mission:Bastok:8:step-028,mission:Bastok:9:step-014,mission:Bastok:9:step-028,mission:Windurst:10:step-004,mission:Windurst:11:step-004,mission:Windurst:12:step-006,mission:Windurst:12:step-040,mission:Windurst:12:step-041,mission:Windurst:12:step-048,mission:Windurst:22:step-018,mission:Windurst:23:step-006,mission:Windurst:24:step-005,mission:Windurst:24:step-009,mission:Windurst:24:step-062,mission:Windurst:6:step-004,mission:Windurst:7:step-004,mission:Windurst:8:step-004,mission:Windurst:9:step-004	mesh-no-path	1	54.838	0.000	1	1
242	Heavens Tower	Kupipi	npc:v1:242:17768467	2.050	32.400	0.000	239242086	239	Windurst Walls	0.000	-22.400	0.000	mission:Bastok:10:step-014,mission:Bastok:10:step-028,mission:Bastok:6:step-014,mission:Bastok:6:step-028,mission:Bastok:7:step-014,mission:Bastok:7:step-028,mission:Bastok:8:step-014,mission:Bastok:8:step-028,mission:Bastok:9:step-014,mission:Bastok:9:step-028,mission:Windurst:10:step-004,mission:Windurst:11:step-004,mission:Windurst:12:step-006,mission:Windurst:12:step-040,mission:Windurst:12:step-041,mission:Windurst:12:step-048,mission:Windurst:22:step-018,mission:Windurst:23:step-006,mission:Windurst:24:step-005,mission:Windurst:24:step-009,mission:Windurst:24:step-062,mission:Windurst:6:step-004,mission:Windurst:7:step-004,mission:Windurst:8:step-004,mission:Windurst:9:step-004	mesh-no-path	1	54.838	0.000	1	1
242	Heavens Tower	Marble Door	object:v1:242:17768551	149.647	-16.999	8.083	239242086	239	Windurst Walls	0.000	-22.400	0.000	mission:Windurst:19:step-017	unknown	1	149.962	0.000	1	0
242	Heavens Tower	Rhy Epocan	npc:v1:242:17768483	2.319	14.000	-47.000	239242086	239	Windurst Walls	0.000	-22.400	0.000	mission:Windurst:11:step-007,mission:Windurst:11:step-023,mission:Windurst:13:step-006	mesh-connected	48	0.138	0.000	1	1
242	Heavens Tower	Star Sibyl	npc:v1:242:17768477	-0.024	44.860	-61.521	239242086	239	Windurst Walls	0.000	-22.400	0.000	mission:Windurst:13:step-004,mission:Windurst:15:step-003,mission:Windurst:15:step-029,mission:Windurst:16:step-002,mission:Windurst:16:step-036,mission:Windurst:18:step-003,mission:Windurst:18:step-061,mission:Windurst:23:step-009,mission:Windurst:24:step-008,mission:Windurst:24:step-063	mesh-connected	55	0.138	0.000	1	1
242	Heavens Tower	Ufu Koromoa	npc:v1:242:17768484	-2.074	14.000	-47.000	239242086	239	Windurst Walls	0.000	-22.400	0.000	mission:Windurst:13:step-006	mesh-connected	48	0.138	0.000	1	1
242	Heavens Tower	Zubaba	npc:v1:242:17768486	15.632	18.244	-26.250	239242086	239	Windurst Walls	0.000	-22.400	0.000	mission:Windurst:12:step-005,mission:Windurst:12:step-039,mission:Windurst:12:step-044,mission:Windurst:12:step-047,mission:Windurst:15:step-004,mission:Windurst:23:step-007,mission:Windurst:24:step-009	mesh-connected	29	0.138	0.000	1	1
243	Ru'Lude Gardens	Goggehn	npc:v1:243:17772547	2.968	-79.610	8.999	1836215674	243	Ru'Lude Gardens	46.477	-72.806	9.307	mission:Bastok:13:step-003,mission:Bastok:14:step-002,mission:Bastok:14:step-010	mesh-no-path	1	44.039	0.000	1	1
243	Ru'Lude Gardens	Goggehn	npc:v1:243:17772547	2.968	-79.610	8.999	879965818	244	Upper Jeuno	-0.025	-107.260	-1.585	mission:Bastok:13:step-003,mission:Bastok:14:step-002,mission:Bastok:14:step-010	mesh-no-path	1	29.757	0.000	1	1
243	Ru'Lude Gardens	Nelcabrit	npc:v1:243:17772545	-35.644	-49.738	8.999	1836215674	243	Ru'Lude Gardens	46.477	-72.806	9.307	mission:San d'Oria:13:step-005,mission:San d'Oria:14:step-004,mission:San d'Oria:14:step-092	mesh-no-path	1	85.300	0.000	1	1
243	Ru'Lude Gardens	Nelcabrit	npc:v1:243:17772545	-35.644	-49.738	8.999	879965818	244	Upper Jeuno	-0.025	-107.260	-1.585	mission:San d'Oria:13:step-005,mission:San d'Oria:14:step-004,mission:San d'Oria:14:step-092	mesh-no-path	1	68.480	0.000	1	1
243	Ru'Lude Gardens	Pakh Jatalfih	npc:v1:243:17772549	36.510	-36.781	8.999	1836215674	243	Ru'Lude Gardens	46.477	-72.806	9.307	mission:Windurst:13:step-008,mission:Windurst:14:step-002,mission:Windurst:14:step-009	mesh-no-path	1	37.380	0.000	1	1
243	Ru'Lude Gardens	Pakh Jatalfih	npc:v1:243:17772549	36.510	-36.781	8.999	879965818	244	Upper Jeuno	-0.025	-107.260	-1.585	mission:Windurst:13:step-008,mission:Windurst:14:step-002,mission:Windurst:14:step-009	mesh-no-path	1	80.088	0.000	1	1
243	Ru'Lude Gardens	Star Sibyl	npc:v1:243:17772616	142.992	-22.203	12.999	1836215674	243	Ru'Lude Gardens	46.477	-72.806	9.307	mission:Windurst:13:step-005	unknown	1	109.039	0.000	1	0
243	Ru'Lude Gardens	Star Sibyl	npc:v1:243:17772616	142.992	-22.203	12.999	879965818	244	Upper Jeuno	-0.025	-107.260	-1.585	mission:Windurst:13:step-005	unknown	1	167.037	0.000	1	0
244	Upper Jeuno	Baudin	npc:v1:244:17776659	-76.415	80.011	-1.199	880292474	105	Batallia Downs	-104.576	187.365	-2.286	mission:San d'Oria:14:step-035	mesh-connected	6	2.286	0.000	1	1
244	Upper Jeuno	Baudin	npc:v1:244:17776659	-76.415	80.011	-1.199	812791418	243	Ru'Lude Gardens	42.996	-32.190	-4.682	mission:San d'Oria:14:step-035	mesh-connected	13	1.642	0.000	1	1
244	Upper Jeuno	Baudin	npc:v1:244:17776659	-76.415	80.011	-1.199	1869770106	244	Upper Jeuno	47.798	-80.568	-6.556	mission:San d'Oria:14:step-035	mesh-connected	13	1.556	0.000	1	1
244	Upper Jeuno	Baudin	npc:v1:244:17776659	-76.415	80.011	-1.199	846476922	245	Lower Jeuno	7.042	-53.100	-0.642	mission:San d'Oria:14:step-035	mesh-connected	15	1.287	0.000	1	1
244	Upper Jeuno	Paya-Sabya	npc:v1:244:17776672	11.809	70.987	1.999	880292474	105	Batallia Downs	-104.576	187.365	-2.286	mission:Bastok:14:step-007,mission:San d'Oria:14:step-037	mesh-connected	9	2.286	0.000	1	1
244	Upper Jeuno	Paya-Sabya	npc:v1:244:17776672	11.809	70.987	1.999	812791418	243	Ru'Lude Gardens	42.996	-32.190	-4.682	mission:Bastok:14:step-007,mission:San d'Oria:14:step-037	mesh-connected	12	1.642	0.000	1	1
244	Upper Jeuno	Paya-Sabya	npc:v1:244:17776672	11.809	70.987	1.999	1869770106	244	Upper Jeuno	47.798	-80.568	-6.556	mission:Bastok:14:step-007,mission:San d'Oria:14:step-037	mesh-connected	10	1.556	0.000	1	1
244	Upper Jeuno	Paya-Sabya	npc:v1:244:17776672	11.809	70.987	1.999	846476922	245	Lower Jeuno	7.042	-53.100	-0.642	mission:Bastok:14:step-007,mission:San d'Oria:14:step-037	mesh-connected	11	1.287	0.000	1	1
244	Upper Jeuno	Rusese	npc:v1:244:17776720	-40.333	129.362	-1.200	880292474	105	Batallia Downs	-104.576	187.365	-2.286	mission:San d'Oria:13:step-023	mesh-connected	8	2.286	0.000	1	1
244	Upper Jeuno	Rusese	npc:v1:244:17776720	-40.333	129.362	-1.200	812791418	243	Ru'Lude Gardens	42.996	-32.190	-4.682	mission:San d'Oria:13:step-023	mesh-connected	20	1.642	0.000	1	1
244	Upper Jeuno	Rusese	npc:v1:244:17776720	-40.333	129.362	-1.200	1869770106	244	Upper Jeuno	47.798	-80.568	-6.556	mission:San d'Oria:13:step-023	mesh-connected	18	1.556	0.000	1	1
244	Upper Jeuno	Rusese	npc:v1:244:17776720	-40.333	129.362	-1.200	846476922	245	Lower Jeuno	7.042	-53.100	-0.642	mission:San d'Oria:13:step-023	mesh-connected	19	1.287	0.000	1	1
245	Lower Jeuno	Aldo		21.049	-61.530	3.899	909259642	110	Rolanberry Fields	-121.659	-198.247	-2.053	mission:Bastok:14:step-005,mission:San d'Oria:14:step-007,mission:San d'Oria:14:step-009,mission:Windurst:14:step-005	mesh-connected	23	1.962	0.000	1	1
245	Lower Jeuno	Aldo		21.049	-61.530	3.899	846411386	244	Upper Jeuno	2.830	57.689	-4.799	mission:Bastok:14:step-005,mission:San d'Oria:14:step-007,mission:San d'Oria:14:step-009,mission:Windurst:14:step-005	mesh-connected	23	1.568	0.000	1	1
245	Lower Jeuno	Aldo		21.049	-61.530	3.899	1970433402	245	Lower Jeuno	42.500	86.074	-6.733	mission:Bastok:14:step-005,mission:San d'Oria:14:step-007,mission:San d'Oria:14:step-009,mission:Windurst:14:step-005	mesh-connected	23	1.642	0.000	1	1
245	Lower Jeuno	Aldo		21.049	-61.530	3.899	846542458	246	Port Jeuno	27.891	42.423	-2.635	mission:Bastok:14:step-005,mission:San d'Oria:14:step-007,mission:San d'Oria:14:step-009,mission:Windurst:14:step-005	mesh-connected	24	1.625	0.000	1	1
245	Lower Jeuno	Aldo	npc:v1:245:17780743	21.049	-61.530	3.899	909259642	110	Rolanberry Fields	-121.659	-198.247	-2.053	mission:Bastok:14:step-005,mission:San d'Oria:14:step-007,mission:San d'Oria:14:step-009,mission:Windurst:14:step-005	mesh-connected	23	1.962	0.000	1	1
245	Lower Jeuno	Aldo	npc:v1:245:17780743	21.049	-61.530	3.899	846411386	244	Upper Jeuno	2.830	57.689	-4.799	mission:Bastok:14:step-005,mission:San d'Oria:14:step-007,mission:San d'Oria:14:step-009,mission:Windurst:14:step-005	mesh-connected	23	1.568	0.000	1	1
245	Lower Jeuno	Aldo	npc:v1:245:17780743	21.049	-61.530	3.899	1970433402	245	Lower Jeuno	42.500	86.074	-6.733	mission:Bastok:14:step-005,mission:San d'Oria:14:step-007,mission:San d'Oria:14:step-009,mission:Windurst:14:step-005	mesh-connected	23	1.642	0.000	1	1
245	Lower Jeuno	Aldo	npc:v1:245:17780743	21.049	-61.530	3.899	846542458	246	Port Jeuno	27.891	42.423	-2.635	mission:Bastok:14:step-005,mission:San d'Oria:14:step-007,mission:San d'Oria:14:step-009,mission:Windurst:14:step-005	mesh-connected	24	1.625	0.000	1	1
245	Lower Jeuno	Domenic		32.776	-15.281	-0.100	909259642	110	Rolanberry Fields	-121.659	-198.247	-2.053	mission:Bastok:10:step-018,mission:Bastok:10:step-043,mission:Bastok:15:step-009,mission:Bastok:20:step-007,mission:Bastok:3:step-007,mission:Bastok:6:step-018,mission:Bastok:6:step-043,mission:Bastok:7:step-018,mission:Bastok:7:step-043,mission:Bastok:8:step-018,mission:Bastok:8:step-043,mission:Bastok:9:step-018,mission:Bastok:9:step-043,mission:San d'Oria:24:step-016,mission:Windurst:18:step-007	mesh-connected	17	1.962	0.000	1	1
245	Lower Jeuno	Domenic		32.776	-15.281	-0.100	846411386	244	Upper Jeuno	2.830	57.689	-4.799	mission:Bastok:10:step-018,mission:Bastok:10:step-043,mission:Bastok:15:step-009,mission:Bastok:20:step-007,mission:Bastok:3:step-007,mission:Bastok:6:step-018,mission:Bastok:6:step-043,mission:Bastok:7:step-018,mission:Bastok:7:step-043,mission:Bastok:8:step-018,mission:Bastok:8:step-043,mission:Bastok:9:step-018,mission:Bastok:9:step-043,mission:San d'Oria:24:step-016,mission:Windurst:18:step-007	mesh-connected	14	1.568	0.000	1	1
245	Lower Jeuno	Domenic		32.776	-15.281	-0.100	1970433402	245	Lower Jeuno	42.500	86.074	-6.733	mission:Bastok:10:step-018,mission:Bastok:10:step-043,mission:Bastok:15:step-009,mission:Bastok:20:step-007,mission:Bastok:3:step-007,mission:Bastok:6:step-018,mission:Bastok:6:step-043,mission:Bastok:7:step-018,mission:Bastok:7:step-043,mission:Bastok:8:step-018,mission:Bastok:8:step-043,mission:Bastok:9:step-018,mission:Bastok:9:step-043,mission:San d'Oria:24:step-016,mission:Windurst:18:step-007	mesh-connected	14	1.642	0.000	1	1
245	Lower Jeuno	Domenic		32.776	-15.281	-0.100	846542458	246	Port Jeuno	27.891	42.423	-2.635	mission:Bastok:10:step-018,mission:Bastok:10:step-043,mission:Bastok:15:step-009,mission:Bastok:20:step-007,mission:Bastok:3:step-007,mission:Bastok:6:step-018,mission:Bastok:6:step-043,mission:Bastok:7:step-018,mission:Bastok:7:step-043,mission:Bastok:8:step-018,mission:Bastok:8:step-043,mission:Bastok:9:step-018,mission:Bastok:9:step-043,mission:San d'Oria:24:step-016,mission:Windurst:18:step-007	mesh-connected	15	1.625	0.000	1	1
245	Lower Jeuno	Domenic	npc:v1:245:17780981	32.776	-15.281	-0.100	909259642	110	Rolanberry Fields	-121.659	-198.247	-2.053	mission:Bastok:10:step-018,mission:Bastok:10:step-043,mission:Bastok:15:step-009,mission:Bastok:20:step-007,mission:Bastok:3:step-007,mission:Bastok:6:step-018,mission:Bastok:6:step-043,mission:Bastok:7:step-018,mission:Bastok:7:step-043,mission:Bastok:8:step-018,mission:Bastok:8:step-043,mission:Bastok:9:step-018,mission:Bastok:9:step-043,mission:San d'Oria:24:step-016,mission:Windurst:18:step-007	mesh-connected	17	1.962	0.000	1	1
245	Lower Jeuno	Domenic	npc:v1:245:17780981	32.776	-15.281	-0.100	846411386	244	Upper Jeuno	2.830	57.689	-4.799	mission:Bastok:10:step-018,mission:Bastok:10:step-043,mission:Bastok:15:step-009,mission:Bastok:20:step-007,mission:Bastok:3:step-007,mission:Bastok:6:step-018,mission:Bastok:6:step-043,mission:Bastok:7:step-018,mission:Bastok:7:step-043,mission:Bastok:8:step-018,mission:Bastok:8:step-043,mission:Bastok:9:step-018,mission:Bastok:9:step-043,mission:San d'Oria:24:step-016,mission:Windurst:18:step-007	mesh-connected	14	1.568	0.000	1	1
245	Lower Jeuno	Domenic	npc:v1:245:17780981	32.776	-15.281	-0.100	1970433402	245	Lower Jeuno	42.500	86.074	-6.733	mission:Bastok:10:step-018,mission:Bastok:10:step-043,mission:Bastok:15:step-009,mission:Bastok:20:step-007,mission:Bastok:3:step-007,mission:Bastok:6:step-018,mission:Bastok:6:step-043,mission:Bastok:7:step-018,mission:Bastok:7:step-043,mission:Bastok:8:step-018,mission:Bastok:8:step-043,mission:Bastok:9:step-018,mission:Bastok:9:step-043,mission:San d'Oria:24:step-016,mission:Windurst:18:step-007	mesh-connected	14	1.642	0.000	1	1
245	Lower Jeuno	Domenic	npc:v1:245:17780981	32.776	-15.281	-0.100	846542458	246	Port Jeuno	27.891	42.423	-2.635	mission:Bastok:10:step-018,mission:Bastok:10:step-043,mission:Bastok:15:step-009,mission:Bastok:20:step-007,mission:Bastok:3:step-007,mission:Bastok:6:step-018,mission:Bastok:6:step-043,mission:Bastok:7:step-018,mission:Bastok:7:step-043,mission:Bastok:8:step-018,mission:Bastok:8:step-043,mission:Bastok:9:step-018,mission:Bastok:9:step-043,mission:San d'Oria:24:step-016,mission:Windurst:18:step-007	mesh-connected	15	1.625	0.000	1	1
245	Lower Jeuno	Muckvix	npc:v1:245:17780761	-26.824	-137.082	4.601	909259642	110	Rolanberry Fields	-121.659	-198.247	-2.053	mission:San d'Oria:14:step-038	mesh-connected	13	1.962	0.000	1	1
245	Lower Jeuno	Muckvix	npc:v1:245:17780761	-26.824	-137.082	4.601	846411386	244	Upper Jeuno	2.830	57.689	-4.799	mission:San d'Oria:14:step-038	mesh-connected	25	1.568	0.000	1	1
245	Lower Jeuno	Muckvix	npc:v1:245:17780761	-26.824	-137.082	4.601	1970433402	245	Lower Jeuno	42.500	86.074	-6.733	mission:San d'Oria:14:step-038	mesh-connected	25	1.642	0.000	1	1
245	Lower Jeuno	Muckvix	npc:v1:245:17780761	-26.824	-137.082	4.601	846542458	246	Port Jeuno	27.891	42.423	-2.635	mission:San d'Oria:14:step-038	mesh-connected	26	1.625	0.000	1	1
245	Lower Jeuno	Sattal-Mansal	npc:v1:245:17780750	41.154	-53.971	3.899	909259642	110	Rolanberry Fields	-121.659	-198.247	-2.053	mission:San d'Oria:14:step-039	mesh-connected	21	1.962	0.000	1	1
245	Lower Jeuno	Sattal-Mansal	npc:v1:245:17780750	41.154	-53.971	3.899	846411386	244	Upper Jeuno	2.830	57.689	-4.799	mission:San d'Oria:14:step-039	mesh-connected	18	1.568	0.000	1	1
245	Lower Jeuno	Sattal-Mansal	npc:v1:245:17780750	41.154	-53.971	3.899	1970433402	245	Lower Jeuno	42.500	86.074	-6.733	mission:San d'Oria:14:step-039	mesh-connected	18	1.642	0.000	1	1
245	Lower Jeuno	Sattal-Mansal	npc:v1:245:17780750	41.154	-53.971	3.899	846542458	246	Port Jeuno	27.891	42.423	-2.635	mission:San d'Oria:14:step-039	mesh-connected	19	1.625	0.000	1	1
247	Rabao	Dancing Wolf	npc:v1:247:17788989	7.619	81.209	8.000	879244154	125	Western Altepa Desert	-20.052	-122.408	6.074	mission:Bastok:23:step-003,mission:Bastok:23:step-023	mesh-connected	19	1.646	0.000	1	1
247	Rabao	Survival Guide	object:v1:247:17789075	-3.500	-95.000	-2.502	879244154	125	Western Altepa Desert	-20.052	-122.408	6.074	mission:Bastok:22:step-007	mesh-connected	11	1.646	0.000	1	1
250	Kazham	Romaa Mihgo	npc:v1:250:17801275	29.000	-176.500	-12.023	812004218	123	Yuhtunga Jungle	-51.997	-106.254	-11.656	mission:Windurst:20:step-012,mission:Windurst:20:step-015	mesh-connected	18	1.593	0.000	1	1
250	Kazham	Romaa Mihgo	npc:v1:250:17801275	29.000	-176.500	-12.023	900000002	246	Port Jeuno	-4.000	32.125	-3.497	mission:Windurst:20:step-012,mission:Windurst:20:step-015	mesh-no-path	1	211.391	0.000	1	1
250	Kazham	Vanono	npc:v1:250:17801239	-23.140	-23.101	-4.000	812004218	123	Yuhtunga Jungle	-51.997	-106.254	-11.656	mission:Windurst:20:step-012,mission:Windurst:20:step-015	mesh-connected	6	1.593	0.000	1	1
250	Kazham	Vanono	npc:v1:250:17801239	-23.140	-23.101	-4.000	900000002	246	Port Jeuno	-4.000	32.125	-3.497	mission:Windurst:20:step-012,mission:Windurst:20:step-015	mesh-no-path	1	58.451	0.000	1	1
252	Norg	Gilgamesh	npc:v1:252:17809411	122.452	-12.052	-8.009	846673018	176	Sea Serpent Grotto	-19.238	-63.964	-2.163	mission:Bastok:18:step-004,mission:Bastok:18:step-026	mesh-connected	19	1.534	0.000	1	1
